authority_id,canonical_name,modern_place,county_id,n_variants,n_entries,method,needs_review,lat,lon
1,",,,owcz",,2,1,1,singleton,0,,
2,Abbatia,Topusko,4,1,1,manual,0,45.2931510,15.9789277
3,Abbatia (Opathowyna),Dolac,4,1,1,singleton,0,45.8142928,15.9772391
4,"Opathowyna, Kopam",Opatija,4,4,16,modern,0,45.5441702,15.9910957
5,Achyna,Voćin,1,1,27,manual,0,45.616700,17.550000
6,Adamowcz,Adamovec,1,2,5,manual,0,,
7,Adamowcz,Adamovec,4,2,79,orthographic-exact,0,45.9044495,16.1633161
8,"Adamowcz, Wragowcz",Adamovec,1,3,3,modern,0,,
9,Ahmath,,1,1,1,singleton,0,,
10,Aladarocz,,1,1,1,singleton,0,,
11,Aladaryowch - Mylethyncz,Miletinec,1,1,1,manual,1,45.933300,16.733300
12,Alberthowyna,,1,2,4,orthographic-fuzzy,1,,
13,Alexandrocz,,1,1,1,singleton,0,,
14,Also Gerzencze,Donja Gračenica,1,2,2,manual,0,45.5666667,16.6166667
15,Also Bakwa,Donja Bukovica,3,2,7,orthographic-exact,0,45.6856551,17.8071027
16,Chasma,Čazma,1,10,59,modern,0,45.7483719,16.6132008
17,Also Izdencz,Donji Zdenci,1,1,1,manual,0,45.5833333,17.9500000
18,Also Jalsewycza,Čvrstec,1,1,3,manual,1,46.0044639,16.6638832
19,Alsolomnycza,Donja Lomnica,4,4,28,modern,0,45.7117085,16.0205866
20,"Also Lomnycza, Koztanyewcz","Donja Lomnica, Kostanjevec",4,4,13,modern,0,45.7117085,16.0205866
21,Also Soploncza,Gornja Stupčanica,1,1,4,manual,0,45.6253030,17.3375580
22,Also Soproncha,Gornja Stupčanica,1,3,4,manual,0,45.6253030,17.3375580
23,Also Thothwssewyna,Topolovac,1,1,1,manual,0,45.4605556,16.4358333
24,Also Totusewyna,Topolovac,1,1,1,manual,0,45.4605556,16.4358333
25,Wolawlya,Volavje,4,23,85,modern,0,45.6550577,15.6058087
26,Also Zemche,Novska,1,2,6,manual,1,45.3333333,16.9666667
27,Also Ztobycza,Donja Stubica,4,17,56,modern,0,45.9801727,15.9722428
28,"Also Ztobycza cum pertinentiis, Jakowlya","Donja Stubica, Jakovlje",4,1,3,singleton,0,45.9801727,15.9722428
29,Andraswelgh,,1,1,1,singleton,0,,
30,Antholocz - Ramyncz - Chernecz - Thremecz,Crnac,3,1,2,manual,1,45.6927000,17.9383000
31,Apathowcz,Apatovec,1,1,2,manual,0,46.1477141,16.5726328
32,Apporowcz,Oporovec,1,2,2,manual,1,46.3319000,16.6750000
33,Area Capitulari-vicus,Laška ulica (Zagreb),4,1,1,manual,1,45.8364382,16.0426652
34,Athak,Otok,1,4,17,modern,0,45.7934210,16.5881516
35,Othok,Samoborski Otok,4,6,15,manual,0,45.8372681,15.7319730
36,"Athak, Themerye",Otok,1,1,1,singleton,0,45.7934210,16.5881516
37,"Athak,Tamerye, Kamarchya","Otok, Demerje",1,2,2,modern,0,45.7934210,16.5881516
38,Atthak Zenth Ilona apud Zamobor,Sveta Jelena Samoborska,4,3,3,manual,1,45.8020000,15.7110000
39,Bapcha,Babča,4,4,11,manual,0,,
40,Babyncz,Babinec,2,1,7,singleton,0,46.3718386,16.1094420
41,Babynschyna,Babinac Ivanski,1,2,2,manual,0,45.7495926,16.8120677
42,Babynschyna  Koren,Babinac Ivanski,1,2,2,manual,0,45.7495926,16.8120677
43,Bachyn,Ploščica,1,1,3,manual,0,45.7616253,16.8854923
44,Baganoz,,1,1,2,singleton,0,,
45,Bagenowcz,Badljevina,1,1,2,manual,1,45.5132189,17.1924562
46,Bahonyn,Marinkovec,1,2,4,manual,0,,
47,Bakheg,,1,1,1,singleton,0,,
48,Bakolcza,Donja Bukovica,1,1,2,manual,0,45.6600000,17.7669444
49,Bakolcza Zygeth,Donja Bukovica,1,1,1,manual,0,45.6600000,17.7669444
50,Bakowcza,Mali Bukovec,1,2,12,manual,0,46.285702,16.738299
51,Bakwa,Špišić Bukovica,3,1,1,manual,0,45.8578490,17.3011788
52,Bancz,Baničevec,1,2,5,manual,1,45.9209000,16.2929000
53,Banowch,Gorica Miholečka,1,1,1,manual,1,46.0540578,16.4253175
54,Banowch,Gorica Miholečka,1,1,1,manual,1,46.0540578,16.4253175
55,Banowcz  Gorycza,Gorica Miholečka,1,1,1,manual,0,46.0540578,16.4253175
56,Banthusovcz,Bolč,1,2,2,manual,0,45.8908489,16.6763101
57,Bara ad Belam,,1,1,1,singleton,0,,
58,Barachka,,4,2,12,orthographic-exact,0,,
59,Baranowcz,,1,1,2,singleton,0,,
60,Barowcz,,1,1,1,singleton,0,,
61,Barswelge,,1,1,1,singleton,0,,
62,Barychewo,,4,1,1,singleton,0,,
63,Batyna,Vočin,2,2,3,manual,1,45.6198011,17.5481532
64,Bedenycza,Bedenica,4,4,89,orthographic-exact,0,46.0326343,16.2432436
65,"Bedenycza, Felsew Ztobicza","Bedenica, Gornja Stubica",4,1,1,singleton,0,46.0326343,16.2432436
66,Bedenye,,1,1,3,singleton,0,,
67,Bedowcz,Klokočevac,1,3,10,manual,0,45.9178685,16.7839294
68,Bedna,Petar Ludbreški,1,2,8,manual,0,46.2480556,16.6900000
69,Bednye,Kapela,1,1,13,manual,1,45.9897100,16.8443705
70,Bednye cum pertinentiis,Kapela,1,1,4,manual,1,45.9897100,16.8443705
71,Bednye seu Bukoucz,Kapela,1,1,2,manual,1,45.9897100,16.8443705
72,Bednye seu Bwkowcz,Kapela,1,1,3,manual,1,45.9897100,16.8443705
73,Bedwdnycze,,4,1,4,singleton,0,,
74,Bekethyncz,Beketinec,1,4,14,modern,0,46.0139151,16.4367650
75,Bela,Bijela,1,2,8,manual,0,45.5627565,17.2903219
76,Bela,Bela,2,4,12,modern,0,46.2074177,16.2552179
77,Bwssyn,"Bela, Ivanec",2,6,14,orthographic-fuzzy,1,46.2074177,16.2552179
78,Lepaglawa,Lepoglava,2,4,13,modern,0,46.2073666,16.0514452
79,"Bela, Threm",Bela,2,1,4,singleton,0,46.2074177,16.2552179
80,Belowarcz,Bjelovar,1,4,17,manual,0,45.9064548,16.8261187
81,Belcheucz,Grabrić,1,2,2,manual,0,45.9008124,16.5057456
82,Belchowcz,,1,1,1,singleton,0,,
83,Belcz,Bolč,1,1,1,manual,0,45.8908489,16.6763101
84,Belecz,Belec,2,4,23,modern,0,46.1317740,16.1205009
85,Belosowcz,Čepelovac,1,4,13,manual,0,45.9949728,17.0425162
86,Belethyncz,Beletinec,2,3,12,modern,0,46.2220831,16.3110767
87,Belozlawcz,Beloslavec,4,4,21,modern,0,46.0350995,16.2204103
88,Belkolcz,,2,1,1,singleton,0,,
89,Belkowcz,Grabrić,1,1,1,manual,0,45.9008124,16.5057456
90,Belyowcz,,1,3,5,orthographic-fuzzy,1,,
91,Belwdowyna,,1,2,7,orthographic-exact,0,,
92,Belwdoch-villicatus ad Zenth Georghwara,,1,1,1,singleton,0,,
93,Belwdowcz ad Zenth Gergwara,,1,1,1,singleton,0,,
94,Belywdowcz,Đurđevac,1,1,1,manual,0,46.0410468,17.0678562
95,Benchethyncz,,1,1,1,singleton,0,,
96,Benedicoucz,,1,2,6,orthographic-exact,0,,
97,Benedikowcz,Bršljanica,1,3,8,manual,0,45.5827915,16.8519325
98,Benkowcz,Ladislavec,2,2,11,orthographic-exact,1,46.1086074,16.0627954
99,Berdekowcz ad Belam,,1,1,1,singleton,0,,
100,Zomzedwara-castrum Berdowcz,Brdovec,4,4,9,manual,0,45.8692724,15.7622811
101,Beregi,,1,1,1,singleton,0,,
102,Berethyncz,Beretinec,2,1,9,singleton,0,46.2501436,16.3036423
103,Beryzlawcz,Berislavec,4,6,39,modern,0,45.9712828,16.2662788
104,Berkyssewyna,Brkiševina,4,8,36,manual,0,45.4457065,16.0896594
105,Berkwssewyna Pokwpya ad Thopozka-cum pertinentiis,Berkuševina,4,1,1,manual,1,45.2930000,15.9700000
106,Bersancz ad Kaproncza,Brežanec,1,2,2,manual,0,46.1502046,16.8380852
107,Berschanowcz,Bršljanica,1,1,1,manual,0,45.5827915,16.8519325
108,Bersthanowcz cum pertinentiis,,1,1,1,singleton,0,,
109,Bersthianoucz,Bršljanica,1,1,2,manual,0,45.5827915,16.8519325
110,Berywoy cum Zenth Iwan,Garešnica,1,3,4,manual,1,45.5751322,16.9418013
111,Beryzlaucz - Kalynye,Berislavec,4,1,1,manual,1,45.9712828,16.2662788
112,Berzewcz-provincia inferior,Brezovica Gradina,1,2,2,manual,1,45.8665030,17.5580680
113,Berzewcze,Brezovica Gradina,1,1,2,manual,0,45.8665030,17.5580680
114,Berzyncz,,1,1,2,singleton,0,,
115,Besenowcz,,1,1,2,singleton,0,,
116,Bethowcz,,3,1,1,singleton,0,,
117,Bezchyanowcz,,1,1,3,singleton,0,,
118,Bigzaagh,,4,1,1,singleton,0,,
119,Bykzad,Bisag,4,2,20,manual,0,,
120,Varasd,Varaždin,2,8,29,modern,0,46.3079645,16.3378198
121,Byskwpcz,Biškupec,4,7,29,orthographic-fuzzy,1,45.9615472,16.2325242
122,Byztra,Bistra,4,6,16,modern,0,45.8975346,15.8794733
123,Blacha,,1,1,3,singleton,0,,
124,Blagay,,1,1,2,singleton,0,,
125,"Blagay, Glogowy",,1,1,1,singleton,0,,
126,Blagwsa,Blaguša,4,4,12,modern,0,45.8962214,16.1371338
127,"Blagwssa, Symonchewcz","Blaguša, Šimunčevec",4,3,5,modern,0,45.8962214,16.1371338
128,Blasew Werh,,1,1,1,singleton,0,,
129,Blasewerh ad Achyna,Voćin,1,1,1,manual,1,45.616700,17.550000
130,Blasewwerh-ad Achynam,Voćin,1,1,1,manual,1,45.616700,17.550000
131,Blaskoucz - Glavnycza,Glavnica,4,1,1,manual,1,45.9315133,16.1417444
132,Blaskowcz - Glawnycza,Glavnica,4,1,1,manual,1,45.9315133,16.1417444
133,Blathnycza,Blatnica,4,5,16,orthographic-exact,0,45.5134071,15.7252417
134,"Blathno, Remethinczy, Lwka",,4,2,2,orthographic-exact,0,,
135,Blyzna,Bliznec,4,6,19,modern,0,45.8097069,16.0258615
136,Bliznafew,Velike Sesvete,1,4,8,manual,0,46.055600,16.671700
137,"Blyzna, Remethyncz",Bliznec,4,1,1,singleton,0,45.8097069,16.0258615
138,Bobowycza,Bobovica,4,9,21,modern,0,45.8308388,15.7142327
139,Bobowycza  Kapolna,Kapela Ravenska,1,1,2,manual,0,46.0282876,16.4289645
140,Bobowycza  Kapolna  Othok  Jemryhowcz,Kapela Ravenska,1,1,1,manual,0,46.0282876,16.4289645
141,Bothyncz,Botinec,4,6,17,modern,0,45.7546900,15.9360374
142,Bogacho,Bogačevo,1,5,12,modern,0,46.0856167,16.4332486
143,Bolch,Bolč,1,2,4,orthographic-exact,0,45.8908489,16.6763101
144,Bolethyna,,1,2,2,orthographic-fuzzy,1,,
145,Bona-Hampo,,1,1,1,singleton,0,,
146,Bona-Johannes Alapi,,4,1,1,singleton,0,,
147,Bona-Nicolaus Zrini,,4,2,2,orthographic-exact,0,,
148,Bona-Zlwny,,4,1,1,singleton,0,,
149,Bonowk,,1,1,1,singleton,0,,
150,Borchecz in pertinentiis Zomzedwara,Borčec,4,1,1,singleton,0,45.8291916,15.8880104
151,Borsowcz,Galovec,1,3,8,manual,0,46.0697306,16.1911811
152,Borkowcz,Borkovec,2,4,21,modern,0,46.1080568,16.0835029
153,Borcz ad Topozka (predium),Borkovec,4,1,1,singleton,0,,
154,Borowe,Borovljani,1,1,1,manual,0,46.1077189,16.8904618
155,Myrkowcz,Mirkovec,2,6,27,manual,0,,
156,Borychewcz - Marthyndoll,Boričevec,2,1,2,manual,1,46.1985611,16.4113471
157,Bosyako,Božjakovina,4,19,40,modern,0,45.8194685,16.2871783
158,Bothcafeld,Mikleuška,1,1,2,manual,0,45.5527347,16.7279471
159,Bothezyncz,Botinac,1,1,1,manual,0,45.9996711,16.8612684
160,Bwthkafeld,Patkovac,1,5,24,manual,0,45.853900,16.929400
161,Bothowcz,Botovo,3,1,4,manual,0,46.219678,16.919261
162,Bothyncz,Botinac,1,1,4,manual,0,45.9996711,16.8612684
163,Bothynowcz,Botinovec,1,3,5,manual,0,46.2063162,16.7707449
164,Bozyas,,1,1,4,singleton,0,,
165,Bradechyna ad Garych,,1,1,1,singleton,0,,
166,Bradna,Bradna,1,1,7,manual,0,46.070511,16.692291
167,Bradna inferior,Bradna,1,1,1,manual,1,46.070511,16.692291
168,Bragasowcz,,1,2,5,orthographic-exact,0,,
169,Brakwnowcz,Brokunjevec,4,1,1,singleton,0,,
170,Bregchewcz,Brčevec,1,1,1,manual,0,45.8663641,16.4127097
171,Breschyna,,1,1,1,singleton,0,,
172,Bresnycze,Breznica,1,2,5,manual,0,45.745073,17.517561
173,Bresnycza-ad Achynam,Breznica,1,1,2,manual,1,45.745073,17.517561
174,Bresowcz,Breza,1,2,3,manual,0,45.8796142,16.7235635
175,Brezowycza,Brezovica,4,5,49,modern,0,45.7277707,15.9100676
176,Brestoycha,Kobasičari,1,1,1,manual,0,45.9614269,16.8129844
177,Brezewcze cum pertinentiis,Brezovica Gradina,1,1,1,manual,1,45.8665030,17.5580680
178,Brezowcz,Brezovec,1,3,12,modern,0,45.9086711,16.2644717
179,Brezoycha ad Nagh Kemlek,Brezovica Kalnička,1,1,1,manual,1,46.1420000,16.4560000
180,Brezoycza,Brezovica,1,3,11,manual,0,46.0752302,17.0755450
181,Brezt,,2,1,2,singleton,0,,
182,Brezth,Brest Pokupski,4,1,2,manual,0,45.4532035,16.2560801
183,Brezthowcz - Dechyna,Brezovec,1,1,1,manual,1,45.9086711,16.2644717
184,Brezthowcz - Dolina,Brezovec,1,1,1,manual,1,45.9086711,16.2644717
185,Brezthye,Brest Pokupski,4,1,1,manual,0,45.4532035,16.2560801
186,Brezyancz,Ilova kod Grubišnog Polja,3,2,4,manual,1,45.6900000,17.1500000
187,Brezyna,Čaklovac,1,1,3,manual,1,45.4530837,17.2847740
188,Brezyna - Chakowcz,Čaklovac,1,1,1,manual,1,45.4530837,17.2847740
189,Brokwnowcz,Brekunjevec,4,5,9,manual,1,45.9180000,16.1650000
190,Brokunoucz - Adamovcz,Brekunjevec,4,1,1,manual,1,45.9180000,16.1650000
191,"Brokwnyowcz, Glawnycza","Brokunjovec, Glavnica",4,2,3,modern,0,,
192,Brysnyak,,1,1,1,singleton,0,,
193,Bryzthno,Gornja Bistra,4,1,1,singleton,0,45.9198183,15.8986398
194,Bwdrowcz,Gudovec,1,4,9,manual,0,45.881140,16.784635
195,"Budyndol, Pomperoucz, Hansevcz","Budinščina, Pomnerovac",2,1,2,singleton,0,46.1269062,16.2037628
196,Bukovcz,Zvonik,1,1,2,manual,0,45.8983710,16.6365112
197,Bwschyncz,Buščinec,1,2,7,manual,0,45.882398,16.672339
198,Bwdyslwcz,,2,2,2,orthographic-fuzzy,1,,
199,Bwdnak,Sesvete,1,1,1,manual,0,45.6960000,17.0300000
200,Bwdrowcz,Budrovac,3,2,4,manual,0,45.9846315,17.0567113
201,Bwdyndoll,Budinščina - Pomnerovac,2,1,1,manual,1,,
202,Bwdyndol - Hansewcz,Budinščina - Pomnerovac,2,1,11,manual,1,,
203,Bwdyndol - Hansewcz - Pomperowcz,Budinščina - Pomnerovac,2,1,1,manual,1,,
204,Bwdyndoll,Budinščina - Pomnerovac,2,1,4,manual,1,,
205,Bwdyzlawcz,,2,1,4,singleton,0,,
206,"Bwdyzlawcz, Dymytrowcz",,2,1,1,singleton,0,,
207,"Bwkowcz, Zelyna","Bukovec, Zelina",4,1,1,singleton,0,45.7104144,15.8202926
208,Bwkowschak,Bukovšćak,4,4,9,modern,0,45.9055538,15.8017033
209,Bwsowcz,Virovitica,3,1,2,manual,1,45.8331404,17.3853376
210,Bwssocz,Virovitica,3,1,4,manual,1,45.8331404,17.3853376
211,Bwssowcz,Virovitica,3,1,3,manual,1,45.8331404,17.3853376
212,Bwsthincz,Bušić,1,2,2,manual,0,45.8137034,16.0237909
213,"Bwzyn, Odra","Buzin, Odra",4,2,4,modern,0,45.7498707,15.9953199
214,Bwyancz,,1,1,4,singleton,0,,
215,Bwyowcz,,1,1,5,singleton,0,,
216,Byenyk,Pobjenik,1,2,10,manual,0,45.7048930,16.6131474
217,Byenyk ad Topozka (predium),,4,1,1,singleton,0,,
218,Bygzad,,4,2,7,orthographic-exact,0,,
219,Bykzad,Bisag,1,5,29,modern,0,46.0337432,16.2989057
220,Bygzad-citra Lonyam,,4,1,1,singleton,0,,
221,Bykalla,Korenovo,1,2,2,manual,0,45.8585850,16.8114639
222,Bykchelethincz,Hampovica,1,2,2,manual,0,46.0156843,16.9540763
223,Bykszad,Bisag,4,1,4,manual,0,,
224,"Bykzad, Wyhel","Bisag, Novo Mjesto",1,2,5,modern,0,46.0337432,16.2989057
225,Bynowcz,Čepelovac,1,1,3,manual,0,45.9949728,17.0425162
226,Byskwpcz,Biskupec,2,1,6,singleton,0,46.2856962,16.3354777
227,Byskwpecz,Biškupec,2,1,1,singleton,0,46.2856962,16.3354777
228,Byztrycza,Bistrica,4,9,64,modern,0,45.9972059,16.1227427
229,Byzkelethycz,,1,1,1,singleton,0,,
230,Camarcha,Novigrad Podravski,1,1,1,manual,0,46.0757469,16.9497812
231,"Camarcha, Thwlowa",,1,1,1,singleton,0,,
232,Campus,,1,1,1,singleton,0,,
233,Campus-Sancta Maria Virginis in Campo,,1,1,1,singleton,0,,
234,Capella,Stara Kapela,1,1,6,singleton,0,45.8909545,16.6063210
235,"Cappela,Kelyanowcz",,1,1,1,singleton,0,,
236,Chapalowcz,Čepelovac,1,3,9,manual,0,45.9949728,17.0425162
237,Czargowcz,Poljana,2,1,3,manual,1,46.2700000,16.3180556
238,Karlowcz,Karlovec Ludbreški,1,5,19,manual,1,46.2876860,16.6287750
239,Czeraberda,,1,3,4,orthographic-fuzzy,1,,
240,Cherztwecz,Čvrstec,1,11,25,manual,0,46.0044639,16.6638832
241,Chakowcz,Čaklovac,1,1,19,manual,0,45.4530837,17.2847740
242,Chakowcz - Brezyna,Čaklovac,1,1,1,manual,1,45.4530837,17.2847740
243,Chaktornya,Čaklovac,1,1,2,manual,0,45.4530837,17.2847740
244,Chalyncz,Čalinec,2,4,13,modern,0,46.2890601,16.1806256
245,Chyanyo,Čanjevo,1,4,26,modern,0,46.1063890,16.3394440
246,"Chanyo, Prezeka, Rauen",Čanjevo,1,1,2,singleton,0,46.1063890,16.3394440
247,Czargowcz,Poljana,2,1,3,manual,1,46.2700000,16.3180556
248,Charzyncz,,1,1,1,singleton,0,,
249,Chazarwara,Cesargrad,2,5,15,modern,0,46.0601275,15.7222748
250,Chebenowcz,Cepidlak,1,1,2,manual,0,45.9751022,16.6913869
251,Chehowyna ad portionem,,1,1,1,singleton,0,,
252,Czekno,Bršljanica,1,2,3,manual,0,45.5827915,16.8519325
253,Chelowechky,,2,1,1,singleton,0,,
254,Chelycze,Gornji Tkalec,1,3,3,manual,1,45.9705000,16.4497000
255,Chemernicha,Čemernica Lonjska,1,3,6,manual,0,45.7658591,16.4168812
256,Cheperlyncz,,2,1,12,singleton,0,,
257,"Cheperlyncz, Stefancz","Štefanec, Otok",2,2,3,modern,0,46.3031360,16.4579003
258,Zenth Berthalam,Bartolovec,2,9,12,modern,0,46.2970896,16.4351454
259,Cherbenye - Lwkawecz,Lukavec,1,1,1,manual,1,46.2429235,16.2152939
260,Cherbyncz,,2,1,2,singleton,0,,
261,Cherchan ad Gemlech,Graberje Ivaničko,1,1,1,manual,1,45.7101594,16.4712034
262,Chereborda,,1,2,4,orthographic-exact,0,,
263,Cheresnye,Vidovec,2,1,2,manual,1,46.2863481,16.2504203
264,Cheresnye,Vidovec,2,1,1,manual,1,46.2863481,16.2504203
265,Cheresnyo - Wydowcz,Vidovec,2,1,1,manual,1,46.2863481,16.2504203
266,Chernkowcz,Črnkovec,4,4,48,modern,0,45.7506386,16.1197623
267,Chernacz,,3,1,1,singleton,0,,
268,Chernareca,,1,1,1,singleton,0,,
269,Chernareka,Hercegovac,1,1,4,manual,0,45.6553617,17.0090772
270,Chernchan ad Gemlecz,Graberje Ivaničko,1,1,1,manual,1,45.7101594,16.4712034
271,Chernecz,Crnac,3,2,5,manual,0,45.6927000,17.9383000
272,Cherneleucz - Toplychycza,Toplica,4,1,1,manual,1,45.2943011,15.9707037
273,Chernesoucz,,1,2,4,orthographic-fuzzy,1,,
274,"Chernkowcz, Schytaryo","Črnkovec, Ščitarjevo",4,1,1,singleton,0,45.7506386,16.1197623
275,Chernomercz,Črnomerec,4,4,13,modern,0,45.8156371,15.9361636
276,"Chernylewch, Thoplychycha",Toplica,4,1,2,singleton,0,45.2943011,15.9707037
277,Chernylno,,4,1,1,singleton,0,,
278,Chero berdo,Cerovo brdo,1,1,1,manual,0,46.1330556,16.5500000
279,Cherowoberdo,Cerovo brdo,1,1,1,manual,0,46.1330556,16.5500000
280,Cherwylno,,4,1,5,singleton,0,,
281,Cherztwecz Zenth Pether,Sveti Petar Čvrstec,1,1,5,manual,0,46.0044639,16.6638832
282,Chesthylowcz,,1,1,1,singleton,0,,
283,Chethertekhel,Četvrtkovac,1,1,1,manual,0,45.5833333,17.2333333
284,Chezmycza Zenth Iwan,,1,1,1,singleton,0,,
285,Cheztylowcz,,1,2,2,orthographic-exact,0,,
286,Cnesancz,Maglenca,1,2,3,manual,0,45.9211719,16.9320077
287,Chorgowcz,,2,1,4,singleton,0,,
288,Chowcowyna,,1,1,1,singleton,0,,
289,Chowkowyna,,1,1,1,singleton,0,,
290,Chrechan,,4,2,2,orthographic-fuzzy,1,,
291,Chremysthe,Cremušina,1,1,1,manual,0,45.7945543,17.1937699
292,Chernchan ad Gemlecz,Graberje Ivaničko,1,1,1,manual,1,45.7101594,16.4712034
293,"Chresnevo, Obres",,2,1,1,singleton,0,,
294,Chresno,Crešnjevica,1,2,8,manual,0,45.9200074,17.1467028
295,Christalocz,Kreštelovac,1,7,12,manual,0,45.5765405,17.0519967
296,Chrysthalowcz-cum provincia et pertinentiis,Kreštelovac,1,1,1,manual,1,45.5765405,17.0519967
297,Chwcher,Čučerje,4,7,17,modern,0,45.8728865,16.0560140
298,Chwchwwachincz,,1,1,1,singleton,0,,
299,Chwdowcz,Sudovec i Vinarec,1,1,1,manual,1,46.1058330,16.3630500
300,"Chwdowcz, Wynarcz",Sudovec i Vinarec,1,1,1,singleton,0,46.1058330,16.3630500
301,Chwthenya,Kutina,1,1,4,manual,0,45.5186851,16.7911430
302,Chyglana,Mala Ciglena,1,1,1,manual,0,45.8934246,16.9412226
303,Cyglena,Dulepska,1,2,2,manual,0,45.8945450,16.3426353
304,Chygleno,Dulepska,1,1,1,manual,0,45.8945450,16.3426353
305,Chystho Hrastye,,3,1,1,singleton,0,,
306,Chystho Hrazthya,,3,1,1,singleton,0,,
307,Chyztahrazthya,,3,2,2,orthographic-fuzzy,1,,
308,Czyrquena,Cirkvena,1,3,7,orthographic-exact,0,45.9351219,16.6580807
309,Civitas Montis Grecensis Zagrabiensis,Zagreb - Grič,4,5,14,manual,0,45.8162301,15.9735992
310,Clobwk - Jalsewcz - Zenth Iwan,Čvrstec,1,1,1,manual,1,46.0044639,16.6638832
311,Klokochowcz,Klokočevec,1,3,6,modern,0,45.8336653,15.7024738
312,Clwch,Lipovac Lonjski,1,1,1,manual,0,,
313,Conthowcz,Grubišno Polje,1,1,1,manual,0,45.7021875,17.1722368
314,Copathowcz,Gornja Kovačica,1,1,3,manual,0,45.7710030,17.1093385
315,Copozowcz,Čazma,1,1,1,manual,0,45.7483719,16.6132008
316,Corbowa,,1,1,1,singleton,0,,
317,Coren,Korenovo,1,1,1,manual,0,45.8585850,16.8114639
318,Coren - Zdela,Korenovo,1,1,2,manual,1,45.8585850,16.8114639
319,Coroska,Koruška,1,1,1,manual,0,46.0226772,16.5359181
320,Corpus Christi in Prodauiz,Prnjavor Lepavinski,1,1,1,manual,0,46.1239088,16.6784270
321,Cothnyak,,1,1,1,singleton,0,,
322,Coznethyno,Mučna,1,1,1,manual,0,46.0689337,16.7375944
323,Koznycza,Kosnica,4,14,40,modern,0,45.7506038,16.0853697
324,Coztanowcz,Kostanjevac,1,1,1,singleton,0,46.0049015,16.9391526
325,Kozthel,Kostel,2,8,19,modern,0,46.1839785,15.7256223
326,Crachowcz,,1,1,1,singleton,0,,
327,Krapyna,Krapina,2,7,22,modern,0,46.0983218,15.9377404
328,"Craschych, Wywodyna",Krašić,4,1,1,singleton,0,45.6540864,15.5174579
329,Crassulcz,,2,1,1,singleton,0,,
330,Crawaryna,Grahovljani,1,1,3,manual,0,45.4929786,17.2552754
331,Crawarzka,Kravarsko,4,1,1,manual,0,45.5864987,16.0471926
332,Crawloch,,1,1,1,singleton,0,,
333,Crethyn in Dobrachwcha,,1,1,1,singleton,0,,
334,Crisium,Križevci,1,7,18,modern,0,46.0247391,16.5457794
335,Crisium-civitas taxa 500 fl,Križevci,4,1,1,manual,0,46.0247000,16.5460000
336,Crisium-civitas inferior,Križevci (inf.),1,1,5,singleton,0,46.0247391,16.5457794
337,Crisium-civitas superior,Križevci (sup.),1,1,5,singleton,0,46.0247391,16.5457794
338,Crisnychya,,1,1,1,singleton,0,,
339,Crisnychya ad Galgoycza,,1,1,1,singleton,0,,
340,Crisowlyan,Križovljan,1,4,9,manual,1,46.2644305,16.5559503
341,Crysancz,,2,1,3,singleton,0,,
342,Crysthesawcz-ad Galgowcz,,1,1,1,singleton,0,,
343,Cryznychycha-ad Zenthywan dicata,,1,1,1,singleton,0,,
344,Cwlpowcz,,1,1,1,singleton,0,,
345,Czargowcz,Poljana,2,1,2,manual,1,46.2700000,16.3180556
346,Czargowcz,Poljana,2,1,7,manual,1,46.2700000,16.3180556
347,"Czebowcz, Kos",,2,1,1,singleton,0,,
348,Czerowycza Zentiwan,Đurđevac,1,2,2,manual,0,46.0410468,17.0678562
349,Czerowycza Zenth Iwan ad Zenth Gergerwara,Đurđevac,1,1,1,manual,1,46.0410468,17.0678562
350,Czerowycza ad Zenth Gerghwara,Đurđevac,1,1,1,manual,1,46.0410468,17.0678562
351,Czerye,Cerje,4,1,7,singleton,0,45.8296604,16.1914690
352,Czome,,1,1,1,singleton,0,,
353,Czwethkowych,Cvetković,4,4,4,modern,0,45.6507558,15.6470067
354,Czyglenycza,Ciglenica,2,1,5,singleton,0,46.3123951,16.3329490
355,Demerye,Demerje,4,3,13,modern,0,45.7318815,15.8828849
356,Darnowcz,Drenovac,1,2,4,manual,0,45.8265326,15.9960743
357,Darnocz cum pertinenciis,Slatinski Drenovac,1,5,5,manual,0,45.5552892,17.7065148
358,Dorozlo Bakwa,Klokočevac,1,2,3,manual,0,45.9178685,16.7839294
359,Dawch,,1,1,1,singleton,0,,
360,Deche,Dišnik,1,1,5,manual,0,45.6076839,16.8758897
361,Declyna,Diklenica,1,1,1,manual,0,45.9679929,16.8608972
362,Decze,,3,1,3,singleton,0,,
363,Dedochay sub Pokwpye,,4,1,2,singleton,0,,
364,Dercowcz,Dereza Čazmanska,1,1,1,manual,0,45.7564558,16.5998185
365,Derkowcz,Dereza Čazmanska,1,1,2,manual,0,45.7564558,16.5998185
366,Derze,Virovitica (imanje Derže),3,2,4,manual,1,45.8331404,17.3853376
367,Desnycze,Dišnik,1,1,9,manual,0,45.6076839,16.8758897
368,Desowcz,,1,1,1,singleton,0,,
369,Deykowcz-de Waska,Vaška,1,1,1,manual,1,45.8154349,17.6662543
370,Domagowych,Domagović,4,4,23,modern,0,45.6287181,15.6380048
371,Dimikowcz,Gradec,1,1,1,manual,0,45.9229065,16.4895691
372,Dimitrowcz,Gradec,1,2,2,manual,0,45.9229065,16.4895691
373,Dimytroucz,Dimitrovec,2,2,2,orthographic-exact,0,,
374,Districtus Capituli Zagrabiensis,Kaptol,4,2,2,modern,0,45.8146150,15.9784733
375,Dobochecz,,1,1,1,singleton,0,,
376,Dobowcz,Dubovec,1,2,10,orthographic-exact,0,46.0084447,16.2865673
377,Dobownyk,Virovitica,3,1,7,manual,1,45.8331404,17.3853376
378,Dobowyna,,1,1,1,singleton,0,,
379,Dobowyo in Berzewcze,,1,1,1,singleton,0,,
380,Dobra Kuchya,Dobra Kuća,1,2,3,manual,0,45.6103079,17.2943775
381,Dobrachwcha,,1,1,1,singleton,0,,
382,Dobrachwcha cum pertinentiis,,1,1,1,singleton,0,,
383,Dobrawa,Dubrava Samoborska Zagrebačka Dubrava,4,1,12,manual,0,45.8063140,15.6699200
384,Dobrawa ad Lythwuanych,Dubrava Samoborska Zagrebačka Dubrava,4,1,1,manual,1,45.8063140,15.6699200
385,Dobrawa villa ad Lythwanych,Dubrava Samoborska Zagrebačka Dubrava,4,1,1,manual,1,45.8063140,15.6699200
386,Dobrawycza,,2,1,1,singleton,0,,
387,Dobrokychya,Dobra Kuća,1,1,3,manual,0,45.6103079,17.2943775
388,Dobrowa Czerzka,,4,1,1,singleton,0,,
389,Dobrowych,,1,4,15,orthographic-fuzzy,1,,
390,Dol,,4,2,5,orthographic-exact,0,,
391,Dolyane,Doljani Žumberački,4,7,16,manual,0,45.7164511,15.2914265
392,Dolyan ad Belam,,1,1,1,singleton,0,,
393,Dolyancz,Doljanec,1,1,6,manual,0,45.9908688,16.4493156
394,Domankwsowcz,Veliki Grđevac,1,3,4,manual,1,45.7515565,17.0497322
395,Dombrensi,,1,1,1,singleton,0,,
396,Dombro,Dubrava,1,1,8,manual,0,45.8423033,16.5349328
397,"Dombro-oppidum, Gradecz",,1,1,1,singleton,0,,
398,Dombro-provincia ad Sanctum Michaelem,Dubrava,1,1,1,manual,1,45.8423033,16.5349328
399,Donadowcz,Tomodowcz,1,2,3,manual,0,,
400,Dragalen,,1,1,2,singleton,0,,
401,Dragalyn ad Belam,,1,1,1,singleton,0,,
402,Dragalyna,,1,1,2,singleton,0,,
403,Draganychy,Draganići,4,4,4,modern,0,45.7599553,16.0059758
404,Dragatyn,,1,1,4,singleton,0,,
405,Dragonoscz,Dragonožec,4,3,6,modern,0,45.6610681,15.9471656
406,Dragowyna,,1,2,5,orthographic-fuzzy,1,,
407,Dragowya-ad Achynam,,1,1,1,singleton,0,,
408,Drakcha,Graberje Ivaničko,1,1,1,manual,0,45.7101594,16.4712034
409,Draschya,Graberje Ivaničko,1,2,5,manual,0,45.7101594,16.4712034
410,Drascha ad Gemenecz,Graberje Ivaničko,1,1,1,manual,1,45.7101594,16.4712034
411,Drascha ad Gemlech,Graberje Ivaničko,1,1,1,manual,1,45.7101594,16.4712034
412,Draschyna ad Gemlecz,Graberje Ivaničko,1,1,1,manual,1,45.7101594,16.4712034
413,Drasowch,Dijakovac,1,4,6,manual,0,45.7006,17.3514
414,Drasewcz,Korenovo,1,1,1,manual,0,45.8585850,16.8114639
415,Drasimercz,Draganec,1,1,1,manual,0,45.7806315,16.6253194
416,Drawamelleke,Kloštar Podravski,1,2,3,manual,0,45.9736940,17.1663312
417,Dremowa,Drenova,4,1,1,manual,1,45.9332276,16.1779492
418,Drenowa,Drenova,4,3,70,modern,0,45.9332276,16.1779492
419,Drwskowcz Oskowcz,Druškovec,2,3,6,manual,0,46.2567406,16.1494558
420,Drwskowcz,Druškovec,2,1,12,singleton,0,46.2567406,16.1494558
421,Dwbowcz,Dubovica,1,3,14,orthographic-exact,0,46.2880157,16.6916075
422,"Dubouycza, Kapolna","Dubovica, Kapela",1,1,3,singleton,0,46.2880157,16.6916075
423,Dubrawa,Dubrava,4,2,8,manual,0,45.8380556,16.5438889
424,Dwlyebzka,Dulepska,1,8,31,orthographic-fuzzy,1,45.8945450,16.3426353
425,Dworany,Vranov Dol,4,2,8,manual,0,45.7250,15.6319
426,Dwbowecz,Dubovac,4,1,2,manual,0,45.4944439,15.5344392
427,Dwbyno,,1,1,1,singleton,0,,
428,Dwgy Werh,Dugi vrh,1,1,2,manual,0,46.0708460,16.3820790
429,"Dwlepzka, Erdowcz","Dulepska, Erdovec",1,1,1,singleton,0,45.8945450,16.3426353
430,Dwmowcz,,4,1,1,singleton,0,,
431,Dworane,,4,1,2,singleton,0,,
432,Dworyancz,,1,1,1,singleton,0,,
433,Dworysche,Dvorišće,1,3,5,modern,0,45.9847825,16.6004514
434,Dworyschye Superior,Dvorišće,4,3,4,modern,0,45.8238294,16.2758953
435,Dworysche Superior,"Dvorišće, Orehovec",4,1,1,singleton,0,45.8238294,16.2758953
436,"Dworysche, Orehowcz","Dvorišće, Orehovec",1,3,8,modern,0,45.9847825,16.6004514
437,Dwsycza,Dužica,4,7,11,modern,0,45.5381486,16.2364540
438,Dyakowch,Diankovec,1,2,2,manual,0,46.0413240,16.4817858
439,Dyanfelde,Dijankovec,1,3,5,manual,0,46.0399845,16.4815465
440,Dyewsewcz,,1,1,1,singleton,0,,
441,Dymychffeld,,1,1,2,singleton,0,,
442,Ebres,Obrež,1,5,28,modern,0,46.1182956,16.4352972
443,Ecclesia Zagrabiensis,Zagreb (Kaptol),4,1,1,manual,1,45.8140000,15.9790000
444,Eghywdowcz,,4,1,1,singleton,0,,
445,Egwdowcz - Chargowcz - Polyana,Poljana,2,1,1,manual,1,46.2700000,16.3180556
446,"Egywdo, Charkowcz",,2,1,1,singleton,0,,
447,Jemryhowcz,Imbriovec,1,6,18,modern,0,46.2563933,16.8216410
448,Emryholcz,Imbriovec,2,2,2,manual,0,,
449,Erdowcz,Erdovec,1,4,13,modern,0,46.0298298,16.4813125
450,Erpenye,,2,1,1,singleton,0,,
451,Erwencze,Erwencze,1,1,13,manual,1,45.3981409,17.1249961
452,Fabyanowcz,Narta,1,3,5,manual,0,45.8333000,16.7885000
453,Fabyanchewcz,Narta,1,1,3,manual,0,45.8333000,16.7885000
454,Farcasovcz,,1,1,1,singleton,0,,
455,Farkadyn,Trema (okolica Čvrsteca),1,1,6,manual,1,45.9948837,16.6133459
456,Farkasowcz,Petrovina,1,1,2,manual,1,45.5271000,17.1602000
457,Farkassowcz,Petrovina,1,1,1,manual,1,45.5271000,17.1602000
458,Farkazowcz,,1,1,1,singleton,0,,
459,Felse Chezmyche,Botinac,1,2,8,manual,0,45.9996711,16.8612684
460,Felse Izdencz,Zdenci,1,3,7,manual,0,45.5877618,17.9514042
461,Felsew Zemche,Novska,1,3,5,manual,1,45.3333333,16.9666667
462,Felsew Ztobycza,Gornja Stubica,4,14,306,modern,0,45.9749888,16.0175181
463,"Felseu Ztobycza, Lepa Vez","Gornja Stubica, Lepa Ves",4,1,1,singleton,0,45.9749888,16.0175181
464,Felsew Bakwa,Gornja Bukovica,1,1,3,singleton,0,,
465,Felsew Bakwa,Špišić Bukovica,3,2,3,manual,1,45.8578490,17.3011788
466,Felsew Bakwa cum pertinentiis,Špišić Bukovica,3,1,1,manual,1,45.8578490,17.3011788
467,Felso Czesmycze,Gornja Stubica,1,2,4,manual,1,,
468,Felsew Gerzencze,Gračenica,1,1,2,manual,0,45.5149669,16.6540389
469,Felsew Pozawye Zablathye,Posavje Susedgradsko,4,1,1,manual,1,45.8209845,15.8307946
470,Felsew Soploncza,Gornja Stupčanica,1,4,8,manual,0,45.6253030,17.3375580
471,Felsew Totusewyna,Topolovac,1,2,2,manual,0,45.4605556,16.4358333
472,"Felsew Zthwbycza, Bedenycze","Gornja Stubica, Bedenica",4,1,1,singleton,0,45.9749888,16.0175181
473,"Felsew Zthwbycza, Bosyako","Gornja Stubica, Božjakovina",4,1,1,singleton,0,45.9749888,16.0175181
474,Felso Czesmycze,Čazma,1,1,4,manual,1,45.7483719,16.6132008
475,Ferkwlowcz,Ferkuljevec,2,6,10,modern,0,,
476,Feyerkew,Bijela Stijena,1,1,1,manual,1,45.3420000,17.1937000
477,Feyrkew-waywodatus cum pertinentiis,Bijela Stijena,1,1,1,manual,1,45.3420000,17.1937000
478,Filyphfalwa,,1,3,3,orthographic-fuzzy,1,,
479,Fynthyncz,Fištinec,1,3,4,manual,0,,
480,Fodorowcz,Fodorovec,3,2,4,orthographic-exact,0,,
481,Fodrowcz,Fodorovec,1,3,13,manual,0,46.0406624,16.4103609
482,Fodorowczy,Fodorovec,2,1,1,manual,0,,
483,Foryanowcz,,1,1,3,singleton,0,,
484,Furmeghoch,,1,1,1,singleton,0,,
485,Fwka,Fuka,1,1,3,singleton,0,45.8863448,16.5287441
486,Fychowcz,Finčevec,1,1,1,manual,0,46.0983830,16.4273423
487,Fyerky,,1,1,1,singleton,0,,
488,Fylethyncz,,1,2,6,orthographic-exact,0,,
489,Fynchewcz,Finčevec,1,1,1,manual,0,46.0983830,16.4273423
490,Galgoncza,Glogovnica,1,7,13,modern,0,45.9671904,16.5272109
491,Galgowo,Galgovo,4,2,12,modern,0,45.7436947,15.7490376
492,Galowchecz,,1,1,1,singleton,0,,
493,Galowcz,Galovac,1,1,2,manual,0,45.8439994,16.8524578
494,Garazda,,1,1,1,singleton,0,,
495,Garazdyncz,,1,2,7,orthographic-fuzzy,1,,
496,Gardowa,Grđevac,1,3,21,manual,0,45.7515565,17.0497322
497,Garyghnycze,Garešnica,1,2,3,manual,0,45.5751322,16.9418013
498,Gathalowcz,Gatalovec,1,4,14,manual,1,45.7120000,17.0560000
499,Gothalowcz,Gotalovec,2,5,13,modern,0,46.1566949,16.2192725
500,Gayancz,Gojanec,2,1,1,manual,1,46.288056,16.303056
501,"Gayancz, Nedelyancz","Gojanec, Nedeljanec",2,1,2,singleton,0,46.288056,16.303056
502,Gayanczy,Gojanec,1,1,1,manual,1,46.2859049,16.3029011
503,Gedrocz,,1,2,2,orthographic-fuzzy,1,,
504,Gemelgfelde,,1,1,2,singleton,0,,
505,Geramuczyak,,2,1,1,singleton,0,,
506,Greben,Greben,4,4,11,modern,0,45.7640352,15.3341556
507,Gerecz,Stari Gradec,1,1,27,manual,0,45.924700,17.292500
508,Gerecz,Gradec (Zagreb),4,1,1,manual,0,45.8162301,15.9735992
509,Geremchari,,2,1,1,singleton,0,,
510,Gerwasowcz,,1,1,3,singleton,0,,
511,Gerzencze,Gračenica,1,1,3,manual,0,45.5149669,16.6540389
512,Gorycza,Gorica,4,4,15,modern,0,45.4339204,15.4856451
513,Glagowo,,4,1,2,singleton,0,,
514,Glaunycza Sanctae Trinitatis,Glavnica,4,1,3,manual,1,45.9315133,16.1417444
515,Glawnycza,Glavnica,4,7,70,orthographic-fuzzy,1,45.9315133,16.1417444
516,Globochecz,Globočec,4,3,32,modern,0,46.0154688,16.1581992
517,Globochecz,Lipovčani,1,3,10,manual,0,45.9855979,16.7882556
518,"Globochecz, Polyana","Globočec, Poljana",1,1,1,singleton,0,,
519,Glokosowcz - Mylethynch,Miletinec,1,1,3,manual,1,45.933300,16.733300
520,"Golgoncza, Kalecz",Glogovnica,1,1,1,singleton,0,45.9671904,16.5272109
521,Golyak- judicatus (Jazthrebarzka-castrum),,4,1,1,singleton,0,,
522,Gorbonokfew,Kloštar Podravski,1,4,5,manual,0,45.9736940,17.1663312
523,Gorbonok Drawamelleke,Kloštar Podravski,1,4,7,manual,0,45.9736940,17.1663312
524,Gorbonwk-oppidum cum pertinentiis,Kloštar Podravski,1,3,4,manual,0,45.9736940,17.1663312
525,Gorbonwkfew ad Zenth Gergwara,Kloštar Podravski,1,1,1,manual,0,45.9736940,17.1663312
526,Gorbowa,Grbavac,1,1,2,manual,0,45.7113545,17.1014906
527,Goricza in episcopatu Zagrabiensi,,4,1,1,singleton,0,,
528,Gorycza,Gorica,1,5,26,modern,0,46.2254584,16.7320479
529,"Gorychan, Zbelye",,2,1,4,singleton,0,,
530,Gorycza,Gorica,3,1,1,singleton,0,,
531,Gorycza Maiori,,4,1,1,singleton,0,,
532,Gorycza sive Pregrada,Goričanovec,2,3,3,modern,0,46.1816180,15.8121486
533,"Gorycza, Pleszo","Gorica, Pleso",4,1,1,singleton,0,45.4339204,15.4856451
534,Gotaleryancz,,1,1,1,singleton,0,,
535,"Gotalowcz, Zawersye","Gotalovec, Završje",2,2,2,orthographic-exact,0,46.1566949,16.2192725
536,Gozthowychy,Gostović,1,3,6,modern,0,45.9283718,16.4445035
537,Graberiancz,Dulepska,1,1,1,manual,0,45.8945450,16.3426353
538,Graberya,Graberje Ivaničko,1,2,4,manual,0,45.7101594,16.4712034
539,Graberye,Grabe,2,1,5,singleton,0,46.0747054,16.0078977
540,Grabrych,Grabrić,1,2,4,modern,0,45.9008124,16.5057456
541,Grachan,Gračani,4,8,18,modern,0,45.8548503,15.9709014
542,Grachina ad Garig,Gračani,1,1,1,singleton,0,45.8582472,15.9740813
543,Grachyna,Gračina,1,1,1,singleton,0,45.9780218,16.5603046
544,Gradacz,Gradec,1,1,1,manual,0,45.9229065,16.4895691
545,Gradacz Jampnycza,Gradec Pokupski,4,2,5,manual,0,45.5479053,15.8695123
546,Gradchyna-ad Garych,,1,1,1,singleton,0,,
547,Gradecz,Gradec,1,3,17,modern,0,45.9229065,16.4895691
548,Gradysche,Bršljanica,1,1,1,manual,0,45.5827915,16.8519325
549,Gragena,Vojakovac,1,3,14,manual,0,46.0668813,16.5936927
550,Gragyan,Gradna,4,1,1,singleton,0,45.8230755,15.7406015
551,Gramchoucz,Stare Plavnice,1,1,1,manual,0,45.8940344,16.8083834
552,Grayan,,1,1,10,singleton,0,,
553,Grebenna,Grebeno,1,1,1,manual,1,45.7250000,17.0850000
554,Greda,Greda,1,1,1,manual,1,45.1746000,17.8435000
555,Gredakowcz ad Gemnecz,,1,1,1,singleton,0,,
556,"Gredycze, Zabok","Gubaševo, Zabok",2,1,3,singleton,0,46.0198728,15.8656988
557,Gregorchyncz,Virje,1,3,5,manual,0,46.0671920,16.9886896
558,Gregorowcz,Gregurovec,1,7,22,modern,0,46.0297878,16.4498379
559,Gregorowcz,Gregurovec,2,6,12,modern,0,46.1554811,15.9895455
560,"Gregoryancz, Dorozlawcz, Camarcha",,1,1,1,singleton,0,,
561,Gregoryewyna,Gregurovec,1,2,9,manual,1,46.0297878,16.4498379
562,"Gregoryowcz, Zaywsawcz",,1,1,1,singleton,0,,
563,Gregsynch,Mučna,1,1,1,manual,0,46.0689337,16.7375944
564,"Gregwrowcz, Toplycza, Oskowcz",Gregurovec,2,1,4,singleton,0,46.1554811,15.9895455
565,Gregwrowcz-ad Nagh Kemlek,,1,1,1,singleton,0,,
566,Grekzynchk,Mučna,1,1,1,manual,0,46.0689337,16.7375944
567,Grexyncz,Mučna,1,2,3,manual,0,46.0689337,16.7375944
568,Grobosincz,Grubišno Polje,1,2,4,manual,0,45.7021875,17.1722368
569,Grymoucz,,1,2,2,orthographic-exact,0,,
570,Grysnyak,,1,1,1,singleton,0,,
571,"Gubassewo, Martyncze","Gubaševo, Martinec",2,1,2,singleton,0,46.0198728,15.8656988
572,"Gwbassewo, Prozenyk","Gubaševo, Prosenik",2,2,4,orthographic-exact,0,46.0198728,15.8656988
573,Gwnnyak,Gunjak,1,4,10,manual,0,46.020737,16.649432
574,Gwrgewcz,Graberje Ivaničko,1,8,11,manual,0,45.7101594,16.4712034
575,Gwbassewo,Gubaševo,2,5,6,modern,0,46.0198728,15.8656988
576,Gwdowcz,Gudovac,1,2,4,manual,0,45.8811395,16.7846354
577,Gwdowcz cum pertinentis,Gudovac,1,1,1,manual,0,45.8811395,16.7846354
578,Gywrsyncz,,1,2,6,orthographic-fuzzy,1,,
579,Gymelchfeld,,1,1,2,singleton,0,,
580,Gywgancz,Kaniška Iva,1,2,5,manual,0,45.5289318,16.9230556
581,Gywrethyncz,,1,1,2,singleton,0,,
582,Gywrkethyncz,,2,1,1,singleton,0,,
583,Gywrynowcz,,1,1,1,singleton,0,,
584,Habyanowcz,Habjanovac,1,1,1,manual,0,45.8782200,16.5500428
585,Hegen,Haganj,1,4,8,modern,0,45.9147515,16.5787186
586,Halehosowcz,Pavlin Kloštar,1,1,1,manual,0,46.0073012,16.8288694
587,Hathko,Hotko,1,2,3,manual,1,45.751556,17.049732
588,Hathkozenth Mihal,,1,2,2,orthographic-fuzzy,1,,
589,Haznarcz,Sudovec,1,1,1,manual,0,46.1058330,16.3630500
590,"Haznarcz, Turkoucz",,1,1,1,singleton,0,,
591,Hedrihowcz,,1,2,2,orthographic-exact,0,,
592,Hemowcz,Đurđic,1,1,7,manual,0,46.0027595,16.5846866
593,Herbothowcz,Fuka,1,3,3,manual,0,45.8863448,16.5287441
594,Herbolthya,Veliki Poganac,1,2,3,manual,0,46.1490499,16.6151853
595,Herborthya,Veliki Poganac,1,2,4,manual,0,46.1490499,16.6151853
596,Hercowcz,,1,1,1,singleton,0,,
597,Heresyncz,,1,3,3,orthographic-fuzzy,1,,
598,Herethyncz,Galovac,1,1,1,manual,0,45.8439994,16.8524578
599,Hergowicza Pwzta Dwsa,Dužica,4,1,1,manual,0,45.5381486,16.2364540
600,Herpeny,,2,2,2,orthographic-fuzzy,1,,
601,Heryowcz,,1,1,1,singleton,0,,
602,Herzowa,Hrsovo,1,1,1,manual,0,45.9383045,16.6850385
603,Hewiz-oppidum ad Dobrachwcha,,1,1,1,singleton,0,,
604,Hom,Hum,1,6,8,manual,0,45.6666512,17.5305513
605,Hom,Hum,4,2,38,modern,0,45.8115399,15.5974865
606,Horeowcz,Gračenica,1,1,7,manual,0,45.5149669,16.6540389
607,Horzowa,Hrsovo,1,1,8,manual,0,45.9383045,16.6850385
608,Hothko,Hotko,1,1,9,manual,0,45.751556,17.049732
609,Hothnya Zenth Pal,Stari Pavljani,1,1,1,manual,0,45.8605809,16.8746878
610,Hothowa,Begovača,1,1,2,manual,0,45.6649511,16.8650982
611,Hothowo ad Zenth Gergwara,,1,1,1,singleton,0,,
612,Howano ad Kapruncza,,1,1,1,singleton,0,,
613,Hozywfalw,,1,2,2,orthographic-fuzzy,1,,
614,Hraschyna,Hrašće,4,6,39,modern,0,45.7306053,16.0048816
615,Hraschan,Raščani,1,1,5,manual,0,46.0207373,16.6494324
616,Hraschyna ad Greben cum pertinentiis,Hrastina Samoborska,4,1,1,manual,1,45.8074167,15.7398733
617,Hraschyna in pertinentiis Greben,Hrastina Samoborska,4,1,1,manual,1,45.8074167,15.7398733
618,Hrasthan,Hršćani,1,1,3,manual,0,,
619,Hrasthye,,4,1,1,singleton,0,,
620,Hrastina,,1,1,1,singleton,0,,
621,Hrastovica cum pertinentiis,Hrastovica,4,3,3,manual,0,45.3987583,16.2717361
622,Hrastowicze-castrum cum pertinentiis,,4,4,4,orthographic-fuzzy,1,,
623,Hrazthowycza-pertinencia,,4,1,1,singleton,0,,
624,Hrazthowycze-pertinantiae,,4,1,1,singleton,0,,
625,Hrazthye,Hrastje,4,1,1,manual,0,,
626,Hrazthyna,Hraštje,1,2,3,orthographic-exact,0,45.9782359,16.2688640
627,Hrebyncz,,4,1,1,singleton,0,,
628,Hrelychy,Hrelić,4,3,17,modern,0,45.7682685,16.0168954
629,Hromchovcz,,1,2,2,orthographic-exact,0,,
630,Hromkowcz,Stare Plavnice,1,1,1,manual,0,45.8940344,16.8083834
631,Hrwsowcz,Ruševac,1,7,19,manual,0,46.0316718,16.6786684
632,Hrustopecowyna,,1,1,1,singleton,0,,
633,Hrwssowcz,Hruševac kod Topuskog,4,5,50,manual,1,45.2930000,15.9700000
634,Hrwskopekowyna,,1,1,1,singleton,0,,
635,Hwdy Bythek,Hudi Bitek,4,1,1,singleton,0,45.7097190,15.8958866
636,Hwethincz,,1,1,1,singleton,0,,
637,Hwywaros,,1,1,1,singleton,0,,
638,Hwzarcz,Husarec,1,1,16,manual,0,45.969039,16.539956
639,"Hwzarcz, Zenthywan",,1,1,1,singleton,0,,
640,Hyzdencz,Zdenci,1,1,5,manual,0,45.5877618,17.9514042
641,Ilowa,Ilova kod Grubišnog Polja,3,1,9,manual,1,45.6900000,17.1500000
642,Ilowa cum pertinentiis,Ilova kod Grubišnog Polja,3,1,1,manual,1,45.6900000,17.1500000
643,Inferior Lwkawcz,Lukavec Turopoljski,4,1,1,manual,0,45.7011134,15.9936241
644,"Lwkavacz, Kozthanyewcz","Lukavec, Kostanjevec",4,6,8,modern,0,45.7011134,15.9936241
645,"Inferior Lwkawcz, Obres","Lukavec, Obrež",4,1,1,singleton,0,45.7011134,15.9936241
646,Lwkawecz,Lukavec,4,11,73,modern,0,45.7011134,15.9936241
647,Inferior Opathyncz,,1,1,1,singleton,0,,
648,Inferior Vaska,Vaška,1,2,2,manual,0,45.8154349,17.6662543
649,"Inoskowcz, Foryanowcz",,1,1,1,singleton,0,,
650,Insula,Otok kod Vrbovca,2,5,28,manual,1,45.8900000,16.4300000
651,Iwanusowcz,Sredice,1,6,13,manual,0,46.0374219,16.8129849
652,Isanowcz,Hižanovec,1,1,3,manual,0,46.1137533,16.4217897
653,Ista parte Zawe (s ove strane Save),,4,1,1,singleton,0,,
654,Iwancz,Ivanec,1,8,18,modern,0,46.0759345,16.5687713
655,Iwanych,Ivanić-Grad,1,1,9,manual,1,45.7056756,16.3920092
656,Iwanych-oppidum cum pertinentiis,Lupoglav,1,2,2,manual,1,45.7970952,16.3404828
657,Iwelowcz,Veliki Grđevac,1,1,4,manual,1,45.7515565,17.0497322
658,Iwilovcz,,1,1,1,singleton,0,,
659,Izdencz,Zdenci,1,1,2,manual,0,45.5877618,17.9514042
660,Jacopowcz,Jakopovac,1,4,4,manual,0,46.0238540,16.7881984
661,Jacupelcz,Lipovljani,1,1,2,manual,0,45.4028679,16.8825616
662,Jacupelcz,,2,1,1,singleton,0,,
663,Jagwstanowcz,Augustanovec,4,4,12,modern,0,45.4748574,15.9383109
664,Jegywdowcz,Ježdovec,4,7,30,modern,0,45.7766808,15.8460330
665,Jakopowcz,,1,2,2,orthographic-fuzzy,1,,
666,"Jakovllye, Felsew et Also Byztra, Podgorye, Pzarno","Jakovlje,gornja i Donja Bistra, Podgorja",4,1,2,singleton,0,45.9405659,15.8585629
667,Jakowla,Jakovlje,4,2,2,modern,0,45.9405659,15.8585629
668,Jakowlewcz,,1,1,1,singleton,0,,
669,"Jakowlya, Also Byztra","Jakovlje, Donja Bistra",4,5,9,modern,0,45.9405659,15.8585629
670,Jakwpelcz,Lipovljani,1,1,2,manual,0,45.4028679,16.8825616
671,Jakwpowcz ad Belam,,1,1,1,singleton,0,,
672,Jakwssewcz,Jakuševec,4,3,6,modern,0,45.7605543,16.0162815
673,Jalecz,Podjales,1,3,4,modern,0,45.9398153,16.4864737
674,Jalkowcz,Galovac,1,1,1,manual,0,45.8439994,16.8524578
675,Jalsewa,Čvrstec,1,10,59,manual,0,46.0044639,16.6638832
676,"Jalsowcza, Ladyslawcz","Jalševec, Ladislavec",2,4,8,modern,0,46.2078577,16.4827167
677,Jalsewcz Zenth Iwan,Čvrstec,1,1,1,manual,1,46.0044639,16.6638832
678,Jalsownyk,,2,1,1,singleton,0,,
679,Jamnycza,Jamnica,4,6,67,modern,0,45.5994427,15.8790880
680,"Jamnicza, Pokwpye","Jamnica, Pokupsko",4,4,7,modern,0,45.5994427,15.8790880
681,Jendrassewcz,Andraševec,4,3,11,manual,0,46.0003464,15.9356094
682,Janenowcz,,1,1,1,singleton,0,,
683,Janosowcz,Sredice,1,1,8,manual,1,46.0374219,16.8129849
684,Janowcz,,1,1,1,singleton,0,,
685,Janusowcz,,1,2,8,orthographic-exact,0,,
686,Japathyncz,,1,1,1,singleton,0,,
687,Jarebych,Jerebić,4,2,4,manual,0,45.5775055,15.9636954
688,Jarna,Kloštar Podravski,1,1,1,manual,0,45.9736940,17.1663312
689,Jarno,,1,1,1,singleton,0,,
690,Jarosyna,Herešin,1,2,3,manual,0,46.1769365,16.8665800
691,Jartholowcz,,1,2,7,orthographic-fuzzy,1,,
692,Jaztrebarzka-cum pertinentiis,Jastrebarsko,4,20,37,modern,0,45.6716565,15.6503928
693,Jaworowcz,,1,1,1,singleton,0,,
694,Jaworowcz ad Zenth Gergwara,,1,1,1,singleton,0,,
695,Jawowcz (Jalsowcz),Čvrstec,1,1,1,manual,1,46.0044639,16.6638832
696,Jawroch,Javorovac,1,1,1,manual,0,46.0478578,16.8973574
697,Jezenowcz,Jesenovec,4,4,34,modern,0,45.9191269,16.1428838
698,Jaztrebynzkywerh,Jastrebarski Vrh,4,3,9,manual,1,45.6700000,15.6500000
699,"Jegwdowcz, Botyncz","Ježdovec, Botinec",4,2,2,orthographic-exact,0,45.7766808,15.8460330
700,"Jegywdowcz, Syslawych","Ježdovec, Šišljavić",4,3,3,modern,0,45.7766808,15.8460330
701,"Jegywdowcz, Lochylnycza, Chehy, Nowaky, Bwzyn","Ježdovec, Lučelnica, Čehi, Novaki, Buzin",4,1,1,singleton,0,45.7766808,15.8460330
702,"Jelakowcz, Zablatya","Đelekovec, Zabletje",1,2,2,orthographic-exact,0,46.2506365,16.8637838
703,Jelkowcz,Đelekovec,1,1,3,singleton,0,46.2506365,16.8637838
704,Jelye,,1,2,2,orthographic-exact,0,,
705,"Jemryhoucz, Othok","Imbriovec, Otok",1,2,6,orthographic-exact,0,46.2563933,16.8216410
706,Jenderkowcz ad Garigh,,1,2,2,orthographic-fuzzy,1,,
707,Jenderkowcz sub Garych,,1,1,1,singleton,0,,
708,Jerosyn,Galovac,1,1,2,manual,0,45.8439994,16.8524578
709,Jezero,Jezero Posavsko,4,1,2,manual,0,45.6346553,16.3117931
710,Jwrkethyncz,Jurketinec,2,4,10,orthographic-exact,0,46.2829955,16.2184004
711,"Jwgowcz, Powsincz",,3,1,1,singleton,0,,
712,Jwrowlyan,,4,1,1,singleton,0,,
713,Kalecz,Tkalec,1,6,11,modern,0,45.9705265,16.4497054
714,Kalym,Kalinje,4,1,2,manual,0,45.9814531,16.2380747
715,Kamacza,Novigrad Podravski,1,1,1,manual,0,46.0757469,16.9497812
716,Kamarcza,Novigrad Podravski,1,2,5,manual,0,46.0757469,16.9497812
717,Kamarya,Čaire,1,1,3,manual,0,45.5557797,16.7990067
718,Kamarya - Melesocz,Čaire,1,1,1,manual,1,45.5557797,16.7990067
719,Kamechecz ad Nagh Kemlek,Veliki Kalnik,1,3,3,manual,1,46.1332000,16.4644000
720,Kamenycza,Kamešnica,1,3,3,modern,0,46.0164481,16.4654737
721,Kamenie,Kamanje,4,1,1,manual,0,45.6470034,15.4186638
722,Kapella,Kapela,1,2,2,modern,0,45.9897100,16.8443705
723,"Kapolna, Bednye",Kapela,1,1,1,singleton,0,45.9897100,16.8443705
724,"Kapolna, Dobowycza","Kapela, Dubovica",1,2,5,modern,0,45.9897100,16.8443705
725,"Kapolna, Dobowycza, Othok, Jemryhowcz","Kapela, Dubovica, Otok, Imbriovec",1,1,2,singleton,0,45.9897100,16.8443705
726,Kaproncza,Koprivnica,1,10,14,modern,0,46.1672461,16.8102183
727,Kaptholowcz,Ivanska,1,1,1,manual,0,45.7794464,16.8063455
728,Karpowcz,Karlovec,2,1,1,manual,1,46.2889000,16.6281000
729,Kasyna,Kašina,4,2,2,orthographic-exact,0,45.9076390,16.1255313
730,Kazmethyna,,1,1,1,singleton,0,,
731,Kebel,Kabel,1,1,4,singleton,0,45.8380099,16.0553609
732,Kelemynoch,,1,1,1,singleton,0,,
733,Kenchelowcz,Kenđelovec,1,1,1,manual,0,45.945945,16.673362
734,Kengelowcz,Kenđelovec,1,3,10,manual,0,45.945945,16.673362
735,Kepchancz,,4,1,1,singleton,0,,
736,Kerhennyna,,1,1,3,singleton,0,,
737,Kerhennyna-waywodatus superior,,1,1,1,singleton,0,,
738,Kerhnyewyna,,1,1,2,singleton,0,,
739,Kerhtowcz,,3,3,6,orthographic-fuzzy,1,,
740,Kernyn,Botinac,1,1,7,manual,0,45.9996711,16.8612684
741,Kernyn - Mathwsalowcz,Botinac,1,1,1,manual,1,45.9996711,16.8612684
742,Kerztynoucz,,1,1,1,singleton,0,,
743,Kwscherowcz,Gušćerovec,1,10,26,modern,0,46.0539835,16.4846780
744,Kyskemlek,Kalnik,1,12,37,modern,0,46.1326845,16.4866507
745,Kladye,Kladje,4,2,8,modern,0,45.7783575,15.7327973
746,Klenocz,Klenovec,1,2,2,modern,0,46.0840030,16.4467590
747,"Klenowhch, Orehowcz","Klenovec, Orehovec",1,1,1,singleton,0,46.0840030,16.4467590
748,Klokowcz,"Klokočevec, Miletinec",1,1,1,singleton,0,45.8336653,15.7024738
749,Klwch,Clwch,1,1,1,manual,0,,
750,Klwka,Kluka,4,1,1,manual,0,45.6070000,15.9810000
751,Klynchazela,Klinča Sela,4,5,19,modern,0,45.6922436,15.7435946
752,Klywka Kowachewcz,Kluka,4,2,6,manual,1,45.6070000,15.9810000
753,Kneghyncz,Kneginec,2,1,1,singleton,0,46.2567690,16.3719611
754,Knesyncz cum Knegyncz,Gornji Kneginec,2,3,9,manual,1,46.25,16.366667
755,Knesancz,Maglenca,1,2,3,manual,0,45.9211719,16.9320077
756,Knesech,,1,2,2,orthographic-exact,0,,
757,Knesty,,1,1,1,singleton,0,,
758,Knezecz,,1,1,1,singleton,0,,
759,Kobyle,,1,2,2,orthographic-fuzzy,1,,
760,Kobylych,Kobilić,4,2,10,modern,0,45.7319711,16.1012819
761,"Kobylychy, Persynowcz",Kobilić,4,1,2,singleton,0,45.7319711,16.1012819
762,Kochan,Konščani,1,1,1,manual,0,45.6648538,16.5497176
763,Kochan,Kučan,2,1,4,manual,1,46.2894984,16.3709440
764,"Koche, Lomnycza","Kuče, Lomnica",4,3,4,modern,0,45.6761398,16.1423026
765,Kochewcz,,2,1,1,singleton,0,,
766,Kochycze,Konščani,1,1,1,manual,0,45.6648538,16.5497176
767,Kochycze-insula,Martijanec,2,1,1,manual,1,46.2667778,16.5423856
768,Kokorekowcz,,1,1,1,singleton,0,,
769,Kolaryewcz,,1,2,2,orthographic-fuzzy,1,,
770,Kolchewcz,Kopčevec,4,1,8,singleton,0,45.8039982,16.2147302
771,Kolchewczy (Bosyako),,4,1,1,singleton,0,,
772,"Koledyncz, Kwzmyncz, Jelekowcz","Koledinec, Kuzminec, Đeelekovec",1,2,3,modern,0,46.2390102,16.7698452
773,Komarcha,,1,2,2,orthographic-exact,0,,
774,Komaryn,,1,1,1,singleton,0,,
775,Komor,Komor,2,1,15,singleton,0,46.1122725,16.0191713
776,"Komor, Mwrkowcz","Komor, Mirkovec",2,2,6,modern,0,46.1122725,16.0191713
777,"Komor, Wladyzlowcz",,2,1,1,singleton,0,,
778,Komosowcz,,1,1,4,singleton,0,,
779,Komozowcz,,1,1,1,singleton,0,,
780,Konczka,,1,1,3,singleton,0,,
781,Konschycza,Konšcica,4,2,18,manual,0,45.7650677,15.7260162
782,Konthoch Zenthpeter,Kontovec kod Grubišnog Polja,3,1,2,manual,1,45.6500000,17.2000000
783,Konthocz Zenthmyklos,Kontovec kod Grubišnog Polja,3,4,4,manual,1,45.6500000,17.2000000
784,Konthowcz,Kontovac,1,1,3,manual,0,45.7024515,17.1738629
785,Konthowcz cum pertinentiis,Kontovec kod Grubišnog Polja,3,3,4,manual,1,45.6500000,17.2000000
786,Konthoch Zenthpeter,Kontovec kod Grubišnog Polja,3,1,2,manual,1,45.6500000,17.2000000
787,Konzka,Jakopovac,1,1,8,manual,0,46.0238540,16.7881984
788,Konzka-swpanathws,Jakopovac,1,1,1,manual,1,46.0238540,16.7881984
789,Konzka-woywodatus,Jakopovac,1,1,1,manual,1,46.0238540,16.7881984
790,Kopachowcz,Kopačevac,1,2,9,manual,0,45.9500000,17.2333333
791,Kopakowcz,Gornja Kovačica,1,1,1,manual,0,45.7710030,17.1093385
792,Kopchyna,Kupčina,4,5,16,modern,0,45.6160186,15.5996565
793,Kophachowcz,,1,1,2,singleton,0,,
794,Kopino Sabnicza,Sveti Ivan Žabno,1,2,2,manual,0,45.9464805,16.6055861
795,Kwpozoucz,Čazma,1,2,3,manual,0,45.7483719,16.6132008
796,Kopynno,Haganj,1,1,1,manual,0,45.9147515,16.5787186
797,Korbawa,Veliki Grđevac,1,1,1,manual,1,45.7515565,17.0497322
798,Kordusowcz,Petruševec,2,1,1,manual,1,46.1213711,16.1387745
799,Kordusowcz,Petruševec,2,1,1,manual,1,46.1213711,16.1387745
800,Kordwssowcz,Petruševec,2,1,6,manual,1,46.1213711,16.1387745
801,Kordwssowcz - Pethrossowcz,Petruševec,2,1,1,manual,1,46.1213711,16.1387745
802,Koren,Korenovo,1,1,8,manual,0,45.8585850,16.8114639
803,"Koren, Zdelya",,1,1,2,singleton,0,,
804,Korenyak,Korenjak,2,3,7,modern,0,46.2335701,16.3202548
805,Korylowcz,Kurilovec,4,3,39,modern,0,45.7022546,16.0717133
806,Koroska,Koruška,1,1,2,manual,0,46.0226772,16.5359181
807,"Koroska, Bedowcz",,1,1,1,singleton,0,,
808,Koruska,Koruška,1,1,4,manual,0,46.0226772,16.5359181
809,Korusta,,1,1,1,singleton,0,,
810,"Korylowcz, Ilowenyak","Kurilovec, Ilovenjak",4,3,12,modern,0,45.7022546,16.0717133
811,"Korylowcz, Mraczlyn","Kurilovec, Mraclin",4,1,5,singleton,0,45.7022546,16.0717133
812,"Korythno, Bolch",,1,1,1,singleton,0,,
813,"Korythno,Kebel, Dymytrowcz",,1,1,1,singleton,0,,
814,Kos,,2,1,1,singleton,0,,
815,Oskowcz,Koškovec,2,5,19,modern,0,46.2506981,16.1643217
816,Koskolcz,,2,1,1,singleton,0,,
817,Kossoycza,Kosnica,2,1,1,singleton,0,,
818,"Koztanyewcz, Lomnycza","Kostanjevec, Lomnica",4,5,7,modern,0,45.8408380,16.0032513
819,"Kotenyak, Belycz",Korenjak,2,1,2,singleton,0,46.2335701,16.3202548
820,Kothnyak,Kutnjak,1,6,24,modern,0,46.2717025,16.7807856
821,Kowachewcz,,2,1,1,singleton,0,,
822,Kowachowcz,Kovačevac,1,1,1,manual,0,45.2657000,17.3547000
823,"Kowachowcz, Radoboye",,2,1,1,singleton,0,,
824,Koyenyk Sythny Othok Koznycza Zelnycza,Koyenik,4,1,1,manual,1,45.7450000,15.7830000
825,Koyenyk-judicatus Koznycza,Koyenik,4,1,1,manual,1,45.7450000,15.7830000
826,Kozachyna,,1,2,4,orthographic-fuzzy,1,,
827,Kozachyna-waywodatus inferior,,1,1,1,singleton,0,,
828,Kozachyna-waywodatus superior,,1,1,1,singleton,0,,
829,Kozak,Čemernica Lonjska,1,1,3,manual,0,45.7658591,16.4168812
830,Kozolowcz,Veliki Grđevac,1,1,1,manual,1,45.7515565,17.0497322
831,Koztanowcz,Kostanjevec,1,6,11,modern,0,46.1613615,16.2794839
832,Kozthanyewcz,Kostanjevec,4,5,34,modern,0,45.8408380,16.0032513
833,"Koztanyewcz, Lekenyk, Thernovcz, Lukawecz, Korylowcz","Kostanjevec, Lekenk, , Lukavec, Kurilovec",4,1,1,singleton,0,45.8408380,16.0032513
834,"Koztanyewcz, Obres","Kostanjevec, Obrež",4,1,2,singleton,0,45.8408380,16.0032513
835,"Koztanyoucz, Rauen","Kostanjevec, Raven",1,1,1,singleton,0,46.1613615,16.2794839
836,Kozynschak,Kozinšćak,4,4,10,modern,0,45.8148367,16.2605310
837,Krachowcz,,1,2,2,orthographic-fuzzy,1,,
838,Krakowcz,,1,1,1,singleton,0,,
839,Kralowcz,Kraljevac Križevački,1,1,1,manual,0,45.9734351,16.7402461
840,Kralyowcz,Kraljevec,4,1,1,singleton,0,45.8305899,15.9688845
841,Krawarzka,Kravarsko,4,3,21,modern,0,45.5864987,16.0471926
842,Krawaryna,Grahovljani,1,1,6,manual,0,45.4929786,17.2552754
843,Krayowcz,,3,1,2,singleton,0,,
844,Krenyn,Botinac,1,1,2,manual,0,45.9996711,16.8612684
845,Krenyn - Mathowcz,Botinac,1,1,1,manual,1,45.9996711,16.8612684
846,Krenyn - Pothna M.,Botinac,1,1,1,manual,1,45.9996711,16.8612684
847,Krysancz,Križanec,2,2,37,modern,0,46.2451850,16.3427013
848,"Krysancz, Gredycze, Prozenyk","Križanec, Gredice, Prosenik",2,1,5,singleton,0,46.2451850,16.3427013
849,Krysnychicha,,1,1,1,singleton,0,,
850,Krysnychicha ad Galgwncza,,1,2,2,orthographic-fuzzy,1,,
851,Krysowlyan,Križovljan,2,3,24,modern,0,46.2633287,16.5545664
852,Krysthalowcz,Kreštelovac,1,1,1,manual,0,45.5765405,17.0519967
853,Kwpyncz,Haganj,1,4,5,manual,1,45.9147515,16.5787186
854,"Kuzmyncz, Koledyncz, Zablathya","Kuzminec, Koledinec, Zablatje",1,2,2,modern,0,46.2369918,16.7567560
855,"Kwzmyncz, Koledyncz","Kuzminec, Koledinec",1,3,8,modern,0,46.2369918,16.7567560
856,Kwchan,Kučan,2,1,1,singleton,0,46.2894984,16.3709440
857,Kwchye,Kuće,4,2,3,modern,0,45.6761398,16.1423026
858,"Kwchye, Lownycza",,4,1,1,singleton,0,,
859,Kwkchowcz,,1,1,2,singleton,0,,
860,Kwpchancz,,4,1,2,singleton,0,,
861,Kwpchanoz,Kupinec,4,1,1,manual,0,45.7319444,15.7200000
862,"Kwsherowcz, Bekethyncz","Gušćerovec, Beketinec",1,2,3,modern,0,46.0539835,16.4846780
863,Kwskoucz,,1,1,1,singleton,0,,
864,Kwtthennya,Kutina,1,4,11,manual,0,45.5186851,16.7911430
865,Kwthetincz,,3,2,2,orthographic-exact,0,,
866,Kwzmowcz,Kusanovec,1,1,1,manual,0,45.8194032,16.3491667
867,Kwzmyncz,Kuzminec,1,1,2,singleton,0,46.2369918,16.7567560
868,"Kwzmyncz, Zablathye","Kuzminec, Zablatje",1,1,1,singleton,0,46.2369918,16.7567560
869,Kyralocz,,3,1,2,singleton,0,,
870,Kyralowcz-cum pertinentiis,Kraljevec kod Virovitice,3,2,3,manual,1,45.6600000,17.2200000
871,"Kyskemlek, Ryeka, Deklessyncz","Kalnik, Rieka, Deklešanec",1,4,8,modern,0,46.1326845,16.4866507
872,Kys Lownyk,,1,1,1,singleton,0,,
873,Kysmlaka,Mala Mlaka,4,2,30,modern,0,45.7289925,15.9772101
874,Kys Thabor,Mali Tabor,2,1,1,singleton,0,46.2146835,15.6777004
875,"Kyskemlek, fortalitium Reka cum pertinentiis","Kalnik , Rijeka",1,1,2,singleton,0,46.1326845,16.4866507
876,"Kysmlaka, Lochylnycza, Chehi, Nowaky, Syslawychy, Jegywdowcz","Mala Mlaka, Lučelnica, Čehi, Novaki, Šišljavić, Ježdovec",4,1,1,singleton,0,45.7289925,15.9772101
877,"Kysmlaka, Lochylnycza, Chehy, Nowaki","Mala Mlaka, Lučelnica, Čehi, Novaki",4,1,1,singleton,0,45.7289925,15.9772101
878,"Kysmlaka, Lochylnyza, Chehy, Nowaky","Mala Mlaka, Lučilnica, Čehi, Novaki",4,1,1,singleton,0,45.7289925,15.9772101
879,Labasowcz,Đurđic,1,2,2,manual,0,46.0027595,16.5846866
880,Labazowcz,,1,1,2,singleton,0,,
881,Lachalowcz,Jakopovac,1,1,1,manual,0,46.0238540,16.7881984
882,Ladomercz,Ladomer kod Jastrebarskog,4,6,45,manual,1,45.6700000,15.6500000
883,Ladislawcz,Ladislavec,2,1,1,manual,1,46.1086074,16.0627954
884,Ladyzlawcz,Ladislavec,2,1,2,singleton,0,46.1086074,16.0627954
885,"Ladyzlawcz, Zlatyna",Ladislavec,2,1,2,singleton,0,46.1086074,16.0627954
886,Laskaeghaz,,1,1,1,singleton,0,,
887,Lazthesyn,Severin,1,4,16,manual,0,45.833300,16.966700
888,Lathcowyna,,1,1,2,singleton,0,,
889,Lathkowyna,Bršljanica,1,1,1,manual,0,45.5827915,16.8519325
890,Lazachowcz,,1,4,5,orthographic-fuzzy,1,,
891,Lazecz,Čemernica Lonjska,1,1,4,manual,0,45.7658591,16.4168812
892,Lazen,Stare Plavnice,1,1,7,manual,0,45.8940344,16.8083834
893,Lazyna,Lazina,4,2,10,modern,0,45.8787204,16.0745122
894,"Lekenyk, Thernowcz",Lekenik,4,3,9,modern,0,45.5842704,16.2106191
895,Leskowcz,Bolč,1,7,11,manual,0,45.8908489,16.6763101
896,Lekanucz ad Lwkawcz,Lekanec kod Lukavca,4,1,17,manual,1,45.6850000,16.0700000
897,Lekenyk,Lekenik,4,5,13,modern,0,45.5842704,16.2106191
898,"Lekenyk, Lwkawecz",Lekenik. Lukavec,4,1,2,singleton,0,45.5842704,16.2106191
899,Lepawez,Lepa Ves,4,7,14,modern,0,46.0101068,15.9920646
900,Lepenyak,,2,1,1,singleton,0,,
901,Lepsincz,Bosiljevo Čazmansko,1,2,2,manual,0,,
902,Leschan,,1,1,2,singleton,0,,
903,Lesnekheg,Lještani,1,1,2,manual,0,45.3540530,17.2043230
904,Lestacowcz,,1,1,1,singleton,0,,
905,Lestakowcz,Šemovec,2,1,1,manual,1,46.3008848,16.4777174
906,Lestakowcz - Zwhodoll,Šemovec,2,1,1,manual,1,46.3008848,16.4777174
907,"Lestchancz, Palynowcz ad Belam",,1,1,1,singleton,0,,
908,Lesthak,,2,1,1,singleton,0,,
909,Lestakowcz,Šemovec,2,1,1,manual,1,46.3008848,16.4777174
910,"Lesthakowcz, Berethyncz, Tharnowcz",,2,1,1,singleton,0,,
911,Lesthakowcz - Zwhodol,Šemovec,2,1,1,manual,1,46.3008848,16.4777174
912,Lesthyan,,1,1,1,singleton,0,,
913,Lethowanych,Letovanić,4,11,19,modern,0,45.5078202,16.1989220
914,Lezkov,,3,1,1,singleton,0,,
915,Libewsthycza,,1,1,1,singleton,0,,
916,Lypowcz,Lipovec,2,4,14,orthographic-exact,0,46.0529847,16.1323970
917,Lyppa,Lipa kod Slatine,3,2,12,manual,1,45.7016000,17.6874000
918,Lywdbreg,Ludbreg,1,13,28,modern,0,46.2495239,16.6180913
919,Lobor,Lobor,2,2,23,modern,0,46.1591018,16.0701328
920,Lochan,Komuševac,1,1,2,manual,0,45.7908706,16.6240677
921,Lochylnycza,Lučelnica,4,1,8,singleton,0,45.5936967,15.9245536
922,"Lochylnycza, Chehy, Jegywdowcz, Mlaka, Nowaky, Bwzyn","Lučelnica, Čehi, Ježdovec, Mlaka, Novaki, Buzin",4,2,4,modern,0,45.5936967,15.9245536
923,"Lochylnycza, Odra","Lučelnica, Odra",4,1,1,singleton,0,45.5936967,15.9245536
924,"Lochylnycza, Podothochye, Odra, Bwzyn","Lučelnica, Podotočje, Odra, Buzin",4,1,1,singleton,0,45.5936967,15.9245536
925,Loka,Luka,1,3,5,modern,0,45.8765214,16.3806102
926,Lwka,Luka,4,7,25,modern,0,45.8301125,16.1086081
927,Lwkawecz,Lukavec,1,2,3,modern,0,46.2429235,16.2152939
928,Loky,Luka,1,1,1,manual,1,45.8765214,16.3806102
929,Lombardya,,1,1,1,singleton,0,,
930,Lompnycza,Lomnica,4,2,5,modern,0,45.7149347,15.9999240
931,"Lomnycza, Koche","Lomnica, Kuče",4,2,8,modern,0,45.7149347,15.9999240
932,Lose,,4,1,2,singleton,0,,
933,Lowchowcz,,1,1,1,singleton,0,,
934,Lowkowcz,Lukovec,1,3,8,manual,0,46.1904178,16.6815076
935,Lownicza,,4,1,1,singleton,0,,
936,Lubena,Lubena,1,5,8,manual,1,45.9213391,16.5160711
937,Lubewschycza ad Nagkemlek,,1,2,2,orthographic-fuzzy,1,,
938,Luchychowcz,,1,1,1,singleton,0,,
939,Lupoglaw,Lupoglav,1,4,4,modern,0,45.7970952,16.3404828
940,Lwbewschycza,,1,2,3,orthographic-fuzzy,1,,
941,Lwchan,Komuševac,1,1,3,manual,0,45.7908706,16.6240677
942,"Lwka, Rechycza","Luka, Rečica",4,3,7,modern,0,45.8301125,16.1086081
943,"Lwkavacz, Obres",Lukavec. Obrež,4,1,1,singleton,0,45.7011134,15.9936241
944,Lwsye,Lusje,4,1,1,manual,0,,
945,Lyplan,Bolč,1,2,3,manual,0,45.8908489,16.6763101
946,Lypowecz,Lipovec,1,4,5,modern,0,46.1346564,16.8673583
947,Lypyncz,Lipovo Brdo,1,4,7,manual,0,46.0031214,16.8738864
948,Lyppowcz,Lipovec,4,2,2,modern,0,45.9593136,16.1552144
949,Lyppycha,Čazma,1,2,2,manual,0,45.7483719,16.6132008
950,Lypsycza,Čazma,1,1,1,manual,0,45.7483719,16.6132008
951,Lywbesthycza-ad Kemlek,,1,1,1,singleton,0,,
952,Lywblyana,Ljubljanica,4,1,5,singleton,0,45.7969739,15.9351671
953,"Lywpkowcz, Zerdahel S.",,1,1,1,singleton,0,,
954,Lyzychyncz,,1,1,1,singleton,0,,
955,Markowcz,Markovac,1,10,32,modern,0,45.9193334,16.8742369
956,Magalowcz,Maglenca,1,2,5,manual,0,45.9211719,16.9320077
957,Magyerlak,Remetinec,1,1,1,manual,1,45.9270441,16.5534121
958,Megwrechye,Međurić,1,8,29,manual,0,45.4569000,16.9381000
959,Magyerlak,Remetinec,1,1,2,manual,1,45.9270441,16.5534121
960,Mahowcz,,4,1,4,singleton,0,,
961,Malchewcz,,1,1,1,singleton,0,,
962,Malchewcz,,4,2,5,orthographic-fuzzy,1,,
963,Malchewcz-de Reka,,1,1,1,singleton,0,,
964,Malkowch,,4,1,1,singleton,0,,
965,Manchewcz,Mučna,1,1,2,manual,0,46.0689337,16.7375944
966,Marchan,Marčan,2,2,11,modern,0,46.3313541,16.1505918
967,"Marcowcz, Chemerowcz",Markovac,1,1,1,singleton,0,45.9193334,16.8742369
968,Marygolthowcz,Marigutić,2,3,9,modern,0,46.1061764,16.1700226
969,Marthonpathaka,Martinpotok,1,5,19,manual,1,45.6219444,17.6216667
970,Markwssewcz,Markuševec,4,1,1,singleton,0,45.8758347,16.0148138
971,Marocha,Moravče,1,1,3,manual,1,45.9330556,16.1669444
972,Zenth Iwan,Sv. Ivan,4,5,7,modern,0,45.9028307,16.2628026
973,Marosolcz,,2,1,1,singleton,0,,
974,"Marosolcz, Krysolyan",,2,1,1,singleton,0,,
975,Maroucha,,1,1,1,singleton,0,,
976,Martynyancz,Martijanec,2,5,16,manual,0,46.2667778,16.5423856
977,Marthyncz,Martinec (orehovički),2,4,15,modern,0,46.0891232,15.9626404
978,"Marthynczy, Gwbassewo","Martinec, Gubaševo",2,3,8,modern,0,46.0891232,15.9626404
979,Martyndol,Boričevec,2,1,7,manual,1,46.1985611,16.4113471
980,Marthynowcz,Martinac Trojstveni,1,1,2,manual,0,45.9491719,16.9156958
981,Martinzkawez,Martinska Ves,4,9,14,modern,0,45.8805927,16.3975499
982,Marthynzky,,2,1,1,singleton,0,,
983,Martyndol,Boričevec,2,1,1,manual,1,46.1985611,16.4113471
984,Martyndol,Boričevec,2,1,3,manual,1,46.1985611,16.4113471
985,Martyndol,Boričevec,2,1,1,manual,1,46.1985611,16.4113471
986,Martinowcz,Lipa kod Slatine,3,1,2,manual,1,45.7016000,17.6874000
987,Martyndol,Boričevec,2,1,9,manual,1,46.1985611,16.4113471
988,Martynoucz,Lipa kod Slatine,3,1,1,manual,1,45.7016000,17.6874000
989,Maryancz,,1,1,2,singleton,0,,
990,Maryassowcz,Maruševec,2,3,23,orthographic-exact,0,46.2807993,16.1839860
991,"Maryassowcz, Krysowlyan","Maruševec, Križovljan",2,1,9,singleton,0,46.2807993,16.1839860
992,Maryncz,Jakuševec,4,1,2,manual,1,45.7605543,16.0162815
993,Mathewsowcz,,1,1,1,singleton,0,,
994,"Mathewsowcz, Zerdahel",,1,1,1,singleton,0,,
995,Mathwch,,1,1,3,singleton,0,,
996,Mathwsowcz - Marthynowcz,Martinac Trojstveni,1,1,2,manual,1,45.9491719,16.9156958
997,Mechenycze,,1,2,3,orthographic-fuzzy,1,,
998,Medwe,Medvedgrad,4,12,24,modern,0,45.8695479,15.9408864
999,Megereche cum provincia,Međurača,1,1,1,manual,0,45.7945307,16.8940401
1000,Magyerlak,Remetinec,1,1,1,manual,1,45.9270441,16.5534121
1001,Meglech,Pupelica,1,1,4,manual,0,45.8798969,17.0362289
1002,Meglich,,1,1,2,singleton,0,,
1003,Megwrechye-oppidum,Međurić,1,1,1,manual,0,45.4569000,16.9381000
1004,Megye,Međa,1,1,5,singleton,0,46.0505204,16.4656877
1005,Megyerlok,,1,1,1,singleton,0,,
1006,Mellesowcz,Palešnik,1,1,2,manual,1,45.6364872,16.9776100
1007,Mellesowcz  Palychna,Palešnik,1,1,1,manual,0,45.6364872,16.9776100
1008,Melnesowcz,,1,2,2,orthographic-fuzzy,1,,
1009,Mendzent,,3,3,3,orthographic-fuzzy,1,,
1010,Myndzenth,Velike Sesvete,1,6,43,manual,0,46.055600,16.671700
1011,Myrynye,Merenje,4,8,18,modern,0,45.9547190,15.7855215
1012,Zenthmyhal,Tomašica,1,9,16,manual,0,45.6432165,17.0173219
1013,Myholya,Letovanić,4,4,29,manual,0,45.5078202,16.1989220
1014,Mikchewcz,Mičevec,4,3,3,modern,0,45.7529444,16.0531946
1015,Mikechincz,Martinec Orehovički,1,1,1,manual,0,,
1016,Mykethyncz,Mičetinec,1,4,11,manual,0,46.0075,17.0183
1017,Mykwlych,Mikulići,4,9,18,orthographic-fuzzy,1,45.8472620,15.9288418
1018,Mylethyncz,Miletinec,1,4,58,manual,0,45.933300,16.733300
1019,Mirina,"Mirkovec, Brezova",4,3,3,orthographic-exact,0,46.0540852,15.9325918
1020,Mislenincz,Remetinec Križevački,1,2,3,manual,0,45.9239375,16.5385563
1021,Mlaka,Mlaka,1,1,1,singleton,0,45.904094,16.293197
1022,Mlaka,Mlaka,4,1,12,singleton,0,45.9040939,16.2931969
1023,"Mlaka, Lochylnycza","Mlaka, Lučelnica",4,2,5,modern,0,45.9040939,16.2931969
1024,"Mlaka, Nowaky, Zenth Gergh","Mlaka, Novaki, Šišljavić",4,1,1,singleton,0,45.9040939,16.2931969
1025,"Mlaka, Syslyanoychi","Mlaka, Šišljavić",4,2,2,modern,0,45.9040939,16.2931969
1026,Mnochowcz,,1,1,1,singleton,0,,
1027,Mochyla,Močila,1,2,10,manual,0,46.052442,16.672678
1028,Mochrycha,Svinjarec,1,1,1,manual,0,45.8022580,16.5670104
1029,Mochw,Mučna Reka,1,1,1,manual,0,46.1230874,16.7604671
1030,Mochylo,Sesvete,1,1,4,manual,0,45.6960000,17.0300000
1031,Modrowcz,,1,1,1,singleton,0,,
1032,Moghoyna-de Kaproncza,Mogovina,1,2,4,manual,0,46.212333,16.770791
1033,Mogoyna,Koprivnica,1,1,1,manual,0,46.1672461,16.8102183
1034,Mokrycza,Mokrice Miholečke,1,1,3,manual,0,46.0522000,16.3825000
1035,Molwe ad Zenth Gergwara,,1,1,1,singleton,0,,
1036,Molwycza,Molvice,4,5,10,modern,0,45.7688258,15.7544397
1037,Molywa,Molve,1,1,2,manual,0,46.1057000,17.0306000
1038,Monchewcz,Galovac,1,1,1,manual,0,45.8439994,16.8524578
1039,Monchowcz,Galovac,1,1,4,manual,0,45.8439994,16.8524578
1040,Monozlo,Moslavina,1,5,27,manual,0,45.6433859,16.6830138
1041,Morawcz,Martinac Trojstveni,1,2,6,manual,0,45.9491719,16.9156958
1042,Mosyna,Pupelica,1,2,5,manual,0,45.8798969,17.0362289
1043,Mosynya  Meglecz,Orovac,1,1,1,manual,0,45.8837762,16.9769859
1044,Moykowcz,Majkovec,4,1,8,singleton,0,45.8787779,16.2805576
1045,"Mraczlin, Korylowcz","Mraclin, Kurilovec",4,2,6,orthographic-exact,0,45.6667778,16.0967312
1046,Mraczlyn,Mraclin,4,1,21,singleton,0,45.6667778,16.0967312
1047,Mwsyna,Šandrovac,1,1,1,manual,0,45.9101143,17.0209868
1048,Myhalaowcz - Lypowcz,Lipovec,1,1,1,manual,1,46.1346564,16.8673583
1049,Myhalencz,Lipovljani,1,1,1,manual,0,45.4028679,16.8825616
1050,Myhalyownicza - Lypowcz,Lipovec,1,1,1,manual,1,46.1346564,16.8673583
1051,Myholcz,Miholec,1,6,9,modern,0,46.0545405,16.4462061
1052,"Myholcz, Fodrowcz","Miholec, Fodorovec",1,2,5,modern,0,46.0545405,16.4462061
1053,Myholnya,Letovanić,4,1,1,manual,0,45.5078202,16.1989220
1054,Mykowcz,Mikovec,1,2,10,orthographic-exact,0,46.0879775,16.4765791
1055,Mykowcz,Mikovec,4,1,1,singleton,0,46.0897231,16.4731708
1056,Mykusewcz,Miklouš,1,1,1,manual,0,45.7266777,16.7043771
1057,"Mylethynch, Kamarcha",,1,2,2,orthographic-fuzzy,1,,
1058,Myndchenth,Sveti Ivan Žabno,1,1,1,manual,1,45.9464805,16.6055861
1059,Myndczenth,,3,1,3,singleton,0,,
1060,Myndczenth cum pertinentiis,,3,2,2,orthographic-exact,0,,
1061,Myndzenth,Omnium Sanctorum kod Popovca,4,1,1,manual,1,45.8470000,16.1700000
1062,Myndzenth-ad Racham,Velike Sesvete,1,1,1,manual,1,46.055600,16.671700
1063,Myrkowcz Brezowa,Mirkovec,2,1,9,manual,0,,
1064,Nagh Gara,Velika Gora,4,2,4,manual,0,45.9591124,16.1943780
1065,Nagh Thopalocz,,3,4,8,orthographic-fuzzy,1,,
1066,Nagh Mlaka,Velika Mlaka,4,5,13,modern,0,45.7359614,16.0300097
1067,Nagh Thabor,Veliki Tabor,2,4,10,modern,0,46.1546586,15.6513664
1068,Naghfalw,,1,1,1,singleton,0,,
1069,"Naghy Kemlek, Brezowycza, Gregwrowcz","Kalnik, , Gregurovec",1,1,1,singleton,0,46.1326845,16.4866507
1070,Narth,Narta,1,1,8,manual,1,45.8333000,16.7885000
1071,Nassenyna,,2,2,13,orthographic-exact,0,,
1072,Naseuyna,,2,1,3,singleton,0,,
1073,Nassenya,,2,1,2,singleton,0,,
1074,"Nedelyancz, Gayancz","Nedeljanec, Gojanec",2,2,6,modern,0,46.2890570,16.2912974
1075,Nezpesa,Nespeš,4,5,27,modern,0,45.9445742,16.2007596
1076,Nesethyno,,1,1,3,singleton,0,,
1077,Nethech,Ferdinandovac,1,2,2,manual,0,46.0608291,17.1928025
1078,Nezethyno,,1,1,1,singleton,0,,
1079,Neznan,,1,1,1,singleton,0,,
1080,Neznanheg,Čepelovac,1,3,4,manual,0,45.9949728,17.0425162
1081,Nobiles unius sessionis,,4,1,41,singleton,0,,
1082,Nofkowcz,Novaki,1,1,1,manual,0,45.8469164,16.5578347
1083,Nouigrad Zdenchecz,Zdenci Brdovečki,4,3,3,manual,0,45.8628953,15.7540367
1084,Nouigrad Zdenchecz Jezero Martinzkawez,Zdenci Brdovečki,4,1,1,manual,0,45.8628953,15.7540367
1085,Nowygrad,Novigrad na Dobri,4,6,7,manual,0,45.4719042,15.4437428
1086,Nova Villa sub Gemlech,Graberje Ivaničko,1,1,1,manual,1,45.7101594,16.4712034
1087,Nowa Zenth Marton,Martinac Trojstveni,1,3,6,manual,0,45.9491719,16.9156958
1088,Nowe Chyche,Nove Čiče,4,6,10,orthographic-fuzzy,1,45.7033996,16.1271734
1089,Nowak,Novaki,1,2,8,modern,0,45.8469164,16.5578347
1090,Zomzedwara-castrum Nowak,Novaki Bistranski,4,4,9,manual,0,45.8855037,15.8617381
1091,Nowak-ad Achynam,Novaki,1,1,1,manual,1,45.8469164,16.5578347
1092,Nowakowcz,Cerje,4,2,4,manual,0,45.8296604,16.1914690
1093,Obchewcz,Općevac,1,2,3,manual,0,45.7280399,16.5571761
1094,Obed,Obedišće,1,2,7,modern,0,45.7548925,16.3090960
1095,Obranowcz Zenthmichael,,1,1,3,singleton,0,,
1096,Obres,Obrež,4,3,8,modern,0,45.7159096,15.9417396
1097,Obres,Obrež,2,3,8,modern,0,,
1098,Obres,Obreška,1,2,7,modern,0,45.7852319,16.4522465
1099,"Obres, Koztanyewcz","Obrež, Kostanjevec",4,2,2,orthographic-exact,1,45.7159096,15.9417396
1100,"Obres, Lomnycza","Obrež, Lomnica",4,1,2,singleton,0,45.7159096,15.9417396
1101,Obres - Welkowcz,Jalkovec,2,1,2,manual,1,46.2780556,16.3188889
1102,Odra,Odra,4,1,4,singleton,0,45.7297740,15.9925357
1103,Odrazenthgergh,,4,5,5,orthographic-fuzzy,1,,
1104,"Odra, Bwzyn","Odra, Buzin",4,2,16,orthographic-exact,0,45.7297740,15.9925357
1105,"Odra, Bwzyn, Syllyakowyna","Odra, Buzin, Šiljakovina",4,1,4,singleton,0,45.7297740,15.9925357
1106,"Odra, Syllyakowyna","Odra, Šiljakovina",4,2,3,modern,0,45.7297740,15.9925357
1107,Okchewcz,Općevac,1,1,1,manual,0,45.7280399,16.5571761
1108,Okych,Okić,4,16,40,modern,0,45.7487818,15.7067533
1109,"Okych, Tersych",Okić,4,1,1,singleton,0,45.7487818,15.7067533
1110,"Olywercz, Kothnak",,1,1,1,singleton,0,,
1111,Omelya,Omelja kod Marče,4,2,11,manual,1,45.7200000,16.3500000
1112,Omelye,Omelja kod Marče,4,2,10,manual,1,45.7200000,16.3500000
1113,Omylya,Omelja kod Marče,4,4,9,manual,1,45.7200000,16.3500000
1114,Omnii Sancti,,1,1,4,singleton,0,,
1115,Omnii Sancti (Svi Sveti Sesvete),Sesvete,1,1,2,manual,1,45.6960000,17.0300000
1116,Omnii Sancti ad Monozlo,,1,1,1,singleton,0,,
1117,Omnii Sancti in Prodauiz,Prnjavor Lepavinski,1,1,1,manual,0,46.1239088,16.6784270
1118,Omnii Sancti-in portu,,4,1,8,singleton,0,,
1119,Opathowcz,Apatovac,1,13,17,manual,0,46.1477000,16.5726000
1120,Oppathowyna,Opatovina,4,2,9,manual,1,45.8158883,15.9773457
1121,Opathowyna (dempto Gorzko),,4,1,1,singleton,0,,
1122,Oppidum,,3,1,1,singleton,0,,
1123,Opporowcz,Oporovec,4,1,1,singleton,0,45.8523340,16.0622955
1124,Orbona,Obrovnica,1,1,9,manual,0,45.8293983,16.8754274
1125,Orbowcz,,2,1,1,singleton,0,,
1126,Orehocz,Orehovec,3,1,1,manual,0,,
1127,Orehowcz,Orehovec,1,5,34,modern,0,46.0721813,16.4613862
1128,Orehowcz,Orehovec,3,7,11,manual,0,,
1129,"Orehowcz, Klenowcz","Orehovec, Klenovec",1,4,9,modern,0,46.0721813,16.4613862
1130,"Orehowcz, Megye","Orehovec, Međa",1,2,8,orthographic-exact,0,46.0721813,16.4613862
1131,"Orehowycza, Graberye","Orehovica , Grabe",2,2,5,orthographic-exact,1,46.1014693,15.9757103
1132,Orehowycza,Orehovica,2,3,15,modern,0,46.1014693,15.9757103
1133,"Orehowycza, Borychewcz","Orehovica, Boričevec",2,3,8,modern,0,46.1014693,15.9757103
1134,Orehowcz,Orehovec,2,1,2,singleton,0,46.1992334,16.3645309
1135,Orehowcz Zent Peter,Orehovec Sveti Petar,1,1,1,singleton,0,46.0721813,16.4613862
1136,"Orehowcz, Polyana","Orehovec, Poljana",1,1,1,singleton,0,46.0721813,16.4613862
1137,Oresya,,3,1,4,singleton,0,,
1138,Orosowcz,,1,3,4,orthographic-exact,0,,
1139,"Orossowcz, Chakawcz",,1,1,1,singleton,0,,
1140,Orozowcz,,1,1,1,singleton,0,,
1141,Ortunoucz,,1,2,4,orthographic-fuzzy,1,,
1142,Ostercz,Oštrc,2,8,36,modern,0,46.1664,16.0845
1143,Othnya Zenth Pal,,1,1,2,singleton,0,,
1144,"Otthok, Jemryhowcz","Otok, Imbriovec",1,1,1,singleton,0,45.7934210,16.5881516
1145,Otthok-superior et inferior Zenthilona apud Zamobor,Samoborski Otok,4,1,1,manual,0,45.8372681,15.7319730
1146,Owar,Starigrad,1,1,1,manual,0,46.1400000,16.8100000
1147,Owar ad Caproncza,Starigrad,1,2,2,manual,0,46.1400000,16.8100000
1148,Owar-waywodatus,Starigrad,1,1,1,manual,0,46.1400000,16.8100000
1149,Ozal-castrum cum pertinentiis,Ozalj,4,7,10,modern,0,45.6144496,15.4784773
1150,Ozterwna,Ostrna,4,4,14,modern,0,45.7941141,16.2711123
1151,Ozwgo,Osuđevo,1,2,5,manual,0,46.0138655,16.6313316
1152,"Ozwgyo, Zenthgergh",,1,1,1,singleton,0,,
1153,Ozwgyo-cum Zenthgeorgh,Osuđevo,1,1,1,manual,1,46.0138655,16.6313316
1154,Palata,,1,2,2,orthographic-exact,0,,
1155,Palychna Zenth Peter,Severin,1,6,24,manual,0,45.833300,16.966700
1156,Palotha,,1,1,2,singleton,0,,
1157,Palychna,Palešnik,1,1,5,manual,0,45.6364872,16.9776100
1158,Palychna Zenthpeter  Gradysthe,Palešnik,1,1,1,manual,0,45.6364872,16.9776100
1159,Panynch - Chernech - Antholowcz - Thremech,Crnac,3,1,1,manual,1,45.6927000,17.9383000
1160,Paulowcz,Paruževac,1,8,14,modern,0,45.8350330,16.4979893
1161,Parwsowcz ad Belam,Paruževac,1,1,3,manual,1,45.8350330,16.4979893
1162,"Parwzowcz, Kwrenowcz, Blasowcz",,1,1,1,singleton,0,,
1163,Pasahegh,,1,1,1,singleton,0,,
1164,Paschyncz,,1,2,3,orthographic-fuzzy,1,,
1165,Pasthincz,Pastyinc,1,1,1,manual,1,45.8448000,17.1020000
1166,Pathak,Potok,1,2,11,modern,0,46.1152597,16.4821263
1167,Paulosancz - Bresowcz,Breza,1,1,1,manual,1,45.8796142,16.7235635
1168,Pavkowcz,,1,1,1,singleton,0,,
1169,Pawlochancz  Brezowcz,Brezovac,1,1,2,manual,0,45.3849241,17.0651291
1170,"Pawlowcz, Palche Polye",,1,1,1,singleton,0,,
1171,Peherio i Bedenycha,"Psarjevo, Bedenica",4,1,1,singleton,0,45.9434583,16.2203369
1172,Pekercz,Pakrac,1,1,3,manual,0,45.4341899,17.1999511
1173,Peklencze-waywodatus inferior,Pakrac,1,2,3,manual,0,45.4341899,17.1999511
1174,Pekercz-waywodatus medius,Pakrac,1,1,1,manual,0,45.4341899,17.1999511
1175,Pekercz-waywodatus superior,Pakrac,1,2,2,manual,0,45.4341899,17.1999511
1176,Zerdahel,Gornji Sređani,1,2,22,manual,0,45.5271000,17.1602000
1177,Peklenycze,Paklenica,1,2,3,manual,0,45.3271695,17.0187837
1178,Pekrecz,Pakrac,1,1,2,manual,0,45.4341899,17.1999511
1179,Perchinowcz,Peršinovci,1,1,1,manual,1,46.0300000,16.4000000
1180,Perchinowcz cum Nagkemlek,,1,1,1,singleton,0,,
1181,"Perchynowcz, Bywrynowcz-ad Nagh Kemlek",,1,1,1,singleton,0,,
1182,Perhoch,,4,1,2,singleton,0,,
1183,Persinowcz,,1,2,2,orthographic-exact,0,,
1184,Persynowcz,Kobilić,4,1,6,manual,0,45.7319711,16.1012819
1185,Petrwsowcz,Petruševec,2,9,14,modern,0,46.1213711,16.1387745
1186,Peschenycza,Pešćenica,4,5,11,modern,0,45.8123638,16.0078639
1187,Pesthenye,Pištana,1,4,45,manual,0,45.5333333,17.8833333
1188,Pezeryo,Psarjevo,4,6,93,modern,0,45.9434583,16.2203369
1189,Peteryancz,Peteranec,3,3,8,manual,0,46.1883011,16.8841455
1190,Petrowyna,Petrovina,4,6,54,orthographic-exact,0,45.6928387,16.0312510
1191,Petrwsowcz,Petruševec,4,4,5,modern,0,45.7717668,16.0592337
1192,Petrosancz,Petruševec,3,1,1,manual,1,,
1193,Petrowcz,,3,2,8,orthographic-exact,0,,
1194,Petrowcz,,1,1,2,singleton,0,,
1195,Petrowdolecz,,3,1,2,singleton,0,,
1196,Petrowyna,Petrovina,1,2,18,manual,1,45.5271000,17.1602000
1197,Petrowyna in Farkasowcz,Petrovina,1,1,1,manual,1,45.5271000,17.1602000
1198,Pezedolcz ad Belam,,1,1,1,singleton,0,,
1199,"Pezeryo, Bukoucz","Psarjevo, Bukovec",4,1,2,singleton,0,45.9434583,16.2203369
1200,Pinchowcz,,1,1,1,singleton,0,,
1201,Planyna,Planina,4,3,20,modern,0,45.9272658,16.0879858
1202,Pleszo,Pleso,4,2,9,modern,0,45.7402719,16.0722475
1203,"Plezo, Gorycza","Pleso, Gorica",4,2,2,modern,0,45.7402719,16.0722475
1204,Pobresye,Podbrežje,4,6,96,modern,0,45.7687175,15.9688941
1205,"Pobresye, Thernye, Kerchy","Podbrežje, Trnje, Krčevine",4,1,1,singleton,0,45.7687175,15.9688941
1206,"Pobresye, Therye","Podbrežje, Trnje",4,1,1,singleton,0,45.7687175,15.9688941
1207,Podbresye,Čepelovac,1,5,9,manual,0,45.9949728,17.0425162
1208,Podbwkowcz,,1,1,1,singleton,0,,
1209,Podgaycz,,1,1,1,singleton,0,,
1210,Podgorya,Podgorje,1,1,12,manual,0,45.961240,17.063643
1211,Podgorya,Sveta Jana,4,1,8,manual,0,45.4808110,15.8435920
1212,Podgorya-ad Zenthlelek,,1,1,3,singleton,0,,
1213,Podgorya-plebanatus,,4,1,1,singleton,0,,
1214,Podgorye-de Gorbonok,Kloštar Podravski,1,1,1,manual,1,45.9736940,17.1663312
1215,Podgradie,Blinja,4,1,2,manual,0,45.4225100,16.4572695
1216,Podkraych,,1,1,1,singleton,0,,
1217,Podkrayta,,1,1,2,singleton,0,,
1218,"Podotoche, Lwchylnycza","Podotočje, Lučilnica",4,3,6,modern,0,45.6953168,16.1460850
1219,Podotochye,Podotočje,4,6,12,modern,0,45.6953168,16.1460850
1220,"Podothochye, Bwzyn","Podotočje, Buzin",4,1,1,singleton,0,45.6953168,16.1460850
1221,"Podothochye, Odra, Bwzyn, Lwchylnycza","Podotočje, Odra, Buzin, Lučelnica",4,2,3,modern,0,45.6953168,16.1460850
1222,"Podotochye, Odra, Bwzyn, Lochylnycza, Lekenyk","Podotočje, Odra, Buzin, Lučelnica, Lekenik",4,2,6,modern,0,45.6953168,16.1460850
1223,"Podotochie, Luchilnycza","Podotočje, Lučelnica",4,1,3,singleton,0,45.6953168,16.1460850
1224,Podwerh,,4,1,1,singleton,0,,
1225,Poganecz,Pogančec,1,3,25,modern,0,45.9455926,16.3865448
1226,"Poganchez, Zenth Dienes","Pogančec, Dianeš",1,1,1,singleton,0,45.9455926,16.3865448
1227,"Pohakowcz, Czyglenycze",Ciglenica,2,1,2,singleton,0,46.3123951,16.3329490
1228,Poklechan,Poklečan,2,1,1,manual,1,46.30803257423937,16.33944111248284
1229,Poklechancz,,2,1,1,singleton,0,,
1230,Pokwpye,Pokupsko,4,9,75,modern,0,45.4852572,15.9919061
1231,Pokwpzkywerh,,4,2,3,orthographic-fuzzy,1,,
1232,Pokorenowecz,,1,3,4,orthographic-fuzzy,1,,
1233,Pokwpsky Werh,,4,1,1,singleton,0,,
1234,Polyana,Poljana,1,7,33,modern,0,45.8474060,16.4411653
1235,Polosythycza,Stara Plošćica,1,1,3,manual,0,45.7616253,16.8854923
1236,Polyana,Poljana,2,1,6,manual,0,46.2700000,16.3180556
1237,Polye,Polje (kod Križa),1,1,1,singleton,0,45.9643556,16.7430610
1238,Pomperowcz,Budinščina - Pomnerovac,2,1,1,manual,1,,
1239,Pomperowcz,Budinščina - Pomnerovac,2,1,9,manual,1,,
1240,Ponkowcz,,1,1,1,singleton,0,,
1241,Popowcz,,1,1,9,singleton,0,,
1242,Popowcz,,2,1,1,singleton,0,,
1243,Popwd,Bršljanica,1,1,1,manual,0,45.5827915,16.8519325
1244,Popwd Podgorya,Podgorje,1,1,4,manual,1,45.961240,17.063643
1245,Posahecz,,1,1,3,singleton,0,,
1246,Posaheg,Powasahegh,1,3,12,manual,0,46.149050,16.615185
1247,Poszawye,,4,1,1,singleton,0,,
1248,Pothkraycz,,1,1,2,singleton,0,,
1249,Powsevcz,,3,1,2,singleton,0,,
1250,Powsincz,,1,2,8,orthographic-exact,0,,
1251,Powsyncz,,3,2,4,orthographic-exact,0,,
1252,Pozavye,Posavje Susedgradsko,4,1,1,manual,1,45.8209845,15.8307946
1253,Pozawya,,4,1,1,singleton,0,,
1254,Pozawye,Posavje Susedgradsko,4,1,2,manual,1,45.8209845,15.8307946
1255,Pozrednye Zelo,,1,1,1,singleton,0,,
1256,Praschowcz,Praščevac,1,2,6,modern,0,45.9195895,16.6499108
1257,Prasnycza,Zdenčac,1,4,19,manual,0,45.6252288,16.9521998
1258,Prasnycza-fortalitium novum,,1,1,2,singleton,0,,
1259,Prastowcz,Prašćevac,1,3,3,manual,0,45.9195895,16.6499108
1260,Praznycha,,1,1,6,singleton,0,,
1261,Prebinowcz,,1,1,2,singleton,0,,
1262,Prechecz,Prečec,1,2,4,orthographic-exact,0,45.7614497,16.3527958
1263,Predriho,Gornje Predrijevo,1,2,4,manual,0,45.7833333,17.4666667
1264,Pregory,,2,1,1,singleton,0,,
1265,Prelezye,Prilesje,1,1,1,manual,0,45.8586483,16.4219004
1266,Prennar,,2,1,1,singleton,0,,
1267,Prepwstowcz,Prepuštovec,2,2,3,orthographic-exact,0,46.1042619,16.1842743
1268,Prezeka,Preseka,1,9,72,modern,0,45.9768556,16.3871555
1269,Prezechna,Presečno,1,5,30,modern,0,46.1964754,16.3469746
1270,Prethoka,,4,2,6,orthographic-fuzzy,1,,
1271,"Prezeka, Welyka","Preseka, Velika",1,1,1,singleton,0,45.9768556,16.3871555
1272,Prezovicha-oppidum sub Nagkemlek,,1,1,1,singleton,0,,
1273,Prykraye,,4,3,15,orthographic-fuzzy,1,,
1274,Prykray ad Zenth Gergwara,Prikraj Križevački,1,2,2,manual,0,45.9991179,16.5339176
1275,Pristawcz,Prkos Ivanićki,1,2,3,manual,0,45.7125481,16.4311853
1276,Priulaka,Privlaka,1,1,1,manual,1,45.2824000,17.3801000
1277,Processus Georgii Pyzacz ultra Kwppam,Brkiševina,4,1,1,manual,1,45.4457065,16.0896594
1278,Procurancia domini episcopi,Stara Kapela,1,1,1,manual,1,45.8909545,16.6063210
1279,Prodawyz,Virje,1,2,15,manual,0,46.0671920,16.9886896
1280,Progowcz,Prugovac,1,1,5,manual,0,45.9699075,17.1202283
1281,Provinica domini episcopi,Stara Kapela,1,1,1,manual,1,45.8909545,16.6063210
1282,Prwgowcz,Prugovac,1,1,3,manual,0,45.9699075,17.1202283
1283,Prybychy,Pribić,4,1,1,manual,0,45.6628615,15.5320867
1284,Prychrethye,,1,1,3,singleton,0,,
1285,Prygorya,Prigorje,2,2,8,modern,0,46.1805003,15.7940169
1286,Prykray,Prikraj Križevački,1,1,1,manual,0,45.9991179,16.5339176
1287,Pryztawcz,Raven,1,2,4,manual,0,45.9888598,16.4849942
1288,Pwhakowcz,Ciglenica,2,1,1,manual,1,46.3123951,16.3329490
1289,"Pwhakowcz, Czyglena",Ciglenica (zagorska),2,3,7,modern,0,46.3123951,16.3329490
1290,Pwnek,,1,1,1,singleton,0,,
1291,Pwnekowcz,Punekovec JZ Đurđevca,1,1,5,manual,1,46.0200000,16.9800000
1292,Pwnekowcz Myklwsowcz,Punekovec JZ Đurđevca,1,1,4,manual,1,46.0200000,16.9800000
1293,Pwschya,Donja Pušća,4,1,1,manual,1,45.9130219,15.7792389
1294,"Pwztha Dwssycza, Hergowych Uterque",Dužica,4,1,1,singleton,0,45.5381486,16.2364540
1295,Pwztha Dwsycza,Dužica,4,1,1,manual,0,45.5381486,16.2364540
1296,Pwztha Dwsycza Hergoychy ad Hrazthowycza pertinentes,Dužica,4,1,1,manual,0,45.5381486,16.2364540
1297,Pychwlyncz,,1,2,4,orthographic-exact,0,,
1298,Pylethyncz,,1,1,1,singleton,0,,
1299,Pyskopowczy,Biškupec Zelinski,4,1,1,manual,0,45.9615472,16.2325242
1300,Pzaryewo,,4,1,2,singleton,0,,
1301,Rachycza Zenth Istwan,Račica,1,4,6,manual,0,46.104251,16.863839
1302,Racha,Račica,1,2,15,manual,0,46.104251,16.863839
1303,Rachythoych,,4,1,1,singleton,0,,
1304,Radessych,,1,1,1,singleton,0,,
1305,"Radessych, Dywrynowcz-ad Kemlek",,1,1,1,singleton,0,,
1306,Radhycza Zenth Iwan,,1,1,1,singleton,0,,
1307,Radmanczy,Bukovšćak,4,3,5,manual,0,45.9055538,15.8017033
1308,Radnak,Rayncek,1,1,2,manual,0,,
1309,Radoboya,,2,1,1,singleton,0,,
1310,Radoysche,Radoišće,1,2,4,manual,0,46.0094084,16.3279716
1311,Radozlawcz,,1,1,2,singleton,0,,
1312,Rahowcza,Rakovec,1,7,34,modern,0,45.9333,16.3167
1313,Rahocza,Orahovica,1,1,2,manual,0,45.5333333,17.8833333
1314,Rakarye,Rakarje,4,4,26,modern,0,45.7260048,16.0869098
1315,"Rakitowcz, Pertwssewcz","Rakitovec, Petruševec",4,3,3,modern,0,45.6579460,16.1409029
1316,Rakwsowcz,,1,1,1,singleton,0,,
1317,Rakythnicha,Rakitnica,1,2,2,orthographic-exact,0,45.8332906,16.6861952
1318,"Rakythowcz, Petrwssowcz","Rakitovec, Petruševec",4,6,9,modern,0,45.6579460,16.1409029
1319,Rakythowcz,Rakitovec,4,3,24,modern,0,45.6579460,16.1409029
1320,"Rakythowcz, Nag Mlaka","Rakitovec, Velika Mlaka",4,2,4,orthographic-exact,0,45.6579460,16.1409029
1321,Ramachawelgh,Rovci,1,2,2,manual,0,46.0250415,16.3492964
1322,Ramagawelge,,1,1,1,singleton,0,,
1323,Rampolcz,,1,1,1,singleton,0,,
1324,Ranyncz - Chernecz - Antholowcz - Thremecz,Crnac,3,1,1,manual,1,45.6927000,17.9383000
1325,Rassa,Rača,1,1,3,manual,0,45.7988038,16.9521934
1326,Rathkolcz,,2,1,1,singleton,0,,
1327,"Rathkowcz, Germchar","Ratkovec, Grančar",2,4,8,modern,0,46.1181671,16.0847006
1328,"Rathkowcz, Kolarowcz, Rawno",Ratkovec,2,6,7,modern,0,46.1181671,16.0847006
1329,"Rathkowcz, Myrkowcz","Ratkovec, Mirkovec",2,1,2,singleton,0,46.1181671,16.0847006
1330,Rathkowelge,,1,1,1,singleton,0,,
1331,Rauencz - Chernyncz - Anthalowcz - Tremecz,Crnac,3,1,1,manual,1,45.6927000,17.9383000
1332,Rawen,Raven,1,2,33,orthographic-exact,0,45.9888598,16.4849942
1333,"Rawen, Kozthanyowez",Raven,1,1,1,singleton,0,45.9888598,16.4849942
1334,Ray,,1,1,9,singleton,0,,
1335,"Ray, Chepyn",,1,1,1,singleton,0,,
1336,Raykowcz,,1,1,6,singleton,0,,
1337,Raynok,,1,1,4,singleton,0,,
1338,Razmerowcz,,1,1,1,singleton,0,,
1339,Raznethyne,,1,1,1,singleton,0,,
1340,Razossya,Račeša,1,1,2,manual,0,45.3543445,17.2240133
1341,Razthoka,Rastoki,4,2,2,modern,0,45.6894353,15.5702461
1342,Razyna,Rasinja,1,6,29,modern,0,46.1879999,16.7085329
1343,"Razynya, Kwzmyncz, Koledyncz","Rasinja, Kuzminec, Koledinec",1,4,7,modern,0,46.1879999,16.7085329
1344,"Razynya, Gorycza","Rasinja, Gorica",1,1,2,singleton,0,46.1879999,16.7085329
1345,"Razynya, Kwzmyncz cum pertinentiis","Rasinja, Kuzminec",1,1,1,singleton,0,46.1879999,16.7085329
1346,"Razynya, Kwzmyncz, Koledyncz, Jelkowcz","Rasinja, Kuzminec, Koledinec, Đelekovec",1,1,1,singleton,0,46.1879999,16.7085329
1347,Rechycza,Rečica,4,5,14,modern,0,45.5082501,15.6617627
1348,Reche,Rovišće,1,1,3,manual,0,45.9461086,16.7317296
1349,Reche-Suppanatus,Rovišće,1,2,2,manual,1,45.9461086,16.7317296
1350,Reche-Vayuodatus,Rovišće,1,2,2,manual,1,45.9461086,16.7317296
1351,"Rechycza, Lwka","Rečica, Luka",4,1,1,singleton,0,45.5082501,15.6617627
1352,Regaryowecz,,1,1,1,singleton,0,,
1353,Regowcz,Regovec kod Obreške,1,2,4,manual,1,45.7200000,16.4200000
1354,Ryeka,Reka,4,2,15,manual,0,46.1315112,16.7711853
1355,Reka cum pertinetiis Kys Kemlek,Gornja Rijeka,1,2,2,manual,0,46.1097000,16.3924000
1356,"Reka, Malchez",,1,1,1,singleton,0,,
1357,Remethe,,1,1,3,singleton,0,,
1358,Remethyncz,Remetinec,1,6,22,modern,0,45.9270441,16.5534121
1359,Remethincz - Magerowcz,Remetinec,1,1,1,manual,1,45.9270441,16.5534121
1360,Remethyncz-sub Medwewar,Remete,4,2,2,modern,0,45.8427380,15.9956597
1361,Repyncz,Repinec,1,4,13,modern,0,45.9496503,16.5053178
1362,"Repyncz-fortalitium, Megye","Repinec, Međa",1,1,1,singleton,0,45.9496503,16.5053178
1363,"Rethkowcz, Erdowcz",Erdovec,1,1,3,singleton,0,46.0298298,16.4813125
1364,Rewche,Rovišće,1,1,3,manual,0,45.9461086,16.7317296
1365,Rogaryewcz,,1,2,3,orthographic-fuzzy,1,,
1366,Rogozna,Rogoža,1,1,10,manual,0,45.5487456,16.8619831
1367,Rokonok,Rakovec,1,20,49,manual,0,45.9333,16.3167
1368,Rokonok,Rakovac,4,1,3,singleton,0,45.7055813,15.6694216
1369,"Romethincz, Garych, Solyn",,1,1,1,singleton,0,,
1370,Rosenycza,Roženica,4,3,12,modern,0,45.5438055,16.0095091
1371,Rosenyk,Rašenica,1,3,13,manual,0,45.6895965,17.2179205
1372,Rosewcz,,1,1,1,singleton,0,,
1373,Rosoncz,Ruškovac,1,1,3,manual,0,45.7205173,16.8777698
1374,Rowno,,2,1,3,singleton,0,,
1375,Roycha,Rovišće,1,1,1,manual,0,45.9461086,16.7317296
1376,Royche,Rovišće,1,1,3,manual,0,45.9461086,16.7317296
1377,Rwchlewcz,,1,1,2,singleton,0,,
1378,Rwdynwelge,,2,1,1,singleton,0,,
1379,Ryeka,Rijeka Koprivnička,1,1,1,manual,0,46.1479748,16.8496364
1380,Rypach,,4,1,1,singleton,0,,
1381,Sabacz,,2,1,6,singleton,0,,
1382,Sabnycza,Sveti Ivan Žabno,1,6,40,modern,0,45.9464805,16.6055861
1383,Sabnycza - Mindchenth,Sveti Ivan Žabno,1,1,1,manual,1,45.9464805,16.6055861
1384,"Sabnycza,Bablyak, Czyrquena",,1,1,1,singleton,0,,
1385,Sabnycza-in Markowcz,,1,1,2,singleton,0,,
1386,Sabnyk Zenthberthalam,,2,1,1,singleton,0,,
1387,Salethyncz,,1,1,3,singleton,0,,
1388,Salgo,,1,1,1,singleton,0,,
1389,Salmocz,,2,1,1,singleton,0,,
1390,Zamobor,Samobor,4,4,64,modern,0,45.8032792,15.7179232
1391,Samsynowcz,Šašinovec,4,5,17,modern,0,45.8505596,16.1655408
1392,Sancta Anna (Wragoucz),,1,1,1,singleton,0,,
1393,Zenth Clara,Sveta Klara,1,2,2,manual,0,45.7606828,15.9608781
1394,Sancta Clara-area prope Zawam,Sv. Klara,4,1,1,singleton,0,45.7557893,15.9721542
1395,Sancta Elena,,4,1,2,singleton,0,,
1396,Sancta Katharina,,1,1,1,singleton,0,,
1397,Sancta Maria sub Okych,,4,1,1,singleton,0,,
1398,Sancta Maria-plebanatus,,4,1,1,singleton,0,,
1399,Sancte Anna,Opčevac,1,1,1,manual,0,45.7280399,16.5571761
1400,Sancte Crucis,Križ,1,1,1,singleton,0,45.6632061,16.5204571
1401,Sancte Crucis Insula,,2,1,1,singleton,0,,
1402,Sancti Cosme,,1,1,1,singleton,0,,
1403,Sancti Cosme-ad Achynam,,1,1,1,singleton,0,,
1404,Sancti Georgius in Hemowcz,Đurđic,1,1,1,manual,1,46.0027595,16.5846866
1405,Sancti Martini-ad Zalathnok,Žabno,1,1,1,manual,0,45.9464805,16.6055861
1406,Sancti Martinus,,4,1,1,singleton,0,,
1407,Sanctus Benedictus,,1,1,1,singleton,0,,
1408,Sanctus Cosma,Rasinja,1,1,1,manual,1,46.1879999,16.7085329
1409,Sanctus Crux,Križ,1,1,4,manual,1,45.6632061,16.5204571
1410,Sanctus Dominicus,,1,1,1,singleton,0,,
1411,Sanctus Johannes in Prodawiz,,1,1,1,singleton,0,,
1412,Sanctus Nicolaus,,1,1,3,singleton,0,,
1413,Sanctus Stephanus,,1,1,3,singleton,0,,
1414,Saranowcz,,1,1,1,singleton,0,,
1415,Sasyn,Žažina,4,11,30,modern,0,45.5136849,16.2501045
1416,Satran,,1,1,1,singleton,0,,
1417,"Scherbyncz, Geremchar, Ratkowcz","Šćerbinec, Grančari, Ratkovec",2,2,2,orthographic-exact,0,,
1418,Scherbyncz - Germchar,Ratkovec - Grančar,2,1,1,manual,1,,
1419,Scherbyncz - Ghermchar,Ratkovec - Grančar,2,1,1,manual,1,,
1420,Scherbyncz - Ghermchar,Ratkovec - Grančar,2,1,1,manual,1,,
1421,"Scherbyncz, Ratkowcz, Bathyna","Šćerbinec, Ratkovec",2,1,1,singleton,0,,
1422,Schytaryo,Ščitarjevo,4,7,73,modern,0,45.7688858,16.1170565
1423,Schwkancz,,1,1,7,singleton,0,,
1424,"Schytaryio, Chernkowcz","Ščitarjevo, Črnkovec",4,3,5,modern,0,45.7688858,16.1170565
1425,"Sczezhwpnycze, Zlanowch sub Medwewar",,4,1,1,singleton,0,,
1426,Sebastyanowcz,,2,1,1,singleton,0,,
1427,Selyn-cum pertinentiis,Želin,4,17,25,modern,0,45.7150002,16.0860883
1428,Selynok,,1,1,1,singleton,0,,
1429,Zwhodol,Semovec,2,7,40,modern,0,46.3008848,16.4777174
1430,Zenkowcz,Šenkovec,4,3,9,manual,0,45.8903120,15.6949610
1431,Serdethyncz,,2,1,1,singleton,0,,
1432,Seryawyncz,Žerjavinec,4,3,11,modern,0,45.8688625,16.1650186
1433,Sydyna,,1,4,7,orthographic-exact,0,,
1434,Simonoucz,Šimunovec,3,1,1,manual,0,45.8781000,16.0911000
1435,Simwnowcz,Šimunovec,4,8,57,manual,0,45.8781,16.0911
1436,Simonwelge,,3,2,15,orthographic-exact,0,,
1437,Sythomyer,Žitomir,4,6,24,modern,0,46.0171515,16.1966643
1438,Slywercz,,1,1,1,singleton,0,,
1439,Sokowcz,,1,1,2,singleton,0,,
1440,Soploncza,Gornja Stupčanica,1,1,13,manual,0,45.6253030,17.3375580
1441,Soproncha,Gornja Stupčanica,1,3,8,manual,0,45.6253030,17.3375580
1442,Sosomberk,Sušobreg,4,4,16,manual,0,46.0386289,16.1659329
1443,Sosen,,1,1,1,singleton,0,,
1444,Spanicz,,1,1,1,singleton,0,,
1445,Srachyncz,,2,1,1,singleton,0,,
1446,Steffancz,Štefanec,2,5,7,modern,0,46.3031360,16.4579003
1447,Stenyowcz,Susedgrad,4,1,1,manual,1,45.8209845,15.8307946
1448,Stephancz,Štefanec,1,1,1,manual,1,,
1449,Stholnikowcz,,1,1,1,singleton,0,,
1450,Zomzedwara-castrum Ztopnyk,Stupnik,4,5,10,manual,0,45.7465555,15.8434018
1451,Supa,,1,1,1,singleton,0,,
1452,Supancz,,1,1,1,singleton,0,,
1453,Superior Opathyncz,Opatinec,1,1,1,singleton,0,45.7172645,16.3718025
1454,Swkowcz,,1,1,1,singleton,0,,
1455,Swmechecz,Osekovo,1,1,3,manual,0,45.5206332,16.6149659
1456,Swpancz ad Zenth Gergwara,,1,1,1,singleton,0,,
1457,Swssomberk,Žumberak,4,1,1,manual,0,45.7670537,15.4150520
1458,Swystowcz,Klokočevac,1,1,1,manual,0,45.9178685,16.7839294
1459,Sybrynowcz,Žibrinovec,1,3,5,manual,0,46.1016303,16.5230248
1460,Sybrynocz - Jalsovcz,Čvrstec,1,1,1,manual,1,46.0044639,16.6638832
1461,Sylakowyna,Šiljakovina,4,1,2,singleton,0,45.6337476,16.0228458
1462,"Syllyakowyna, Odra","Šiljakovina, Odra",4,2,4,orthographic-exact,0,45.6337476,16.0228458
1463,"Symonowcz, Zelyna","Šimunovec, Zelina",4,1,1,singleton,0,45.8781,16.0911
1464,Symwchowcz,,1,1,1,singleton,0,,
1465,Synchewcz,,1,1,1,singleton,0,,
1466,Sypak,Šipak,4,1,12,singleton,0,45.6192462,15.5669341
1467,Syprak,,1,1,1,singleton,0,,
1468,Syslawychy,Šišljavić,4,6,38,modern,0,45.5193724,15.7593968
1469,Syssyncz,Šišinec,4,5,16,modern,0,45.4502378,16.0791404
1470,Sywecz,,1,1,4,singleton,0,,
1471,Zyzek,Sisak,4,12,31,modern,0,45.4891750,16.3746041
1472,Thabor,Tabor,2,3,5,modern,0,46.2079223,15.7701762
1473,Thernowcz,Trnovec,2,5,10,modern,0,46.2942784,16.3992728
1474,Temerye - Czezarowcz,Miletinec,1,1,2,manual,1,45.933300,16.733300
1475,Temerye - Mylethyncz,Miletinec,1,1,1,manual,1,45.933300,16.733300
1476,Terbennye,Turbina kod Slatine,1,1,1,manual,1,45.7080000,17.6670000
1477,Terbyne - Lokawecz,Lukavec,1,1,1,manual,1,46.2429235,16.2152939
1478,"Thernowcz, Kochan","Trnovec, Kučan",2,5,6,modern,0,46.2942784,16.3992728
1479,Thernowcz,Markuševačka Trnava,4,3,4,manual,0,45.8808394,16.0330110
1480,Tesnahege,Tesnahege,1,1,1,manual,1,45.3420000,17.1937000
1481,Thalanoucz,,3,1,2,singleton,0,,
1482,Thallocz,Lipa kod Slatine,3,1,5,manual,1,45.7016000,17.6874000
1483,Thallocz Lyppa Martinowcz,Lipa kod Slatine,3,1,2,manual,1,45.7016000,17.6874000
1484,Thaloucz,Lipa kod Slatine,3,1,2,manual,1,45.7016000,17.6874000
1485,"Tharnowcz, Berethyncz","Trnovec, Beretinec",2,5,29,modern,0,46.2942784,16.3992728
1486,Tharnowcz,Trnovec,1,1,1,singleton,0,46.2981151,16.4428652
1487,Thassolcz,Bedenica,4,1,1,manual,0,46.0326343,16.2432436
1488,Thechenyk,Tučenik,1,1,1,singleton,0,45.9412351,16.5289692
1489,Themennycze,,1,1,1,singleton,0,,
1490,Themerye,Temerje,1,1,9,manual,1,46.0250000,16.5500000
1491,"Themerye, Zdenchan",,1,1,1,singleton,0,,
1492,"Themerye, Zenth Iwan",,1,1,1,singleton,0,,
1493,Themeryen,,1,1,2,singleton,0,,
1494,"Themeryen,Cherarocz",,1,1,1,singleton,0,,
1495,Therbenye - Lwkawecz,Lukavec,1,2,2,manual,1,46.2429235,16.2152939
1496,Therchech,Tomašica,1,1,1,manual,0,45.6432165,17.0173219
1497,Therchyan,,1,1,1,singleton,0,,
1498,Thermchan ad Gemlech,Graberje Ivaničko,1,1,1,manual,1,45.7101594,16.4712034
1499,Thernawa,Trnava,1,1,1,manual,0,45.2661000,17.2850000
1500,Thernawa Nowaki,Trnava Oporovečka,4,1,1,manual,1,45.8450000,16.0750000
1501,"Thernowcz, Korylowcz",Kurilovec,4,2,6,modern,0,45.7022546,16.0717133
1502,"Thernowcz, Rakythowcz",Rakitovec,4,1,2,singleton,0,45.6579460,16.1409029
1503,"Thernowcz, Rakythowcz, Mraczlyn","Rakitovec, Mraclin",4,1,1,singleton,0,45.6579460,16.1409029
1504,"Thernowcz, Zobachlaz",,4,1,2,singleton,0,,
1505,Therschan,,1,1,1,singleton,0,,
1506,Thersich,,4,2,4,orthographic-exact,0,,
1507,Thersthyan,,1,1,1,singleton,0,,
1508,Thersych ad Okych,Tržić,4,1,1,manual,0,45.7143241,15.7296259
1509,Thersych-oppidum ad Okych,Tržić,4,1,1,manual,1,45.7143241,15.7296259
1510,Therzthenycze,Trstenica,1,2,3,manual,1,45.3200000,17.0320000
1511,Thomasdowcz,Tomašica,1,2,4,manual,0,45.6432165,17.0173219
1512,Thomasewcz,,2,1,1,singleton,0,,
1513,Thomassewcz - Cherncz - Byskupowcz,Varaždin,2,1,1,manual,1,46.3079645,16.3378198
1514,Thoplicensis,Varaždinske Toplice,2,1,1,manual,0,46.2092637,16.4211576
1515,Thoplychycza,Toplica,4,6,20,modern,0,45.2943011,15.9707037
1516,Thoplycza,Varaždinske Toplice,2,4,19,manual,0,46.2092637,16.4211576
1517,Thopolchazenthgergh,,1,1,2,singleton,0,,
1518,Thopolyancz,,1,1,2,singleton,0,,
1519,Thopozka,Topusko,4,1,1,manual,0,45.2931510,15.9789277
1520,Thorchecz,Tomašica,1,1,1,manual,0,45.6432165,17.0173219
1521,Thornava,,1,1,1,singleton,0,,
1522,Thossewczy,Bedenica,4,1,1,manual,0,46.0326343,16.2432436
1523,Thossowcz,,4,1,1,singleton,0,,
1524,Thothwsewyna,Topolovac,1,2,2,manual,0,45.4605556,16.4358333
1525,Thrakostyan,Trakošćan,2,8,16,modern,0,46.2589761,15.9482046
1526,Threm,,4,4,20,orthographic-fuzzy,1,,
1527,Tremecz,Strmec Ravenski,1,2,15,manual,1,45.6700000,17.1000000
1528,Tremysche,Cremušina,1,2,2,manual,0,45.7945543,17.1937699
1529,Threwm,,4,1,1,singleton,0,,
1530,Thryen,,4,1,2,singleton,0,,
1531,Twlowa,Pavlin,1,2,3,manual,0,46.0073012,16.8288694
1532,Thwran,Turanj,4,2,12,manual,0,45.4612412,15.5695859
1533,Thwran-castrum cum pertinentiis,Turanj,4,1,1,manual,1,45.4612412,15.5695859
1534,Thwrcoucz,,1,1,1,singleton,0,,
1535,Thwrkowcz,,1,1,1,singleton,0,,
1536,Thwrkowschyna,Turkovčina,4,4,24,modern,0,46.0440084,16.2455029
1537,Thwropolia,Turopolje,4,1,1,manual,0,45.6491798,16.1402032
1538,Thybonyncz,Tiboninc kod Kloštra Podravskog,1,1,3,manual,1,45.9800000,17.1500000
1539,Trachyncz,Voćin,1,1,1,manual,1,45.616700,17.550000
1540,Trachyncz ad Achyna,Voćin,1,1,1,manual,1,45.616700,17.550000
1541,Tracostyan,Trakošćan,2,1,1,manual,0,46.2589761,15.9482046
1542,Trambeth,,1,1,1,singleton,0,,
1543,Tremlan,,1,1,1,singleton,0,,
1544,Trombetharyewcz,,1,2,2,orthographic-fuzzy,1,,
1545,Turkousschyna aliter Zuhodol,,4,1,1,singleton,0,,
1546,Twtwsewyna inferior,Topolovac,1,1,1,manual,0,45.4605556,16.4358333
1547,Twtwsewyna superior,Topolovac,1,1,1,manual,1,45.4605556,16.4358333
1548,Tzemerye (Themerye?),,1,1,1,singleton,0,,
1549,Wgra,Vugrovec,4,17,24,modern,0,45.8784794,16.1087014
1550,Vechezlawcz,Većeslavec,1,4,5,manual,0,46.041918,16.694171
1551,Welyka,Velika,1,9,27,modern,0,45.9545093,16.7024843
1552,Velykagora,,4,1,1,singleton,0,,
1553,Werbowa,Vrbovo,4,4,16,modern,0,45.6737244,16.2359189
1554,Wehowlan,Marinkovec,1,4,6,manual,0,,
1555,Versynowcz in Berzewcze,,1,1,1,singleton,0,,
1556,Vicus Latinorum,Laška ulica (Zagreb),4,1,4,manual,0,45.8364382,16.0426652
1557,Wydyncz,,1,2,3,orthographic-exact,0,,
1558,Wydowcz,Vidovec,2,5,86,modern,0,46.2863481,16.2504203
1559,Wynarcz,Vinarec,1,3,7,orthographic-exact,0,46.1005165,16.4466304
1560,Wynnychno,Vinično,1,8,21,orthographic-fuzzy,1,46.0780080,16.3007264
1561,Wynnycza,Vinica,2,8,35,modern,0,46.3422862,16.1703246
1562,Wynno,Vino,2,3,10,orthographic-exact,0,46.0892201,15.8539643
1563,Vokachincz,,1,1,1,singleton,0,,
1564,Wokowyna,Vukovina,4,20,31,orthographic-fuzzy,1,45.6823954,16.1112977
1565,Vokssyncz,,4,1,1,singleton,0,,
1566,Wolyncz,,2,2,10,orthographic-exact,0,,
1567,"Wolyncz, Chalyncz",Čalinec,2,3,5,modern,0,46.2890601,16.1806256
1568,Wrasylaz,Laz Bistrički,4,11,13,manual,0,45.9710422,16.0987558
1569,Vrbanowcz,Vrbanovec,2,1,1,manual,0,46.2635150,16.5208508
1570,Wrbowcz,Vrbovec,1,11,80,modern,0,45.8856479,16.4181159
1571,Vrbowcz,Vrbovec,2,1,1,manual,0,,
1572,Wrnowcz,Vurnovec,4,5,18,modern,0,45.8886646,16.1366229
1573,Wychazela,Viča Sela,2,3,6,modern,0,46.0509367,15.8627553
1574,Wyhel,Novo Mjesto,1,6,28,modern,0,45.9534304,16.2891326
1575,Wyzoka,Visoko,1,3,21,manual,1,46.0902780,16.3250000
1576,Wahtaryowcz ad Belam,,1,1,1,singleton,0,,
1577,Wakegh,,1,1,1,singleton,0,,
1578,Wamhyda,,1,1,5,singleton,0,,
1579,Warallya,Moslavina,1,2,5,manual,0,45.6433859,16.6830138
1580,Waska,Vaška,1,1,3,manual,0,45.8154349,17.6662543
1581,Waska Inferior,Vaška,1,1,1,manual,0,45.8154349,17.6662543
1582,Waska Inferior Dytrowcz,Vaška,1,1,1,manual,0,45.8154349,17.6662543
1583,Waska Zygeth,Vaška,1,1,3,manual,0,45.8154349,17.6662543
1584,Waska ad Zagyowcz,Vaška,1,1,1,manual,1,45.8154349,17.6662543
1585,Wasmegywrechye,Međurić,1,1,3,manual,0,45.4569000,16.9381000
1586,Wasmegywrechye predium,Međurić,1,1,1,manual,1,45.4569000,16.9381000
1587,Waswarowcz,,1,4,4,orthographic-fuzzy,1,,
1588,Wehthocz,,1,1,1,singleton,0,,
1589,Welessewcz,Veleševec,4,5,10,manual,1,45.6531899,16.2623047
1590,Welkowcz,Jalkovec,2,2,19,manual,0,46.2780556,16.3188889
1591,"Welyke, Dwlepzka","Velika, Dulepska",1,1,1,singleton,0,45.9545093,16.7024843
1592,Werbowcz,Vrbovo,1,1,2,singleton,0,46.0773588,16.2326727
1593,Wereucze,Virovitica,3,6,22,manual,0,45.8331404,17.3853376
1594,Werh,Celine,1,1,1,manual,0,45.8916188,16.4048813
1595,"Werh, Zerdahel",,1,1,1,singleton,0,,
1596,Werhancz,,1,1,1,singleton,0,,
1597,Werhoucz,Vrhovci,1,2,2,manual,1,45.2824000,17.3801000
1598,Werhowch,Vrhovac,4,2,2,manual,0,45.6353927,15.4863056
1599,Wertlyn,Vrtlinska,1,2,2,manual,0,45.6866082,16.6162455
1600,Werthlyn ad Monozlo,,1,1,1,singleton,0,,
1601,Werussewych,,1,1,4,singleton,0,,
1602,Werzynowcz,,1,1,1,singleton,0,,
1603,Wethech,,1,1,1,singleton,0,,
1604,Wezelkowcz,,1,2,2,orthographic-fuzzy,1,,
1605,Wgrynowcz - Markowcz,Markovac,1,1,1,manual,1,45.9193334,16.8742369
1606,"Wkowyna cum pertinetiis, Kopchyna, Wraccza","Vukovina, Kupčina, Vratečko",4,1,1,singleton,0,45.6823954,16.1112977
1607,Wlachin,,3,2,12,orthographic-exact,0,,
1608,"Wlachin, Rawennyk",,3,3,4,orthographic-exact,0,,
1609,"Wlachyn, utraque Rawennyk",,3,2,3,orthographic-exact,0,,
1610,"Wugrynincz, Wlachyn, uterque Ravenyk",,3,2,2,orthographic-fuzzy,1,,
1611,Wogrynocz,Markovac,1,1,1,manual,1,45.9193334,16.8742369
1612,"Wogrynecz, Wlachin",,3,2,2,orthographic-fuzzy,1,,
1613,"Wogrynincz, utraque Rawennyk",,3,1,1,singleton,0,,
1614,Wogrynocz,Markovac,1,1,1,manual,1,45.9193334,16.8742369
1615,Wogrynocz,Markovac,1,1,1,manual,1,45.9193334,16.8742369
1616,Wogrynowcz - Markowcz,Markovac,1,1,1,manual,1,45.9193334,16.8742369
1617,Wokomercz,Vukomerec,4,2,4,modern,0,45.8073746,16.0416862
1618,Wolowlya,Volavje,3,3,10,manual,0,,
1619,"Wolyncz, Babyncz",Babinec,2,1,2,singleton,0,46.3718386,16.1094420
1620,Wolywercz,,1,1,1,singleton,0,,
1621,"Wolywercz, Kothenyak",,1,1,1,singleton,0,,
1622,Wychkowcz,Vitkovec,1,3,6,manual,0,45.935122,16.658081
1623,Woynche,,2,1,1,singleton,0,,
1624,Woynowcz,Vojnovec,1,1,6,singleton,0,46.1205647,16.4244075
1625,Woznekowcz,,1,1,2,singleton,0,,
1626,Wracza,Vratečko,4,5,11,modern,0,45.4613653,16.1118753
1627,Wradchya,,4,1,1,singleton,0,,
1628,Wragowcz,,1,2,7,orthographic-exact,0,,
1629,Wrapchia,Vrapče,4,1,1,singleton,0,45.8129884,15.9062064
1630,Wrathkowcz,,2,1,1,singleton,0,,
1631,Wratisincz,Hercegovac,1,3,3,manual,0,45.6553617,17.0090772
1632,Wratza,,4,1,1,singleton,0,,
1633,Wreucze,,3,1,1,singleton,0,,
1634,Wzmowcz,Kusanovec,1,2,3,manual,0,45.8194032,16.3491667
1635,Wydowcz,Vidovec,1,1,1,manual,1,,
1636,Wyeghaz,,1,1,1,singleton,0,,
1637,Wyfalu ad Gemnecz,Graberje Ivaničko,1,1,1,manual,1,45.7101594,16.4712034
1638,Wyfalu ad Gemnecz,Graberje Ivaničko,1,1,1,manual,1,45.7101594,16.4712034
1639,Wyfalu ad Gemnecz,Graberje Ivaničko,1,1,1,manual,1,45.7101594,16.4712034
1640,Wynarcz-monialium,Vinari,1,1,1,singleton,0,45.7483221,16.4167433
1641,"Wynychno, Wyzoka","Vinično, Viskoka",1,1,1,singleton,0,46.0780080,16.3007264
1642,Wywdwar,Pašijan,1,2,5,manual,0,45.6362063,16.9207348
1643,Wywaras,,1,1,2,singleton,0,,
1644,Wywodina,Vivodina,4,2,2,manual,0,45.6750,15.4000
1645,Yeresyn,,1,1,1,singleton,0,,
1646,Zaberdye,Zabrđe,1,2,5,modern,0,45.8836821,16.5016177
1647,Zablatta,Zablatje,4,3,3,modern,0,45.7430651,16.1860742
1648,Zabok,Zabok,2,1,35,singleton,0,46.0326786,15.9124759
1649,"Zabok, Gwbassewo","Zabok, Gubaševo",2,4,39,modern,0,46.0326786,15.9124759
1650,"Zabok, Komor","Zabok, Komor",2,1,3,singleton,0,46.0326786,15.9124759
1651,"Zabok, Komor, Hum","Zabok, Komor, Hum",2,1,5,singleton,0,46.0326786,15.9124759
1652,"Zabok, Komor, Krysancz","Zabok, Komor, Križanec",2,1,1,singleton,0,46.0326786,15.9124759
1653,"Zabok, Krysanch","Zabok, Križanec",2,2,2,orthographic-exact,0,46.0326786,15.9124759
1654,"Zabok, Wychazela","Zabok, Viča Sela",2,1,1,singleton,0,46.0326786,15.9124759
1655,Zadrowcz,Zadrovec,2,3,11,modern,0,,
1656,Zagolcza,Čađavica,1,3,8,manual,1,45.7462539,17.8632019
1657,Zagorya,,1,1,3,singleton,0,,
1658,Zakowcza,,1,1,5,singleton,0,,
1659,Zalathnok,Slatina,1,3,17,manual,0,45.9569941,16.3855756
1660,Zamersye,Zamersje kod Zaprešića,4,9,27,manual,1,45.8572728,15.8050436
1661,Zamlacha,Zamlača,2,5,8,modern,0,46.2804754,16.2676717
1662,"Zamlacha, Nedelyancz","Zamlača, Nedeljanec",2,2,3,modern,0,46.2804754,16.2676717
1663,Zamladyncz,Zamladinec,1,2,3,manual,0,46.0836111,16.4891667
1664,Zanowcz,,3,2,2,orthographic-fuzzy,1,,
1665,Zanyenowcz,,1,1,1,singleton,0,,
1666,Zavamelleky,Szávamellék,1,3,3,manual,1,45.4500000,16.7000000
1667,Zaversya,Završje,1,2,2,orthographic-exact,0,,
1668,Zawamelleke ad Monozlo,Szávamellék,1,1,1,manual,1,45.4500000,16.7000000
1669,Zawercza,,2,1,1,singleton,0,,
1670,Zawersye,Završje,2,1,8,manual,1,46.2161000,16.2711000
1671,Zayezda,Zajezda,2,1,106,singleton,0,46.1556766,16.1900984
1672,Zazowcz,Sasovac,1,1,9,manual,0,45.7629000,16.9291000
1673,Zbelyo,Zbelava,2,9,38,modern,0,46.2817876,16.4037313
1674,"Zdenchan, Thamadocz",,1,1,1,singleton,0,,
1675,Zdenchec ad Kaproncza,Zdenček,1,2,2,manual,1,46.1569602,16.8160001
1676,Zdenchecz,Zdenčec,1,1,8,manual,0,45.8113685,16.6806382
1677,Zdenchych ad Owar,Zdenčec kod Koprivnice,1,1,1,manual,1,46.1622000,16.8277000
1678,Zdencz,Zdenci,1,1,2,manual,0,45.5877618,17.9514042
1679,Zebencz,,1,1,1,singleton,0,,
1680,Zebenyancz,,1,1,7,singleton,0,,
1681,Zebyncz,,1,2,7,orthographic-exact,0,,
1682,Zedinyncz,,1,1,2,singleton,0,,
1683,Zehanowcz,,3,1,3,singleton,0,,
1684,Zekowcz,Zvekovac,1,2,5,manual,0,45.8194598,16.5009602
1685,Zela,Sela,1,1,6,singleton,0,45.5084333,16.3019739
1686,Zela,Sela,4,6,14,modern,0,45.6922436,15.7435946
1687,"Zela, Ozterwna","Sela, Ostrna",4,3,6,orthographic-exact,0,45.6922436,15.7435946
1688,Zelcze,Novoselec,1,3,4,manual,0,45.6529782,16.5345145
1689,Zelyna,Zelina,4,11,100,orthographic-fuzzy,1,45.8590511,16.2382381
1690,Zelna,Zelina,1,1,4,singleton,0,45.9597901,16.2430942
1691,Zelnycze,Selnica,2,3,15,modern,0,46.0266777,16.0448657
1692,Zelyan  Pathak,Selanec,1,2,2,manual,0,46.0788490,16.4761055
1693,Zelyancz,,1,1,2,singleton,0,,
1694,Zelyancz  Sybrynowcz,Žibrinovec,1,1,1,manual,0,46.1016303,16.5230248
1695,Zemche,Novska,1,1,3,manual,1,45.3333333,16.9666667
1696,Zemche Zenth Myhal,Novska,1,1,1,manual,1,45.3333333,16.9666667
1697,Zempche,Sinče,1,2,3,manual,1,45.3036000,17.1113000
1698,Zethnychky Werh,,4,8,18,orthographic-fuzzy,1,,
1699,Zeyanahrazthya,Zgališće,1,3,4,manual,0,45.8327700,16.5474159
1700,Zenclara,,1,1,1,singleton,0,,
1701,Zendywan,,1,1,1,singleton,0,,
1702,Zenthdyenes,Dijaneš,1,11,62,orthographic-fuzzy,1,45.9028524,16.3558440
1703,Zent Ilona,Sveta Helena,4,5,9,orthographic-fuzzy,1,45.8112168,15.7096321
1704,Zenth Jacab,Jakopovec,2,2,11,orthographic-exact,0,46.2456352,16.4116646
1705,Zenth Leryncz,Lovrečina,1,11,21,modern,0,45.9235500,16.4361770
1706,Zenthmarton,Sv. Martin,4,8,24,modern,0,45.9977247,16.5185702
1707,Zenth Nedelye,Sv. Nedjelja,4,4,5,orthographic-fuzzy,1,45.7968126,15.7769140
1708,Zenth Adrian,,1,1,1,singleton,0,,
1709,Zenthandras,,1,2,2,orthographic-fuzzy,1,,
1710,Zenth Anna,,1,1,1,singleton,0,,
1711,Zenth Benedek,Babinac,1,3,4,manual,0,45.8191332,16.7493356
1712,Zenth Berthalam cum pertinentiis,Špišić Bukovica,3,2,11,manual,1,45.8578490,17.3011788
1713,Zenth Demetrius,,1,1,4,singleton,0,,
1714,Zenthersebeth,Jugovac,1,2,20,manual,1,45.7531100,17.6065410
1715,Zenthgerg,Sv. Đurđ,1,13,42,modern,0,46.2812323,16.6055042
1716,Zenth Iwan cum Krysnychya,Ivanec Križevački,1,4,44,manual,1,46.0759345,16.5687713
1717,Zenth Jacab,Čazma (izgubljeno selo blizu Čazme),1,3,9,manual,1,45.7483719,16.6132008
1718,Zenth Kelemen,Kalnik,2,1,4,singleton,0,46.1648888,16.5306474
1719,Zenth Kerest,Križ,1,3,18,manual,0,45.6632061,16.5204571
1720,Zenth Kerest - Sanctus Crux,Križ,1,1,1,manual,1,45.6632061,16.5204571
1721,Zenth Kerezth,,2,1,1,singleton,0,,
1722,Zenth Kerezth-de Achyna,,1,1,1,singleton,0,,
1723,Zenthkyral,Hercegovac,1,2,6,manual,0,45.6553617,17.0090772
1724,Zenth Laczlo,Ladislav Sokolovački,1,1,6,manual,1,46.0456000,16.7175000
1725,Zenth Leryncz-pertinencie ad,,1,1,1,singleton,0,,
1726,Zenth Lewlek,Duhovi,1,1,2,manual,1,45.5172405,17.0080166
1727,Zenth Marco,,1,1,1,singleton,0,,
1728,Zenthmargith,Međurača,1,2,4,manual,0,45.7945307,16.8940401
1729,Zenthmarton,Sv. Martin,1,3,3,modern,0,45.9982709,16.5197248
1730,Zenth Marthon,Sveti Martin,2,1,1,manual,0,,
1731,Zenth Michael,Miholec,1,1,1,manual,0,46.0545405,16.4462061
1732,Zenth Mihal sub Komor,,2,1,1,singleton,0,,
1733,Zenth Miklos,Crkva Sv. Nikole u Poljanici Bistranskoj,4,3,5,modern,0,45.9014815,15.8763222
1734,Zenth Myhal,,2,1,1,singleton,0,,
1735,Zenthmyklos,Donji Miklouš,1,2,23,manual,0,45.721007,16.691019
1736,Zenth Nedele,,2,2,2,orthographic-fuzzy,1,,
1737,Zenthpal,Pavlovac,1,2,9,manual,0,45.7117664,17.0670595
1738,Zenth Pal ad Zenth Gergwara,,1,1,1,singleton,0,,
1739,Zenth Wyd,,2,2,5,orthographic-fuzzy,1,,
1740,"Zenth Wyd, Chresnevo",,2,1,1,singleton,0,,
1741,Zenth Wyd - Zayezda,Zajezda,2,1,1,manual,1,46.1556766,16.1900984
1742,"Zenthbertalam, Otok","Bartolovec, Otok",2,2,2,orthographic-exact,0,46.2970896,16.4351454
1743,Zenthendree,,3,3,11,orthographic-fuzzy,1,,
1744,"Zenthjacab,Obres","Jakopovec, Obrež",2,1,1,singleton,0,46.2456352,16.4116646
1745,Zenthlaczlo Dyanfeldi,,1,1,1,singleton,0,,
1746,Zenthlazlo,Tomašica,1,1,3,manual,1,45.6432165,17.0173219
1747,Zenthlelek,Duhovi,1,1,6,manual,0,45.5172405,17.0080166
1748,Zenthlelek cum pertinentiis,Duhovi,1,1,1,manual,1,45.5172405,17.0080166
1749,Zenthpal-provincia superior et inferior,Pavlovac,1,1,1,manual,1,45.7117664,17.0670595
1750,Zenthpeter ad Owar,Zdenčec kod Koprivnice,1,1,1,manual,1,46.1622000,16.8277000
1751,Zenthpether ad Kaproncza,Peteranec,1,1,1,manual,0,46.1833333,16.8833333
1752,Zerchewcz,,1,2,2,orthographic-fuzzy,1,,
1753,"Zerdahel, Koren",,1,1,2,singleton,0,,
1754,"Zerdahel, Meghwreche",,1,2,2,orthographic-fuzzy,1,,
1755,Zeredyscha ad Zenth Gergwara,,1,1,1,singleton,0,,
1756,Zersyncz,,1,1,1,singleton,0,,
1757,Zethws,Setuš,4,3,16,orthographic-exact,0,45.5489003,16.3948841
1758,Zeyanohrazthye,,1,1,2,singleton,0,,
1759,Zkakala,,3,1,3,singleton,0,,
1760,Zkakalo,,3,1,1,singleton,0,,
1761,Zkakolo,,3,1,1,singleton,0,,
1762,Zlamnowcz,Slanovec,4,5,15,modern,0,45.8798808,16.0381993
1763,Zlanya,,1,1,1,singleton,0,,
1764,Zlatharya,Zlatar,2,5,12,modern,0,46.0926454,16.0770763
1765,Zlathyna,Slanje,1,3,6,manual,0,46.232576,16.547263
1766,Zlathyna,Slatina kod Ivanić-Grada,2,2,14,manual,1,45.7100000,16.4000000
1767,Zlawethych,Slavetić,4,6,17,modern,0,45.7017725,15.5398413
1768,"Zlavetychi, Raztok","Slavetić, Rastoki",4,2,2,orthographic-exact,0,45.7017725,15.5398413
1769,Zlawschyna,Slanje,1,3,4,manual,0,46.232576,16.547263
1770,Zlawstina,,1,1,1,singleton,0,,
1771,Zlayna,Slanje,1,1,4,manual,0,46.232576,16.547263
1772,Zlayno,,1,1,1,singleton,0,,
1773,Zlobochyna,Sloboština,1,3,6,manual,0,45.2711000,17.2032000
1774,Zlobochyna  Zwybowcz,Zetkan,1,1,1,manual,0,45.8211642,16.5415532
1775,Zloboda,Zloboda,1,1,8,manual,0,,
1776,Zloboda ad Monozlo,,1,1,1,singleton,0,,
1777,Zobothycza,Subotica Podravska,1,2,12,manual,0,46.190167,16.741323
1778,Zmolyak,,4,1,6,singleton,0,,
1779,Zobkethyncz,,1,1,1,singleton,0,,
1780,Zolkethyncz,,1,1,1,singleton,0,,
1781,Zolnya,,1,1,1,singleton,0,,
1782,Zombathel,Subotica Podravska,1,1,5,manual,0,46.190167,16.741323
1783,Zomnycza,,4,1,1,singleton,0,,
1784,Zomszedvara,Susedgrad,4,12,25,modern,0,45.8209845,15.8307946
1785,Zomzedwara-castrum Podgoria,Podgorje Susedgradsko,4,4,8,manual,1,45.8209845,15.8307946
1786,Zomzedwara-castrum Pwscha,Donja Pušća,4,4,7,manual,0,45.9130219,15.7792389
1787,Zomzedwara-castrum Zaprezechye,Zaprešić,4,3,7,manual,0,45.8572728,15.8050436
1788,Zomzedwara-castrum Ztenyowcz,Stenjevec,4,2,7,manual,0,45.8025481,15.8857775
1789,Zomzedwara-castrum Judiacti Podgorya villa Nowak Jablanowcz,Jablanovec,4,3,3,manual,0,45.8756514,15.8488998
1790,Zomzedwara-castrum Judicati Ztenyowcz Ztopnyk Nowak Zapreszeche Berdowcz Pwscha,Susedgrad,4,2,6,manual,1,45.8209845,15.8307946
1791,Zopya,Sopje,1,1,1,manual,0,45.8000000,17.7333333
1792,Zotezka,Sutinske Toplice,2,2,40,manual,0,46.113900,16.008900
1793,"Zotezka, Orehowycza, Graberye, Bwssyn","Orehovica, Grabe, Bušin",2,3,3,modern,0,46.1014693,15.9757103
1794,Zotyzka,,2,1,5,singleton,0,,
1795,Zrachyncz,Sračinec,2,1,8,singleton,0,46.3305272,16.2739507
1796,Zredistha,,1,1,1,singleton,0,,
1797,Zrednawecz,,1,2,2,orthographic-fuzzy,1,,
1798,Zrednyawez,Srednja Ves kod Ivanić-Grada,1,1,1,manual,1,45.7500000,16.4400000
1799,Zredysche,Gornje Sredice,1,2,4,manual,0,46.0349000,16.8192000
1800,Zrepychar-insula,Zrepišar kod Vrbovca,2,4,7,manual,1,45.8950000,16.4400000
1801,Zrewsowcz,,1,1,1,singleton,0,,
1802,Zromercz,,1,1,1,singleton,0,,
1803,Zrwkowcz,,1,1,1,singleton,0,,
1804,Ztare Chyche,Staro Čiće,4,6,11,modern,0,45.6925414,16.1179872
1805,Ztolnykowcz,,1,2,2,orthographic-fuzzy,1,,
1806,Zthankowo ad Okych,Stankovo,4,1,1,manual,0,45.7116856,15.7002110
1807,Zthankowo-judicatus ad Okych,,4,1,1,singleton,0,,
1808,Zthara,,1,1,5,singleton,0,,
1809,Ztharsa,,1,1,1,singleton,0,,
1810,Zthassinowczy,,2,1,1,singleton,0,,
1811,Zthawethichy,Slavetić,4,1,2,manual,0,45.7017725,15.5398413
1812,Zthermecz,Stermec kod Pribića,4,1,1,manual,1,45.6628615,15.5320867
1813,Zthobycza,Stubica,4,2,14,modern,0,45.9749888,16.0175181
1814,Ztholnycoucz,,1,1,1,singleton,0,,
1815,Zthrebynzky Werh,,4,1,1,singleton,0,,
1816,Ztrelechko,Strelečko,4,2,10,orthographic-exact,0,45.5191373,16.3933400
1817,Ztruga,Hlebine,1,4,6,manual,1,46.1666667,16.9666667
1818,Zthwpnych-ad Zomzedwara,,4,1,1,singleton,0,,
1819,Ztreza,Streza,1,1,10,manual,0,46.0125000,16.8144000
1820,Ztrwga ad Zenth Gergwara,,1,1,1,singleton,0,,
1821,Zwdowcz,Sudovec,1,3,8,orthographic-exact,0,46.1058330,16.3630500
1822,Zuha Mlacha,,1,2,3,orthographic-fuzzy,1,,
1823,Zwha Mlaka,Mlaka,1,3,14,manual,0,45.904094,16.293197
1824,Zwhodol,Suhodol Zelinski,4,2,5,manual,1,45.9266474,16.2173760
1825,Zwchowcz,,1,1,5,singleton,0,,
1826,"Zwdowchez, Wynarcz","Sudovec, Vinarec",1,1,1,singleton,0,46.1058330,16.3630500
1827,Zwhodol,Žunci,1,1,1,manual,0,45.9568877,16.4242631
1828,Zwynarcz,Svinjarec,1,3,7,modern,0,45.8022580,16.5670104
1829,Zwpya,,1,1,2,singleton,0,,
1830,Zwsycha,Sušica kod Svetog Ivana Žabna,1,1,2,manual,1,45.9350000,16.5900000
1831,Zwsycza ad Zenth Gergwara,,1,1,1,singleton,0,,
1832,Zwsycze,,1,1,1,singleton,0,,
1833,Zwthezka,,2,1,2,singleton,0,,
1834,Zwybowcz,Zetkan,1,1,1,manual,1,45.8211642,16.5415532
1835,Zwzicha,Žunci,1,1,2,manual,0,45.9568877,16.4242631
1836,Zygeth,Sziget,1,1,10,manual,1,45.6600000,17.7800000
1837,Zylagh,,1,2,4,orthographic-exact,0,,
1838,Zylagh Zenthgyergh,Szilágyszentgyörgy,1,2,3,manual,1,45.6591000,18.4179000
1839,Zylag-wayvodatus,Valpovo,1,2,4,manual,1,45.6591000,18.4179000
1840,Zylagh-waywodatus inferior ad castrum Valpo,Valpovo,1,2,2,manual,1,45.6591000,18.4179000
1841,Zyrch,Sirač,1,1,9,manual,0,45.5166667,17.2666667
1842,Zyrch - Podgorye,Kloštar Podravski,1,1,1,manual,1,45.9736940,17.1663312
1843,Zyskan,,1,1,1,singleton,0,,
1844,Zystan,,1,3,3,orthographic-fuzzy,1,,
1845,Zythecz,Sisak Sisek,4,1,2,manual,0,45.4876303,16.3728187
