place_id,historical_name,county_id,modern_place,modern_uncertain
1,",,,owcz",2,,
2,Abbatia,4,,
3,Abbatia (Opathowyna),4,DOLAC,
4,Abbatia Zagrabiensis,4,OPATIJA,1
5,Achyna,1,,
6,Adamoucz,1,,
7,Adamowch,4,ADAMOVEC,
8,Adamowcz,1,ADAMOVEC,
9,Adamowcz,4,ADAMOVEC,
10,"Adamowcz, Thewkowcz",1,"ADAMOVEC,",1
11,"Adamowcz, Wragowcz",1,"ADAMOVEC,",1
12,"Adamowcz, Zowkowcz",1,"ADAMOVEC,",1
13,Ahmath,1,,
14,Aladarocz,1,,
15,"Aladaryowch, Mylethyncz",1,,
16,Alberthowyna,1,,
17,Albethowyna,1,,
18,Alexandrocz,1,,
19,Allso Gerzencze,1,,
20,Also Bakva,3,DONJA BUKOVICA,1
21,Also Bakwa,3,DONJA BUKOVICA,1
22,Also Chesmiche,1,ČAZMA,1
23,Also Chesmicze,1,ČAZMA,1
24,Also Chesmycze,1,ČAZMA,1
25,Also Chezmycze,1,ČAZMA,1
26,Also Czesmycze,1,ČAZMA,1
27,Also Gerzencze,1,,
28,Also Izdencz,1,,
29,Also Jalsewycza,1,,
30,Also Lomnicza,4,DONJA LOMNICA,
31,Also Lomnycza,4,DONJA LOMNICA,
32,"Also Lomnycza, Koztanyewcz",4,"DONJA LOMNICA, KOSTANJEVEC",
33,Also Soploncza,1,,
34,Also Soproncha,1,,
35,Also Soproncza,1,,
36,Also Thothwssewyna,1,,
37,Also Totusewyna,1,,
38,Also Volavlya,4,VOLAVJE,
39,Also Wolawlya,4,VOLAVJE,
40,Also Wolawlyaa,4,VOLAVJE,
41,Also Zemche,1,,
42,Also Zempche,1,,
43,Also Zthobycza,4,DONJA STUBICA,
44,Also Zthobycza-cum pertinentiis,4,DONJA STUBICA,
45,Also Zthwbycza,4,DONJA STUBICA,
46,Also Zthwbycza cum pertinentiis,4,DONJA STUBICA,
47,Also Zthwbycza-castellum cum pertinentiis,4,DONJA STUBICA,
48,Also Ztobycza,4,DONJA STUBICA,
49,"Also Ztobycza cum pertinentiis, Jakowlya",4,"DONJA STUBICA, JAKOVLJE",
50,Also Ztobycza-castellum cum pertinentiis,4,DONJA STUBICA,
51,Also Ztobycze,4,DONJA STUBICA,
52,Also Ztubycza-castellum cum pertinentiis,4,DONJA STUBICA,
53,Alsolomnycza,4,DONJA LOMNICA,
54,"Alsolomnycza, Koztanyewcz",4,"DONJA LOMNICA, KOSTANJEVEC",
55,"Alsolomnycza, Koztanyowcz",4,"DONJA LOMNICA, KOSTANJEVEC",
56,"Alsolomnycza, Kozthanyewcz",4,"DONJA LOMNICA, KOSTANJEVEC",
57,Alsolompnycza,4,DONJA LOMNICA,
58,Alsoo Zthwbycza cum pertinentiis,4,DONJA STUBICA,
59,Alsoo Zthwbycza de Zomzewdara,4,DONJA STUBICA,
60,Alsoo Zthwbycza de Zthwbycza,4,DONJA STUBICA,
61,Alsowolawlia,4,,1
62,Alsowolawlya,4,VOLAVJE,1
63,Alsozthobycza,4,DONJA STUBICA,
64,Alsozthobycza cum pertinentiis,4,DONJA STUBICA,
65,Alsoztobycza,4,DONJA STUBICA,
66,Alsw Soproncza,1,,
67,Andraswelgh,1,,
68,"Antholocz,Ramyncz,Chernecz, Thremecz",3,,
69,Apathowcz,1,,
70,Apporowcz,1,OPOROVEC,1
71,Area Capitulari-vicus,4,,
72,Atak,1,OTOK,
73,Athak,1,OTOK,
74,Athak,4,OTOK,
75,"Athak, Themerye",1,"OTOK,",
76,"Athak, Themerye, Camarcha",1,"OTOK, DEMERJE,",1
77,"Athak,Tamerye, Kamarchya",1,"OTOK, DEMERJE,",1
78,Athak-uterque,4,OTOK,
79,Athak-vterque,4,OTOK,
80,"Attak-superior et inferior, Zenth Ilona apud Zamobor",4,"OTOK, SVETA HELENA KOD SAMOBORA",
81,Atthak,4,OTOK,
82,"Atthak uterque-superior et inferior, Zenth Ilona prope Zamobor",4,"OTOK, SVETA HELENA KOD SAMOBORA",
83,"Atthak, Zenth Ilona apud Zamobor",4,"OTOK, SVETA HELENA KOD SAMOBORA",
84,Babcha,4,BABČA,
85,Babchya,4,BABČA,
86,Babpcha,4,BABČA,
87,Babyncz,2,BABINEC,
88,Babynschyna,1,,
89,"Babynschyna, Koren",1,,
90,"Babynsthyna, Koren",1,,
91,Bachyn,1,,
92,Baganoz,1,,
93,Bagenowcz,1,,
94,Bahonincz,1,,
95,Bahonyn,1,,
96,Bakheg,1,,
97,Bakolcza,1,,
98,"Bakolcza, Zygeth",1,,
99,Bakowcha,1,,
100,Bakowcza,1,,
101,Bakwa,3,,
102,Bancz,1,,
103,Banczy,1,,
104,Banowch,1,,
105,Banowcz,1,,
106,"Banowcz, Gorycza",1,,
107,Banthusovcz,1,,
108,Banthwsoucz,1,,
109,Bapcha,4,BABČA,
110,Bara ad Belam,1,,
111,Barachka,4,,1
112,Baraczka,4,,1
113,Baranowcz,1,,
114,Barowcz,1,,
115,Barswelge,1,,
116,Barychewo,4,,
117,Bathyna,2,,
118,Batyna,2,,
119,Bedenicza,4,BEDENICA,
120,Bedennycza,4,BEDENICA,
121,Bedenycha,4,BEDENICA,
122,Bedenycza,4,BEDENICA,
123,"Bedenycza, Felsew Ztobicza",4,"BEDENICA, GORNJA STUBICA",
124,Bedenye,1,,1
125,Bedkowcz,1,,1
126,Bedna,1,,1
127,Bednya,1,,1
128,Bednye,1,,1
129,Bednye cum pertinentiis,1,,1
130,Bednye seu Bukoucz,1,,1
131,Bednye seu Bwkowcz,1,,1
132,Bedowcz,1,,
133,Bedowhcz,1,,
134,Bedwdnycze,4,,
135,Bekethincz,1,BEKETINEC,
136,Bekethincz ad Belam,1,BEKETINEC,1
137,Bekethyncz,1,BEKETINEC,
138,Bekethyncz ad Kustherocz,1,BEKETINEC,
139,Bela,1,BELA,
140,Bela,2,BELA,
141,Bela cum pertinentiis,2,BELA,
142,"Bela cum pertinentiis, liberis et predialibus",1,BELA,
143,"Bela, Iwancz, Stasnowcz",2,"BELA, IVANEC,",1
144,"Bela, Iwancza, Ztasnoucz",2,LEPOGLAVA,
145,"Bela, Threm",2,"BELA,",1
146,Bela-castrum cum pertinentiis,2,BELA,
147,"Bela-castrum, Iwancz, Stasnoucz",2,"BELA, IVANEC,",1
148,"Bela-castrum, Iwancz, Zthasnowcz",2,"BELA, IVANEC,",1
149,Bela-castrum-cum pertinentiis,2,BELA,
150,Belawarcz,1,,
151,Belcheucz,1,,
152,Belchewcz,1,,
153,Belchowcz,1,,
154,Belcz,1,BELEC,
155,Belcz,2,BELEC,
156,Belcz cum pertinentiis,2,BELEC,
157,Belecz,2,BELEC,
158,Belecz-castrum cum pertinentiis,2,BELEC,
159,Belesowcz,1,,
160,Belethyncz,2,BELETINEC,
161,Belethyncz ad Gereben,2,BELETINEC,
162,Beletyncz,2,BELETINEC,
163,Belezlowcz,4,,
164,Belkolcz,2,,
165,Belkowcz,1,,
166,Bellessowcz,1,,
167,Bellyanowcz,1,,
168,Belosowcz,1,,
169,Belowarch,1,,1
170,Belowarcz,1,,1
171,Belowarcz*,1,,1
172,Belozlavcz,4,BELOSLAVEC,
173,Belozlawcz,4,BELOSLAVEC,
174,Belozlowcz,4,BELOSLAVEC,
175,Beludowyna,1,,
176,Belwdoch-villicatus ad Zenth Georghwara,1,,
177,Belwdowcz ad Zenth Gergwara,1,,
178,Belwdowyna,1,,
179,Belwsowcz,1,,
180,Belyancz,1,,
181,Belyowcz,1,,
182,Belywdowcz,1,,
183,Benchethyncz,1,,
184,Benedicoucz,1,,
185,Benedicowcz,1,,
186,Benedikowcz,1,,
187,Benedykow,1,,
188,Benedykowcz,1,,
189,Benkoucz,2,", LADISLAVEC",1
190,Benkowcz,2,BENKOVEC,
191,Berdekowcz ad Belam,1,,
192,Berdonocz,4,BRDOVEC,
193,Berdonocz-ad Zomzewdar pertinentiis,4,BRDOVEC,
194,Beregi,1,,
195,Berethyncz,2,BERETINEC,
196,Berizlawcz,4,BERISLAVEC,1
197,Berizlowcz,4,BERISLAVEC,1
198,Berkesewine,4,BRKAŠEVINA,
199,Berkissewyna,4,BRKAŠEVINA,
200,Berkwsewyna,4,BRKAŠEVINA,
201,Berkwssewyna,4,BRKAŠEVINA,
202,Berkwssewyna penes Kwppam ad Thopozka abbacie,4,BRKAŠEVINA,
203,"Berkwssewyna, Pokwpya ad Thopozka-cum pertinentiis",4,"BRKAŠEVINA, POKUPJE",
204,Berkysewyna,4,BRKAŠEVINA,
205,Berkyssewyna,4,BRKAŠEVINA,
206,Berkyssewynna,4,BRKAŠEVINA,
207,Bersancz ad Kaproncza,1,,
208,Berschanowcz,1,,
209,Bersthanowcz cum pertinentiis,1,,
210,Bersthianoucz,1,,
211,Berywoy (Zenth Iwan?),1,,
212,Berywoy-oppidum (Zenth Iwan?),1,,
213,Berywoy-provincia (Zenth Iwan?),1,,
214,"Beryzlaucz, Kalynye",4,,
215,Beryzlawcz,4,BERISLAVEC,1
216,Beryzlawecz,4,BERISLAVEC,1
217,Beryzlowcz,4,BERISLAVEC,1
218,Berzewcz-provincia inferior,1,,
219,Berzewcze,1,,
220,Berzewcze-provincia inferior,1,,
221,Berzyncz,1,,
222,Besenowcz,1,,
223,Bethowcz,3,,
224,Bezchyanowcz,1,,
225,Bigzaagh,4,,1
226,Bikzaad,4,,1
227,Biskupovcz,2,VARAŽDIN,
228,Biskwpcz,4,BIŠKUPEC,
229,Bizthra,4,BISTRA,
230,Biztra,4,BISTRA,
231,Blacha,1,,
232,Blagay,1,,
233,"Blagay, Glogowy",1,,
234,Blagswa,4,BLAGUŠA,
235,Blagussa,4,BLAGUŠA,
236,Blagwsa,4,BLAGUŠA,
237,Blagwssa,4,BLAGUŠA,
238,"Blagwssa, Symonchewcz",4,"BLAGUŠA, ŠIMUNČEVEC",
239,"Blagwssa, Symonczewcz",4,"BLAGUŠA, ŠIMUNČEVEC",
240,"Blagwssa, Symwnchowcz",4,"BLAGUŠA, ŠIMUNČEVEC",
241,Blasew Werh,1,,
242,Blasewerh-ad Achyna,1,,
243,Blasewwerh-ad Achynam,1,,
244,"Blaskoucz, Glavnycza",4,,
245,"Blaskowcz, Glawnycza",4,,
246,Blathnicza,4,,
247,"Blathno, Remethinczy, Lwka",4,,
248,"Blathno, Remethinczy, Lwka*",4,,
249,Blathnycza,4,BLATNICA,
250,Blatnycza,4,BLATNICA,
251,Blatthnycza,4,BLATNICA,
252,Blattnycza,4,BLATNICA,
253,Blizna,4,BLIZNEC,
254,Bliznafew,1,,
255,Blyzna,4,BLIZNEC,
256,Blyzna sub Medwedwar,4,BLIZNEC,
257,Blyzna sub Medwewar,4,BLIZNEC,
258,"Blyzna, Remethyncz",4,"BLIZNEC,",1
259,Blyznafew,1,,
260,Blyznaffew,1,,
261,Blyzno,4,BLIZNEC,
262,Blyzno (Medwe),4,BLIZNEC,
263,Bobinschyna,1,,
264,Bobonycza,4,BOBOVICA,
265,Bobouycza,4,BOBOVICA,
266,Bobowycha ad Mokrycham,4,BOBOVICA,
267,Bobowycza,4,BOBOVICA,
268,Bobowycza ad Mokrycza,4,BOBOVICA,
269,Bobowycza ad Mokrycza pertinens,4,BOBOVICA,
270,Bobowycza ad Mokryczam,4,BOBOVICA,
271,Bobowycza ad Mokryzam,4,BOBOVICA,
272,"Bobowycza, Kapolna",1,"BOBOVICA, KAPELA",
273,"Bobowycza, Kapolna, Othok, Jemryhowcz",1,"BOBOVICA, KAPELA, OTOK, IMBRIOVEC",
274,Bobowycza-ad Mokryczam,4,BOBOVICA,
275,Bocyncz ad Medwe,4,,
276,Bogacheuo,1,BOGAČEVO,
277,Bogachewo,1,BOGAČEVO,
278,Bogacho,1,BOGAČEVO,
279,Bogachyewo,1,BOGAČEVO,
280,Bogatho,1,BOGAČEVO,
281,Bolch,1,BOLČ,
282,Bolcz,1,BOLČ,
283,Bolethyna,1,,
284,Bolethyno,1,,
285,Bona-Hampo,1,,
286,Bona-Johannes Alapi,4,,
287,Bona-Nicolaus Zrini,4,,
288,Bona-Nicolaus Zryny,4,,
289,Bona-Zlwny,4,,
290,Bonowk,1,,
291,Borchecz in pertinentiis Zomzedwara,4,BORČEC,
292,Borcowcz,1,BORKOVEC,
293,Borcowcz,2,BORKOVEC,
294,Borcz ad Topozka (predium),4,BORKOVEC,
295,Borkoucz,2,BORKOVEC,
296,Borkowcz,2,BORKOVEC,
297,Borowcz,1,,
298,Borowcz,2,BORKOVEC,
299,Borowe,1,,
300,Borsowcz,1,,
301,Borycheucz,2,MIRKOVEC,
302,Borychewcz,2,,
303,"Borychewcz, Marthyndoll",2,,
304,Boryzlowcz,4,,
305,Bosako,4,BOŽJAKOVINA,
306,Bosiako,4,BOŽJAKOVINA,
307,Bosiako-castrum-judicatus inferior,4,BOŽJAKOVINA,
308,Bosiako-castrum-judicatus superior,4,BOŽJAKOVINA,
309,Bosiakowyna,4,BOŽJAKOVINA,
310,Bosyako,4,BOŽJAKOVINA,
311,Bosyako cum pertinentiis,4,BOŽJAKOVINA,
312,Bosyako cum pertinentiis*,4,BOŽJAKOVINA,
313,Bosyako-castellum / Judicatus Inferior,4,BOŽJAKOVINA,
314,Bosyako-castellum / Judicatus Superior,4,BOŽJAKOVINA,
315,Bosyako-castellum cum pertinentiis,4,BOŽJAKOVINA,
316,Bosyako-castellum-judicatus inferior,4,BOŽJAKOVINA,
317,Bosyako-castellum-judicatus superior,4,BOŽJAKOVINA,
318,Bosyako-cum pertinentiis,4,BOŽJAKOVINA,
319,Bosyako-judiatus inferior,4,BOŽJAKOVINA,
320,Bosyako-judicatus superior,4,BOŽJAKOVINA,
321,Bosyako-judicatus superior et inferior,4,BOŽJAKOVINA,
322,Bosyakowyna,4,BOŽJAKOVINA,
323,Bosyakowyna-castellum*,4,BOŽJAKOVINA,
324,Bothcafeld,1,,
325,Bothezyncz,1,,
326,Bothincz,4,BOTINEC,
327,Bothkafeld,1,,
328,Bothowcz,3,,
329,Bothyncz,1,BOTINEC,
330,Bothyncz,4,BOTINEC,
331,Bothyncz ad Medwe,4,BOTINEC,
332,Bothynowcz,1,,
333,Botyncz,4,BOTINEC,
334,Boytincz,4,BOTINEC,
335,Bozyas,1,,
336,Bradechyna ad Garych,1,,
337,Bradna,1,,
338,Bradna inferior,1,,
339,Bragasoucz,1,,
340,Bragasowcz,1,,
341,Brakwnowcz,4,BROKUNJEVEC,
342,Bregchewcz,1,,
343,Bresancz ad Kaproncza,1,,
344,Breschyna,1,,
345,Bresnycha,1,,
346,Bresnycza-ad Achynam,1,,
347,Bresnycze,1,,
348,Bresowcz,1,,
349,Bresowycza,4,BREZOVICA,
350,Brestowcz,1,,
351,Brestoycha,1,,
352,Brezewcze cum pertinentiis,1,,
353,Brezoucz,1,BREZOVEC,
354,Brezowcz,1,,
355,Brezowicza,4,BREZOVICA,
356,Brezowycha,4,BREZOVICA,
357,Brezowycza,4,BREZOVICA,
358,Brezoycha-ad Nagh Kemlek,1,,
359,Brezoycza,1,,
360,Brezoycza,4,BREZOVICA,
361,Brezt,2,,
362,Brezth,4,,1
363,Brezthowcz,1,,
364,"Brezthowcz, Dechyna",1,,
365,"Brezthowcz, Dolina",1,,
366,Brezthoycza,1,,
367,Brezthye,4,,
368,Breztoycha,1,,
369,Brezyancz,3,,
370,Brezyna,1,,
371,"Brezyna, Chakowcz",1,,
372,Brezynacz,3,,
373,Brkwnowcz,4,BROKUNJOVEC,
374,Brokownyowcz,4,BROKUNJOVEC,
375,Brokunoucz,4,BROKUNJOVEC,
376,"Brokunoucz, Adamovcz",4,"BROKUNJOVEC, ADAMOVEC",
377,Brokwnowcz,4,BROKUNJOVEC,
378,"Brokwnowcz, Glawnicza",4,"BROKUNJOVEC, GLAVNICA",
379,Brokwnyowcz,4,BROKUNJOVEC,
380,"Brokwnyowcz, Glawnycza",4,"BROKUNJOVEC, GLAVNICA",
381,Brysnyak,1,,
382,Bryzthno,4,GORNJA BISTRA,
383,Budrowcz,1,,
384,"Budyndol, Pomperoucz, Hansevcz",2,"BUDINŠČINA, POMNEROVAC,",1
385,Bukovcz,1,,
386,Bwchyncz,1,,
387,Bwdislawcz,2,,
388,Bwdnak,1,,
389,Bwdowcz,1,,
390,Bwdrocz,1,,
391,Bwdrocz,3,,
392,Bwdrowcz,1,,
393,Bwdrowcz,3,,
394,Bwdyndol,2,,
395,"Bwdyndol, Hansewcz",2,,1
396,"Bwdyndol, Hansewcz, Pomperowcz",2,", POMNEROVEC",1
397,Bwdyndoll,2,,1
398,Bwdyslwcz,2,,1
399,Bwdyzlawcz,2,,1
400,"Bwdyzlawcz, Dymytrowcz",2,,1
401,"Bwkowcz, Zelyna",4,"BUKOVEC, ZELINA",
402,Bwkowschak,4,BUKOVŠĆAK,
403,Bwkowschyak,4,BUKOVŠĆAK,
404,Bwkowsthyak,4,BUKOVŠĆAK,
405,Bwkowychyak,4,BUKOVŠĆAK,
406,Bwschyncz,1,,
407,Bwsowcz,3,,
408,Bwssocz,3,,
409,Bwssowcz,3,,
410,Bwssyn,2,BUŠIN,
411,Bwsthincz,1,,
412,Bwsthyncz,1,,
413,Bwsyn,2,BUŠIN,
414,"Bwsyn, Odra",4,"BUZIN, ODRA",
415,Bwszyn,2,"BELA, IVANEC,",1
416,Bwthkafeld,1,,
417,Bwthkafelde,1,,
418,Bwthkafewlde,1,,
419,Bwthynowcz,1,,
420,Bwtkafeld,1,,
421,Bwyancz,1,,
422,Bwyanowcz,1,,
423,Bwyowcz,1,,
424,"Bwzyn, Odra",4,"BUZIN, ODRA",
425,Byenik,1,,
426,Byenyk,1,,
427,Byenyk ad Topozka (predium),4,,
428,Bygzaad,4,,1
429,Bygzad,1,BISAG,
430,Bygzad,4,,1
431,Bygzad-citra Lonyam,4,,1
432,Bykalla,1,,
433,Bykalya,1,,
434,Bykchelethincz,1,,
435,Bykczelethyncz,1,,
436,Bykszad,4,,1
437,Bykzad,1,BISAG,
438,Bykzad,4,BISAG,1
439,"Bykzad, Wychel portio",1,"BISAG, NOVO MJESTO",
440,"Bykzad, Wyhel",1,"BISAG, NOVO MJESTO",
441,Bynowcz,1,,
442,Byskupcz,4,Biškupec,
443,Byskwpch,4,Biškupec,
444,Byskwpchy,4,Biškupec,
445,Byskwpcz,2,BISKUPEC,
446,Byskwpcz,4,BIŠKUPEC,
447,Byskwpecz,2,BIŠKUPEC,
448,Byskwpecz,4,BIŠKUPEC,
449,Byskwpowcz,2,,
450,Byskwpowcz,4,,
451,Bysztra,4,BISTRA,
452,Bysztrycza,4,BISTRICA,
453,Byxad,1,BISAG,
454,Byxad cum pertinentiis,1,BISAG,
455,Byzagh,1,BISAG,
456,Byzkelethycz,1,,
457,Byznafew,1,,
458,Byzthra,4,BISTRA,
459,Byzthra ad Zomzewdwara,4,BISTRA,
460,Byzthrycha,4,BISTRICA,
461,Byzthrycza,4,BISTRICA,
462,Byzthrycze,4,BISTRICA,
463,Byztra,4,BISTRA,
464,Byztricza,4,BISTRICA,
465,Byztricza cum pertinentiis,4,BISTRICA,
466,Byztrycza,4,BISTRICA,
467,Byztrycze,4,BISTRICA,
468,Byztrycze cum pertinentiis,4,BISTRICA,
469,Camarcha,1,,
470,"Camarcha, Thwlowa",1,,
471,Campus,1,,
472,Campus-Sancta Maria Virginis in Campo,1,,
473,Capella,1,STARA KAPELA,
474,"Cappela,Kelyanowcz",1,,
475,Captholowcz,1,,
476,Cargoucz,2,CERKOVEC,
477,Carlowcz,1,KARLOVEC,
478,Casma,1,ČAZMA,
479,Cerabarda,1,,
480,Cerztwecz,1,,
481,Chakowcz,1,,
482,"Chakowcz, Brezyna",1,,
483,Chaktornya,1,,
484,Chalyncz,2,ČALINEC,
485,Channyo,1,ČANJEVO,
486,Chano,1,ČANJEVO,
487,Chanyo,1,ČANJEVO,
488,"Chanyo, Prezeka, Rauen",1,"ČANJEVO,",1
489,Chapalowcz,1,,
490,Chapolowcz,1,,
491,Chargowcz,2,,1
492,Charzyncz,1,,
493,Chasma,1,ČAZMA,
494,Chasma-in pertinentiis,1,ČAZMA,
495,Chasmafew,1,ČAZMA,1
496,Chawlyncz,2,,
497,Chazarwara,2,CESARGRAD,
498,Chazarwara-castrum cum pertinentiis,2,CESARGRAD,
499,Chazmafew,1,ČAZMA,
500,Chebenowcz,1,,
501,Chehowyna ad portionem,1,,
502,Chekno,1,,
503,Chelowechky,2,,
504,Chelychye,1,,
505,Chelycze,1,,
506,Chemernicha,1,,
507,Chemernicza,1,,
508,Chemernycha,1,,
509,Cheperlyncz,2,,1
510,"Cheperlyncz, Stefancz",2,", ŠTEFANEC, OTOK",1
511,"Cheperlyncz, Stephancz, Othok",2,,1
512,"Cheperlyncz, Zenth Kelemen",2,BARTOLOVEC,
513,"Cheperlyncz, Zenthkelemen",2,,
514,"Cherbenye, Lwkawecz",1,,
515,Cherbyncz,2,,
516,Cherchan ad Gemlech,1,,
517,Chereborda,1,,
518,Cheresnye,2,,
519,Cheresnyo,2,,
520,"Cheresnyo, Wydowcz",2,,
521,Cherkowczy,4,,
522,Chernacz,3,,
523,Chernareca,1,,
524,Chernareka,1,,
525,Chernchan ad Gemlecz,1,,
526,Chernech,3,,
527,Chernecz,3,,
528,"Cherneleucz, Toplychycza",4,", TOPLIČICA",1
529,Chernesoucz,1,,
530,Chernkocz,4,ČRNKOVEC,
531,Chernkowch,4,ČRNKOVEC,
532,Chernkowcz,4,ČRNKOVEC,
533,"Chernkowcz, Schytaryo",4,"ČRNKOVEC, ŠČITARJEVO",
534,Chernomerch,4,ČRNOMEREC,
535,Chernomercz,4,ČRNOMEREC,
536,Chernomercz (Medwe),4,ČRNOMEREC,
537,Chernomerecz,4,ČRNOMEREC,
538,Chernossowcz,1,,
539,"Chernylewch, Thoplychycha",4,", TOPLICA",1
540,Chernylno,4,,
541,Chero berdo,1,,
542,Cherowoberdo,1,,
543,Cherthwecz,1,,
544,Chertwecz,1,,
545,Cherwylno,4,,1
546,Cherzthwecz,1,ČVRSNEC,
547,Cherzthweczfew,1,ČVRSNEC,
548,Cherztwecz,1,ČVRSNEC,
549,Cherztwecz Zenth Pether,1,SVETI PETAR ČVRSNEC,
550,Cherzwecz,1,,
551,Chesthylowcz,1,,
552,Chethertekhel,1,,
553,Chethwecz,1,,
554,Chezmycza Zenth Iwan,1,,
555,Chezthylowcz,1,,
556,Cheztylowcz,1,,
557,Chezwecz,1,,
558,Chialyncz,2,,
559,Chnesancz,1,,
560,Chorgowcz,2,,1
561,Chowcowyna,1,,
562,Chowkowyna,1,,
563,Chrechan,4,,
564,Chrechancz,4,,
565,Chremysthe,1,,
566,Chrenchan ad Gemnecz,1,,
567,"Chresnevo, Obres",2,,
568,Chresno,1,,
569,Chresnyo,1,,
570,Chreztwecz*,1,,
571,Christalocz,1,,
572,Christhalowcz,1,,
573,Chrysthalowcz-cum provincia et pertinentiis,1,,
574,Chucher,4,ČUČERJE,
575,Chwcher,4,ČUČERJE,
576,Chwcherye,4,ČUČERJE,
577,Chwchwwachincz,1,,
578,Chwdowcz,1,,
579,"Chwdowcz, Wynarcz",1,SUDOVEC I VINAREC,
580,Chwthenya,1,,
581,Chyanyo,1,ČANJEVO,
582,Chyazarwara,2,CESARGRAD,
583,Chycherye,4,ČUČERJE,
584,Chychyrye,4,ČUČERJE,
585,Chyglana,1,,
586,Chyglena,1,,
587,Chygleno,1,,
588,Chystho Hrastye,3,,
589,Chystho Hrazthya,3,,
590,Chyzarwara,2,CESARGRAD,
591,Chyzta Hrazthya,3,,
592,Chyztahrazthya,3,,
593,Cirquena,1,,
594,Civitas Montis Grecensis Zagrabiensis,4,GRIČ,
595,Civitas Montis Grecensis Zagrabiensis (taxa 500 fl),4,GRIČ,
596,"Clobwk, Jalsewcz, Zenth Iwan",1,,
597,Clokochewcz,1,KLOKOČEVEC,
598,Clwch,1,,
599,Cnesancz,1,,
600,Conthowcz,1,,
601,Copathowcz,1,,
602,Copozowcz,1,,
603,Corbowa,1,,
604,Coren,1,,
605,"Coren, Zdela",1,,
606,Coroska,1,,
607,Corpus Christi in Prodauiz,1,,
608,Cothnyak,1,,
609,Coznethyno,1,,
610,Coznycza,4,KOSNICA,
611,Coznycza cum pertinentiis,4,KOSNICA,
612,Coztanowcz,1,KOSTANJEVAC,
613,Coztel-castrum cum pertinentiis,2,KOSTEL,
614,Crachowcz,1,,
615,Crapyna,2,KRAPINA,
616,"Craschych, Wywodyna",4,"KRAŠIĆ,",1
617,Crassulcz,2,,
618,Crawaryna,1,,
619,Crawarzka,4,,
620,Crawloch,1,,
621,Crethyn in Dobrachwcha,1,,
622,Crisiensis-civitas superior,1,KRIŽEVCI,
623,Crisium,1,KRIŽEVCI,
624,Crisium-civitas,1,KRIŽEVCI,
625,Crisium-civitas (taxa 500 fl),4,KRIŽEVCI,
626,Crisium-civitas inferior,1,KRIŽEVCI (INF.),
627,Crisium-civitas superior,1,KRIŽEVCI (SUP.),
628,Crisium-claustri,1,KRIŽEVCI,
629,Crisium-claustrum,1,KRIŽEVCI,
630,Crisium-inferior civitas,1,KRIŽEVCI,
631,Crisium-superior civitas,1,KRIŽEVCI,
632,Crisnychya,1,,
633,Crisnychya ad Galgoycza,1,,
634,Crisowlan,1,KRIŽOVLJAN,
635,Crisowlyan,1,KRIŽOVLJAN,
636,Cristallowcz,1,,
637,Cristalowcz,1,,
638,Cristhalowcz,1,,
639,Cristocz,1,,
640,Crysancz,2,,
641,Crysthalowcz,1,,
642,Crysthesawcz-ad Galgowcz,1,,
643,Cryznychycha-ad Zenthywan dicata,1,,
644,Csalyncz,2,ČALINEC,
645,Cwlpowcz,1,,
646,Cyglena,1,,
647,Cyrquena,1,,
648,Czarghowcz,2,,
649,Czargowcz,2,,1
650,Czazarwara,2,,
651,"Czebowcz, Kos",2,,
652,Czekno,1,,
653,Czelyche,1,,
654,Czeraberda,1,,
655,Czereborda,1,,
656,Czerowaberda,1,,
657,Czerowycza Zenth Iwan,1,,1
658,Czerowycza Zenth Iwan- ad Zenth Gergerwara,1,,
659,Czerowycza Zentiwan,1,,
660,Czerowycza-ad Zenth Gerghwara,1,,
661,Czerye,4,CERJE,
662,Czerzthwecz,1,,
663,Czome,1,,
664,Czwethkowych,4,CVETKOVIĆ,
665,Czwethkowychy,4,CVETKOVIĆ,
666,Czwethkowychy ad Okych,4,CVETKOVIĆ,
667,Czwethkoych-judicatus ad Okych,4,CVETKOVIĆ,
668,Czyczerye,4,,
669,Czyglenycza,2,CIGLENICA,
670,Czyrquena,1,CIRKVENA,
671,Czywczerye,4,ČUČERJE,
672,Damerye,4,DEMERJE,
673,Danowcz,1,,
674,Darnocz-cum pertinenciis,1,,
675,Darnowcz,1,,
676,Darnowcz cum pertinentiis,1,,
677,Darnowcz- cum pertinentiis,1,,
678,Darnowcz-cum pertinenciis,1,,
679,Darnowcz-cum pertinentiis,1,,
680,Darozlo Bakwa,1,,
681,Dawch,1,,
682,Deche,1,,
683,Declyna,1,,
684,Decze,3,,
685,Dedochay sub Pokwpye,4,,1
686,Demerie,4,DEMERJE,
687,Demerye,4,DEMERJE,
688,Dercowcz,1,,
689,Derkowcz,1,,
690,Dersze,3,,
691,Derze,3,,
692,Desnycze,1,,
693,Desowcz,1,,
694,Deykowcz-de Waska,1,,
695,Dezsnych- judicatus (Jazthrebarzka-castrum),4,,
696,Dimikowcz,1,,
697,Dimitrowcz,1,DIMITROVEC,
698,Dimytroucz,2,DIMITROVEC,
699,Districtus Capituli Zagrabiensis,4,KAPTOL,
700,Districtus dominorum Capituli ecclesiae Zagrabiensis,4,KAPTOL,
701,Dobochecz,1,,
702,Dobovcz,1,DUBOVEC,
703,Dobowcz,1,DUBOVEC,
704,Dobownyk,3,,
705,Dobowyna,1,,
706,Dobowyo in Berzewcze,1,,
707,Dobra Kuchya,1,,
708,Dobrachwcha,1,,
709,Dobrachwcha cum pertinentiis,1,,
710,Dobrakuchya,1,,
711,Dobrawa,4,,
712,Dobrawa ad Lythwuanych,4,,
713,Dobrawa villa ad Lythwanych,4,,
714,Dobrawycza,2,,
715,Dobrokychya,1,,
716,Dobrowa Czerzka,4,,1
717,Dobrowoych,1,,
718,Dobrowych,1,,
719,Dobrowyncz,1,,
720,Dobryncz,1,,
721,Dol,4,,1
722,Dolane,4,DOLAJNA,1
723,Dolanie,4,DOLAJNA,
724,Dollyany,4,DOLAJNA,
725,Dolyan,4,DOLAJNA,
726,Dolyan ad Belam,1,,
727,Dolyancz,1,,
728,Dolyane,4,DOLAJNA,1
729,Dolyany,4,DOLAJNA,
730,Dolyanye,4,DOLAJNA,
731,Domaghowych,4,DOMAGOVIĆ,
732,Domagowych,4,DOMAGOVIĆ,
733,Domagowych- judicatus (Jazthrebarzka-castrum),4,DOMAGOVIĆ,
734,Domancusowcz,1,,
735,Domankwsoucz,1,,
736,Domankwsowcz,1,,
737,Dombrensi,1,,
738,Dombro,1,,
739,"Dombro-oppidum, Gradecz",1,,
740,"Dombro-provincia, ad Sanctum Michaelem",1,,
741,Donadoucz,1,,1
742,Donadowcz,1,,
743,Dool,4,,
744,Dorozlo Bakwa,1,,
745,Dragalen,1,,
746,Dragalyn ad Belam,1,,
747,Dragalyna,1,,
748,Draganychy,4,DRAGANIĆI,
749,Draganychy ad Okych,4,DRAGANIĆI,
750,Dragatyn,1,,
751,Dragonoscz,4,DRAGONOŽEC,
752,Dragonosczi,4,DRAGONOŽEC,
753,Dragonosczy,4,DRAGONOŽEC,
754,Dragowya,1,,
755,Dragowya-ad Achynam,1,,
756,Dragowyna,1,,
757,Dragwnych-judicatus ad Okych,4,DRAGANIĆI,
758,Dragyanych,4,DRAGANIĆI,
759,Drakcha,1,,
760,Drascha,1,,
761,Drascha ad Gemenecz,1,,
762,Drascha ad Gemlech,1,,
763,Draschya,1,,
764,Draschyna ad Gemlecz,1,,
765,Drascowcz,1,,
766,Drasewcz,1,,
767,Drasimercz,1,,
768,Draskowcz,1,,
769,Drasowch,1,,
770,Drasowcz,1,,
771,Drawamelleke,1,,
772,Drawamelleky,1,,
773,Dremowa (Drenowa*),4,,
774,Drenoua,4,DRENOVA,
775,Drenowa,4,DRENOVA,
776,"Druskoucz, Koskovcz",2,"DRUŽKOVEC, KOŠKOVEC",
777,Drwskowcz,2,DRUŠKOVEC,
778,"Drwskowcz, Koskowcz",2,"DRUŽKOVEC, KOŠKOVEC",
779,"Drwskowcz, Oskowcz",2,"DRUŽKOVEC, KOŠKOVEC",
780,Dryenowa,4,DRENOVA,
781,Duboucz,1,DUBOVICA,
782,"Dubouycza, Kapolna",1,"DUBOVICA, KAPELA",
783,Dubowcz,1,,
784,Dubrawa,4,,
785,Dulepzka,1,DULJEVSKA,
786,Duoryany,4,,
787,Dwbowcz,1,,
788,Dwbowecz,4,,
789,Dwbrawa,4,,1
790,Dwbyno,1,,
791,Dwgy Werh,1,,
792,Dwlebska,1,DULEPSKA,
793,Dwlebzka,1,DULEPSKA,
794,"Dwlebzka, Graberyancz*",1,DULEPSKA,
795,Dwlepska,1,DULEPSKA,
796,Dwlepzka,1,DULEPSKA,
797,"Dwlepzka, Erdowcz",1,"DULEPSKA, ERDOVEC",
798,"Dwlepzka, Graboryancz",1,DULEPSKA,
799,Dwlyebzka,1,DULEPSKA,
800,Dwmowcz,4,,
801,Dworane,4,,
802,Dworany,4,,1
803,Dworyancz,1,,
804,Dworysche,1,DVORIŠĆE,
805,Dworysche,4,DVORIŠĆE,
806,Dworysche Superior,4,"DVORIŠĆE, OREHOVEC",
807,"Dworysche, Orehowcz",1,"DVORIŠĆE, OREHOVEC",
808,Dworyschye Superior,4,DVORIŠĆE,
809,"Dworyschye, Orehowcz",1,"DVORIŠĆE, OREHOVEC",
810,"Dworyschye, Orehowczy",1,"DVORIŠĆE, OREHOVEC",
811,Dworyste,1,DVORIŠĆE,
812,Dworysthe,1,DVORIŠĆE,
813,Dwsicza cum pertinentiis,4,DUŽICA,
814,Dwsycha Mala cum pertinentiis ad castrum Hrazthowycha,4,DUŽICA,
815,Dwsycza,4,DUŽICA,
816,Dwsycza Mala cum pertinentiis,4,DUŽICA,
817,Dwsycza Mala-cum pertinentiis,4,DUŽICA,
818,Dwsycza Minor,4,DUŽICA,
819,Dwsycza Parva,4,DUŽICA,
820,Dyakowch,1,,
821,Dyakowcz,1,,
822,Dyanfeld,1,,
823,Dyanfelde,1,,
824,Dyanffeld,1,,
825,Dyewsewcz,1,,
826,Dymitrowcz,1,,
827,Dymychffeld,1,,
828,Dymythrowcz,2,DIMITROVEC,
829,Ebres,1,OBREŽ,
830,Ebres in Berzewcze,1,OBREŽ,
831,"Ebres, Koren",1,OBREŽ,
832,"Ebres, Zerdahel",1,OBREŽ,
833,Ecclesia Zagrabiensis,4,,
834,Eghywdowcz,4,,
835,"Egwdowcz, Chargowcz, Polyana",2,,
836,"Egywdo, Charkowcz",2,,
837,Emeryhowcz,1,IMBRIOVEC,
838,Emrihowcz,1,IMBRIOVEC,
839,Emrychowcz,1,IMBRIOVEC,
840,Emryholcz,2,IMBRIOVEC,
841,Emryhowcz,1,IMBRIOVEC,
842,Emryhowcz,2,IMBRIOVEC,
843,Endercowcz,1,IMBRIOVEC,
844,Erdocz,1,ERDOVEC,
845,Erdowcz,1,ERDOVEC,
846,Erdowcz*,1,ERDOVEC,
847,Erdowhcz,1,ERDOVEC,
848,Erpenye,2,,
849,Erwencze,1,,
850,Fabianocz,1,,
851,Fabyanchewcz,1,,
852,Fabyankowcz,1,,
853,Fabyanowcz,1,,
854,Farcasovcz,1,,
855,Farkadyn,1,,
856,Farkasowcz,1,,
857,Farkassowcz,1,,
858,Farkazowcz,1,,
859,Felse Chezmyche,1,,
860,Felse Chezmycze,1,,
861,Felse Izdencz,1,,
862,Felse Wolyawlya,4,,
863,Felse Zemche,1,,
864,Felse Zthwbycza,4,GORNJA STUBICA,
865,Felseu Ztobycza,4,GORNJA STUBICA,
866,"Felseu Ztobycza, Lepa Vez",4,"GORNJA STUBICA, LEPA VES",
867,Felsew Bakwa,1,GORNJA BUKOVICA,1
868,Felsew Bakwa,3,GORNJA BUKOVICA,1
869,Felsew Bakwa cum pertinentiis,3,GORNJA BUKOVICA,1
870,Felsew Chesmyche,1,,
871,Felsew Gerzencze,1,,
872,Felsew Hyzdencz,1,,
873,Felsew Izdencz,1,,
874,Felsew Pozawye / Zablathye,4,,
875,Felsew Soploncza,1,,
876,Felsew Soproncha,1,,
877,Felsew Soproncza,1,,
878,Felsew Stwbycza,4,GORNJA STUBICA,
879,Felsew Thothwssewyna,1,,
880,Felsew Totusewyna,1,,
881,Felsew Wolawlya,4,VOLAVJE,
882,Felsew Zemche,1,,
883,Felsew Zempche,1,,
884,Felsew Zthobycza,4,GORNJA STUBICA,
885,Felsew Zthwbycza,4,GORNJA STUBICA,
886,"Felsew Zthwbycza, Bedenycze",4,"GORNJA STUBICA, BEDENICA",
887,"Felsew Zthwbycza, Bosyako",4,"GORNJA STUBICA, BOŽJAKOVINA",
888,Felsew Ztobycza,4,GORNJA STUBICA,
889,Felsew Ztwbycza,4,GORNJA STUBICA,
890,Felsewztobycza,4,GORNJA STUBICA,
891,Felso Czesmycze,1,GORNJA STUBICA,
892,Felso Zthwbycza,4,GORNJA STUBICA,
893,Felsow Stwbicza,4,GORNJA STUBICA,
894,Felsse Zthobycza,4,GORNJA STUBICA,
895,Felsw Bakwa,3,GORNJA STUBICA,
896,Felwsew Krayachowcz,1,GORNJA STUBICA,
897,Feolso Ztobycza,4,GORNJA STUBICA,
898,Ferkulovcz,2,FERKULJEVEC,
899,Ferkwlewcz,2,FERKULJEVEC,
900,Ferkwlowcz,2,FERKULJEVEC,
901,Ferkwlyewczy,2,FERKULJEVEC,
902,Ferkwlyocz,2,FERKULJEVEC,
903,Ferkwlyowcz,2,FERKULJEVEC,
904,Fewlsew Soproncza,1,,
905,Fewlsew Zthobycza,4,GORNJA STUBICA,
906,Feyerkew,1,,
907,Feyrkew-waywodatus cum pertinentiis,1,,
908,Filyphfalwa,1,,
909,Finthincz,1,,
910,Fodoroucz,3,FODOROVEC,
911,Fodorowcz,1,FODOROVEC,
912,Fodorowcz,3,FODOROVEC,
913,Fodorowczy,2,FODOROVEC,
914,Fodroucz,1,FODOROVEC,
915,Fodrowcz,1,FODOROVEC,
916,Foryanowcz,1,,
917,Furmeghoch,1,,
918,Fwka,1,FUKA,
919,Fychowcz,1,,
920,Fyerky,1,,
921,Fylethyncz,1,,
922,Fylippfalwa,1,,
923,Fynchewcz,1,,
924,Fynthych,1,,
925,Fynthyncz,1,,
926,Galgoncha,1,GLOGOVNICA,
927,Galgoncha-ad provincia,1,GLOGOVNICA,
928,Galgoncza,1,GLOGOVNICA,
929,"Galgoncza, Kalecz",1,GLOGOVNICA,
930,"Galgoncza, Thkalecz",1,GLOGOVNICA,
931,Galgoncza-provincia ad,1,GLOGOVNICA,
932,Galgowo,4,GALGOVO,
933,Galgowo (Okych),4,GALGOVO,
934,Galguncha,1,,
935,Galowchecz,1,,
936,Galowcz,1,,
937,Garazda,1,,
938,Garazdyncz,1,,
939,Gardowa,1,,
940,Garyghnycze,1,,
941,Garygnycza,1,,
942,Gathalocz,1,,
943,Gathalovcz,1,,
944,Gathalowcz,1,,
945,Gathalowcz,2,,
946,Gayancz,2,,
947,"Gayancz, Nedelyancz",2,"GOJANEC, NEDELJANEC",
948,Gayanczy,1,GOJANEC,
949,Gedrocz,1,,
950,Gedrowcz,1,,
951,Gemelgfelde,1,,
952,Geramuczyak,2,,
953,Gereben,4,GREBEN,1
954,Gerecz,1,,
955,Gerecz,4,,
956,Geremchari,2,,
957,Gerwasowcz,1,,
958,Gerzencze,1,,
959,Ghoricza,4,,
960,Glagowo,4,,
961,Glaunycza Sanctae Trinitatis,4,,
962,"Glavnycza, Ztobycza",4,"GLAVNICA, STUBICA",
963,Glawnicza,4,GLAVNICA,
964,Glawnicza Zelinawar,4,GLAVNICA,
965,Glawnycha,4,GLAVNICA,
966,Glawnycha ad Zelynawar,4,GLAVNICA,
967,Glawnycza,4,GLAVNICA,
968,"Glawnycza, Zthobycza",4,GLAVNICA,
969,Globochech,4,GLOBOČEC,
970,Globochecz,1,GLOBOČEC,
971,Globochecz,4,GLOBOČEC,
972,"Globochecz, Polyana",1,"GLOBOČEC, POLJANA",
973,Globochez,4,GLOBOČEC,
974,Globochicha,1,GLOBOČEC,
975,Globochycza,1,GLOBOČEC,
976,"Glokosowcz, Mylethynch",1,,
977,"Golgoncza, Kalecz",1,"GLOGOVNICA,",1
978,Golyak- judicatus (Jazthrebarzka-castrum),4,,
979,Gorazdyncz,1,,
980,Gorbonakffew,1,,
981,Gorbonok,1,,
982,"Gorbonok, Drawamelleke",1,,
983,"Gorbonok, Drawamelleky",1,,
984,Gorbonok-oppidum cum pertinentiis,1,,
985,Gorbonok-oppidum-cum pertinentiis,1,,
986,Gorbonokfew,1,,
987,Gorbonokffew,1,,
988,Gorbonwk,1,,
989,Gorbonwk-oppidum cum pertinentiis,1,,
990,Gorbonwkfew,1,,
991,Gorbonwkfew ad Zenth Gergwara,1,,
992,Gorbowa,1,,
993,Gordova,1,,
994,Gordowa,1,,
995,Goricza in episcopatu Zagrabiensi,4,,
996,Gorycha,1,,
997,"Gorychan, Zbelye",2,,
998,Gorycza,1,GORICA,
999,Gorycza,3,GORICA,
1000,Gorycza,4,GORICA,
1001,Gorycza Maiori,4,,
1002,Gorycza sive Pregrada,2,GORIČANOVEC,1
1003,Gorycza sive Pregradye,2,GORIČANOVEC,1
1004,Gorycza sive Prygorya,2,GORIČANOVEC,1
1005,"Gorycza, Pleszo",4,"GORICA, PLESO",
1006,Gorycza-pertinens ad Hrazthowycza,4,GORICA,
1007,Gorycza-pertinentiis,1,GORICA,
1008,Gorycze,1,GORICA,
1009,Gorycze ad Zenth Gergwara,1,GORICA,
1010,Goryzca ad Hrazthowyczam,4,GORICA,
1011,Gotaleryancz,1,,1
1012,"Gotalowcz, Zawersye",2,"GOTALOVEC, ZAVRŠJE",
1013,Gothalowch,2,GOTALOVEC,
1014,Gothalowcz,1,GOTALOVEC,
1015,Gothalowcz,2,GOTALOVEC,
1016,"Gothalowcz, Zawersye",2,"GOTALOVEC, ZAVRŠJE",
1017,Gottaloucz,2,GOTALOVEC,
1018,Gotthalowcz,2,GOTALOVEC,
1019,Gozthowychy,1,GOSTOVIĆ,1
1020,Goztowycz,1,GOSTOVIĆ,1
1021,Goztowyczy,1,GOSTOVIĆ,1
1022,Graberiancz,1,,
1023,Graberya,1,GRABE,1
1024,Graberye,1,GRABE,1
1025,Graberye,2,GRABE,1
1026,Grabrych,1,GRABRIĆ,
1027,Grabrychy,1,GRABRIĆ,
1028,Gracchaan,4,GRAČANI,
1029,Gracchan,4,GRAČANI,
1030,Gracchyan,4,GRAČANI,
1031,Grachan,4,GRAČANI,
1032,Grachian,4,GRAČANI,
1033,Grachina ad Garig,1,GRAČANI,
1034,Grachyan,4,GRAČANI,
1035,Grachyna,1,GRAČINA,
1036,Gradacz,1,GRADAC,1
1037,"Gradacz, Jampnicza",4,", JAMNICA",1
1038,"Gradacz, Jampnycza",4,", JAMNICA",1
1039,Gradchane sub Medwe,4,GRAČANI,
1040,Gradchyna-ad Garych,1,,
1041,Gradecz,1,GRADEC,
1042,Gradecz-fortalitium cum pertinentiis,1,GRADEC,
1043,Gradna,1,GRADEC,
1044,Gradysche,1,,
1045,Gragena,1,,
1046,Gragenna,1,,
1047,Gragenya,1,,
1048,Gragyan,4,GRADNA,
1049,Gramchoucz,1,,
1050,Grayan,1,,
1051,Greben,4,GREBEN,1
1052,Greben cum pertinentiis,4,GREBEN,1
1053,Greben-castrum cum pertinentiis,4,GREBEN,1
1054,Grebenna,1,GREBEN,1
1055,Greczan,4,GRAČANI,
1056,Greda,1,,
1057,Gredakowcz ad Gemnecz,1,,
1058,"Gredycze, Zabok",2,"GUBAŠEVO, ZABOK",
1059,Gregorchyncz,1,,
1060,Gregorczyncz,1,,
1061,Gregorowcz,1,GREGUROVEC,
1062,Gregorowcz,2,GREGUROVEC,
1063,"Gregorowcz, Zabok",2,GREGUROVEC,
1064,Gregoryancz,1,,
1065,"Gregoryancz, Dorozlawcz, Camarcha",1,,
1066,Gregoryewcz-villicatus ad Nagkemlek,1,,
1067,Gregoryewyna,1,,
1068,"Gregoryowcz, Zaywsawcz",1,,
1069,Gregoucz,1,,
1070,Gregsynch,1,,
1071,Greguroucz,1,GREGUROVEC,
1072,Greguroucz,2,GREGUROVEC,
1073,"Greguroucz, Zabok",2,GREGUROVEC,
1074,Gregurowcz-vilicatus-ad Nagh Kemlek,1,GREGUROVEC,
1075,Gregwrowcz,1,GREGUROVEC,
1076,Gregwrowcz,2,GREGUROVEC,
1077,"Gregwrowcz, Thoplycza, Oskowcz, Wethekowcz",2,GREGUROVEC,
1078,"Gregwrowcz, Toplycza, Oskowcz",2,"GREGUROVEC,",1
1079,Gregwrowcz-ad Nagh Kemlek,1,,
1080,Gregwryewyna,1,,
1081,Gregwryowcz,1,,
1082,Grekzynchk,1,,
1083,Grexincz,1,,
1084,Grexyncz,1,,
1085,Grobosincz,1,,
1086,Grobosyncz,1,,
1087,Grymoucz,1,,
1088,Grymowcz,1,,
1089,Grysnyak,1,,
1090,"Gubassewo, Martyncze",2,"GUBAŠEVO, MARTINEC",
1091,"Gubassewo, Prozenyk",2,"GUBAŠEVO, PROSENIK",
1092,Gunnyak,1,,
1093,Gurgekowcz,1,,
1094,Gwbasewo,2,GUBAŠEVO,
1095,Gwbasowo,2,GUBAŠEVO,
1096,Gwbassewo,2,GUBAŠEVO,
1097,"Gwbassewo, Krysanch",2,GUBAŠEVO,
1098,"Gwbassewo, Prozenyk",2,"GUBAŠEVO, PROSENIK",
1099,Gwbassowo,2,GUBAŠEVO,
1100,Gwdoch,1,,
1101,Gwdowcz,1,,
1102,Gwdowcz-cum pertinentis,1,,
1103,Gwnnak,1,,
1104,Gwnnyak,1,,
1105,Gwnyak,1,,
1106,Gwrgenowcz,1,,
1107,Gwrgeroucz,1,,
1108,Gwrgewcz,1,,
1109,Gwrsincz,1,,
1110,Gymelchfeld,1,,
1111,Gywgancz,1,,
1112,Gywgyancz,1,,
1113,Gywgyekowcz,1,,
1114,Gywrethyncz,1,,
1115,Gywrgyekowcz,1,,
1116,Gywrgykowchecz,1,,
1117,Gywrgykowcz,1,,
1118,Gywrkethyncz,2,,
1119,Gywrsyncz,1,,
1120,Gywrynowcz,1,,
1121,Habyanowcz,1,,
1122,Hagen,1,HAGANJ,
1123,Haghen,1,HAGANJ,
1124,Halehosowcz,1,,
1125,Hathko,1,,
1126,Hathkozenth Mihal,1,,
1127,Hatko,1,,
1128,Haznarcz,1,,
1129,"Haznarcz, Turkoucz",1,,
1130,Hedrihowcz,1,,
1131,Hedryhowcz,1,,
1132,Hegen,1,HAGANJ,
1133,Heghen,1,HAGANJ,
1134,Hemowcz,1,,
1135,Herbolthoucz,1,,
1136,Herbolthowcz,1,,
1137,Herbolthya,1,,
1138,Herbolthyo,1,,
1139,Herborthya,1,,
1140,Herbortya,1,,
1141,Herbothowcz,1,,
1142,Hercowcz,1,,
1143,Heressyncz,1,,
1144,Heresyncz,1,,
1145,Herethyncz,1,,
1146,"Hergowicza, Pwzta Dwsa",4,,
1147,Herpeny,2,,
1148,Herpenye,2,,
1149,Heryowcz,1,,
1150,Herysynch,1,,
1151,Herzowa,1,,
1152,Hewiz-oppidum ad Dobrachwcha,1,,
1153,Hom,1,HUM,
1154,Hom,4,HUM,
1155,Hom Zenth Marthon,1,HUM,
1156,Horeowcz,1,,
1157,Horzowa,1,,
1158,Hothko,1,,
1159,Hothko Zenth Myhal,1,,
1160,Hothnya Zenth Pal,1,,
1161,Hothowa,1,,
1162,Hothowo ad Zenth Gergwara,1,,
1163,Howano ad Kapruncza,1,,
1164,Hozywfalw,1,,
1165,Hradschyna,4,,1
1166,Hrascha,4,HRAŠĆE,
1167,Hraschan,1,,
1168,Hrasche,4,HRAŠĆE,
1169,Hraschia,4,HRAŠĆE,
1170,Hraschya,4,HRAŠĆE,
1171,Hraschyna,4,,1
1172,Hraschyna ad Greben cum pertinentiis,4,,
1173,Hraschyna in pertinentiis Greben,4,,
1174,Hrasthan,1,,
1175,Hrasthye,4,,
1176,Hrastina,1,,
1177,Hrastovica cum pertinentiis,4,,1
1178,Hrastowicza cum pertinentiis,4,,
1179,Hrastowicze-castrum cum pertinentiis,4,,1
1180,Hrazthowycza-pertinencia,4,,
1181,Hrazthowycze-castrum cum pertinentiis,4,,
1182,Hrazthowycze-pertinantiae,4,,
1183,Hrazthye,4,HRAŠTJE,
1184,Hrazthyna,1,HRAŠTJE,
1185,Hraztina,1,,
1186,Hraztowycza-castrum cum pertinentiis,4,,
1187,Hraztowycze-castrum cum pertinentiis,4,,
1188,Hraztoyczam cum pertinentiis,4,,
1189,Hrebyncz,4,,
1190,Hrelych,4,HRELIĆ,
1191,Hrelychi,4,HRELIĆ,
1192,Hrelychy,4,HRELIĆ,
1193,Hromchovcz,1,,
1194,Hromchowcz,1,,
1195,Hromkowcz,1,,
1196,Hrusocz,1,HRUŠEVAC,
1197,Hrusowcz,1,HRUŠEVAC,
1198,Hrustopecowyna,1,,
1199,Hrwsewcz,4,HRUŠEVAC,
1200,Hrwskopekowyna,1,,
1201,Hrwsowcz,1,HRUŠEVAC,
1202,Hrwsowcz*,1,HRUŠEVAC,
1203,Hrwssewcz,4,HRUŠEVAC,
1204,Hrwssowcz,1,HRUŠEVAC,
1205,Hrwssowcz,4,HRUŠEVAC,
1206,Hrwssowcz ad Thopozka,4,HRUŠEVAC,
1207,Hrwssowcz ad Topozka (predium),4,HRUŠEVAC,
1208,"Hrwssowcz, Bwsthyncz",1,HRUŠEVAC,
1209,Hrwzowcz-ad Gorbonok,1,HRUŠEVAC,
1210,Hvm,1,HUM,
1211,Hwdy Bythek,4,HUDI BITEK,
1212,Hwethincz,1,,
1213,Hwm,1,HUM,
1214,Hwm,4,HUM,
1215,Hwm Zenth Marthon,1,HUM,
1216,Hwm Zenthmarton,1,HUM,
1217,Hwywaros,1,,
1218,Hwzarcz,1,,
1219,"Hwzarcz, Zenthywan",1,,
1220,Hwzywfalu,1,,
1221,Hyzdencz,1,,
1222,Ilowa,3,,
1223,Ilowa cum pertinentiis,3,,
1224,Inferior Lwkawcz,4,LIKAVEC,
1225,"Inferior Lwkawcz, Kozthaniewcz",4,"LUKAVEC, KOSTANJEVEC",
1226,"Inferior Lwkawcz, Kozthanyewcz",4,"LUKAVEC, KOSTANJEVEC",
1227,"Inferior Lwkawcz, Obres",4,"LUKAVEC, OBREŽ",
1228,Inferior Lwkawecz,4,LUKAVEC,
1229,Inferior Opathyncz,1,,
1230,Inferior Vaska,1,,
1231,Inferior Waska,1,,
1232,"Inoskowcz, Foryanowcz",1,,
1233,Insula,2,OTOK,
1234,Insula Zenth Berthalan,2,BARTOLOVEC,
1235,Insula-fortalitium*,2,OTOK,
1236,Insuly,2,OTOK,
1237,Inwsowcz,1,,
1238,Isanowcz,1,,
1239,Ista parte Zawe (s ove strane Save),4,,1
1240,Iwahnowcz ad Belam,1,IVANEC,
1241,Iwanch,1,IVANEC,
1242,Iwancz,1,IVANEC,
1243,Iwancz an Berzewcze,1,IVANEC,
1244,Iwancz in Berzewcze,1,IVANEC,
1245,Iwanheg,1,IVANEC,
1246,Iwanhegh,1,IVANEC,
1247,Iwanicz,1,IVANEC,
1248,Iwannussowcz,1,,
1249,Iwanosowcz,1,,
1250,Iwanowcz,1,,
1251,Iwanusowcz,1,,
1252,Iwanwssowcz,1,,
1253,Iwanych,1,IVANIĆ,
1254,"Iwanych-oppidum, Oppathychyncz, Bregy, Lwpoglaw",1,IVANIĆ,
1255,"Iwanych-oppidum, Oppathyncz, Bregy, Lwpoglaw",1,IVANIĆ,
1256,Iwelowcz,1,,
1257,Iwilovcz,1,,
1258,Izdencz,1,,
1259,Jacopowcz,1,,
1260,Jacupelcz,1,,
1261,Jacupelcz,2,,
1262,Jacupoucz,1,,
1263,Jacupowcz,1,,
1264,Jacwpowcz,1,,
1265,Jagustanowcz,4,AUGUSTANOVEC,
1266,Jagustonowcz (na dobrima topličke opatije),4,AUGUSTANOVEC,
1267,Jagwstanowcz,4,AUGUSTANOVEC,
1268,Jagwstanowcz (Berkyssewyna),4,AUGUSTANOVEC,
1269,Jagywdowcz,4,JEŽDOVEC,
1270,Jakopowcz,1,,
1271,"Jakovllye, Felsew et Also Byztra, Podgorye, Pzarno",4,"JAKOVLJE,GORNJA I DONJA BISTRA, PODGORJA,",1
1272,Jakowla,4,JAKOVLJE,
1273,Jakowlewcz,1,,
1274,"Jakowlia, Also Bisztra",4,"JAKOVLJE, DONJA BISTRA",
1275,"Jakowlia, Also Byztra",4,"JAKOVLJE, DONJA BISTRA",
1276,Jakowlya,4,JAKOVLJE,
1277,"Jakowlya, Also Byztra",4,"JAKOVLJE, DONJA BISTRA",
1278,"Jakowlya, Alsobysztra",4,"JAKOVLJE, DONJA BISTRA",
1279,"Jakowlya, Alsobyztra",4,"JAKOVLJE, DONJA BISTRA",
1280,Jakwpelcz,1,,
1281,Jakwpowcz,1,,
1282,Jakwpowcz ad Belam,1,,
1283,Jakwssewcz,4,JAKUŠEVEC,
1284,Jakwssowcz,4,JAKUŠEVEC,
1285,"Jakwssowcz, Maryncz, Mykchowcz",4,JAKUŠEVEC,
1286,Jalecz,1,PODJALES,1
1287,Jalez,1,PODJALES,1
1288,Jalezcz,1,PODJALES,1
1289,Jalkowcz,1,,
1290,Jalsewa,1,,
1291,Jalsewcz,1,,
1292,"Jalsewcz, Ladyzlawcz",2,,
1293,"Jalsewcz, Zenth Iwan",1,"JALŠEVEC, IVANEC",
1294,Jalsewycza,1,JALŠEVEC,
1295,Jalsoucz,1,JALŠEVEC,
1296,Jalsowcz,1,JALŠEVEC,
1297,Jalsowcz ad Galgwcza,1,JALŠEVEC,
1298,"Jalsowcz, Jerouicza Zent Iwan",1,JALŠEVEC,
1299,"Jalsowcz, Zenth Iwan",1,JALŠEVEC,
1300,"Jalsowcza, Ladyslawcz",2,"JALŠEVEC, LADISLAVEC",
1301,Jalsownyk,2,,
1302,"Jalssowcz, Ladizlawcz",2,"JALŠEVEC, LADISLAVEC",
1303,"Jalsuucz, Ladizlaucz",2,"JALŠEVEC, LADISLAVEC",
1304,Jalzowcz,1,JALŠEVEC,
1305,Jamnicza,4,JAMNICA,
1306,Jamnicza pertinentie,4,"JAMNICA, POKUPSKO",
1307,"Jamnicza, Pokupye",4,"JAMNICA, POKUPSKO",
1308,"Jamnicza, Pokwpye",4,"JAMNICA, POKUPSKO",
1309,"Jamnicza, sub Pokwpye",4,JAMNICA,
1310,Jamninycza,4,JAMNICA,
1311,Jamnycza,4,JAMNICA,
1312,"Jamnycza, Pokwpye",4,"JAMNICA, POKUPSKO",
1313,"Jamnycza, Sub Pokwpye",4,JAMNICA,
1314,Jampnycza,4,JAMNICA,
1315,Jandrasseucz,4,,
1316,Jandrassewcz,4,,
1317,Janenowcz,1,,
1318,Janosowcz,1,,
1319,Janowcz,1,,
1320,Janusowcz,1,,
1321,Janussowcz,1,,
1322,Japathyncz,1,,
1323,Jarebych,4,JAREBIĆ,
1324,Jarebychy,4,JAREBIĆ,
1325,Jarna,1,,
1326,Jarno,1,,
1327,Jarosin,1,,
1328,Jarosyna,1,,
1329,Jarthalowcz,1,,
1330,Jartholowcz,1,,
1331,Jastrebarzka-castrum cum pertinentiis,4,,
1332,Jaworowcz,1,,
1333,Jaworowcz ad Zenth Gergwara,1,,
1334,Jawowcz (Jalsowcz*),1,,
1335,Jawroch,1,,
1336,Jazenowcz,4,JESENOVEC,
1337,Jazka,4,JASTREBARSKO,
1338,Jazka-cum pertinentiis,4,JASTREBARSKO,
1339,Jazthrabarzka,4,JASTREBARSKO,
1340,Jazthrabarzka-castrum cum pertinentiis,4,JASTREBARSKO,
1341,Jazthrabarzka-cum pertinentiis,4,JASTREBARSKO,
1342,Jazthrebarzka,4,JASTREBARSKO,
1343,"Jazthrebarzka, Lyppowecz cum pertinentiis",4,JASTREBARSKO,
1344,"Jazthrebarzka, castrum",4,JASTREBARSKO,
1345,"Jazthrebarzka, castrum, Lyppowcz-oppidum in Jazthrebarska et eorundem pertinentiis",4,JASTREBARSKO,
1346,Jazthrebarzka-castrum cum pertinentiis,4,JASTREBARSKO,
1347,Jazthrebarzka-castrum cum pertinentiis cum opido,4,JASTREBARSKO,
1348,Jazthrebarzka-castrum cum pertinentiis cum oppido,4,JASTREBARSKO,
1349,"Jazthrebarzka-castrum cum suis judicatibus, Lypowcz",4,JASTREBARSKO,
1350,Jazthrebarzka-castrum; oppidum,4,JASTREBARSKO,
1351,Jazthrebynzky Werh,4,,
1352,Jaztrabartzka,4,JASTREBARSKO,
1353,Jaztrebarzka,4,JASTREBARSKO,
1354,Jaztrebarzka cum pertinentiis,4,JASTREBARSKO,
1355,Jaztrebarzka-castrum cum pertinentiis,4,JASTREBARSKO,
1356,Jaztrebarzka-cum pertinentiis,4,JASTREBARSKO,
1357,Jaztrebynzki Werh,4,,
1358,Jaztrebynzkywerh,4,,
1359,Jeghwdowcz,4,JEŽDOVEC,
1360,Jegwdowch,4,JEŽDOVEC,
1361,"Jegwdowch, Bothynch",4,"JEŽDOVEC, BOTINEC",
1362,Jegwdowcz,4,JEŽDOVEC,
1363,"Jegwdowcz, Benkowcz",4,JEŽDOVEC,
1364,"Jegwdowcz, Botyncz",4,"JEŽDOVEC, BOTINEC",
1365,Jegywdowch,4,JEŽDOVEC,
1366,"Jegywdowch, Syslawych, Jegywdowcz",4,"JEŽDOVEC, ŠIŠLJAVIĆ",
1367,Jegywdowcz,4,JEŽDOVEC,
1368,"Jegywdowcz, Lochylnycza, Chehy, Nowaky, Bwzyn",4,"JEŽDOVEC, LUČELNICA, ČEHI, NOVAKI, BUZIN",
1369,"Jegywdowcz, Syslawych",4,"JEŽDOVEC, ŠIŠLJAVIĆ",
1370,"Jegywdowcz, Sysslawychy",4,"JEŽDOVEC, ŠIŠLJAVIĆ",
1371,"Jelakoucz, Zablathya",1,"ĐELEKOVEC, ZABLETJE",
1372,"Jelakowcz, Zablatya",1,"ĐELEKOVEC, ZABLETJE",
1373,Jelkowcz,1,ĐELEKOVEC,
1374,Jellye,1,,
1375,Jelsowcz,1,JALŠEVEC,
1376,Jelye,1,,
1377,"Jemryhoucz, Othok",1,"IMBRIOVEC, OTOK",
1378,Jemryhowcz,1,IMBRIOVEC,
1379,"Jemryhowcz, Othok",1,"IMBRIOVEC, OTOK",
1380,Jenderkowcz ad Garigh,1,,
1381,Jenderkowcz sub Garych,1,,
1382,Jenderkowcz-ad Garych,1,,
1383,Jendrassewcz,4,,
1384,Jerosyn,1,,
1385,Jeszenowcz,4,JESENOVEC,
1386,"Jezenovcz, Adamowcz",4,JESENOVEC,
1387,Jezenowcz,4,JESENOVEC,
1388,Jezero,4,,1
1389,Jurkethyncz,2,JURKETINEC,
1390,Jurketincz,2,JURKETINEC,
1391,"Jwgowcz, Powsincz",3,,
1392,Jwrkethyncz,2,JURKETINEC,
1393,Jwrketyncz,2,JURKETINEC,
1394,Jwrowlyan,4,,1
1395,Kalecz,1,TKALEC,1
1396,Kalecz Uterque,1,TKALEC,1
1397,Kalecz ad Galgoncza,1,TKALEC,1
1398,Kalecz ad Galguncha,1,TKALEC,1
1399,Kalecz uterque,1,TKALEC,1
1400,Kalecz-ad Galgonchacz,1,TKALEC,1
1401,Kalym,4,,
1402,Kamacza,1,,
1403,Kamarcha,1,,
1404,Kamarcza,1,,
1405,Kamarya,1,,
1406,"Kamarya, Melesocz",1,,
1407,Kamechecz-ad Nagh Kemlek,1,,
1408,Kamechnicza,1,,
1409,Kamechnycza,1,,
1410,Kamechnycza ad Nagkemlek,1,,
1411,Kamechnycza-ad Nagh Kemlek,1,,
1412,Kamenie,4,,1
1413,Kamenycza,1,KAMEŠNICA,
1414,Kapella,1,KAPELA,
1415,"Kapolna, Bednye",1,"KAPELA,",1
1416,"Kapolna, Dobowycza",1,"KAPELA, DUBOVICA",
1417,"Kapolna, Dobowycza, Othok, Jemryhowcz",1,"KAPELA, DUBOVICA, OTOK, IMBRIOVEC",
1418,"Kapolna, Dwbowycza cum pertinentiis",1,"KAPELA, DUBOVICA",
1419,"Kapolna, Kylanoch",1,KAPELA,
1420,Kapronchensia bona,1,KOPRIVNICA,
1421,Kaproncza,1,KOPRIVNICA,
1422,Kaproncza-castrum cum pertinentiis,1,KOPRIVNICA,
1423,Kaproncza-civitas,1,KOPRIVNICA,
1424,Kaproncza-oppidium,1,KOPRIVNICA,
1425,Kaproncza-pertinentiis,1,KOPRIVNICA,
1426,Kaproncza-woyewodatus,1,KOPRIVNICA,
1427,Kapruncza,1,KOPRIVNICA,
1428,Kapruncza-Waywodatus ad,1,KOPRIVNICA,
1429,Kaprwncza,1,KOPRIVNICA,
1430,Kaptholowcz,1,,
1431,Karloucz,1,KARLOVEC,
1432,Karlowcz,1,KARLOVEC,
1433,Karlowcz Superior,1,KARLOVEC,
1434,Karlowcz cum pertinentiis,1,KARLOVEC,
1435,Karpowcz,2,KARLOVEC,
1436,Kassyna,4,KAŠINA,
1437,Kasyna,4,KAŠINA,
1438,Kazmethyna,1,,
1439,Kebel,1,KABEL,
1440,Kelemynoch,1,,
1441,Kenchelowcz,1,,
1442,Kengelowcz,1,,
1443,Kengelowhcz,1,,
1444,Kengyelowcz,1,,
1445,Kepchancz,4,,
1446,Kerhennyna,1,,
1447,Kerhennyna-waywodatus superior,1,,
1448,Kerhnyewyna,1,,
1449,Kerhtowcz,3,,
1450,Kernyn,1,,
1451,"Kernyn, Mathwsalowcz",1,,
1452,Kerthowcz,3,,
1453,Kerztowcz,3,,
1454,Kerztynoucz,1,,
1455,Kevstherowcz,1,GUŠĆEROVEC,
1456,Kis Kemlek-pertinencie ad,1,KALNIK,
1457,Kladye,4,KLADJE,
1458,Kladye villa,4,KLADJE,
1459,Klenocz,1,KLENOVEC,
1460,Klenowcz,1,KLENOVEC,
1461,"Klenowhch, Orehowcz",1,"KLENOVEC, OREHOVEC",
1462,Klokochowcz,1,KLOKOČEVEC,
1463,"Klokochowcz, Milethyncz",1,KLOKOČEVEC,
1464,Klokowcz,1,"KLOKOČEVEC, MILETINEC",
1465,Klwch,1,,
1466,Klwka,4,KLJUKA,
1467,Klyncha Szela,4,KLINČA SELA,
1468,Klyncha Zela,4,KLINČA SELA,
1469,Klyncha szela,4,KLINČA SELA,
1470,Klynchaszela,4,KLINČA SELA,
1471,Klynchazela,4,KLINČA SELA,
1472,"Klywka, Kowachewcz",4,"KLJUKA,",1
1473,"Klywka, Kowachowcz",4,"KLJUKA,",1
1474,Kneghyncz,2,KNEGINEC,
1475,Knegyncz,2,KNEGINEC,
1476,Knesancz,1,,
1477,Knesech,1,,
1478,Knesecz,1,,
1479,Knessancz,1,,
1480,Knesty,1,,
1481,Knesyncz,2,,
1482,Knezecz,1,,
1483,Knyegyncz,2,KNEGINEC,
1484,Kobyle,1,,
1485,Kobylych,4,KOBILIĆ,
1486,Kobylychy,4,KOBILIĆ,
1487,"Kobylychy, Persynowcz",4,"KOBILIĆ,",1
1488,Kobylye,1,,
1489,Kochan,1,KUĆE,
1490,Kochan,2,KUĆE,
1491,"Koche, Lomnycha",4,"KUČE, LOMNICA",
1492,"Koche, Lomnycza",4,"KUČE, LOMNICA",
1493,Kochewcz,2,,
1494,Kochycze,1,,
1495,Kochycze-insula,2,,
1496,Kokorekowcz,1,,
1497,Kolaryewcz,1,,
1498,Kolaryewecz,1,,
1499,Kolchewcz,4,KOPČEVEC,
1500,Kolchewczy (Bosyako),4,,
1501,"Koledyncz, Kwzmyncz",1,"KOLEDINEC, KUZMINEC, ĐEELEKOVEC",
1502,"Koledyncz, Kwzmyncz, Jelekowcz",1,"KOLEDINEC, KUZMINEC, ĐEELEKOVEC",
1503,Komarcha,1,,
1504,Komarcza,1,,
1505,Komaryn,1,,
1506,Komor,2,KOMOR,
1507,"Komor, Mwrkowcz",2,"KOMOR, MIRKOVEC",
1508,"Komor, Myrkowcz",2,"KOMOR, MIRKOVEC",
1509,"Komor, Wladyzlowcz",2,,
1510,Komosowcz,1,,
1511,Komozowcz,1,,
1512,Konczka,1,,
1513,Konschicza,4,,
1514,Konschycza,4,KONJŠĆICA,
1515,Konsycza,4,KOSNICA,
1516,Konthoch Zenthpeter,3,,
1517,Konthocz Zenth Miklos,3,,
1518,Konthocz Zenthmyklos,3,,
1519,Konthowcz,1,,
1520,Konthowcz -cum pertinentiis,3,,
1521,Konthowcz Zenth Myklos,3,,
1522,Konthowcz Zenthmyklos,3,,
1523,Konthowcz Zenthpeter,3,,
1524,Konthowcz cum pertinentiis,3,,
1525,Konthowcz-cum pertinentiis,3,,
1526,Konzka,1,,
1527,Konzka-swpanathws,1,,
1528,Konzka-woywodatus,1,,
1529,Kopachowcz,1,,
1530,Kopakowcz,1,,
1531,Kopchyna,4,KUPČINA,
1532,Kophachowcz,1,,
1533,"Kopino, Sabnicha",1,,
1534,"Kopino, Sabpnicha",1,,
1535,Kopochowcz,1,,
1536,Kopozowcz,1,,
1537,Kopynno,1,,
1538,Korbawa,1,,
1539,Kordusowcz,2,,
1540,Kordussovcz,2,,
1541,Kordwssowcz,2,,
1542,"Kordwssowcz, Pethrossowcz",2,,
1543,Koren,1,,
1544,"Koren, Zdelya",1,,
1545,Korennyak,2,KORENJAK,
1546,Korenyak,2,KORENJAK,
1547,"Korenyak, Belycz",2,KORENJAK,
1548,Korlylowcz,4,KURILOVEC,
1549,Koroska,1,,
1550,"Koroska, Bedowcz",1,,
1551,Koruska,1,,
1552,Korusta,1,,
1553,Korylowcz,4,KURILOVEC,
1554,"Korylowcz, Illowenyak",4,"KURILOVEC, ILOVENJAK",
1555,"Korylowcz, Ilowenyak",4,"KURILOVEC, ILOVENJAK",
1556,"Korylowcz, Ilowenyako",4,"KURILOVEC, ILOVENJAK",
1557,"Korylowcz, Mraczlyn",4,"KURILOVEC, MRACLIN",
1558,"Korythno, Bolch",1,,
1559,"Korythno,Kebel, Dymytrowcz",1,,
1560,Kos,2,,1
1561,Koscowcz,2,KOŠKOVEC,
1562,Kosczycza,4,KOSNICA,
1563,Koskolcz,2,,
1564,Koskowcz,2,KOŠKOVEC,
1565,Kossoycza,2,KOSNICA,
1566,Kosznycza,4,KOSNICA,
1567,"Kosztanyewecz, Lomnycza",4,"KOSTANJEVEC, LOMNICA",
1568,"Kotenyak, Belycz",2,"KORENJAK,",1
1569,Kothchnyak,1,KUTNJAK,
1570,Kothnyak,1,KUTNJAK,
1571,Kowachewcz,2,,
1572,Kowachowcz,1,,
1573,"Kowachowcz, Radoboye",2,,
1574,"Koyenyk, Sythny Othok, Koznycza, Zelnycza",4,,
1575,"Koyenyk-judicatus, Koznycza",4,,
1576,Kozachyna,1,,
1577,Kozachyna-waywodatus inferior,1,,
1578,Kozachyna-waywodatus superior,1,,
1579,Kozak,1,,
1580,Koznicza,4,KOSNICA,
1581,Koznycha,4,KOSNICA,
1582,"Koznycz, Koyenyk",4,KOSNICA,
1583,Koznycza,4,KOSNICA,
1584,"Koznycza, Koyenyk",4,KOSNICA,
1585,"Koznycza, Lwka",4,KOSNICA,
1586,"Koznycza- judicatus, Koyenyk",4,KOSNICA,
1587,"Koznycza-judicatus, Koyenyk",4,KOSNICA,
1588,"Koznycze, Koyenyk",4,KOSNICA,
1589,Kozolowcz,1,,
1590,Koztanowcz,1,,
1591,Koztanyewcz,1,KOSTANJEVEC,
1592,Koztanyewcz,4,KOSTANJEVEC,
1593,"Koztanyewcz, Lekenyk, Thernovcz, Lukawecz, Korylowcz",4,"KOSTANJEVEC, LEKENK, , LUKAVEC, KURILOVEC",1
1594,"Koztanyewcz, Lomnycza",4,"KOSTANJEVEC, LOMNICA",
1595,"Koztanyewcz, Obres",4,"KOSTANJEVEC, OBREŽ",
1596,Koztanyewecz,4,KOSTANJEVEC,
1597,"Koztanyoucz, Rauen",1,"KOSTANJEVEC, RAVEN",
1598,Koztanyowcz,1,KOSTANJEVEC,
1599,Koztanyowcz,4,KOSTANJEVEC,
1600,Koztel-castrum cum pertinentiis,2,KOSTEL,
1601,Koztell-castrum cum pertinentiis Krapiensibus,2,KOSTEL,
1602,Koztell-castrum cum pertinentiis Krapiniensibus,2,KOSTEL,
1603,Kozthanyewcz,1,KOSTANJEVEC,
1604,Kozthanyewcz,4,KOSTANJEVEC,
1605,"Kozthanyewcz, Lomnycza",4,"KOSTANJEVEC, LOMNICA",
1606,"Kozthanyewecz, Lomnycza",4,"KOSTANJEVEC, LOMNICA",
1607,Kozthanyoucz,1,KOSTANJEVEC,
1608,Kozthanyowcz,1,KOSTANJEVEC,
1609,Kozthanyowcz,4,KOSTANJEVEC,
1610,"Kozthanyowcz, Lompnycza",4,"KOSTANJEVEC, LOMNICA",
1611,Kozthel,2,KOSTEL,
1612,Kozthel-castrum cum pertinentiis,2,KOSTEL,
1613,Kozthel-castrum cum pertinentiis Krapiensibus,2,KOSTEL,
1614,"Kozthel-castrum, portio in pertinentiis Krapinensibus",2,KOSTEL,
1615,Kozynschak,4,KOZINŠĆAK,
1616,Kozynschiak,4,KOZINŠĆAK,
1617,Kozynschyak,4,KOZINŠĆAK,
1618,Kozynschyak (Bosyako),4,KOZINŠĆAK,
1619,Krachowcz,1,,
1620,Krakowcz,1,,
1621,Kralowcz,1,,
1622,Kralyowcz,4,KRALJEVEC,1
1623,Krapina,2,KRAPINA,
1624,Krapina-castrum cum pertinentiis Kozthel,2,KRAPINA,
1625,Krapyna,2,KRAPINA,
1626,Krapyna-castrum cum pertinentiis,2,KRAPINA,
1627,Krapyna-castrum cum pertinentiis Krapiensibus,2,KRAPINA,
1628,"Krapyna-castrum cum pertinentiis, Župnik (plebanus),, prebende",2,KRAPINA,
1629,Krawarczka,4,KRAVARSKO,
1630,Krawaryna,1,,
1631,Krawarzka,4,KRAVARSKO,
1632,Krawarzka cum pertinentiis,4,KRAVARSKO,
1633,Krayachowcz,1,,
1634,Krayowcz,3,,
1635,Krenyn,1,,
1636,"Krenyn, Mathowcz",1,,
1637,"Krenyn, Pothna M.",1,,
1638,Krysancz,2,KRIŽANEC,
1639,"Krysancz, Gredycze, Prozenyk",2,"KRIŽANEC, GREDICE, PROSENIK",
1640,"Krysancz, Prylezye",2,KRIŽANEC,
1641,Krysnychicha,1,,
1642,Krysnychicha ad Galgwncza,1,,
1643,Krysnychycza-ad Galgoncza,1,,
1644,Krysoulyan,2,KRIŽOVLJAN,1
1645,Krysowlan,1,KRIŽOVLJAN,1
1646,Krysowlan,2,KRIŽOVLJAN,1
1647,Krysowlyan,1,KRIŽOVLJAN,1
1648,Krysowlyan,2,KRIŽOVLJAN,1
1649,Krysthalowcz,1,,
1650,Kupynecz,1,,
1651,Kupynno,1,KUPINOVAC,1
1652,Kuscheroucz,1,,
1653,Kuttnyak,1,KUTNJAK,
1654,"Kuzmyncz, Koldyncz cum Zablathya",1,"KUZMINEC, KOLEDINEC, ZABLATJE",
1655,"Kuzmyncz, Koledyncz",1,"KUZMINEC, KOLEDINEC",
1656,"Kuzmyncz, Koledyncz, Zablathya",1,"KUZMINEC, KOLEDINEC, ZABLATJE",
1657,Kwchan,2,KUČAN,
1658,Kwche,4,KUĆE,
1659,"Kwche, Lompnycza",4,,
1660,Kwchye,4,,
1661,"Kwchye, Lownycza",4,,
1662,Kwkchowcz,1,,
1663,"Kwmyncz, Koledyncz",1,,
1664,Kwpchancz,4,,
1665,Kwpchanoz,4,,1
1666,Kwpchyna,4,KUPČINA,
1667,Kwpchyna ad Okych,4,KUPČINA,
1668,Kwpchyna-judicatus ad Okych,4,KUPČINA,
1669,Kwpchyno,4,KUPČINA,
1670,Kwpinno,1,KUPINOVEC,1
1671,Kwpozoucz,1,,
1672,Kwpyncz,1,KUPINOVEC,1
1673,Kwrilowcz,4,KURILOVEC,
1674,Kwscharowcz,1,GUŠĆEROVEC,
1675,"Kwscharowcz, E289Bekethyncz",1,"GUŠĆEROVEC, BEKETINEC",
1676,Kwscheroucz,1,GUŠĆEROVEC,
1677,Kwscherowcz,1,GUŠĆEROVEC,
1678,Kwscherowcz cum pertinentiis,1,GUŠĆEROVEC,
1679,Kwscherowcz-pertinentiis,1,GUŠĆEROVEC,
1680,"Kwsherowcz, Bekethyncz",1,"GUŠĆEROVEC, BEKETINEC",
1681,Kwskoucz,1,,
1682,Kwskowcz,2,KOŠKOVEC,
1683,Kwstherowcz,1,GUŠĆEROVEC,
1684,"Kwstherowcz, Prechnafew",1,GUŠĆEROVEC,
1685,Kwsthyarowcz*,1,GUŠĆEROVEC,
1686,Kwtennya,1,,
1687,Kwthennya,1,,
1688,Kwthenya,1,,
1689,Kwthetincz,3,,
1690,Kwthetyncz,3,,
1691,Kwthnak,1,KUTNJAK,
1692,Kwthnyak,1,KUTNJAK,
1693,Kwtnak,1,KUTNJAK,
1694,Kwtthennya,1,,
1695,Kwzachyna,1,,
1696,Kwzmowcz,1,,
1697,Kwzmyncz,1,KUZMINEC,
1698,"Kwzmyncz, Koledyncz",1,"KUZMINEC, KOLEDINEC",
1699,"Kwzmyncz, Zablathye",1,"KUZMINEC, ZABLATJE",
1700,Kyralocz,3,,
1701,Kyralowcz-cum pertinentiis,3,,
1702,Kyralyowcz cum pertinientiis,3,,
1703,Kys Kemlek,1,KALNIK,
1704,"Kys Kemlek, Ryeka, Deklessyncz",1,"KALNIK, RIEKA, DEKLEŠANEC",
1705,Kys Lownyk,1,,
1706,Kys Mlaka,4,MALA MLAKA,
1707,Kys Thabor,2,MALI TABOR,1
1708,Kyskemlek,1,KALNIK,
1709,"Kyskemlek, Ryeka, Deklessyncz",1,"KALNIK, RIEKA, DEKLEŠANEC",
1710,"Kyskemlek, Ryeka, Deklessyncz ac eorundem pertinentiis ac plebanatu",1,"KALNIK, RIEKA, DEKLEŠANEC",
1711,"Kyskemlek, Ryeka, Deklessyncz cum eorundem pertinentiis",1,"KALNIK, RIEKA, DEKLEŠANEC",
1712,"Kyskemlek, fortalitium Reka cum pertinentiis",1,"KALNIK , RIJEKA",
1713,Kysmlaka,4,MALA MLAKA,
1714,"Kysmlaka, Lochylnycza, Chehi, Nowaky, Syslawychy, Jegywdowcz",4,"MALA MLAKA, LUČELNICA, ČEHI, NOVAKI, ŠIŠLJAVIĆ, JEŽDOVEC",
1715,"Kysmlaka, Lochylnycza, Chehy, Nowaki",4,"MALA MLAKA, LUČELNICA, ČEHI, NOVAKI",
1716,"Kysmlaka, Lochylnyza, Chehy, Nowaky",4,"MALA MLAKA, LUČILNICA, ČEHI, NOVAKI",1
1717,Labasowcz,1,,
1718,Labassowcz,1,,
1719,Labazowcz,1,,
1720,Lachalowcz,1,,
1721,Ladamewrcz,4,LADOMER,
1722,Ladamewrcz-cum pertinentiis,4,LADOMER,
1723,Ladanye- judicatus (Jazthrebarzka-castrum),4,LADOMER,
1724,Ladislawcz,2,LADOMER,
1725,Ladomerch cum pertinentiis,4,LADOMER,
1726,Ladomercz,4,LADOMER,
1727,Ladomercz cum pertinentiis,4,LADOMER,
1728,Ladyzlawcz,2,LADISLAVEC,
1729,"Ladyzlawcz, Zlatyna",2,"LADISLAVEC,",1
1730,Laskaeghaz,1,,
1731,Lastesin,1,,
1732,Lasthesin,1,,
1733,Latesin,1,,
1734,Lathcowyna,1,,
1735,Lathkowyna,1,,
1736,Lazachoucz,1,,
1737,Lazachowcz,1,,
1738,Lazachyowcz,1,,
1739,Lazecz,1,,
1740,Lazen,1,,
1741,Lazochowcz,1,,
1742,Lazthesyn,1,,
1743,Lazyna,4,LAZINA,
1744,Lazyna ad Selyn,4,LAZINA,
1745,"Lebenyck, Thernowecz",4,,
1746,Leczkowcz,1,,
1747,Lekanucz ad Lwkawcz,4,,
1748,"Lekenek, Thernowcz",4,"LEKENIK,",1
1749,Lekenik,4,LEKENIK,
1750,Lekennyk,4,LEKENIK,
1751,Lekenyk,4,LEKENIK,
1752,Lekenyk ad castellum Lukawecz,4,LEKENIK,
1753,Lekenyk ad castellum Lwkawecz,4,LEKENIK,
1754,"Lekenyk, Lwkawecz",4,LEKENIK. LUKAVEC,
1755,"Lekenyk, Thernowcz",4,"LEKENIK,",1
1756,Lepa Wesz,4,LEPA VES,
1757,Lepa Wez,4,LEPA VES,
1758,Lepaglava,2,LEPOGLAVA,
1759,Lepaglawa,2,LEPOGLAVA,
1760,Lepaglawa-claustrum,2,LEPOGLAVA,
1761,Lepawech,4,LEPA VES,
1762,Lepawesz,4,LEPA VES,
1763,Lepawez,4,LEPA VES,
1764,Lepenyak,2,,
1765,Lepsincz,1,,
1766,Lepsyncz,1,,
1767,Leschakowcz,1,,
1768,Leschan,1,,
1769,Leskowcz,1,,
1770,Lesnekheg,1,,
1771,Lestacowcz,1,,
1772,Lestakowcz,1,,
1773,Lestakowcz,2,,
1774,"Lestakowcz, Zwhodoll",2,,
1775,"Lestchancz, Palynowcz ad Belam",1,,
1776,Lesthak,2,,
1777,Lesthakowcz,1,,
1778,Lesthakowcz,2,,
1779,"Lesthakowcz, Berethyncz, Tharnowcz",2,,
1780,"Lesthakowcz, Zwhodol",2,,
1781,Lesthyan,1,,
1782,Leszthakowcz,1,,
1783,Lethowanych,4,LETOVANIĆ,
1784,Lethowanych uterque,4,LETOVANIĆ,
1785,Lethowanychi,4,LETOVANIĆ,
1786,Lethowanychi utraque,4,LETOVANIĆ,
1787,Lethowanychy,4,LETOVANIĆ,
1788,Letowanych,4,LETOVANIĆ,
1789,Letowanycz,4,LETOVANIĆ,
1790,Letowanycz utraque,4,LETOVANIĆ,
1791,Lezkov,3,,
1792,Lezkovcz,1,,
1793,Libewsthycza,1,,
1794,Lipowcz,2,,
1795,Lippa,3,,
1796,Liudbregh,1,LUDBREG,
1797,Lobor,2,LOBOR,
1798,Lobor-castrum cum pertinentiis,2,LOBOR,
1799,Lochan,1,,
1800,Lochylnycza,4,LUČELNICA,
1801,"Lochylnycza, Chehy, Jegywdowcz, Mlaka, Nowaky, Bwzyn",4,"LUČELNICA, ČEHI, JEŽDOVEC, MLAKA, NOVAKI, BUZIN",
1802,"Lochylnycza, Jegywdowcz, Mlaka, Nowaky, Bwzyn",4,"LUČELNICA, ČEHI, JEŽDOVEC, MLAKA, NOVAKI, BUZIN",
1803,"Lochylnycza, Odra",4,"LUČELNICA, ODRA",
1804,"Lochylnycza, Podothochye, Odra, Bwzyn",4,"LUČELNICA, PODOTOČJE, ODRA, BUZIN",
1805,Loka,1,LUKA,
1806,Loka,4,LUKA,
1807,Loka cum Recchycza,4,LUKA,
1808,Loka cum Rechycza ad castrum Zthenychnyak,4,LUKA,
1809,Lokawecz,1,LUKAVEC,
1810,Lokawecz,4,LUKAVEC,
1811,Lokawecz cum pertinentiis,4,LUKAVEC,
1812,Loky,1,,
1813,Lombardya,1,,
1814,Lomnycza,4,LOMNICA,
1815,"Lomnycza, Koche",4,"LOMNICA, KUČE",
1816,Lompnycza,4,LOMNICA,
1817,"Lompnycza, Kwchye",4,"LOMNICA, KUČE",
1818,Lose,4,,1
1819,Lowchowcz,1,,
1820,Lowkowcz,1,,
1821,Lownicza,4,,
1822,Lubena,1,LUBENA,
1823,Lubewschycza ad Nagkemlek,1,,
1824,Luchychowcz,1,,
1825,Lukawecz,4,LUKAVEC,
1826,Lukawecz (inquilinini oko Lukavca),4,LUKAVEC,
1827,Lukawecz-cum pertinentiis,4,LUKAVEC,
1828,Lupoglaw,1,LUPOGLAV,
1829,Lupoglaw utraque,1,LUPOGLAV,
1830,Lwben,1,LUBINOVEC,
1831,Lwbena,1,LUBINOVEC,
1832,Lwbenowcz,1,LUBINOVEC,
1833,Lwbeschycza,1,,
1834,Lwbewschycza,1,,
1835,Lwbynowcz,1,LUBINOVEC,
1836,Lwca ad Belam,1,,
1837,Lwchan,1,,
1838,Lwdbreg,1,LUDBREG,
1839,Lwdbreg-provincia inferior,1,LUDBREG,
1840,Lwdbreg-provincia superior,1,LUDBREG,
1841,Lwdbregh,1,LUDBREG,
1842,Lwdbregh-opidum-provincia inferior,1,LUDBREG,
1843,Lwdbregh-oppidum-provincia superior,1,LUDBREG,
1844,Lwka,4,LUKA,
1845,Lwka ad Belam,1,LUKA,
1846,Lwka cum Rechycza ad Sthanysnyak,4,LUKA,
1847,Lwka cum Rechycza ad castrum Ztenychnyak,4,LUKA,
1848,"Lwka, Rechyca ad Sthenychnyak",4,"LUKA, REČICA",
1849,"Lwka, Rechycza",4,"LUKA, REČICA",
1850,"Lwka, Reczycza ad Zthenychnyak",4,"LUKA, REČICA",
1851,Lwka-ad Zthenychnyak,4,LUKA,
1852,Lwkavacz Inferior,4,LUKAVEC,
1853,"Lwkavacz, Kozthanyewcz",4,"LUKAVEC, KOSTANJEVEC",
1854,"Lwkavacz, Obres",4,LUKAVEC. OBREŽ,
1855,Lwkawecz,1,LUKAVEC,
1856,Lwkawecz,4,LUKAVEC,
1857,Lwkawecz Inferior,4,LUKAVEC,
1858,"Lwkawecz Inferior, Koszthanyewcz",4,"LUKAVEC, KOSTANJEVEC",
1859,"Lwkawecz Inferior, Koztanyewcz",4,"LUKAVEC, KOSTANJEVEC",
1860,"Lwkawecz Inferior, Kozthanyewcz",4,"LUKAVEC, KOSTANJEVEC",
1861,Lwkawecz cum pertinentiis,4,LUKAVEC,
1862,Lwkawecz-cum pertinentiis,4,LUKAVEC,
1863,Lwkowcz,1,,
1864,Lwpkowcz,1,,
1865,Lwpoglawa,1,LUPOGLAV,
1866,Lwpoglawa ad Iwancz,1,LUPOGLAV,
1867,Lwsye,4,,
1868,Lyepawesz,4,LEPA VES,
1869,Lyepawyez,4,LEPA VES,
1870,Lyplan,1,,
1871,Lyplyan,1,,
1872,Lypovcz,2,LIPOVEC,
1873,Lypowcz,1,LIPOVEC,
1874,Lypowcz,2,LIPOVEC,
1875,Lypowecz,1,LIPOVEC,
1876,Lyppa,3,,
1877,Lyppincz,1,,
1878,Lyppowcz,2,LIPOVEC,
1879,Lyppowcz,4,LIPOVEC,
1880,Lyppowcz pertinentie,4,LIPOVEC,
1881,"Lyppowcz, Mellessowcz",1,LIPOVEC,
1882,Lyppycha,1,,
1883,Lyppycza,1,,
1884,Lyppyncz,1,,
1885,"Lyppyncz, Mellessowcz",1,,
1886,Lypsycza,1,,
1887,Lypsyncz,1,,
1888,Lypyncz,1,,
1889,Lythowanich,4,LETOVANIĆ,
1890,Lythwanychy uterque ad Gara,4,LETOVANIĆ,
1891,Lythwanychy uterque ad Gora,4,LETOVANIĆ,
1892,Lywbeschycha-ad Nagh Kemlek,1,,
1893,Lywbesthycza-ad Kemlek,1,,
1894,Lywblyana,4,LJUBLJANICA,
1895,Lywdbreg,1,LUDBREG,
1896,Lywdbreg-castrum / Provincia Superior et Inferior / oppidum,1,LUDBREG,
1897,Lywdbreg-inferior provincia,1,LUDBREG,
1898,Lywdbreg-superior provincia,1,LUDBREG,
1899,Lywdbregh,1,LUDBREG,
1900,Lywdbregh cum pertinentiis,1,LUDBREG,
1901,"Lywpkowcz, Zerdahel S.",1,,
1902,Lyzychyncz,1,,
1903,Machkowcz,1,,
1904,Machowcz,1,,
1905,Magalocz,1,,
1906,Magalowcz,1,,
1907,Magerlak,1,,
1908,Magwrechya,1,,
1909,Magyerlak,1,,
1910,Mahowcz,4,,
1911,Makowcz,1,,
1912,Malchewcz,1,,
1913,Malchewcz,4,,
1914,Malchewcz-de Reka,1,,
1915,Malchewczy,4,,
1916,Malikowcz,1,,
1917,Malkowch,4,,
1918,Manchewcz,1,,
1919,Marchan,2,MARČAN,
1920,Marchyan,2,MARČAN,
1921,Marcowcz,1,MARKOVAC,
1922,"Marcowcz, Chemerowcz",1,"MARKOVAC,",1
1923,Margytholcz,2,MARIGUTIĆ,
1924,Marhtonpathaka,1,,
1925,Markoucz,1,MARKOVAC,
1926,Markowch,1,MARKOVAC,
1927,Markowcz,1,MARKOVAC,
1928,Markwssewcz,4,MARKUŠEVEC,
1929,Marocha,1,SV. IVAN,1
1930,Marocha Zent Iwan,4,SV. IVAN,1
1931,Marocha Zenth Iwan,4,SV. IVAN,1
1932,Marochazenthiwan,4,SV. IVAN,1
1933,Marosolcz,2,,
1934,"Marosolcz, Krysolyan",2,,
1935,Maroucha,1,,
1936,Marthon Pathaka,1,,
1937,Marthonpatha,1,,
1938,Marthonpathaca,1,,
1939,Marthonpathaka,1,,
1940,Marthynancz,2,MARTIANEC,
1941,Marthynche,2,MARTINEC (OREHOVIČKI),
1942,Marthyncz,2,MARTINEC (OREHOVIČKI),
1943,"Marthyncz, Gwbassewo",2,"MARTINEC, GUBAŠEVO",
1944,"Marthynczy, Gwbassewo",2,"MARTINEC, GUBAŠEVO",
1945,Marthyndol,2,,
1946,Marthynowcz,1,,
1947,Marthynyancz,2,,
1948,Marthynzka Wez,4,MARTINSKA VES,
1949,Marthynzkawez,4,MARTINSKA VES,
1950,Marthynzky,2,,
1951,Martin Dol,2,MARTINKI,1
1952,Martincz,2,MARTINEC (OREHOVIČKI),
1953,Martindol,2,MARTINKI,1
1954,Martindoll,2,MARTINKI,1
1955,Martinowcz,3,,
1956,Martinuszkawez,4,MARTINSKA VES,
1957,Martinzka Wez,4,MARTINSKA VES,
1958,Martinzkawesz,4,MARTINSKA VES,
1959,Martinzkawez,4,MARTINSKA VES,
1960,Martynancz,2,MARTIANEC,
1961,Martyncz,2,MARTINEC (OREHOVIČKI),
1962,"Martyncz, Gubaszewo",2,"MARTINEC, GUBAŠEVO",
1963,Martyndol,2,MARTINKI,1
1964,Martynoucz,3,,
1965,Martynyancz,2,MARTIANEC,
1966,"Martynyancz, Kochycze, Nowaky, Werbanowcz",2,MARTIANEC,
1967,Martynzka Wez,4,MARTINSKA VES,
1968,Martynzka Wyez,4,MARTINSKA VES,
1969,Martynzkawez,4,MARTINSKA VES,
1970,Maryancz,1,,
1971,Maryasovcz,2,,
1972,Maryassoucz,2,MARUŠEVEC,
1973,Maryassowcz,2,MARUŠEVEC,
1974,"Maryassowcz, Krysowlyan",2,"MARUŠEVEC, KRIŽOVLJAN",
1975,Marygodowcz,2,MARIGUTIĆ,
1976,Marygolthowcz,2,MARIGUTIĆ,
1977,Maryncz,4,,1
1978,Mathewsowcz,1,,
1979,"Mathewsowcz, Zerdahel",1,,
1980,Mathwch,1,,
1981,"Mathwsowcz, Marthynowcz",1,,
1982,Maycowcz,1,,
1983,Maykowcz,1,,
1984,Mechenycze,1,,
1985,Medue,4,MEDVEDGRAD,
1986,Medvevara,4,MEDVEDGRAD,
1987,Medvewar,4,MEDVEDGRAD,
1988,Medwe,4,MEDVEDGRAD,
1989,Medwe-bona castri,4,MEDVEDGRAD,
1990,Medwe-castrum (bona),4,MEDVEDGRAD,
1991,Medwe-pertinentie ad castrum,4,MEDVEDGRAD,
1992,Medwedwar,4,MEDVEDGRAD,
1993,Medwedwara cum pertinentiis,4,MEDVEDGRAD,
1994,Medwewar,4,MEDVEDGRAD,
1995,"Medwewar,Sczezhwpnycze, Zlanowch-cum pertinentiis",4,MEDVEDGRAD,
1996,Medwewara,4,MEDVEDGRAD,
1997,Megereche,1,,
1998,Megereche cum provincia,1,,
1999,Megerlak,1,,
2000,Meglech,1,,
2001,Meglich,1,,
2002,Megwrechya,1,,
2003,Megwrechye,1,,
2004,Megwrechye-oppidum,1,,
2005,Megye,1,MEĐA,
2006,Megyerechye,1,,
2007,Megyerlok,1,,
2008,Megyrechya,1,,
2009,Megywreche,1,,
2010,Megywrechye,1,,
2011,Mekchenycze,1,,
2012,Mellesowcz,1,,
2013,"Mellesowcz, Palychna",1,,
2014,Mellessowcz,1,,
2015,Melnesowcz,1,,
2016,Mendzent,3,,
2017,Mendzenth,1,,
2018,Mendzenth,3,,
2019,Meryna,4,MERENJE,
2020,Merynnya,4,MERENJE,
2021,Mihalowcz,1,MIHOLJEC,
2022,Miholya,4,MIHOLJEC,
2023,Miholya-prioratus Auranae,4,MIHOLJEC,
2024,Mikchewcz,4,MIČEVEC,
2025,Mikechincz,1,MIČEVEC,
2026,Miketincz,1,,
2027,Mikwlych,4,MIKULIĆ,
2028,Mikwlychy sub Medwe,4,MIKULIĆ,
2029,Milethyncz,1,,
2030,Mindzenth,1,,
2031,Mirina,4,,
2032,Mirynna,4,,
2033,Mislenincz,1,,
2034,Mlaka,1,MLAKA,
2035,Mlaka,4,MLAKA,
2036,"Mlaka, Lochylnycza",4,"MLAKA, LUČELNICA",
2037,"Mlaka, Lochynycha",4,"MLAKA, LUČELNICA",
2038,"Mlaka, Nowaky, Zenth Gergh",4,"MLAKA, NOVAKI, ŠIŠLJAVIĆ",
2039,"Mlaka, Syslyanoychi",4,"MLAKA, ŠIŠLJAVIĆ",
2040,"Mlaka, Sysslyawychy",4,"MLAKA, ŠIŠLJAVIĆ",
2041,Mnochowcz,1,,
2042,Mochila,1,,
2043,Mochrycha,1,,
2044,Mochw,1,,
2045,Mochyla,1,,
2046,Mochylo,1,,
2047,Modrowcz,1,,
2048,Moghoyna-de Kaproncza,1,,
2049,Mogowina ad Kaproncza,1,,
2050,Mogoyna,1,,
2051,Mokrycza,1,,
2052,Molwe ad Zenth Gergwara,1,,
2053,Molwycza,4,MOLVICE,
2054,Molwycze,4,MOLVICE,
2055,Molwycze ad Okych,4,MOLVICE,
2056,Molwycze-judicatus ad castrum Okych,4,MOLVICE,
2057,Molywa,1,,
2058,Molywycza,4,MOLVICE,
2059,Monchewcz,1,,
2060,Monchowcz,1,,
2061,Monozlo,1,,
2062,Monozlo cum pertinentiis,1,,
2063,Monozlo-cum pertinentiis,1,,
2064,Monozlo-cum pertinentiss,1,,
2065,Monozlo-in pertinentiis,1,,
2066,Morawcz,1,,
2067,Morawecz,1,,
2068,Mosyna,1,,
2069,Mosynya,1,,
2070,"Mosynya, Meglecz",1,,
2071,Moykowcz,4,MAJKOVEC,
2072,"Mraczlin, Korylowcz",4,"MRACLIN, KURILOVEC",
2073,Mraczlyn,4,MRACLIN,
2074,"Mraczlyn, Korylowcz",4,"MRACLIN, KURILOVEC",
2075,Mwsyna,1,,
2076,"Myhalaowcz, Lypowcz",1,,
2077,Myhalencz,1,,
2078,Myhalewcz,1,,
2079,Myhalewcz*,1,,
2080,Myhalowcz,1,,
2081,"Myhalyownicza, Lypowcz",1,,
2082,Myhawlancz-ad Galgoncza,1,,
2083,Myhola,4,,1
2084,Myholancz,1,,
2085,Myholcz,1,MIHOLEC,
2086,"Myholcz oppidum, Fodorocz",1,"MIHOLEC, FODOROVEC",
2087,"Myholcz, Fodrowcz",1,"MIHOLEC, FODOROVEC",
2088,Myholczi,1,MIHOLEC,
2089,Myholnya,4,,
2090,Myholya,4,,1
2091,Myholyancz,1,MIHOLEC,
2092,Myhowlancz-ad Galgoncza,1,MIHOLEC,
2093,Mykchecz-cum pertinentiis,4,MIČEVEC,
2094,Mykchowcz cum pertinentiis,4,MIČEVEC,
2095,Mykethincz,1,,
2096,Mykethyncz,1,,
2097,Myketyncz,1,,
2098,Mykolych,4,,
2099,Mykolychy,4,,
2100,Mykoucz,1,MIKOVEC,
2101,Mykowcz,1,MIKOVEC,
2102,Mykowcz,4,MIKOVEC,
2103,Mykusewcz,1,,
2104,Mykwlch,4,MIKULIĆI,
2105,Mykwlich,4,MIKULIĆI,
2106,Mykwlwch,4,MIKULIĆI,
2107,Mykwlych,4,MIKULIĆI,
2108,Mykwlychy,4,MIKULIĆI,
2109,Mylethincz,1,,
2110,Mylethynch,1,,
2111,"Mylethynch, Kamarcha",1,,
2112,Mylethyncz,1,,
2113,"Mylethyncz, Camarcha",1,,
2114,Myndchenth,1,,
2115,Myndczenth,3,,
2116,Myndczenth cum pertinentiis,3,,
2117,Myndczenth-cum pertinentiis,3,,
2118,Myndzeenth,1,,
2119,Myndzenth,1,,
2120,Myndzenth,3,,
2121,Myndzenth,4,,
2122,Myndzenth-ad Racham,1,,
2123,Mynthzenth,1,,
2124,Mynzenth,1,,
2125,Myrenye,4,MERENJE,
2126,Myrkocz,2,MIRKOVEC,
2127,Myrkoucz,2,MIRKOVEC,
2128,Myrkowcz,2,MIRKOVEC,
2129,"Myrkowcz, Beleyczy",2,MIRKOVEC,
2130,"Myrkowcz, Brezowa",2,"MIRKOVEC, BREZOVA",
2131,Myryna,4,"MIRKOVEC, BREZOVA",
2132,Myryne,4,MERENJE,
2133,Myrynne,4,MERENJE,
2134,Myrynnye,4,MERENJE,
2135,Myrynye,4,MERENJE,
2136,Myrynye (Zomzed-castrum),4,MERENJE,
2137,Myslenynch,1,,
2138,Nag Gara,4,,
2139,Nag Tapalowcz,3,,
2140,Nagh Gara,4,,
2141,Nagh Kemlek,1,KALNIK,
2142,"Nagh Kemlek, Brezowecz",1,KALNIK,
2143,"Nagh Kemlek, Gregwrowcz",1,KALNIK,
2144,"Nagh Kemlek, sub",1,KALNIK,
2145,Nagh Mlaka,4,VELIKA MLAKA,
2146,Nagh Tabor,2,VELIKI TABOR,
2147,Nagh Thabor,2,VELIKI TABOR,
2148,Nagh Thapalocz,3,,
2149,Nagh Thopalocz,3,,
2150,Naghfalw,1,,
2151,Naghkemlek,1,KALNIK,
2152,"Naghkemlek, Brezowycza",1,KALNIK,
2153,"Naghkemlek, sub",1,KALNIK,
2154,Naghmlaka,4,VELIKA MLAKA,
2155,Naghthapaloch,3,,
2156,"Naghy Kemlek, Brezowycza, Gregwrowcz",1,"KALNIK, , GREGUROVEC",1
2157,NaghyMlaka,4,VELIKA MLAKA,
2158,Nagkemlek,1,KALNIK,
2159,Nagy Thabor,2,VELIKI TABOR,
2160,Nagykemlek,1,KALNIK,
2161,Nagymlaka,4,VELIKA MLAKA,
2162,Nagythabor,2,VELIKI TABOR,
2163,Narth,1,,
2164,Nasenyna,2,,1
2165,Naseuyna,2,,1
2166,Nassenya,2,,1
2167,Nassenyna,2,,1
2168,"Nedelancz, Gayancz",2,"NEDELJANEC, GOJANEC",
2169,"Nedelyancz, Gayancz",2,"NEDELJANEC, GOJANEC",
2170,Nepesa,4,NESPEŠ,
2171,Nesethyno,1,,
2172,Nethech,1,,
2173,Nethecz,1,,
2174,Nezethyno,1,,
2175,Neznan,1,,
2176,Neznanheg,1,,
2177,Neznanhege,1,,
2178,Neznanhegh,1,,
2179,Nezpesa,4,NESPEŠ,
2180,Nezpessa,4,NESPEŠ,
2181,Nezpest,4,NESPEŠ,
2182,Nezpesya,4,NESPEŠ,
2183,Nobiles unius sessionis,4,,
2184,Nofkowcz,1,,
2185,"Nouigrad, Zdenchecz",4,"NOVIGRAD,",1
2186,"Nouigrad, Zdenchecz, Jezero, Martinzkawez",4,"NOVIGRAD, , MARTINSKA VES",1
2187,Nouigrad-castrum cum pertinantiis,4,NOVIGRAD,
2188,Nova Villa sub Gemlech,1,,
2189,Nova Zenth Marthon,1,,
2190,Nove Chiche,4,NOVO ČIĆE,
2191,Nove Chyche,4,NOVO ČIĆE,
2192,Novechyche,4,,
2193,Novigrad,4,NOVIGRAD,
2194,Novigrad-castellum cum pertinentiis,4,NOVIGRAD,
2195,Nowa Zenth Marton,1,,
2196,Nowak,1,NOVAKI,
2197,Nowak,4,NOVAKI,
2198,Nowak ad Zenth Gergwara,1,NOVAKI,
2199,"Nowak, Thernowycha",4,NOVAKI,
2200,Nowak-ad Achynam,1,,
2201,Nowakowcz,4,,
2202,Nowakowecz,4,,
2203,Nowazenthmarton,1,,
2204,Nowe Chyche,4,NOVE ČIČE,
2205,Nowe Chychye,4,NOVE ČIČE,
2206,Nowechyche,4,NOVE ČIČE,
2207,Nowygrad,4,NOVIGRAD,
2208,Nowygrad aliter Zdenchecz,4,"NOVIGRAD,",1
2209,Nowygrad cum pertinentiis,4,NOVIGRAD,
2210,"Nowygrad, Zdenchecz",4,"NOVIGRAD,",1
2211,Nowygrad-castellum cum pertinentiis,4,NOVIGRAD,
2212,Obchewch,1,,
2213,Obchewcz,1,,
2214,Obed,1,OBEDIŠĆE,
2215,Obed-St. Trinitas,1,OBEDIŠĆE,
2216,Obranowcz Zenthmichael,1,,
2217,Obrecz,4,OBREŽ,
2218,Obrees,2,OBREŽ,
2219,Obrees,4,OBREŽ,
2220,Obres,1,OBREŠKA,1
2221,Obres,2,OBREŽ,
2222,Obres,4,OBREŽ,
2223,"Obres, Athak, Temeryo",1,OBREŽ,
2224,"Obres, Chresnew",2,OBREŽ,
2225,"Obres, Koren",1,OBREŠKA,1
2226,"Obres, Koztanyewcz",4,"OBREŽ, KOSTANJEVEC",
2227,"Obres, Kozthanyewcz",4,OBREŽ. KOSTANJEVEC,
2228,"Obres, Lomnycza",4,"OBREŽ, LOMNICA",
2229,"Obres, Welkowcz",2,"OBREŽ,",1
2230,Odra,4,ODRA,
2231,Odra Zenth Georgh,4,,
2232,Odra Zenth Ghergh,4,,
2233,"Odra, Buzyn",4,"ODRA, BUZIN",
2234,"Odra, Bwzyn",4,"ODRA, BUZIN",
2235,"Odra, Bwzyn, Syllyakowyna",4,"ODRA, BUZIN, ŠILJAKOVINA",
2236,"Odra, Sellyakowyna",4,"ODRA, ŠILJAKOVINA",
2237,"Odra, Syllyakowyna",4,"ODRA, ŠILJAKOVINA",
2238,Odra-Zenthgyergy,4,,
2239,Odrazenthgergh,4,,
2240,Odrazenthghergh,4,,
2241,Okchewcz,1,,
2242,Okych,4,OKIĆ,
2243,Okych cum pertinentiis,4,OKIĆ,
2244,"Okych, Tersych",4,"OKIĆ,",1
2245,"Okych, sub",4,OKIĆ,
2246,Okych-castrum / Czwethkowychy,4,OKIĆ,
2247,Okych-castrum / Draganych,4,OKIĆ,
2248,Okych-castrum / Ladanye,4,OKIĆ,
2249,Okych-castrum / Pwrgarya,4,OKIĆ,
2250,Okych-castrum / Zdenchyna,4,OKIĆ,
2251,Okych-castrum / Zthankowa,4,OKIĆ,
2252,Okych-castrum cum pertinantiis,4,OKIĆ,
2253,Okych-castrum cum pertinentiis,4,OKIĆ,
2254,Okych-castrum cum pertinentiis et judicatibus,4,OKIĆ,
2255,"Okych-castrum cum pertinentiis, curia nobilitarii Kerezthynecz",4,OKIĆ,
2256,"Okych-castrum, Molwicza",4,OKIĆ,
2257,Okych-cum pertinentiis,4,OKIĆ,
2258,Okych-in pertinentiis castri et plebanorum,4,OKIĆ,
2259,"Olywercz, Kothnak",1,,
2260,Omellya,4,,1
2261,Omellye,4,,1
2262,Omelya,4,,1
2263,Omelye,4,,1
2264,Omilia,4,,1
2265,Omnii Sancti,1,,
2266,"Omnii Sancti (Svi Sveti, Sesvete)",1,,
2267,Omnii Sancti ad Monozlo,1,,
2268,Omnii Sancti in Prodauiz,1,,
2269,Omnii Sancti-in portu,4,,
2270,Omyla,4,,1
2271,Omylia,4,,1
2272,Omylya,4,,1
2273,Opathoucz,1,OPATOVEC,
2274,Opathowcz,1,OPATOVEC,
2275,Opathowina,1,OPATOVEC,
2276,Opathowyna,1,OPATOVEC,
2277,Opathowyna,4,,
2278,Opathowyna (dempto Gorzko),4,,
2279,"Opathowyna, Kopam",4,OPATIJA,1
2280,Opathychyncz inferior,1,OPATOVEC,1
2281,Opathychyncz superior,1,OPATOVEC,1
2282,Opathynchyncz-inferior,1,OPATOVEC,1
2283,Opathynchyncz-superior,1,OPATOVEC,1
2284,Opathyncz,1,OPATOVEC,1
2285,Opathyncz Inferior,1,OPATOVEC,1
2286,Opathyncz Superior,1,OPATOVEC,1
2287,Oporovcz,1,OPATOVEC,1
2288,Oppathowyna,1,OPATOVEC,1
2289,Oppathowyna,4,,
2290,"Oppathowyna, Ad Kopam",4,OPATIJA,1
2291,"Oppathowyna, Ad Koppam",4,OPATIJA,1
2292,Oppidum,3,,
2293,Opporowcz,4,OPOROVEC,
2294,Opporowcz ad Belam-castellum,1,OPOROVEC,
2295,Orbona,1,,
2296,Orbowcz,2,,
2297,Orehocz,3,,
2298,Orehoucz,1,OREHOVEC,
2299,Orehoucz,3,OREHOVEC,
2300,Orehoucz cum pertinentiis,3,OREHOVEC,
2301,"Orehoucz, Klenoucz",1,"OREHOVEC, KLENOVEC",
2302,"Orehoucz, Megye",1,"OREHOVEC, MEĐA",
2303,"Orehouicza, Graberye",2,"OREHOVICA , GRABE",1
2304,Orehouycza,2,OREHOVICA,
2305,"Orehouycza, Borycheucz",2,"OREHOVICA, BORIČEVEC",
2306,Orehovcz,1,OREHOVEC,
2307,Orehowcz,1,OREHOVEC,
2308,Orehowcz,2,OREHOVEC,
2309,Orehowcz,3,OREHOVEC,
2310,"Orehowcz Wlady, uterque Rawenyk",3,OREHOVEC,
2311,Orehowcz Zent Peter,1,OREHOVEC SVETI PETAR,1
2312,"Orehowcz, Klemowcz",1,"OREHOVEC, KLENOVEC",
2313,"Orehowcz, Klenawcz",1,"OREHOVEC, KLENOVEC",
2314,"Orehowcz, Klenowcz",1,"OREHOVEC, KLENOVEC",
2315,"Orehowcz, Leczkowcz",1,OREHOVEC,
2316,"Orehowcz, Megye",1,"OREHOVEC, MEĐA",
2317,"Orehowcz, Polyana",1,"OREHOVEC, POLJANA",
2318,"Orehowcz, Tharnowcz",1,OREHOVEC,
2319,"Orehowcz, Wlachyn, utraque Rawennyk",3,OREHOVEC,
2320,"Orehowcz,Rawennyk",3,OREHOVEC,
2321,"Orehowcz,Wlachyn, utraque Rawennyk",3,OREHOVEC,
2322,Orehowycza,2,OREHOVICA,
2323,"Orehowycza, Borychewcz",2,"OREHOVICA, BORIČEVEC",
2324,"Orehowycza, Boychewcz",2,"OREHOVICA, BORIČEVEC",
2325,"Orehowycza, Graberye",2,"OREHOVICA, GRABE",1
2326,Orehowycza-portio,2,OREHOVICA,
2327,Oresya,3,,
2328,Orosowcz,1,,
2329,Orossowcz,1,,
2330,"Orossowcz, Chakawcz",1,,
2331,Orozowcz,1,,
2332,Orrosowcz,1,,
2333,Orthonowcz,1,,
2334,Ortunoucz,1,,
2335,Oskoucz,2,KOŠKOVEC,
2336,Oskowcz,2,KOŠKOVEC,
2337,Ostercz,2,OŠTRC,
2338,Ostercz-oppidum-cum pertinentiis,2,OŠTRC,
2339,Osthercz,2,OŠTRC,
2340,Othnya Zenth Pal,1,,
2341,Othok,1,OTOK,
2342,Othok,2,OTOK,
2343,Othok,4,OTOK,
2344,Otok,2,OTOK,
2345,Otthok,1,OTOK,
2346,Otthok,4,OTOK,
2347,"Otthok, Jemryhowcz",1,"OTOK, IMBRIOVEC",
2348,"Otthok-superior et inferior, Zenthilona apud Zamobor",4,"OTOK, SV. HELENA",
2349,Owar,1,,
2350,Owar ad Caproncza,1,,
2351,Owar ad Koproncza,1,,
2352,Owar-waywodatus,1,,
2353,Ozal,4,OZALJ,
2354,Ozal-castrum cum 7 judicatibus,4,OZALJ,
2355,Ozal-castrum cum pertinantiis,4,OZALJ,
2356,Ozal-castrum cum pertinentiis,4,OZALJ,
2357,Ozal-castrum cum pertinentiis et judicatibus,4,OZALJ,
2358,Ozall,4,OZALJ,
2359,Ozally,4,OZALJ,
2360,Oztercz,2,OŠTRC,
2361,Oztercz-castrum cum pertinentiis,2,OŠTRC,
2362,Ozterna,4,OSTRNA,
2363,Ozterwna,4,OSTRNA,
2364,Ozterwna (Bosyako),4,OSTRNA,
2365,Ozthercz,2,OŠTRC,
2366,Ozthercz-castrum cum pertinentiis,2,OŠTRC,
2367,"Ozthercz-provincia, oppidum",2,OŠTRC,
2368,Oztherwna,4,OSTRNA,
2369,Ozwgo,1,,
2370,Ozwgyo,1,,
2371,"Ozwgyo, Zenthgergh",1,,
2372,Ozwgyo-cum Zenthgeorgh,1,,
2373,Palata,1,,
2374,Palatha,1,,
2375,Palichna Zenthpeter,1,,
2376,Palotha,1,,
2377,Palychna,1,,
2378,Palychna Zenth Peter,1,,
2379,Palychna Zenth Pether,1,,
2380,Palychna Zenthpeter,1,,
2381,"Palychna Zenthpeter, Gradysthe",1,,
2382,Palychna Zenthpether,1,,
2383,Palychnazenth Peter,1,,
2384,"Panynch, Chernech, Antholowcz, Thremech",3,,
2385,Parusovcz,1,PARUŽEVAC,
2386,Parusowcz,1,PARUŽEVAC,
2387,Parwsowcz,1,PARUŽEVAC,
2388,Parwsowcz ad Belam,1,,
2389,"Parwzowcz, Kwrenowcz, Blasowcz",1,,
2390,Parwzowhcz,1,PARUŽEVAC,
2391,Pasahegh,1,,
2392,Paschyn,1,,
2393,Paschyncz,1,,
2394,Pasthincz,1,,
2395,Pathak,1,POTOK,
2396,"Pathak, Sybrynowcz",1,POTOK,
2397,"Paulosancz, Bresowcz",1,,
2398,Paulowcz,1,PARUŽEVAC,
2399,Pavkowcz,1,,
2400,"Pawlochancz, Brezowcz",1,,
2401,Pawloucz,1,,
2402,"Pawlowcz, Palche Polye",1,,
2403,Pawlysewcz,1,,
2404,Pawlyssowcz,1,,
2405,Peherio i Bedenycha,4,"PSARJEVO, BEDENICA",
2406,Pekercz,1,,
2407,Pekercz-waywodatus inferior,1,,
2408,Pekercz-waywodatus medius,1,,
2409,Pekercz-waywodatus superior,1,,
2410,Pekerzerdahel,1,,
2411,Peklencze,1,,
2412,Peklencze-waywodatus inferior,1,,
2413,Peklencze-waywodatus superior,1,,
2414,Peklenycze,1,,
2415,Pekrecz,1,,
2416,Perchinowcz,1,,
2417,Perchinowcz cum Nagkemlek,1,,
2418,"Perchynowcz, Bywrynowcz-ad Nagh Kemlek",1,,
2419,Perhoch,4,,
2420,Persinowcz,1,,
2421,Persynoucz,1,,
2422,Persynowcz,4,,
2423,Pertwssowcz,2,PETRUŠEVEC,
2424,Peschenicza,4,PEŠĆENICA,
2425,Peschenycha,4,PEŠĆENICA,
2426,Peschenycza,4,PEŠĆENICA,
2427,Peschenycze,4,PEŠĆENICA,
2428,Peschienycza,4,PEŠĆENICA,
2429,Pestenne,1,,
2430,Pestenneye,1,,
2431,Pesthenye,1,,
2432,Pesthyene,1,,
2433,Peszerwara,4,PSARJEVO,
2434,Peszeryo,4,PSARJEVO,
2435,Peteryanch,3,,
2436,Peteryancz,3,,
2437,Pethrossowcz,2,PETRUŠEVEC,
2438,Pethrouyna,4,PETROVINA,
2439,Pethrowyna,4,PETROVINA,
2440,Pethrwssocz,2,PETRUŠEVEC,
2441,Pethrwssowcz,2,PETRUŠEVEC,
2442,Pethrwssowcz,4,PETRUŠEVEC,
2443,Petrisowcz,4,PETRUŠEVEC,
2444,Petrosancz,3,PETRUŠEVEC,
2445,Petrosowcz,2,PETRUŠEVEC,
2446,Petrovina,4,PETROVINA,
2447,Petrowch,3,,
2448,Petrowcz,1,,
2449,Petrowcz,3,,
2450,Petrowdolecz,3,,
2451,Petrowina,4,PETROVINA,
2452,Petrowyna,1,PETROVINA,
2453,Petrowyna,4,PETROVINA,
2454,Petrowyna in Farkasowcz,1,,
2455,Petrusoucz,2,,
2456,Petrussoucz,2,PETRUŠEVEC,
2457,Petrwsowcz,2,PETRUŠEVEC,
2458,Petrwsowcz,4,PETRUŠEVEC,
2459,Petrwssowcz,4,PETRUŠEVEC,
2460,Petryancz,3,,
2461,Petthrowyna,1,PETROVINA,
2462,Petthrowyna,4,PETROVINA,
2463,Pezedolcz ad Belam,1,,
2464,Pezerio,4,PSARJEVO,1
2465,Pezerwara,4,PSARJEVO,1
2466,Pezerya,4,PSARJEVO,1
2467,Pezeryo,4,PSARJEVO,1
2468,"Pezeryo, Bukoucz",4,"PSARJEVO, BUKOVEC",1
2469,Philipfalwa,1,,
2470,Phylethyncz,1,,
2471,Pinchowcz,1,,
2472,Planina,4,PLANINA,
2473,Planyna,4,PLANINA,
2474,Plawnyna,4,PLANINA,
2475,Pleszo,4,PLESO,
2476,"Pleszo, Gorycza",4,"PLESO, GORICA",
2477,Plezo,4,PLESO,
2478,"Plezo, Gorycza",4,"PLESO, GORICA",
2479,Pobresie,4,PODBREŽJE,1
2480,Pobressie,4,PODBREŽJE,1
2481,Pobresye,4,PODBREŽJE,1
2482,"Pobresye, Thernye, Kerchy",4,"PODBREŽJE, TRNJE, KRČEVINE",1
2483,"Pobresye, Therye",4,"PODBREŽJE, TRNJE",1
2484,Pobrezye,4,PODBREŽJE,1
2485,Pobylo,1,PODBREŽJE,1
2486,Podbresya,4,PODBREŽJE,1
2487,Podbresye,1,PODBREŽJE,1
2488,Podbresye,4,PODBREŽJE,1
2489,Podbrezya,1,PODBREŽJE,1
2490,Podbrezye,1,PODBREŽJE,1
2491,Podbryzya,1,PODBREŽJE,1
2492,Podbwkowcz,1,,
2493,Podgaycz,1,,
2494,Podgorya,1,,
2495,Podgorya,4,,
2496,Podgorya-ad Zenthlelek,1,,
2497,Podgorya-plebanatus,4,,
2498,Podgorye-de Gorbonok,1,,
2499,Podgradie,4,,
2500,Podkraych,1,,
2501,Podkrayta,1,,
2502,"Podothoch, Lwchylnycza",4,,
2503,Podothoche,4,PODOTOČJE,
2504,"Podothoche, Odra Zenthgergh",4,PODOTOČJE,
2505,"Podothochie, Odra, Lochylnycza",4,PODOTOČJE,
2506,Podothochya,4,PODOTOČJE,
2507,Podothochye,4,PODOTOČJE,
2508,"Podothochye, Bwzyn",4,"PODOTOČJE, BUZIN",
2509,"Podothochye, Lochylnycza",4,"PODOTOČJE, LUČILNICA",
2510,"Podothochye, Odra, Bwzyn, Lochynlycza",4,"PODOTOČJE, ODRA, BUZIN, LUČELNICA",
2511,"Podothochye, Odra, Bwzyn, Lwchylnycza",4,"PODOTOČJE, ODRA, BUZIN, LUČELNICA",
2512,"Podotoche, Lwchylnycza",4,"PODOTOČJE, LUČILNICA",
2513,"Podotoche, Odra, Bwzyn, Lochylnycza, Lekenyk",4,"PODOTOČJE, ODRA, BUZIN, LUČELNICA, LEKENIK",
2514,"Podotochie, Luchilnycza",4,"PODOTOČJE, LUČELNICA",
2515,Podotochye,4,PODOTOČJE,
2516,"Podotochye, Odra, Bwzyn, Lochylnycza, Lekenyk",4,"PODOTOČJE, ODRA, BUZIN, LUČELNICA, LEKENIK",
2517,Podwerh,4,,1
2518,Poganchecz,1,POGANČEC,
2519,Poganchez,1,POGANČEC,
2520,"Poganchez, Zenth Dienes",1,"POGANČEC, DIANEŠ",
2521,Poganecz,1,POGANČEC,
2522,"Pohakowcz, Czyglenycze",2,", CIGLENICA",1
2523,Poklechan,2,,
2524,Poklechancz,2,,
2525,Pokopye,4,POKUPSKO,
2526,Pokopzky Verh,4,,
2527,Pokorenowcz,1,,
2528,Pokorenowecz,1,,
2529,Pokoronowcz,1,,
2530,Pokwpia,4,POKUPSKO,
2531,Pokwpia cum pertinentiis,4,POKUPSKO,
2532,Pokwpsky Werh,4,,
2533,Pokwpya,4,POKUPSKO,
2534,Pokwpya cum pertinentiis,4,POKUPSKO,
2535,Pokwpya-pertinentiis,4,POKUPSKO,
2536,Pokwpye,4,POKUPSKO,
2537,Pokwpye (na dobrima topličke opatije),4,POKUPSKO,
2538,Pokwpzky,4,POKUPSKO,
2539,Pokwpzkywerh,4,,
2540,Polana,1,POLJANA,
2541,Polanya,1,POLJANA,
2542,Polatha,1,POLJANA,
2543,Polena,1,POLJANA,
2544,Polosythycza,1,,
2545,Polyana,1,POLJANA,
2546,Polyana,2,POLJANA,
2547,"Polyana, Danadowcz",1,POLJANA,
2548,"Polyana, Gwrgysche",1,POLJANA,
2549,Polye,1,POLJE (KOD KRIŽA),1
2550,Pomperiowcz,2,POMNEROVAC,1
2551,Pomperowcz,2,POMNEROVAC,1
2552,Ponkowcz,1,,
2553,Popowcz,1,,
2554,Popowcz,2,,
2555,Popwd,1,,
2556,Popwd Podgorya,1,,
2557,Posahecz,1,,
2558,Posaheg,1,,
2559,Posahegh,1,,
2560,Poszawye,4,,
2561,Pothkraycz,1,,
2562,Powsahegh,1,,
2563,Powsevcz,3,,
2564,Powsincz,1,,
2565,Powsynch,3,,
2566,Powsyncz,1,,
2567,Powsyncz,3,,
2568,Pozavye,4,,
2569,Pozawya,4,,
2570,Pozawye,4,,
2571,Pozrednye Zelo,1,,
2572,Prachowcz,1,PRAŠČEVAC,
2573,Praschowcz,1,PRAŠČEVAC,
2574,Prasnicza,1,,
2575,Prasnycha,1,,
2576,Prasnycza,1,,
2577,Prasnycza-fortalitium novum,1,,
2578,Prassnycza,1,,
2579,Prasthowcz,1,,
2580,Prasthyowcz*,1,,
2581,Prastowcz,1,,
2582,Praznycha,1,,
2583,Prebinowcz,1,,
2584,Prechech,1,PREČEC,
2585,Prechecz,1,PREČEC,
2586,Predriho,1,,
2587,Predryho,1,,
2588,Pregory,2,,
2589,Prelezye,1,,
2590,Prennar,2,,
2591,Prepwsthowcz,2,PREPUŠTOVEC,
2592,Prepwstowcz,2,PREPUŠTOVEC,
2593,Preseka,1,PRESEKA,
2594,Preszechno,1,PRESEČNO,
2595,Prethoka,4,,
2596,Pretrwsowcz,2,,
2597,Prewthoka,4,,
2598,Prezechna,1,PRESEČNO,
2599,Prezechnafew,1,PRESEČNO,
2600,Prezechnafew*,1,PRESEČNO,
2601,Prezechno,1,PRESEČNO,
2602,Prezeka,1,PRESEKA,
2603,Prezeka ad Rokonog-vilicatus,1,PRESEKA,
2604,Prezeka ad Rokonok-vilicatus,1,PRESEKA,
2605,"Prezeka, Welyka",1,"PRESEKA, VELIKA",
2606,Prezeka-vilicatus,1,PRESEKA,
2607,Prezeka-villicatus ad Rokonok,1,PRESEKA,
2608,Prezeka-villicatus ad Rokonok pertinens,1,PRESEKA,
2609,Prezovicha-oppidum sub Nagkemlek,1,,
2610,Prikray,4,,
2611,Prikray ad Zenthgeorghwara,1,,
2612,Pristawcz,1,,
2613,Priulaka,1,,
2614,Processus Georgii Pyzacz ultra Kwppam,4,,
2615,Procurancia domini episcopi (Capella-villicatus),1,,
2616,Prodauiz,1,,
2617,Prodawyz,1,,
2618,Progowcz,1,,
2619,Provinica domini episcopi,1,,
2620,Prwgowcz,1,,
2621,Prybychy,4,,
2622,Prychrethye,1,,
2623,Pryeszeka,1,PRESEKA,
2624,Pryezeka,1,PRESEKA,
2625,Prygorya,2,PRIGORJE,
2626,Prygorye,2,PRIGORJE,
2627,Prykray,1,,
2628,Prykray,4,,
2629,Prykray ad Zenth Gergwara,1,,
2630,Prykraye,4,,
2631,Prystawcz,1,,
2632,Pryztawcz,1,,
2633,Pryzthawcz,1,,
2634,Pwhakowcz,2,,
2635,"Pwhakowcz, Czyglena",2,", CIGLENICA (ZAGORSKA)",1
2636,"Pwhakowcz, Czyglenycza",2,", CIGLENICA (ZAGORSKA)",1
2637,"Pwhakowcz, Zyglenycze",2,", CIGLENICA (ZAGORSKA)",1
2638,Pwnek,1,,
2639,Pwnekowcz,1,,
2640,"Pwnekowcz, Myklwsowcz",1,,
2641,Pwschya,4,,
2642,"Pwztha Dwssycza, Hergowych Uterque",4,"DUŽICA,",1
2643,Pwztha Dwsycza,4,,
2644,"Pwztha Dwsycza, Hergoychy-ad Hrazthowycza pertinentes",4,,
2645,Pychulinch,1,,
2646,Pychwlyncz,1,,
2647,Pylethyncz,1,,
2648,Pyskopowczy,4,,
2649,Pzaryewo,4,,
2650,Racchycza Zenth Istwan,1,,
2651,Racha,1,,
2652,Rachchya,1,,
2653,Rachycza Zenth Isthwan,1,,
2654,Rachycza Zenth Istwan,1,,
2655,Rachycza Zenth Iwan,1,,
2656,Rachythoych,4,,
2657,Radessych,1,,
2658,"Radessych, Dywrynowcz-ad Kemlek",1,,
2659,Radhycza Zenth Iwan,1,,
2660,Radmancz,4,,
2661,Radmanczy,4,,
2662,Radnak,1,,
2663,Radoboya,2,,
2664,Radoysche,1,,
2665,Radoyschye,1,,
2666,Radozlawcz,1,,
2667,Ragonok,1,RAKOVEC,
2668,Ragonuk-provincia superior,1,RAKOVEC,
2669,Rahocza,1,,
2670,Rahowcza,1,RAKOVEC,
2671,Rakariae,4,RAKARJE,
2672,Rakarie,4,RAKARJE,
2673,Rakarya,4,RAKARJE,
2674,Rakarye,4,RAKARJE,
2675,"Rakitowcz, Pertwssewcz",4,"RAKITOVEC, PETRUŠEVEC,",
2676,Rakonok,1,RAKOVEC,
2677,Rakonuk,1,RAKOVEC,
2678,Rakunuk,1,RAKOVEC,
2679,Rakunuk superior,1,RAKOVEC,
2680,Rakwsowcz,1,,
2681,Rakythnicha,1,,
2682,Rakythnycza,1,RAKITNICA,
2683,"Rakythowch, Petrwssowch",4,"RAKITOVEC, PETRUŠEVEC",
2684,Rakythowcz,4,RAKITOVEC,
2685,"Rakythowcz, Nag Mlaka",4,"RAKITOVEC, VELIKA MLAKA",
2686,"Rakythowcz, Pethrwssewcz",4,"RAKITOVEC, PETRUŠEVEC",
2687,"Rakythowcz, Pethrwssewcz, Gerdowschyak",4,"RAKITOVEC, PETRUŠEVEC,",1
2688,"Rakythowcz, Petrwssewcz",4,"RAKITOVEC, PETRUŠEVEC",
2689,"Rakythowcz, Petrwssowcz",4,"RAKITOVEC, PETRUŠEVEC",
2690,"Rakythowcz, Petthrwssewcz, Gerdowschyak",4,"RAKITOVEC, PETRUŠEVEC,",1
2691,"Rakythowcz,Pethrwssewcz",4,"RAKITOVEC, PETRUŠEVEC",
2692,Rakythowecz,4,RAKITOVEC,
2693,Rakytowcz,4,RAKITOVEC,
2694,"Rakytowcz, Nagh Mlaka",4,"RAKITOVEC, VELIKA MLAKA",
2695,"Rakytowcz, Petrwssowcz",4,"RAKITOVEC, PETRUŠEVEC",
2696,Ramacha Welge,1,,
2697,Ramachawelgh,1,,
2698,Ramagawelge,1,,
2699,Rampolcz,1,,
2700,"Ranyncz, Chernecz, Antholowcz, Thremecz",3,,
2701,Rassa,1,,
2702,Rathkolcz,2,,
2703,"Rathkowcz, Germchar",2,"RATKOVEC, GRANČAR",
2704,"Rathkowcz, Germchiar",2,"RATKOVEC, GRANČAR",
2705,"Rathkowcz, Gernchar",2,"RATKOVEC, GRANČAR",
2706,"Rathkowcz, Karlowcz",2,RATKOVEC,
2707,"Rathkowcz, Kolarowcz",2,RATKOVEC,
2708,"Rathkowcz, Kolarowcz, Myrkowcz",2,RATKOVEC,
2709,"Rathkowcz, Kolarowcz, Rawno",2,RATKOVEC,
2710,"Rathkowcz, Myrkowcz",2,"RATKOVEC, MIRKOVEC",
2711,Rathkowelge,1,,
2712,"Ratkowcz, Gerenchar",2,"RATKOVEC, GRANČAR",
2713,"Ratkowcz, Kolarowcz",2,RATKOVEC,
2714,"Ratthkoucz, Kolaroucz",2,RATKOVEC,
2715,"Rauencz, Chernyncz, Anthalowcz, Tremecz",3,,
2716,Raven,1,RAVEN,
2717,Rawen,1,RAVEN,
2718,"Rawen, Kozthanyowez",1,"RAVEN,",1
2719,Ray,1,,
2720,"Ray, Chepyn",1,,
2721,Raykowcz,1,,
2722,Raynok,1,,
2723,Razmerowcz,1,,
2724,Raznethyne,1,,
2725,Razossya,1,,
2726,Razthoka,4,RASTOKI,
2727,Razthoke,4,RASTOKI,
2728,Razyna,1,RASINJA,
2729,Razyna-oppidum cum pertinentiis,1,RASINJA,
2730,"Razynnya, Kuzmyncz, Koledyncz cum eorundem pertinentiis",1,"RASINJA, KUZMINEC, KOLEDINEC",
2731,"Razynnya, Kuzmyncz, Koledyncz cum eorundem pertinentiis, Jelkowcz",1,"RASINJA, KUZMINEC, KOLEDINEC",
2732,"Razynnya, Kwzmyncz, Koledyncz cum eorundem pertinentiis",1,"RASINJA, KUZMINEC, KOLEDINEC",
2733,Razynya,1,RASINJA,
2734,Razynya cum pertinentiis,1,RASINJA,
2735,"Razynya, Gorycza",1,"RASINJA, GORICA",
2736,"Razynya, Kwzmyncz cum pertinentiis",1,"RASINJA, KUZMINEC",
2737,"Razynya, Kwzmyncz, Koledyncz",1,"RASINJA, KUZMINEC, KOLEDINEC",
2738,"Razynya, Kwzmyncz, Koledyncz, Jelkowcz",1,"RASINJA, KUZMINEC, KOLEDINEC, ĐELEKOVEC",
2739,Recchycza,4,REČICA,
2740,Reche,1,,
2741,Reche-Suppanatus,1,,
2742,Reche-Vayuodatus,1,,
2743,Rechycha,4,REČICA,
2744,Rechycza,4,REČICA,
2745,"Rechycza, Lwka",4,"REČICA, LUKA",
2746,Regaryowecz,1,,
2747,Regowcz,1,,
2748,Regowecz,1,,1
2749,Reka,4,,
2750,Reka cum pertinentiis Kys Kemlek,1,,
2751,Reka cum pertinetiis Kys Kemlek,1,,
2752,"Reka, Malchez",1,,
2753,Remethe,1,,
2754,Remethincz,1,,
2755,"Remethincz, Magerowcz",1,,
2756,Remethynch prope Zagrabiam,4,REMETE,
2757,Remethyncz,1,REMETINEC,
2758,"Remethyncz, Magerlak-ad castrum Greben",1,REMETINEC,
2759,Remethyncz- sub Garygh,1,REMETINEC,
2760,Remethyncz-ad castrum Greben,1,REMETINEC,
2761,Remethyncz-sub Medwewar,4,REMETE,1
2762,Remetyncz,1,REMETINEC,
2763,Repincz,1,REPINEC,
2764,Repych,1,REPINEC,
2765,Repynch,1,REPINEC,
2766,Repyncz,1,REPINEC,
2767,"Repyncz-fortalitium, Megye",1,"REPINEC, MEĐA",
2768,"Rethkowcz, Erdowcz",1,", ERDOVEC",1
2769,Rewche,1,,
2770,Rewchycza,4,REČICA,
2771,Rewchycza-ad Zthennychnyak,4,REČICA,
2772,Rodmanczy,4,,
2773,Rogaryewcz,1,,
2774,Rogaryowcz,1,,
2775,Rogozna,1,,
2776,Rokonak,1,RAKOVAC,
2777,Rokonak castrum,1,RAKOVAC,
2778,Rokonog-provincia superior,1,RAKOVAC,
2779,Rokonok,1,RAKOVAC,
2780,Rokonok,4,RAKOVAC,
2781,Rokonok cum pertinentiis,1,RAKOVAC,
2782,Rokonok-castrum,1,RAKOVAC,
2783,"Rokonok-castrum, vilicatus",1,RAKOVAC,
2784,"Rokonok-castrum, villicatus",1,RAKOVAC,
2785,Rokonok-in pertinentiis,1,RAKOVAC,
2786,Rokonok-oppidum castri,1,RAKOVAC,
2787,Rokonok-oppidum cum pertinentiis,1,RAKOVAC,
2788,"Rokonok-oppidum, Nyegouczy",1,RAKOVAC,
2789,Rokonok-provincia superior,1,RAKOVAC,
2790,Rokonok-superior provincia,1,RAKOVAC,
2791,Rokonok-superior provincia ad,1,RAKOVAC,
2792,Rokonok-villicatus Poganchecz,1,RAKOVAC,
2793,Rokonok-villicatus inferior,1,RAKOVAC,
2794,Rokonok-villicatus superior,1,RAKOVAC,
2795,Rokonuk,1,RAKOVAC,
2796,Rokwnuk,1,RAKOVAC,
2797,"Romethincz, Garych, Solyn",1,,
2798,Rosanycza,4,ROŽENICA,
2799,Rosenik,1,ROŽENICA,
2800,Rosenycza,4,ROŽENICA,
2801,Rosenyk,1,,
2802,Rosewcz,1,,
2803,Rosoncz,1,,
2804,Rossethnyk,1,,
2805,Rostenycza,4,,
2806,Rowno,2,,
2807,Roycha,1,,
2808,Royche,1,,
2809,Royche-supanatus,1,,
2810,Royche-waywodatus,1,,
2811,Rwchlewcz,1,,
2812,Rwdynwelge,2,,
2813,Ryeka,1,RIJEKA,
2814,Ryeka,4,,
2815,Rypach,4,,
2816,Sabacz,2,,
2817,Sabnicha,1,SVETI IVAN ŽABNO,1
2818,Sabnicza,1,SVETI IVAN ŽABNO,1
2819,Sabnycha,1,SVETI IVAN ŽABNO,1
2820,Sabnycza,1,SVETI IVAN ŽABNO,1
2821,Sabnycza Zenth Iwan,1,SVETI IVAN ŽABNO,1
2822,Sabnycza Zenthywan,1,SVETI IVAN ŽABNO,1
2823,"Sabnycza, Mindchenth",1,,
2824,"Sabnycza,Bablyak, Czyrquena",1,,
2825,Sabnycza-in Markowcz,1,,
2826,Sabnyk Zenthberthalam,2,,
2827,Salethyncz,1,,
2828,Salgo,1,,
2829,Salmocz,2,,
2830,Samobor,4,SAMOBOR,
2831,Sampssynowcz,4,ŠAŠINOVEC,
2832,Sampsynowcz,4,ŠAŠINOVEC,
2833,Samsonowcz,4,ŠAŠINOVEC,
2834,Samssynowcz,4,ŠAŠINOVEC,
2835,Samsynowcz,4,ŠAŠINOVEC,
2836,Sancta Anna (Wragoucz),1,,
2837,Sancta Clara,1,SV. KLARA,
2838,Sancta Clara-area prope Zawam,4,SV. KLARA,
2839,Sancta Elena,4,,
2840,Sancta Katharina,1,,
2841,Sancta Maria sub Okych,4,,1
2842,Sancta Maria-plebanatus,4,,
2843,Sancte Anna,1,,
2844,Sancte Crucis,1,KRIŽ,1
2845,Sancte Crucis Insula,2,,
2846,Sancti Cosme,1,,
2847,Sancti Cosme-ad Achynam,1,,
2848,Sancti Georgius-in Hemowcz,1,,
2849,Sancti Martini-ad Zalathnok,1,,
2850,Sancti Martinus,4,,1
2851,Sanctus Benedictus,1,,
2852,Sanctus Cosma,1,,
2853,Sanctus Crux,1,,
2854,Sanctus Dominicus,1,,
2855,Sanctus Johannes in Prodawiz,1,,
2856,Sanctus Nicolaus,1,,
2857,Sanctus Stephanus,1,,
2858,Saranowcz,1,,
2859,Sassyn,4,ŽAŽINA,
2860,Sassyna,4,ŽAŽINA,
2861,Sassyncz ad Thopozka,4,ŽAŽINA,
2862,Sassynna,4,ŽAŽINA,
2863,Sassynna ad Gora,4,ŽAŽINA,
2864,Sasyn,4,ŽAŽINA,
2865,Sasyna,4,ŽAŽINA,
2866,Sasyna ad Gara,4,ŽAŽINA,
2867,Sasyncz,4,ŽAŽINA,
2868,Sasyncz ad Thopozka (predium),4,ŽAŽINA,
2869,Sasyncz ad Thopozka pertinens (predium),4,ŽAŽINA,
2870,Satran,1,,
2871,"Scherbyncz, Geremchar, Rathkowcz",2,"ŠĆERBINEC, GRANČARI, RATKOVEC",
2872,"Scherbyncz, Geremchar, Ratkowcz",2,"ŠĆERBINEC, GRANČARI, RATKOVEC",
2873,"Scherbyncz, Germchar",2,"ŠĆERBINEC, GRANČARI",
2874,"Scherbyncz, Germchiary",2,"ŠĆERBINEC, GRANČARI",
2875,"Scherbyncz, Ghermchar",2,"ŠĆERBINEC, GRANČARI",
2876,"Scherbyncz, Ratkowcz, Bathyna",2,"ŠĆERBINEC, RATKOVEC",
2877,Schitario,4,ŠČITARJEVO,
2878,Schwkancz,1,,
2879,Schytario,4,ŠČITARJEVO,
2880,Schytaryevo,4,ŠČITARJEVO,
2881,Schytaryio,4,ŠČITARJEVO,
2882,"Schytaryio, Chernkowcz",4,"ŠČITARJEVO, ČRNKOVEC",
2883,Schytaryo,4,ŠČITARJEVO,
2884,"Schytaryo, Chernkowcz",4,"ŠČITARJEVO, ČRNKOVEC",
2885,"Schytaryo, Chernokowcz",4,"ŠČITARJEVO, ČRNKOVEC",
2886,Schytharyewo,4,ŠČITARJEVO,
2887,Schytharyo,4,ŠČITARJEVO,
2888,"Sczezhwpnycze, Zlanowch sub Medwewar",4,,
2889,Sebastyanowcz,2,,
2890,Selin cum pertinentiis,4,ŽELIN,
2891,Selyn,4,ŽELIN,
2892,Selyn cum pertinenciis,4,ŽELIN,
2893,Selyn cum pertinentiis,4,ŽELIN,
2894,Selyn-castrum / Bwkewye,4,ŽELIN,
2895,Selyn-castrum / Dernek,4,ŽELIN,
2896,Selyn-castrum / Jagodno,4,ŽELIN,
2897,Selyn-castrum / Krawarska,4,ŽELIN,
2898,Selyn-castrum / Nowechyche,4,ŽELIN,
2899,Selyn-castrum / Peschenycza,4,ŽELIN,
2900,Selyn-castrum / Zablathya,4,ŽELIN,
2901,"Selyn-castrum cum Krawarzka, Zablatya, Horogwycza ad id pertinentiis",4,ŽELIN,
2902,Selyn-castrum cum judicatibus pertinentiarum suarum,4,ŽELIN,
2903,"Selyn-castrum cum pertinentiis, Kravarzka, Zablathya",4,ŽELIN,
2904,"Selyn-castrum cum pertinentiis, Krawarzka, Zablathya",4,ŽELIN,
2905,"Selyn-castrum, Welessewcz, Syllyakowyna",4,ŽELIN,
2906,Selyn-cum pertinentiis,4,ŽELIN,
2907,Selynok,1,,
2908,"Semocz, Zwhodol",2,,
2909,Semoucz,2,SEMOVEC,
2910,Semowcz,2,SEMOVEC,
2911,"Semowcz, Zwhodol",2,SEMOVEC,
2912,"Semowcz, Zwhodoll",2,SEMOVEC,
2913,Senkowcz,4,SENKOVČICA,
2914,Serdethyncz,2,,
2915,Seryanwyncz- judicatus inferior,4,ŽERJAVINEC,
2916,Seryawynch,4,ŽERJAVINEC,
2917,Seryawyncz,4,ŽERJAVINEC,
2918,Sidina,1,,
2919,Sidynna,1,,
2920,Simonoucz,3,ŠIMUNOVEC,
2921,Simonowcz,4,ŠIMUNOVEC,
2922,Simonwelge,3,,
2923,Simwnowcz,4,ŠIMUNOVEC,
2924,Sittomeria,4,ŽITOMIR,
2925,Slywercz,1,,
2926,Sokowcz,1,,
2927,Soploncza,1,,
2928,Soproncha,1,,
2929,Soproncza,1,,
2930,Sopronncza,1,,
2931,Sosemberk,4,ŠUŠOMBERG,
2932,Sosen,1,,
2933,Sosomberg,4,ŠUŠOMBERG,
2934,Sosomberk,4,ŠUŠOMBERG,
2935,Soswmberk,4,ŠUŠOMBERG,
2936,Spanicz,1,,
2937,Srachyncz,2,,
2938,Steffancz,2,ŠTEFANEC,
2939,"Steffancz, Zenth Kelemen",2,ŠTEFANEC,
2940,Stenyowcz,4,,
2941,Stephancz,1,ŠTEFANEC,
2942,Stephancz,2,ŠTEFANEC,
2943,"Stephancz, Zenth Kelemen",2,ŠTEFANEC,
2944,"Sthepanowcz, Zywynossa",2,ŠTEFANEC,
2945,Stholnikowcz,1,,
2946,Sthupicza Inferior,4,DONJA STUBICA,
2947,Sthupicza Inferior cum pertinentiis,4,DONJA STUBICA,
2948,Stwpnyk,4,STUPNIK,
2949,Supa,1,,
2950,Supancz,1,,
2951,Superior Opathyncz,1,OPATINEC,
2952,Superior Wolawlya,4,VOLAVJE,
2953,Superiori Dworysche,4,DVORIŠĆE,
2954,Swkowcz,1,,
2955,Swmechecz,1,,
2956,Swpancz ad Zenth Gergwara,1,,
2957,Swssomberk,4,ŠUŠOMBERK,
2958,Swystowcz,1,,
2959,Sybrinowcz,1,,
2960,"Sybrynocz, Jalsovcz",1,,
2961,Sybrynowcz,1,,
2962,Sybrynowhcz,1,,
2963,Sydyna,1,,
2964,Sydynna,1,,
2965,Sylakowyna,4,ŠILJAKOVINA,
2966,"Syllyakowyna, Odra",4,"ŠILJAKOVINA, ODRA",
2967,"Sylyakowyna, Odra",4,"ŠILJAKOVINA, ODRA",
2968,Symonowcz,4,ŠIMUNOVEC,
2969,"Symonowcz, Zelyna",4,"ŠIMUNOVEC, ZELINA",
2970,Symonowecz,4,ŠIMUNOVEC,
2971,Symonwelge,3,,
2972,"Symuncheucz, Zawersye",4,ŠIMUNOVEC,
2973,Symwchowcz,1,,
2974,Symwnocz,4,ŠIMUNOVEC,
2975,Symwnowch,4,ŠIMUNOVEC,
2976,Symwnowcz,4,ŠIMUNOVEC,
2977,Synchewcz,1,,
2978,Sypak,4,ŠIPAK,
2979,Syprak,1,,
2980,Syslawichy,4,ŠIŠLJAVIĆ,
2981,Syslawych,4,ŠIŠLJAVIĆ,
2982,Syslawychi,4,ŠIŠLJAVIĆ,
2983,Syslawychy,4,ŠIŠLJAVIĆ,
2984,Syslyawchy,4,ŠIŠLJAVIĆ,
2985,Syslyawychy,4,ŠIŠLJAVIĆ,
2986,Syssyncz,4,ŠIŠINEC,
2987,Sysyncz,4,ŠIŠINEC,
2988,Sysynczy,4,ŠIŠINEC,
2989,Sysynowcz,4,ŠIŠINEC,
2990,Sysynzc,4,ŠIŠINEC,
2991,Sythomeer,4,ŽITOMIR,
2992,Sythomer,4,ŽITOMIR,
2993,Sythomerye,4,ŽITOMIR,
2994,Sythomyer,4,ŽITOMIR,
2995,Sytomerye,4,ŽITOMIR,
2996,Sywecz,1,,
2997,Szyszek-castrum-oppidum-provincia-judicati,4,SISAK,
2998,Szyzek-castrum-oppidum-provincia superior et inferior,4,SISAK,
2999,Tabor,2,TABOR,
3000,Tarnovcz,2,,
3001,"Temerye, Czezarowcz",1,,
3002,"Temerye, Mylethyncz",1,,
3003,Terbennye,1,,
3004,"Terbyne, Lokawecz",1,,
3005,Ternocz,2,,
3006,"Ternocz, Kochan",2,,
3007,Ternowcz,4,,
3008,Ternowycza,4,,
3009,Tesnahege,1,,
3010,Thabor,2,TABOR,
3011,Thabor-castrum cum pertinentiis,2,TABOR,
3012,Thalanoucz,3,,
3013,Thallocz,3,,
3014,"Thallocz, Lyppa, Martinowcz",3,,
3015,Thaloucz,3,,
3016,"Tharnocz, Berethyncz",2,"TRNOVEC, BERETINEC",
3017,"Tharnocz, Kochan",2,"TRNOVEC, KUČAN",
3018,Tharnowcz,1,TRNOVEC,
3019,Tharnowcz,2,TRNOVEC,
3020,"Tharnowcz, Berethyancz",2,"TRNOVEC, BERETINEC",
3021,"Tharnowcz, Berethyncz",2,"TRNOVEC, BERETINEC",
3022,"Tharnowcz, Kochan",2,"TRNOVEC, KUČAN",
3023,"Tharnowcz, Kochyan",2,"TRNOVEC, KUČAN",
3024,Thassolcz,4,,
3025,Thechenyk,1,TUČENIK,
3026,Themennycze,1,,
3027,Themerye,1,,
3028,"Themerye, Zdenchan",1,,
3029,"Themerye, Zenth Iwan",1,,
3030,Themeryen,1,,
3031,"Themeryen,Cherarocz",1,,
3032,"Therbenye, Lwkaucz",1,,
3033,"Therbenye, Lwkawecz",1,,
3034,Therchech,1,,
3035,Therchyan,1,,
3036,Thermchan ad Gemlech,1,,
3037,Thernawa,1,,
3038,"Thernawa, Nowaki",4,,
3039,Thernocz,2,TRNOVEC,
3040,"Thernocz, Korylowcz",4,", KURILOVEC",1
3041,Thernowcz,2,TRNOVEC,
3042,Thernowcz,4,TRNOVEC,
3043,"Thernowcz, Berethyncz",2,"TRNOVEC, BERETINEC",
3044,"Thernowcz, Beretyncz",2,"TRNOVEC, BERETINEC",
3045,"Thernowcz, Kochan",2,"TRNOVEC, KUČAN",
3046,"Thernowcz, Korylowcz",4,", KURILOVEC",1
3047,"Thernowcz, Rakythowcz",4,", RAKITOVEC",1
3048,"Thernowcz, Rakythowcz, Mraczlyn",4,", RAKITOVEC, MRACLIN",1
3049,"Thernowcz, Zobachlaz",4,,1
3050,Therschan,1,,
3051,Thersich,4,,1
3052,Thersthyan,1,,
3053,Thersych,4,,1
3054,Thersych ad Okych,4,,
3055,Thersych-oppidum ad Okych,4,,
3056,Therzthenycze,1,,
3057,Thezthenycze,1,,
3058,Thomasdowcz,1,,
3059,Thomasewcz,2,,
3060,"Thomassewcz, Cherncz, Byskupowcz",2,,
3061,Thomassowcz,1,,
3062,Thoplicensis,2,,
3063,Thoplichicza,4,TOPLICA,
3064,Thoplychycza,2,TOPLICA,
3065,Thoplychycza,4,TOPLICA,
3066,Thoplycza,2,TOPLICA,
3067,Thoplycza,4,TOPLICA,
3068,Thoplycza-oppidum,2,TOPLICA,
3069,Thoplyncycza,4,TOPLICA,
3070,Thopolchazenthgergh,1,,
3071,Thopolyancz,1,,
3072,Thopozka,4,,
3073,Thorchecz,1,,
3074,Thornava,1,,
3075,Thossewczy,4,,
3076,Thossowcz,4,,
3077,Thothwsewyna,1,,
3078,Thrakosthan,2,TRAKOŠĆAN,
3079,Thrakosthyan,2,TRAKOŠĆAN,
3080,Thrakostyan,2,TRAKOŠĆAN,
3081,Thrakwschyan-castrum-cum pertinentiis,2,TRAKOŠĆAN,
3082,Threm,4,,1
3083,Thremecz,1,,1
3084,Thremyschye,1,,1
3085,Threwm,4,,1
3086,Thryem,4,,1
3087,Thryen,4,,1
3088,Thwlowa,1,,
3089,Thwran,4,,1
3090,Thwran-castrum cum pertinentiis,4,,
3091,Thwrcoucz,1,,
3092,Thwrkowcz,1,,
3093,Thwrkowschyna,4,TURKOVČINA,
3094,Thwropolia,4,,
3095,Thwsowch,4,TURKOVČINA,
3096,Thybonyncz,1,,
3097,Toplichicza,4,TOPLICA,
3098,Toplycza,2,TOPLICA,
3099,Toplycza,4,TOPLICA,
3100,Tothwssewyna,1,,
3101,Trachyncz,1,,
3102,Trachyncz-ad Achyna,1,,
3103,Tracostyan,2,,
3104,Trakoschan-castrum cum pertinentiis,2,TRAKOŠĆAN,
3105,Trakoschyan,2,TRAKOŠĆAN,
3106,Trakostan cum pertinentiis,2,TRAKOŠĆAN,
3107,Trakostyan,2,TRAKOŠĆAN,
3108,Trambeth,1,,
3109,Trem,4,,1
3110,Tremecz,1,,
3111,Tremlan,1,,
3112,Tremysche,1,,
3113,Trombetharyewcz,1,,
3114,Trumbetharyewcz,1,,
3115,Tryem,4,,
3116,Turan,4,,
3117,Turkousschyna aliter Zuhodol,4,,
3118,Tussocz,4,,1
3119,Twlowa,1,,
3120,Twssocz,4,,1
3121,Twtwsewyna inferior,1,,
3122,Twtwsewyna superior,1,,
3123,Tzemerye (Themerye?),1,,
3124,Ugra,4,VUGROVEC,
3125,Ugre-Judicatus Inferior,4,VUGROVEC,
3126,Ugre-Judicatus Superior,4,VUGROVEC,
3127,Varasd,2,VARAŽDIN,
3128,Varasd (suburbium*),2,VARAŽDIN,
3129,Varasd-civitas,2,VARAŽDIN,
3130,Varasd-civitas-suburbium,2,VARAŽDIN,
3131,Varasd-suburbium,2,VARAŽDIN,
3132,Varasdiensis-civitas,2,VARAŽDIN,
3133,Vechezlawcz,1,,
3134,Velika,1,,
3135,Velyka,1,VELIKA,
3136,Velykagora,4,,
3137,Verbova,4,,
3138,Verhowlan,1,,
3139,Versynowcz in Berzewcze,1,,
3140,Vgra,4,VUGROVEC,
3141,Vicus Latinorum,4,LAŠKA VES,
3142,Vidincz,1,,
3143,Vidoucz,2,VIDOVEC,
3144,Vinarch,1,VINAREC,
3145,Vinichno,1,VINIČNO,1
3146,Vinicza,2,VINICA,
3147,Vinnichno,1,,
3148,Vinno,2,VINO,
3149,Vokachincz,1,,
3150,Vokowyna cum pertinentiis,4,VUKOVINA,
3151,Vokssyncz,4,,
3152,Volaullya Superior,4,VOLAVJE,
3153,Volawlya Superior,4,VOLAVJE,
3154,Volyncz,2,,
3155,"Volyncz, Chalyncz",2,", ČALINEC",1
3156,Vrasylaz,4,VRAŽJI LAZ,
3157,Vrbanowcz,2,,
3158,Vrboucz,1,VRBOVEC,
3159,Vrboucz-provincia superior,1,VRBOVEC,
3160,Vrbowcz,1,VRBOVEC,
3161,Vrbowcz,2,VRBOVEC,
3162,Vrbowcz -oppidum ad Rokonok,1,VRBOVEC,
3163,Vrbowcz ad Rokonok,1,VRBOVEC,
3164,Vrbowcz-provincia ad,1,VRBOVEC,
3165,Vrbowcz-provincia ad Rokonok,1,VRBOVEC,
3166,Vrnoucz,4,VURNOVEC,
3167,Vrnowcz,4,VURNOVEC,
3168,Vycha Zela,2,VIČA SELA,
3169,Vydoucz,2,VIDOVEC,
3170,Vyhel,1,NOVO MJESTO,
3171,Vyllo,1,NOVO MJESTO,
3172,Vyllyo,1,NOVO MJESTO,
3173,Vynno,2,VINO,
3174,Vynnychno,1,VINIĆNO,1
3175,Vyzoka,1,VISOKA,
3176,Wahtaryowcz ad Belam,1,,
3177,Wakegh,1,,
3178,Wakowyna-casttelum / Demerye,4,VUKOVINA,
3179,Wakowyna-casttelum / Kopchyna,4,VUKOVINA,
3180,Wakowyna-casttelum / Myxocz,4,VUKOVINA,
3181,Wakowyna-casttelum / Obres,4,VUKOVINA,
3182,Wakowyna-casttelum / Wokowyna,4,VUKOVINA,
3183,Wamhyda,1,,
3184,Warallia,1,,
3185,Warallya,1,,
3186,Waska,1,,
3187,Waska Inferior,1,,
3188,"Waska Inferior, Dytrowcz",1,,
3189,Waska Zygeth,1,,
3190,Waska-ad Zagyowcz,1,,
3191,Wasmegywrechye,1,,
3192,Wasmegywrechye predium,1,,
3193,Wasuaryowcz,1,,
3194,Waswarowcz,1,,
3195,Waswaryewcz,1,,
3196,Waswaryowcz,1,,
3197,Wechezlaucz,1,,
3198,Wechezlawcz,1,,
3199,Wechlawcz,1,,
3200,Wehowlan,1,,
3201,Wehthocz,1,,
3202,Welesewch ad Selin,4,VELEŠOVEC,
3203,Welessewacz,4,VELEŠOVEC,
3204,Welessewcz,4,VELEŠOVEC,
3205,Welike,1,VELIKA,
3206,Welike-villicatus ad Rokonok,1,VELIKA,
3207,Welkovcz,2,,
3208,Welkowcz,2,,
3209,Wellesewcz,4,VELEŠEVEC,
3210,Wellessewcz,4,VELEŠEVEC,
3211,Welyka,1,VELIKA,
3212,Welyka Mlaka,4,VELIKA MLAKA,
3213,Welyke,1,VELIKA,
3214,"Welyke, Dwlepzka",1,"VELIKA, DULEPSKA",
3215,Welyke-oppidum antiquum,1,VELIKA,
3216,Welyke-oppidum cum pertinentiis,1,VELIKA,
3217,Welyke-oppidum novum,1,VELIKA,
3218,Werbowa,4,VRBOVO,
3219,Werbowcz,1,VRBOVO,
3220,Werbowo,4,VRBOVO,
3221,Werbowo ad Selyn,4,VRBOVO,
3222,Wereucze,3,,
3223,Wereucze-oppidi,3,,
3224,"Wereucze-oppidum- Bwssocz, Dobownyk",3,,
3225,Werewcze,3,,
3226,Werewcze-oppidum,3,,
3227,Werewcze-provincia opidi,3,,
3228,Werh,1,,
3229,"Werh, Zerdahel",1,,
3230,Werhancz,1,,
3231,Werhoucz,1,,
3232,Werhowch,4,,1
3233,Werhowcz,1,,
3234,Werhowcz,4,,1
3235,Werhowlan,1,,
3236,Werhowlyan,1,,
3237,Werthlin,1,,
3238,Werthlyn ad Monozlo,1,,
3239,Wertlyn,1,,
3240,Werussewych,1,,
3241,Werzynowcz,1,,
3242,Wethech,1,,
3243,Wezelkowcz,1,,
3244,Wezolkowcz,1,,
3245,Wghrocz,4,,
3246,Wgra,4,VUGROVEC,
3247,Wgra cum pertinentiis,4,VUGROVEC,
3248,Wgra- judicatus inferior,4,VUGROVEC,
3249,Wgra- judicatus superior,4,VUGROVEC,
3250,Wgre,4,VUGROVEC,
3251,Wgre-judicatus inferior,4,VUGROVEC,
3252,Wgre-judicatus inferior ad Seryawyncz,4,VUGROVEC,
3253,Wgre-judicatus superior,4,VUGROVEC,
3254,Wgrocz ad castrum Zagrabiense pertinens,4,VUGROVEC,
3255,"Wgrocz-ad castrum Zagrabiense pertinens, Chwcher, Seryawyncz, Blagwssa, Urnowcz, Samssynowcz",4,VUGROVEC,
3256,Wgrowcz,4,VUGROVEC,
3257,Wgrynowcz,4,VUGROVEC,
3258,"Wgrynowcz, E203Markowcz",1,,
3259,Widowcz,2,VIDOVEC,
3260,Willyo,1,,
3261,Winarcz,1,VINAREC,
3262,Winichno,1,,
3263,Winnagora,4,VUKOVINA,
3264,Wkowyna,4,VUKOVINA,
3265,Wkowyna cum pertinentiis,4,VUKOVINA,
3266,"Wkowyna cum pertinetiis, Kopchyna, Wraccza",4,"VUKOVINA, KUPČINA, VRATEČKO",
3267,Wlachin,3,,
3268,"Wlachin, Rawenik",3,,
3269,"Wlachin, Rawennyk",3,,
3270,Wlachyn,3,,
3271,"Wlachyn, Rawennyk",3,,
3272,"Wlachyn, utraque Rawennyk",3,,
3273,"Wlachyn, utraque Rawenyk",3,,
3274,"Wogrinencz, Wlachyn, utraque Rawennyk",3,,
3275,Wogrinowcz,1,,1
3276,"Wogrynecz, Wlachin",3,,
3277,"Wogrynincz, utraque Rawennyk",3,,
3278,Wogrynocz,1,,
3279,Wogrynowcz,1,,
3280,"Wogrynowcz, Markowcz",1,,
3281,"Wogrynyncz, Wlachyn",3,,
3282,Wokomercz,4,VUKOMEREC,
3283,Wokomerych,4,VUKOMEREC,
3284,Wokowyna,4,VUKOVINA,
3285,Wokowyna cum pertinentiis,4,VUKOVINA,
3286,Wokowyna-castellum / Demerye,4,VUKOVINA,
3287,Wokowyna-castellum / Mykchewcz,4,VUKOVINA,
3288,Wokowyna-castellum / Obres,4,VUKOVINA,
3289,Wokowyna-castellum / Wokowyna,4,VUKOVINA,
3290,Wokowyna-castellum cum pertinentiis,4,VUKOVINA,
3291,Wokowyna-cum pertinentiis,4,VUKOVINA,
3292,Wokowyna-pertinantinae casteli,4,VUKOVINA,
3293,Wolaulya,3,VOLAVJE,
3294,Wolaulya,4,VOLAVJE,
3295,Wolawla,4,VOLAVJE,
3296,Wolawla Superior,4,VOLAVJE,
3297,Wolawlia,4,VOLAVJE,
3298,Wolawlia et sub pertinentiis,4,VOLAVJE,
3299,Wolawlya,4,VOLAVJE,
3300,Wolawlya Superior,4,VOLAVJE,
3301,Wolawlya- judicatus (Jazthrebarzka-castrum),4,VOLAVJE,
3302,Wolawya,4,VOLAVJE,
3303,Wolawyla,4,VOLAVJE,
3304,Woloulya,3,VOLAVJE,
3305,Wolowlya,3,VOLAVJE,
3306,Wolyawlya,4,VOLAVJE,
3307,Wolyawlya Superior,4,VOLAVJE,
3308,Wolyncz,2,,1
3309,"Wolyncz, Babyncz",2,", BABINEC",1
3310,"Wolyncz, Chalyncz",2,", ČALINEC",1
3311,"Wolyncz, Chialyncz",2,", ČALINEC",1
3312,Wolywercz,1,,
3313,"Wolywercz, Kothenyak",1,,
3314,Woykowcz,1,,
3315,Woynche,2,,
3316,Woynowcz,1,VOJNOVEC,
3317,Woznekowcz,1,,
3318,Wraccza,4,VRATEČKO,1
3319,Wrachya,4,VRATEČKO,1
3320,Wracza,4,VRATEČKO,1
3321,Wradchya,4,,
3322,Wragoucz,1,,
3323,Wragowcz,1,,
3324,Wranydol- judicatus (Jazthrebarzka-castrum),4,,
3325,Wrapchia,4,VRAPČE,
3326,Wrasi Laaz,4,VRAŽJI LAZ,
3327,Wrasii Las,4,VRAŽJI LAZ,
3328,Wrassylaz,4,VRAŽJI LAZ,
3329,Wrasy Laz,4,VRAŽJI LAZ,
3330,Wrasy Laz-disctrictus,4,VRAŽJI LAZ,
3331,Wrasylasz,4,VRAŽJI LAZ,
3332,Wrasylaz,4,VRAŽJI LAZ,
3333,Wrasylaz (districtus),4,VRAŽJI LAZ,
3334,Wratcza ad Topozka,4,VRATEČKO,1
3335,Wrathcza,4,VRATEČKO,1
3336,Wrathkowcz,2,,
3337,Wrathysincz,1,,
3338,Wrathyssyncz,1,,
3339,Wratisincz,1,,
3340,Wratza,4,,
3341,Wrazylaz,4,VRAŽJI LAZ,
3342,Wrazylaz-districtus ac provincia,4,VRAŽJI LAZ,
3343,Wrbowcz,1,VRBOVEC,
3344,"Wrbowcz, Poganecz",1,VRBOVEC,
3345,Wrbowcz-oppidum cum pertinentiis,1,VRBOVEC,
3346,"Wrbowcz-provincia (Michael Lewak in dicatione sua prescripta defalcatus facit fumos 89,5)",1,VRBOVEC,
3347,Wreucze,3,,
3348,Wrnoch,4,VURNOVEC,
3349,Wrnocz,4,VURNOVEC,
3350,Wrnowcz,4,VURNOVEC,
3351,"Wugrynincz, Wlachyn, uterque Ravenyk",3,,
3352,Wuzmoucz,1,,
3353,Wycha Zela,2,VIČA SELA,
3354,Wychazela,2,VIČA SELA,
3355,Wychkowcz,1,,
3356,Wydowcz,1,VIDOVEC,
3357,Wydowcz,2,VIDOVEC,
3358,"Wydowcz, Zent Illia",2,VIDOVEC,
3359,Wydyncz,1,,
3360,Wyeghaz,1,,
3361,Wyel,1,NOVO MJESTO,
3362,Wyfalu ad Gemnecz,1,,
3363,Wyfalw ad Gemlecz,1,,
3364,Wyfalw- ad Gemlecz,1,,
3365,Wyhel,1,NOVO MJESTO,
3366,Wynagora,4,VINARI,1
3367,Wynarcz,1,VINAREC,
3368,Wynarcz-monialium,1,VINARI,1
3369,Wynnagora,4,VINARI,1
3370,Wynno,2,VINO,
3371,Wynnychno,1,VINIČNO,
3372,"Wynnychno, Graberyancz",1,VINIČNO,
3373,"Wynnychno, Haznarcz",1,VINIČNO,
3374,Wynnycza,2,VINICA,
3375,"Wynnycza, Lipye, Korenyak",2,VINICA,
3376,Wynnycze,2,VINICA,
3377,Wynnycze-castrum cum pertinentiis,2,VINICA,
3378,Wynychno,1,VINIČNO,
3379,"Wynychno, Wyzoka",1,"VINIČNO, VISKOKA",
3380,Wynycza,2,VINICA,
3381,Wynycza cum pertinentiis,2,VINICA,
3382,Wynycze,2,VINICA,
3383,Wyszoka,1,VISOKA,
3384,Wythkowcz,1,,
3385,Wyudwar,1,,
3386,Wywaras,1,,
3387,Wywdwar,1,,
3388,"Wywodina-districtus cum pertinentiis, Craysthychy",4,,
3389,"Wywodyna cum pertinentiis castri Ozel, Kraschyschy",4,,
3390,Wyzoka,1,VISOKA,
3391,Wzmowcz,1,,
3392,Yeresyn,1,,
3393,Zaberdya,1,,
3394,Zaberdye,1,ZABRĐE,
3395,Zablatta,4,ZABLATJE,
3396,Zablatya,4,ZABLATJE,
3397,Zablatye ad Selyn,4,ZABLATJE,
3398,Zabok,2,ZABOK,
3399,"Zabok, Gwbasewo",2,"ZABOK, GUBAŠEVO",
3400,"Zabok, Gwbasowo, Myrkowcz",2,"ZABOK, GUBAŠEVO",
3401,"Zabok, Gwbassewo",2,"ZABOK, GUBAŠEVO",
3402,"Zabok, Komor",2,"ZABOK, KOMOR",
3403,"Zabok, Komor, Hum",2,"ZABOK, KOMOR, HUM",
3404,"Zabok, Komor, Krysancz",2,"ZABOK, KOMOR, KRIŽANEC",
3405,"Zabok, Krysanch",2,"ZABOK, KRIŽANEC",
3406,"Zabok, Krysancz",2,"ZABOK, KRIŽANEC",
3407,"Zabok, Prylezye, Gwbasseuo",2,"ZABOK, GUBAŠEVO",
3408,"Zabok, Wychazela",2,"ZABOK, VIČA SELA",
3409,Zadrok,2,ZADROVEC,1
3410,Zadroucz,2,ZADROVEC,
3411,Zadrowcz,2,ZADROVEC,
3412,Zagolcza,1,,
3413,Zagorya,1,,
3414,Zagrabia-arx cum pertinentiis,4,GRIČ,1
3415,Zagrabia-comitatus,4,GRIČ,1
3416,Zagrabiensis-distcrictus,4,GRIČ,1
3417,Zagyocza,1,,
3418,Zagyowcza,1,,
3419,Zakowcza,1,,
3420,Zalathnak,1,,
3421,Zalathnok,1,,
3422,Zamarsche,4,ZAMERŠJE,
3423,Zamerche,4,ZAMERŠJE,
3424,Zamersche,4,ZAMERŠJE,
3425,Zamerschie,4,ZAMERŠJE,
3426,Zamerschye,4,ZAMERŠJE,
3427,Zamerssye,4,ZAMERŠJE,
3428,Zamerssye*,4,ZAMERŠJE,
3429,Zamersthye,4,ZAMERŠJE,
3430,Zamersye,4,ZAMERŠJE,
3431,Zamlacha,2,ZAMLAČA,
3432,"Zamlacha, Nedelyancz",2,"ZAMLAČA, NEDELJANEC",
3433,Zamlachya,2,ZAMLAČA,
3434,Zamlachye,2,ZAMLAČA,
3435,Zamladincz,1,ZAMLAČA,
3436,Zamladyncz,1,ZAMLAČA,
3437,Zamlatthya,2,ZAMLAČA,
3438,Zamlattya,2,ZAMLAČA,
3439,"Zamlyacha, Nedelyancz",2,"ZAMLAČA, NEDELJANEC",
3440,Zamobor,4,SAMOBOR,
3441,"Zamobor, villa Kladye",4,SAMOBOR,
3442,Zamobor-castrum cum pertinentiis,4,SAMOBOR,
3443,Zanowcz,3,,
3444,Zanyenowcz,1,,
3445,Zavamelleky,1,,
3446,Zaversya,1,,
3447,Zawamelleke,1,,
3448,Zawamelleke ad Monozlo,1,,
3449,Zawamelleky,1,,
3450,Zawercza,2,,
3451,Zawersya,1,ZAVRŠJE,
3452,Zawersye,2,ZAVRŠJE,
3453,Zayezda,2,ZAJEZDA,
3454,Zazowcz,1,,
3455,"Zbel, Dolyancz",2,,
3456,"Zbelevo, Gorycza",2,ZBELAVA,
3457,"Zbelewo, Dolyancz",2,ZBELAVA,
3458,Zbellyo,2,ZBELAVA,
3459,Zbelo,2,ZBELAVA,
3460,Zbelw,2,ZBELAVA,
3461,"Zbelw, Dolyancz",2,ZBELAVA,
3462,Zbelyewo,2,ZBELAVA,
3463,Zbelyo,2,ZBELAVA,
3464,"Zdenchan, Thamadocz",1,,
3465,Zdenchec ad Kaproncza,1,,
3466,Zdenchecz,1,,
3467,Zdenchych ad Owar,1,,
3468,Zdencz,1,,
3469,Zebencz,1,,
3470,Zebenyancz,1,,
3471,Zebincz,1,,
3472,Zebyncz,1,,
3473,Zedenchecz ad Kapruncza,1,,
3474,Zedinyncz,1,,
3475,Zehanowcz,3,,
3476,Zekowcz,1,,
3477,Zela,1,SELA,
3478,Zela,4,SELA,
3479,Zela (Bosyako),4,SELA,
3480,"Zela, Ozteruna",4,"SELA, OSTRNA",
3481,"Zela, Ozterwna",4,"SELA, OSTRNA",
3482,"Zela, Oztherwna",4,"SELA, OSTRNA",
3483,Zelche,1,,
3484,Zelcz,1,,
3485,Zelcze,1,,
3486,Zelenawar-cum pertinentiis,4,ZELINA,
3487,Zelina,4,ZELINA,
3488,Zelina Zenth Myklos,4,ZELINA,
3489,"Zelina, Bwkowcz",4,ZELINA,
3490,Zelna,1,ZELINA,
3491,Zelnycza,2,SELNICA,
3492,Zelnycze,2,SELNICA,
3493,Zelnycze-castrum cum pertinentiis,2,SELNICA,
3494,"Zelyan, Pathak",1,", POTOK",1
3495,Zelyancz,1,,
3496,"Zelyancz, Pothok",1,", POTOK",1
3497,"Zelyancz, Sybrynowcz",1,,
3498,Zelyna,4,ZELINA,
3499,Zelyna Zenthmyklos,4,ZELINA,
3500,Zelyna in pertinentiis Bobonok (!),4,ZELINA,
3501,Zelyna in pertinentiis Rakonok,4,ZELINA,
3502,"Zelyna, Bwkowcz",4,"ZELINA, BUKOVEC",
3503,Zelynawar,4,ZELINA,
3504,Zelynawar cum pertinentiis,4,ZELINA,
3505,Zemche,1,,
3506,Zemche Zenth Myhal,1,,
3507,Zempche,1,,
3508,Zempcze,1,,
3509,Zemzky Werh,4,,1
3510,Zemzkywerh,4,,
3511,Zenaharazthya,1,,
3512,Zenclara,1,,
3513,Zendywan,1,,
3514,Zenkovcz,4,SENKOVČICA,
3515,Zenkowcz,4,SENKOVČICA,
3516,Zent Dyenes,1,DIANEŠ,
3517,Zent Ilona,4,SV. HELENA,
3518,Zent Jacab,2,JAKOPOVEC,
3519,Zent Lewryncz,1,LOVREČINA,
3520,Zent Marthon,4,SV. MARTIN,
3521,Zent Nedelye,4,SV. NEDJELJA,
3522,Zentdienes,1,DIJANEŠ,
3523,Zenth Adrian,1,,
3524,Zenth Andras,1,,
3525,Zenth Anna,1,,
3526,Zenth Barthalam-insula,2,BARTOLOVEC,
3527,Zenth Benedek,1,,
3528,Zenth Benedyk,1,,
3529,"Zenth Bertalam, Othok",2,BARTOLOVEC,
3530,Zenth Berthalam,2,BARTOLOVEC,
3531,Zenth Berthalam,3,BARTOLOVEC,
3532,Zenth Berthalam cum pertinentiis,3,BARTOLOVEC,
3533,Zenth Berthalam-insula,2,BARTOLOVEC,
3534,Zenth Berthalan,2,BARTOLOVEC,
3535,Zenth Clara,1,SV. KLARA,
3536,Zenth Cosma,1,RASINJA,
3537,Zenth Cozma (Rasinja),1,RASINJA,
3538,Zenth Demetrius,1,,
3539,Zenth Dienes,1,DIJANEŠ,
3540,Zenth Dyanes,1,DIJANEŠ,
3541,Zenth Dyenes,1,DIJANEŠ,
3542,Zenth Dyenes-villicatus ad Rokonok,1,DIJANEŠ,
3543,Zenth Ersebeth,1,,
3544,Zenth Georgh,1,SV. ĐURĐ,
3545,Zenth Gerg,1,SV. ĐURĐ,
3546,Zenth Gerg ad Belam,1,SV. ĐURĐ,
3547,Zenth Gerg ad Kapruncza,1,SV. ĐURĐ,
3548,Zenth Gerg ad Lwdbreg,1,SV. ĐURĐ,
3549,Zenth Gergh,1,SV. ĐURĐ,
3550,Zenth Gergh ad Berzewcze,1,SV. ĐURĐ,
3551,Zenth Gergwara,1,SV. ĐURĐ,
3552,Zenth Ilona,4,SVETA HELENA,
3553,Zenth Ilona prope Zamobor,4,SVETA HELENA,
3554,Zenth Iwan,1,SV. IVAN,
3555,Zenth Iwan,4,,
3556,"Zenth Iwan, Krysnychya",1,,
3557,Zenth Jacab,1,JAKOPOVEC,
3558,Zenth Jacab,2,JAKOPOVEC,
3559,Zenth Jacab cum pertinentiis,1,JAKOPOVEC,
3560,Zenth Jakab,1,JAKOPOVEC,
3561,Zenth Kelemen,2,KALNIK,
3562,Zenth Kerest,1,,
3563,Zenth Kerest / Sanctus Crux,1,,
3564,Zenth Kerezth,1,,
3565,Zenth Kerezth,2,,
3566,Zenth Kerezth-de Achyna,1,,
3567,Zenth Kyral,1,,
3568,Zenth Laczlo,1,,
3569,Zenth Leryncz,1,,
3570,Zenth Leryncz-pertinencie ad,1,,
3571,Zenth Lewlek,1,,
3572,Zenth Lewryncz,1,,
3573,Zenth Marco,1,,
3574,Zenth Marghyth,1,,
3575,Zenth Marthon,1,SV. MARTIN,
3576,Zenth Marthon,2,SV. MARTIN,
3577,Zenth Marthon,4,SV. MARTIN,
3578,Zenth Michael,1,,
3579,Zenth Mihal sub Komor,2,,
3580,Zenth Miklos,4,CRKVA SV. NIKOLE U POLJANICI BISTRANSKOJ,
3581,Zenth Mohal,1,,
3582,Zenth Myhal,1,,
3583,Zenth Myhal,2,,
3584,Zenth Myklos,1,,
3585,Zenth Myklos,4,CRKVA SV. NIKOLE U POLJANICI BISTRANSKOJ,
3586,Zenth Nedele,2,,
3587,Zenth Nedelew,2,,
3588,Zenth Nedelye,4,SV. NEDJELJA,
3589,Zenth Pal,1,,
3590,Zenth Pal ad Zenth Gergwara,1,,
3591,Zenth Wyd,2,,
3592,"Zenth Wyd, Chresnevo",2,,
3593,"Zenth Wyd, Zayezda",2,,
3594,ZenthMarthon,4,SV. MARTIN,
3595,Zenthandras,1,,
3596,Zenthbenedek,1,,
3597,Zenthbertalam,2,BARTOLOVEC,
3598,"Zenthbertalam, Othok",2,"BARTOLOVEC, OTOK",
3599,"Zenthbertalam, Otok",2,"BARTOLOVEC, OTOK",
3600,Zenthdienes,1,DIJANEŠ,
3601,"Zenthdomankws, Konska",1,DIJANEŠ,
3602,Zenthdyanes,1,DIJANEŠ,
3603,Zenthdyenes,1,DIJANEŠ,
3604,Zenthendre,3,,
3605,Zenthendree,3,,
3606,Zenthendrey,3,,
3607,Zenthersebeth,1,,
3608,Zenthgeorg,1,SV. ĐURĐ,
3609,Zenthgerg,1,SV. ĐURĐ,
3610,Zenthgergh,1,SV. ĐURĐ,
3611,Zenthgyergh,1,SV. ĐURĐ,
3612,Zenthgyergh in Berzewcza,1,SV. ĐURĐ,
3613,Zenthilona,4,SV. HELENA,
3614,Zenthiwan,1,IVANEC,
3615,"Zenthjacab,Obres",2,"JAKOPOVEC, OBREŽ",
3616,Zenthkerezth,1,,
3617,Zenthkyral,1,,
3618,Zenthlaczlo Dyanfeldi,1,,
3619,Zenthlazlo,1,,
3620,Zenthlelek,1,,
3621,Zenthlelek-cum pertinentiis,1,,
3622,Zenthlerincz,1,LOVREČINA,
3623,Zenthlerycz,1,LOVREČINA,
3624,Zenthleryncz,1,LOVREČINA,
3625,Zenthleryncz-banatus,1,LOVREČINA,
3626,Zenthlewrnycz,1,LOVREČINA,
3627,Zenthlewryncz,1,LOVREČINA,
3628,Zenthlewryncz cum pertinentiis,1,LOVREČINA,
3629,Zenthmargith,1,,
3630,Zenthmarthon,1,SV. MARTIN,
3631,Zenthmarthon,4,SV. MARTIN,
3632,Zenthmarton,1,SV. MARTIN,
3633,Zenthmarton,4,SV. MARTIN,
3634,Zenthmihal,1,MIHOLJEC,
3635,Zenthmihal-villicatus ad Zenthlazlo,1,MIHOLJEC,
3636,Zenthmyhal,1,MIHOLJEC,
3637,Zenthmyklos,1,,
3638,Zenthmyklos,4,CRKVA SV. NIKOLE U POLJANICI BISTRANSKOJ,
3639,Zenthnedelye,4,SV. NEDELJA,
3640,Zenthpal,1,,
3641,"Zenthpal-provincia superior, inferior",1,,
3642,Zenthpeter ad Owar,1,,
3643,Zenthpether ad Kaproncza,1,,
3644,Zenthwyd,2,,
3645,Zenthywan,1,SV. IVAN,
3646,Zentilona,4,SVETA HELENA,
3647,Zentmarthon (Bosyako),4,SV. MARTIN,
3648,Zentmarton,4,SV. MARTIN,
3649,Zentt Dyenes,1,DIJANEŠ,
3650,Zentt Ivan,4,SV. IVAN,
3651,Zentt Leryncz,1,LOVREČINA,
3652,Zentt Marton,4,SV. MARTIN,
3653,Zentt Nedellye,4,SV. NEDELJA,
3654,Zenzki Werh,4,,
3655,Zerchewcz,1,,
3656,Zerchewecz,1,,
3657,Zerdahel,1,,
3658,"Zerdahel, Koren",1,,
3659,"Zerdahel, Meghwreche",1,,
3660,"Zerdahel, Megywrechye",1,,
3661,Zeredyscha ad Zenth Gergwara,1,,
3662,Zerkowcz,1,,
3663,Zersyncz,1,,
3664,Zethnychky Werh,4,,1
3665,Zethnychkywerh,4,,
3666,Zethws,4,SETUŠ,
3667,Zetus,4,SETUŠ,
3668,Zetws,4,SETUŠ,
3669,Zeyana Harazthya,1,,
3670,Zeyanahrazthya,1,,
3671,Zeyanohrazthye,1,,
3672,Ziszek-castrum-oppidum-provincia superior et inferior,4,SISAK,
3673,Zizek,4,SISAK,
3674,Zizek-castrum,4,SISAK,
3675,Zizia,4,SISAK,
3676,Zkakala,3,,
3677,Zkakalo,3,,
3678,Zkakolo,3,,
3679,Zlamnoucz,4,SLANOVEC,
3680,Zlamnowch,4,SLANOVEC,
3681,Zlamnowcz,4,SLANOVEC,
3682,Zlanowcz,4,SLANOVEC,
3683,Zlanowcz (Medwe),4,SLANOVEC,
3684,Zlanya,1,,
3685,Zlatar,2,ZLATAR,
3686,Zlatarya,2,ZLATAR,
3687,Zlathar,2,ZLATAR,
3688,Zlatharya,2,ZLATAR,
3689,Zlathina,1,,
3690,Zlathnok,1,,
3691,Zlathyna,1,,
3692,Zlathyna,2,,
3693,Zlatina,2,,
3694,Zlattar,2,ZLATAR,
3695,Zlatyna,1,,
3696,Zlauetych,4,SLAVETIĆ,
3697,"Zlavetychi, Raztok",4,"SLAVETIĆ, RASTOKI",
3698,Zlawchyna,1,,
3699,Zlawethych,4,SLAVETIĆ,
3700,Zlawethychy,4,SLAVETIĆ,
3701,Zlawetichi,4,SLAVETIĆ,
3702,Zlaweticzy,4,SLAVETIĆ,
3703,Zlawetych,4,SLAVETIĆ,
3704,"Zlawetychi, Raztok",4,"SLAVETIĆ, RASTOKI",
3705,Zlawschina,1,,
3706,Zlawschyna,1,,
3707,Zlawstina,1,,
3708,Zlayna,1,,
3709,Zlayno,1,,
3710,Zlobochya,1,,
3711,Zlobochyna,1,,
3712,"Zlobochyna, Zwybowcz",1,,
3713,Zloboda,1,,
3714,Zloboda ad Monozlo,1,,
3715,Zlobothycza,1,,
3716,Zmolyak,4,,1
3717,Zobkethyncz,1,,
3718,Zobochyna,1,,
3719,Zobothycza,1,,
3720,Zolkethyncz,1,,
3721,Zolnya,1,,
3722,Zombathel,1,,
3723,Zomnycza,4,,1
3724,Zomszedvara,4,SUSEDGRAD,
3725,Zomzed cum pertinentiis,4,SUSEDGRAD,
3726,Zomzed-castrum / Berdowcz,4,BRDOVEC,
3727,Zomzed-castrum / Nowak,4,NOVAKI,
3728,Zomzed-castrum / Podgorya,4,PODGORJA,
3729,Zomzed-castrum / Pwscha,4,PUŠĆA,
3730,Zomzed-castrum / Zaprezechna,4,ZAPREŠIĆ,
3731,Zomzed-castrum / Ztenyowcz,4,STENJEVEC,
3732,Zomzed-castrum / Ztopnyk,4,STUPNIK,
3733,Zomzedwar,4,SUSEDGRAD,
3734,Zomzedwar-castrum cum pertinentiis,4,SUSEDGRAD,
3735,Zomzedwara,4,SUSEDGRAD,
3736,Zomzedwara cum pertinentiis,4,SUSEDGRAD,
3737,Zomzedwara-castrum / Berdowcz,4,BRDOVEC,
3738,"Zomzedwara-castrum / Judiacti Podgorya, villa Nowak, Jablanowcz",4,"SUSEDGRAD, NOVAKI, JABLANOVEC",
3739,"Zomzedwara-castrum / Judicati Podgorya, villa Nowak, Jablanowcz",4,"SUSEDGRAD, NOVAKI, JABLANOVEC",
3740,"Zomzedwara-castrum / Judicati Ztenyowcz, Ztopnyk, Nowak, Zapreszeche, Berdowcz, Pwscha",4,"STENJEVEC, STUPNIK, NOVAKI, ZAPREŠIĆ, BRDOVEC, PUŠĆA",
3741,"Zomzedwara-castrum / Judicati podgorya, villa Nowak, Jablanowcz",4,"SUSEDGRAD, NOVAKI, JABLANOVEC",
3742,"Zomzedwara-castrum / Judicatibus Stenyowcz, Stopnyk, Nowaky, Zaprezeche, Berdowcz, Pwscha",4,"STENJEVEC, STUPNIK, NOVAKI, ZAPREŠIĆ, BRDOVEC, PUŠĆA",
3743,Zomzedwara-castrum / Nowak,4,NOVAKI,
3744,Zomzedwara-castrum / Podgoria,4,PODGORJA,
3745,Zomzedwara-castrum / Podgorya,4,PODGORJA,
3746,Zomzedwara-castrum / Podgorye,4,PODGORJA,
3747,Zomzedwara-castrum / Puschya,4,PUŠĆA,
3748,Zomzedwara-castrum / Pwscha,4,PUŠĆA,
3749,Zomzedwara-castrum / Pwsche,4,PUŠĆA,
3750,Zomzedwara-castrum / Zapreszechye,4,ZAPREŠIĆ,
3751,Zomzedwara-castrum / Zaprezechye,4,ZAPREŠIĆ,
3752,Zomzedwara-castrum / Ztenyowcz,4,STENJEVEC,
3753,Zomzedwara-castrum / Ztopnyk,4,STUPNIK,
3754,Zomzedwara-castrum cum pertinentiis,4,SUSEDGRAD,
3755,Zomzedwara-castrum cum pertinentiis (excepta Jakowlya),4,SUSEDGRAD,
3756,Zomzedwara-cum pertinentiis,4,SUSEDGRAD,
3757,Zomzewdwar cum pertinentiis,4,SUSEDGRAD,
3758,Zopya,1,,
3759,Zotezka,2,,
3760,"Zotezka, Orehowycza, Graberye, Bwssyn",2,", OREHOVICA, GRABE, BUŠIN",1
3761,"Zotheska, Orehowycza, Graberye, Bwssyn",2,", OREHOVICA, GRABE, BUŠIN",1
3762,Zothezka,2,,
3763,"Zothezka, Orehowycza Graberye, Bwssyn",2,", OREHOVICA, GRABE, BUŠIN",1
3764,Zotyzka,2,,
3765,Zrachyncz,2,SRAČINEC,
3766,Zredistha,1,,
3767,Zrednawecz,1,,
3768,Zrednyawcz,1,,
3769,Zrednyawez,1,,
3770,Zredysche,1,,
3771,Zredyscze,1,,
3772,Zrepychak- insula,2,ZREPIČAR,
3773,Zrepychar,2,ZREPIČAR,
3774,Zrepychar Insula,2,ZREPIČAR,
3775,Zrepychar-insula,2,ZREPIČAR,
3776,Zrewsowcz,1,,
3777,Zromercz,1,,
3778,Zrwkowcz,1,,
3779,Ztanowcz,3,,
3780,Ztare Chyche,4,STARO ČIĆE,
3781,Ztare Chychye,4,STARO ČIĆE,
3782,Zthalnykowcz,1,,
3783,Zthankowo ad Okych,4,,
3784,Zthankowo-judicatus ad Okych,4,,
3785,Zthara,1,,
3786,Zthare Chiche,4,STARO ČIĆE,
3787,Zthare Chychae,4,STARO ČIĆE,
3788,Zthare Chyche,4,STARO ČIĆE,
3789,Zthare Chychye,4,STARO ČIĆE,
3790,Ztharsa,1,,
3791,Zthassinowczy,2,,
3792,Zthawethichy,4,,
3793,Zthermecz,4,,
3794,Zthobycza,4,STUBICA,
3795,Ztholnycoucz,1,,
3796,Zthopnychky Werh,4,,1
3797,Zthrebynzky Werh,4,,
3798,Zthrelcha Szela,4,SELA,1
3799,Zthrelchazela,4,SELA,1
3800,Zthrelechko,4,STRELEČKO,
3801,Zthrunga,1,,
3802,Zthrwgha,1,,
3803,Zthwbycza,4,STUBICA,
3804,Zthwpnik,4,,
3805,Zthwpnych-ad Zomzedwara,4,,
3806,Zthwpnyk,4,STUPNIK,
3807,Ztolnykowcz,1,,
3808,Ztopnychky Werh,4,,
3809,Ztopnychkywerh,4,,
3810,Ztrelcha Zela,4,,
3811,Ztrelchazela,4,SELA,1
3812,Ztrelechko,4,STRELEČKO,
3813,Ztreza,1,,
3814,Ztruga,1,,
3815,Ztrwga ad Zenth Gergwara,1,,
3816,Ztrwgha,1,,
3817,Ztubicza Superior,4,GORNJA STUBICA,
3818,Zudoucz,1,SUDOVEC,
3819,Zudowcz,1,SUDOVEC,
3820,Zuha Mlacha,1,,
3821,Zuha Mlaka,1,,
3822,Zuhamlacha,1,,
3823,Zuhodol,2,SEMOVEC,1
3824,Zuhodol,4,,1
3825,Zwchowcz,1,,
3826,"Zwdowchez, Wynarcz",1,"SUDOVEC, VINAREC",
3827,Zwdowcz,1,SUDOVEC,
3828,Zwha Mlaka,1,,
3829,Zwhamlaka,1,,
3830,Zwhodol,1,,
3831,Zwhodol,2,,
3832,Zwhodol,4,,1
3833,Zwinarcz,1,SVINJAREC,
3834,Zwmzedwar cum pertinentiis,4,SUSEDGRAD,
3835,Zwmzedwara cum pertinentiis,4,SUSEDGRAD,
3836,Zwpya,1,,
3837,Zwsycha,1,,
3838,Zwsycza ad Zenth Gergwara,1,,
3839,Zwsycze,1,,
3840,Zwthezka,2,,
3841,Zwybowcz,1,,
3842,Zwynarcz,1,SVINJAREC,
3843,Zwynaricz,1,SVINJAREC,
3844,Zwzicha,1,,
3845,Zygeth,1,,
3846,Zylag,1,,
3847,Zylag Zenth Gergh,1,,
3848,Zylag-wayvodatus,1,,
3849,Zylagh,1,,
3850,Zylagh Zenthgyergh,1,,
3851,Zylagh-waywodatus,1,,
3852,Zylagh-waywodatus inferior ad castrum Valpo,1,,
3853,Zylagh-waywodatus superior ad castrum Walpho,1,,
3854,Zyrch,1,,
3855,"Zyrch, Podgorye",1,,
3856,Zyskan,1,,
3857,Zystan,1,,
3858,Zysthyan,1,,
3859,Zythecz,4,,
3860,Zyzek,4,SISAK,
3861,Zyzek-castrum,4,SISAK,
3862,Zyzek-castrum cum pertinentiis,4,SISAK,
3863,"Zyzek-castrum, Superiori, Inferiori provincia, oppidum",4,SISAK,
3864,"Zyzek-castrum, provincia",4,SISAK,
3865,Zyzek-provincia castri,4,SISAK,
3866,Zyzsthan,1,,
