place_id,historical_name,county_id,authority_id,method,needs_review
1,",,,owcz",2,1,singleton,0
2,Abbatia,4,2,manual,0
3,Abbatia (Opathowyna),4,3,singleton,0
4,Abbatia Zagrabiensis,4,4,modern,0
5,Achyna,1,5,manual,0
6,Adamoucz,1,6,manual,1
7,Adamowch,4,7,orthographic-exact,0
8,Adamowcz,1,6,manual,1
9,Adamowcz,4,7,orthographic-exact,0
10,"Adamowcz, Thewkowcz",1,8,manual,1
11,"Adamowcz, Wragowcz",1,8,manual,1
12,"Adamowcz, Zowkowcz",1,8,manual,1
13,Ahmath,1,9,singleton,0
14,Aladarocz,1,10,manual,1
15,"Aladaryowch, Mylethyncz",1,11,manual,1
16,Alberthowyna,1,12,orthographic-fuzzy,1
17,Albethowyna,1,12,orthographic-fuzzy,1
18,Alexandrocz,1,13,manual,1
19,Allso Gerzencze,1,14,manual,0
20,Also Bakva,3,15,orthographic-exact,0
21,Also Bakwa,3,15,orthographic-exact,0
22,Also Chesmiche,1,16,modern,0
23,Also Chesmicze,1,16,modern,0
24,Also Chesmycze,1,16,modern,0
25,Also Chezmycze,1,16,modern,0
26,Also Czesmycze,1,16,modern,0
27,Also Gerzencze,1,14,manual,0
28,Also Izdencz,1,17,manual,0
29,Also Jalsewycza,1,18,manual,1
30,Also Lomnicza,4,19,modern,0
31,Also Lomnycza,4,19,modern,0
32,"Also Lomnycza, Koztanyewcz",4,20,modern,0
33,Also Soploncza,1,21,manual,0
34,Also Soproncha,1,22,manual,0
35,Also Soproncza,1,22,manual,0
36,Also Thothwssewyna,1,23,manual,0
37,Also Totusewyna,1,24,manual,0
38,Also Volavlya,4,25,modern,0
39,Also Wolawlya,4,25,modern,0
40,Also Wolawlyaa,4,25,modern,0
41,Also Zemche,1,26,manual,1
42,Also Zempche,1,26,manual,1
43,Also Zthobycza,4,27,modern,0
44,Also Zthobycza-cum pertinentiis,4,27,modern,0
45,Also Zthwbycza,4,27,modern,0
46,Also Zthwbycza cum pertinentiis,4,27,modern,0
47,Also Zthwbycza-castellum cum pertinentiis,4,27,modern,0
48,Also Ztobycza,4,27,modern,0
49,"Also Ztobycza cum pertinentiis, Jakowlya",4,28,singleton,0
50,Also Ztobycza-castellum cum pertinentiis,4,27,modern,0
51,Also Ztobycze,4,27,modern,0
52,Also Ztubycza-castellum cum pertinentiis,4,27,modern,0
53,Alsolomnycza,4,19,modern,0
54,"Alsolomnycza, Koztanyewcz",4,20,modern,0
55,"Alsolomnycza, Koztanyowcz",4,20,modern,0
56,"Alsolomnycza, Kozthanyewcz",4,20,modern,0
57,Alsolompnycza,4,19,modern,0
58,Alsoo Zthwbycza cum pertinentiis,4,27,modern,0
59,Alsoo Zthwbycza de Zomzewdara,4,27,modern,0
60,Alsoo Zthwbycza de Zthwbycza,4,27,modern,0
61,Alsowolawlia,4,25,modern,0
62,Alsowolawlya,4,25,modern,0
63,Alsozthobycza,4,27,modern,0
64,Alsozthobycza cum pertinentiis,4,27,modern,0
65,Alsoztobycza,4,27,modern,0
66,Alsw Soproncza,1,22,manual,0
67,Andraswelgh,1,29,manual,1
68,"Antholocz,Ramyncz,Chernecz, Thremecz",3,30,manual,1
69,Apathowcz,1,31,manual,0
70,Apporowcz,1,32,manual,1
71,Area Capitulari-vicus,4,33,manual,1
72,Atak,1,34,modern,0
73,Athak,1,34,modern,0
74,Athak,4,35,manual,0
75,"Athak, Themerye",1,36,singleton,0
76,"Athak, Themerye, Camarcha",1,37,modern,0
77,"Athak,Tamerye, Kamarchya",1,37,modern,0
78,Athak-uterque,4,35,manual,0
79,Athak-vterque,4,35,manual,0
80,"Attak-superior et inferior, Zenth Ilona apud Zamobor",4,38,manual,1
81,Atthak,4,35,manual,0
82,"Atthak uterque-superior et inferior, Zenth Ilona prope Zamobor",4,38,manual,1
83,"Atthak, Zenth Ilona apud Zamobor",4,38,manual,1
84,Babcha,4,39,manual,1
85,Babchya,4,39,manual,1
86,Babpcha,4,39,manual,1
87,Babyncz,2,40,singleton,0
88,Babynschyna,1,41,manual,0
89,"Babynschyna, Koren",1,42,manual,0
90,"Babynsthyna, Koren",1,42,manual,0
91,Bachyn,1,43,manual,0
92,Baganoz,1,44,singleton,0
93,Bagenowcz,1,45,manual,1
94,Bahonincz,1,46,manual,1
95,Bahonyn,1,46,manual,1
96,Bakheg,1,47,singleton,0
97,Bakolcza,1,48,manual,0
98,"Bakolcza, Zygeth",1,49,manual,0
99,Bakowcha,1,50,manual,0
100,Bakowcza,1,50,manual,0
101,Bakwa,3,51,manual,0
102,Bancz,1,52,manual,1
103,Banczy,1,52,manual,1
104,Banowch,1,53,manual,1
105,Banowcz,1,54,manual,1
106,"Banowcz, Gorycza",1,55,manual,0
107,Banthusovcz,1,56,manual,0
108,Banthwsoucz,1,56,manual,0
109,Bapcha,4,39,manual,1
110,Bara ad Belam,1,57,manual,1
111,Barachka,4,58,manual,1
112,Baraczka,4,59,manual,1
113,Baranowcz,1,60,singleton,0
114,Barowcz,1,61,singleton,0
115,Barswelge,1,62,singleton,0
116,Barychewo,4,63,singleton,0
117,Bathyna,2,64,manual,1
118,Batyna,2,64,manual,1
119,Bedenicza,4,65,orthographic-exact,0
120,Bedennycza,4,65,orthographic-exact,0
121,Bedenycha,4,65,orthographic-exact,0
122,Bedenycza,4,65,orthographic-exact,0
123,"Bedenycza, Felsew Ztobicza",4,66,singleton,0
124,Bedenye,1,67,singleton,0
125,Bedkowcz,1,68,manual,0
126,Bedna,1,69,manual,0
127,Bednya,1,69,manual,0
128,Bednye,1,70,manual,1
129,Bednye cum pertinentiis,1,71,manual,1
130,Bednye seu Bukoucz,1,72,manual,1
131,Bednye seu Bwkowcz,1,73,manual,1
132,Bedowcz,1,68,manual,0
133,Bedowhcz,1,68,manual,0
134,Bedwdnycze,4,74,manual,0
135,Bekethincz,1,75,modern,0
136,Bekethincz ad Belam,1,75,modern,0
137,Bekethyncz,1,75,modern,0
138,Bekethyncz ad Kustherocz,1,75,modern,0
139,Bela,1,76,manual,0
140,Bela,2,77,modern,0
141,Bela cum pertinentiis,2,77,modern,0
142,"Bela cum pertinentiis, liberis et predialibus",1,76,manual,0
143,"Bela, Iwancz, Stasnowcz",2,78,orthographic-fuzzy,1
144,"Bela, Iwancza, Ztasnoucz",2,79,modern,0
145,"Bela, Threm",2,80,singleton,0
146,Bela-castrum cum pertinentiis,2,77,modern,0
147,"Bela-castrum, Iwancz, Stasnoucz",2,78,orthographic-fuzzy,1
148,"Bela-castrum, Iwancz, Zthasnowcz",2,78,orthographic-fuzzy,1
149,Bela-castrum-cum pertinentiis,2,77,modern,0
150,Belawarcz,1,81,manual,0
151,Belcheucz,1,82,manual,0
152,Belchewcz,1,82,manual,0
153,Belchowcz,1,83,singleton,0
154,Belcz,1,84,manual,0
155,Belcz,2,85,modern,0
156,Belcz cum pertinentiis,2,85,modern,0
157,Belecz,2,85,modern,0
158,Belecz-castrum cum pertinentiis,2,85,modern,0
159,Belesowcz,1,86,manual,0
160,Belethyncz,2,87,modern,0
161,Belethyncz ad Gereben,2,87,modern,0
162,Beletyncz,2,87,modern,0
163,Belezlowcz,4,88,modern,0
164,Belkolcz,2,89,singleton,0
165,Belkowcz,1,90,manual,0
166,Bellessowcz,1,86,manual,0
167,Bellyanowcz,1,91,orthographic-fuzzy,1
168,Belosowcz,1,86,manual,0
169,Belowarch,1,81,manual,0
170,Belowarcz,1,81,manual,0
171,Belowarcz*,1,81,manual,0
172,Belozlavcz,4,88,modern,0
173,Belozlawcz,4,88,modern,0
174,Belozlowcz,4,88,modern,0
175,Beludowyna,1,92,manual,1
176,Belwdoch-villicatus ad Zenth Georghwara,1,92,manual,1
177,Belwdowcz ad Zenth Gergwara,1,92,manual,1
178,Belwdowyna,1,92,manual,1
179,Belwsowcz,1,86,manual,0
180,Belyancz,1,91,orthographic-fuzzy,1
181,Belyowcz,1,91,orthographic-fuzzy,1
182,Belywdowcz,1,93,manual,0
183,Benchethyncz,1,94,manual,1
184,Benedicoucz,1,95,manual,1
185,Benedicowcz,1,95,manual,1
186,Benedikowcz,1,96,manual,0
187,Benedykow,1,96,manual,0
188,Benedykowcz,1,96,manual,0
189,Benkoucz,2,97,orthographic-exact,1
190,Benkowcz,2,97,orthographic-exact,1
191,Berdekowcz ad Belam,1,98,manual,1
192,Berdonocz,4,99,manual,0
193,Berdonocz-ad Zomzewdar pertinentiis,4,99,manual,0
194,Beregi,1,100,singleton,0
195,Berethyncz,2,101,singleton,0
196,Berizlawcz,4,102,modern,0
197,Berizlowcz,4,102,modern,0
198,Berkesewine,4,103,manual,0
199,Berkissewyna,4,103,manual,0
200,Berkwsewyna,4,103,manual,0
201,Berkwssewyna,4,103,manual,0
202,Berkwssewyna penes Kwppam ad Thopozka abbacie,4,103,manual,0
203,"Berkwssewyna, Pokwpya ad Thopozka-cum pertinentiis",4,104,manual,1
204,Berkysewyna,4,103,manual,0
205,Berkyssewyna,4,103,manual,0
206,Berkyssewynna,4,103,manual,0
207,Bersancz ad Kaproncza,1,105,manual,0
208,Berschanowcz,1,106,manual,0
209,Bersthanowcz cum pertinentiis,1,107,manual,1
210,Bersthianoucz,1,108,manual,0
211,Berywoy (Zenth Iwan?),1,109,manual,1
212,Berywoy-oppidum (Zenth Iwan?),1,109,manual,1
213,Berywoy-provincia (Zenth Iwan?),1,109,manual,1
214,"Beryzlaucz, Kalynye",4,110,manual,1
215,Beryzlawcz,4,102,modern,0
216,Beryzlawecz,4,102,modern,0
217,Beryzlowcz,4,102,modern,0
218,Berzewcz-provincia inferior,1,111,manual,1
219,Berzewcze,1,112,manual,0
220,Berzewcze-provincia inferior,1,111,manual,1
221,Berzyncz,1,113,singleton,0
222,Besenowcz,1,114,manual,1
223,Bethowcz,3,115,singleton,0
224,Bezchyanowcz,1,116,manual,1
225,Bigzaagh,4,117,manual,0
226,Bikzaad,4,118,manual,0
227,Biskupovcz,2,119,modern,0
228,Biskwpcz,4,120,orthographic-fuzzy,1
229,Bizthra,4,121,modern,0
230,Biztra,4,121,modern,0
231,Blacha,1,122,singleton,0
232,Blagay,1,123,singleton,0
233,"Blagay, Glogowy",1,124,singleton,0
234,Blagswa,4,125,modern,0
235,Blagussa,4,125,modern,0
236,Blagwsa,4,125,modern,0
237,Blagwssa,4,125,modern,0
238,"Blagwssa, Symonchewcz",4,126,modern,0
239,"Blagwssa, Symonczewcz",4,126,modern,0
240,"Blagwssa, Symwnchowcz",4,126,modern,0
241,Blasew Werh,1,127,singleton,0
242,Blasewerh-ad Achyna,1,128,manual,1
243,Blasewwerh-ad Achynam,1,129,manual,1
244,"Blaskoucz, Glavnycza",4,130,manual,1
245,"Blaskowcz, Glawnycza",4,131,manual,1
246,Blathnicza,4,132,orthographic-exact,0
247,"Blathno, Remethinczy, Lwka",4,133,manual,1
248,"Blathno, Remethinczy, Lwka*",4,133,manual,1
249,Blathnycza,4,132,orthographic-exact,0
250,Blatnycza,4,132,orthographic-exact,0
251,Blatthnycza,4,132,orthographic-exact,0
252,Blattnycza,4,132,orthographic-exact,0
253,Blizna,4,134,modern,0
254,Bliznafew,1,135,manual,0
255,Blyzna,4,134,modern,0
256,Blyzna sub Medwedwar,4,134,modern,0
257,Blyzna sub Medwewar,4,134,modern,0
258,"Blyzna, Remethyncz",4,136,singleton,0
259,Blyznafew,1,135,manual,0
260,Blyznaffew,1,135,manual,0
261,Blyzno,4,134,modern,0
262,Blyzno (Medwe),4,134,modern,0
263,Bobinschyna,1,41,manual,0
264,Bobonycza,4,137,modern,0
265,Bobouycza,4,137,modern,0
266,Bobowycha ad Mokrycham,4,137,modern,0
267,Bobowycza,4,137,modern,0
268,Bobowycza ad Mokrycza,4,137,modern,0
269,Bobowycza ad Mokrycza pertinens,4,137,modern,0
270,Bobowycza ad Mokryczam,4,137,modern,0
271,Bobowycza ad Mokryzam,4,137,modern,0
272,"Bobowycza, Kapolna",1,138,manual,0
273,"Bobowycza, Kapolna, Othok, Jemryhowcz",1,139,manual,0
274,Bobowycza-ad Mokryczam,4,137,modern,0
275,Bocyncz ad Medwe,4,140,modern,0
276,Bogacheuo,1,141,modern,0
277,Bogachewo,1,141,modern,0
278,Bogacho,1,141,modern,0
279,Bogachyewo,1,141,modern,0
280,Bogatho,1,141,modern,0
281,Bolch,1,142,orthographic-exact,0
282,Bolcz,1,142,orthographic-exact,0
283,Bolethyna,1,143,manual,1
284,Bolethyno,1,143,manual,1
285,Bona-Hampo,1,144,singleton,0
286,Bona-Johannes Alapi,4,145,singleton,0
287,Bona-Nicolaus Zrini,4,146,orthographic-exact,0
288,Bona-Nicolaus Zryny,4,146,orthographic-exact,0
289,Bona-Zlwny,4,147,singleton,0
290,Bonowk,1,148,manual,1
291,Borchecz in pertinentiis Zomzedwara,4,149,singleton,0
292,Borcowcz,1,150,manual,0
293,Borcowcz,2,151,modern,0
294,Borcz ad Topozka (predium),4,152,manual,1
295,Borkoucz,2,151,modern,0
296,Borkowcz,2,151,modern,0
297,Borowcz,1,150,manual,0
298,Borowcz,2,151,modern,0
299,Borowe,1,153,manual,0
300,Borsowcz,1,150,manual,0
301,Borycheucz,2,154,manual,0
302,Borychewcz,2,154,manual,0
303,"Borychewcz, Marthyndoll",2,155,manual,1
304,Boryzlowcz,4,102,modern,0
305,Bosako,4,156,modern,0
306,Bosiako,4,156,modern,0
307,Bosiako-castrum-judicatus inferior,4,156,modern,0
308,Bosiako-castrum-judicatus superior,4,156,modern,0
309,Bosiakowyna,4,156,modern,0
310,Bosyako,4,156,modern,0
311,Bosyako cum pertinentiis,4,156,modern,0
312,Bosyako cum pertinentiis*,4,156,modern,0
313,Bosyako-castellum / Judicatus Inferior,4,156,modern,0
314,Bosyako-castellum / Judicatus Superior,4,156,modern,0
315,Bosyako-castellum cum pertinentiis,4,156,modern,0
316,Bosyako-castellum-judicatus inferior,4,156,modern,0
317,Bosyako-castellum-judicatus superior,4,156,modern,0
318,Bosyako-cum pertinentiis,4,156,modern,0
319,Bosyako-judiatus inferior,4,156,modern,0
320,Bosyako-judicatus superior,4,156,modern,0
321,Bosyako-judicatus superior et inferior,4,156,modern,0
322,Bosyakowyna,4,156,modern,0
323,Bosyakowyna-castellum*,4,156,modern,0
324,Bothcafeld,1,157,manual,0
325,Bothezyncz,1,158,manual,0
326,Bothincz,4,140,modern,0
327,Bothkafeld,1,159,manual,0
328,Bothowcz,3,160,manual,0
329,Bothyncz,1,161,manual,0
330,Bothyncz,4,140,modern,0
331,Bothyncz ad Medwe,4,140,modern,0
332,Bothynowcz,1,162,manual,0
333,Botyncz,4,140,modern,0
334,Boytincz,4,140,modern,0
335,Bozyas,1,163,singleton,0
336,Bradechyna ad Garych,1,164,manual,1
337,Bradna,1,165,manual,0
338,Bradna inferior,1,166,manual,1
339,Bragasoucz,1,167,orthographic-exact,0
340,Bragasowcz,1,167,orthographic-exact,0
341,Brakwnowcz,4,168,manual,0
342,Bregchewcz,1,169,manual,0
343,Bresancz ad Kaproncza,1,105,manual,0
344,Breschyna,1,170,manual,1
345,Bresnycha,1,171,manual,0
346,Bresnycza-ad Achynam,1,172,manual,1
347,Bresnycze,1,171,manual,0
348,Bresowcz,1,173,manual,0
349,Bresowycza,4,174,modern,0
350,Brestowcz,1,173,manual,0
351,Brestoycha,1,175,manual,0
352,Brezewcze cum pertinentiis,1,176,manual,0
353,Brezoucz,1,177,modern,0
354,Brezowcz,1,177,modern,0
355,Brezowicza,4,174,modern,0
356,Brezowycha,4,174,modern,0
357,Brezowycza,4,174,modern,0
358,Brezoycha-ad Nagh Kemlek,1,178,manual,1
359,Brezoycza,1,179,manual,0
360,Brezoycza,4,174,modern,0
361,Brezt,2,180,singleton,0
362,Brezth,4,181,manual,0
363,Brezthowcz,1,177,modern,0
364,"Brezthowcz, Dechyna",1,182,manual,1
365,"Brezthowcz, Dolina",1,183,manual,1
366,Brezthoycza,1,179,manual,0
367,Brezthye,4,184,manual,0
368,Breztoycha,1,179,manual,0
369,Brezyancz,3,185,manual,1
370,Brezyna,1,186,manual,1
371,"Brezyna, Chakowcz",1,187,manual,1
372,Brezynacz,3,185,manual,1
373,Brkwnowcz,4,188,manual,1
374,Brokownyowcz,4,188,manual,1
375,Brokunoucz,4,188,manual,1
376,"Brokunoucz, Adamovcz",4,189,manual,1
377,Brokwnowcz,4,188,manual,1
378,"Brokwnowcz, Glawnicza",4,190,modern,0
379,Brokwnyowcz,4,188,manual,1
380,"Brokwnyowcz, Glawnycza",4,190,modern,0
381,Brysnyak,1,191,singleton,0
382,Bryzthno,4,192,singleton,0
383,Budrowcz,1,193,manual,0
384,"Budyndol, Pomperoucz, Hansevcz",2,194,singleton,0
385,Bukovcz,1,195,manual,0
386,Bwchyncz,1,196,manual,0
387,Bwdislawcz,2,197,orthographic-fuzzy,1
388,Bwdnak,1,198,manual,0
389,Bwdowcz,1,193,manual,0
390,Bwdrocz,1,193,manual,0
391,Bwdrocz,3,199,manual,0
392,Bwdrowcz,1,193,manual,0
393,Bwdrowcz,3,199,manual,0
394,Bwdyndol,2,200,manual,1
395,"Bwdyndol, Hansewcz",2,201,manual,1
396,"Bwdyndol, Hansewcz, Pomperowcz",2,202,manual,1
397,Bwdyndoll,2,203,manual,1
398,Bwdyslwcz,2,197,orthographic-fuzzy,1
399,Bwdyzlawcz,2,204,singleton,0
400,"Bwdyzlawcz, Dymytrowcz",2,205,singleton,0
401,"Bwkowcz, Zelyna",4,206,singleton,0
402,Bwkowschak,4,207,modern,0
403,Bwkowschyak,4,207,modern,0
404,Bwkowsthyak,4,207,modern,0
405,Bwkowychyak,4,207,modern,0
406,Bwschyncz,1,196,manual,0
407,Bwsowcz,3,208,manual,1
408,Bwssocz,3,209,manual,1
409,Bwssowcz,3,210,manual,1
410,Bwssyn,2,78,orthographic-fuzzy,1
411,Bwsthincz,1,211,manual,0
412,Bwsthyncz,1,211,manual,0
413,Bwsyn,2,78,orthographic-fuzzy,1
414,"Bwsyn, Odra",4,212,modern,0
415,Bwszyn,2,78,orthographic-fuzzy,1
416,Bwthkafeld,1,159,manual,0
417,Bwthkafelde,1,159,manual,0
418,Bwthkafewlde,1,159,manual,0
419,Bwthynowcz,1,162,manual,0
420,Bwtkafeld,1,159,manual,0
421,Bwyancz,1,213,manual,1
422,Bwyanowcz,1,162,manual,0
423,Bwyowcz,1,214,manual,1
424,"Bwzyn, Odra",4,212,modern,0
425,Byenik,1,215,manual,0
426,Byenyk,1,215,manual,0
427,Byenyk ad Topozka (predium),4,216,manual,1
428,Bygzaad,4,217,manual,0
429,Bygzad,1,218,modern,0
430,Bygzad,4,219,manual,0
431,Bygzad-citra Lonyam,4,220,singleton,0
432,Bykalla,1,221,manual,0
433,Bykalya,1,221,manual,0
434,Bykchelethincz,1,222,manual,0
435,Bykczelethyncz,1,222,manual,0
436,Bykszad,4,223,manual,0
437,Bykzad,1,218,modern,0
438,Bykzad,4,224,manual,0
439,"Bykzad, Wychel portio",1,225,modern,0
440,"Bykzad, Wyhel",1,225,modern,0
441,Bynowcz,1,226,manual,0
442,Byskupcz,4,120,orthographic-fuzzy,1
443,Byskwpch,4,120,orthographic-fuzzy,1
444,Byskwpchy,4,120,orthographic-fuzzy,1
445,Byskwpcz,2,227,singleton,0
446,Byskwpcz,4,120,orthographic-fuzzy,1
447,Byskwpecz,2,228,singleton,0
448,Byskwpecz,4,120,orthographic-fuzzy,1
449,Byskwpowcz,2,119,modern,0
450,Byskwpowcz,4,120,orthographic-fuzzy,1
451,Bysztra,4,121,modern,0
452,Bysztrycza,4,229,modern,0
453,Byxad,1,218,modern,0
454,Byxad cum pertinentiis,1,218,modern,0
455,Byzagh,1,218,modern,0
456,Byzkelethycz,1,230,singleton,0
457,Byznafew,1,135,manual,0
458,Byzthra,4,121,modern,0
459,Byzthra ad Zomzewdwara,4,121,modern,0
460,Byzthrycha,4,229,modern,0
461,Byzthrycza,4,229,modern,0
462,Byzthrycze,4,229,modern,0
463,Byztra,4,121,modern,0
464,Byztricza,4,229,modern,0
465,Byztricza cum pertinentiis,4,229,modern,0
466,Byztrycza,4,229,modern,0
467,Byztrycze,4,229,modern,0
468,Byztrycze cum pertinentiis,4,229,modern,0
469,Camarcha,1,231,manual,0
470,"Camarcha, Thwlowa",1,232,manual,1
471,Campus,1,233,singleton,0
472,Campus-Sancta Maria Virginis in Campo,1,234,manual,1
473,Capella,1,235,singleton,0
474,"Cappela,Kelyanowcz",1,236,singleton,0
475,Captholowcz,1,237,manual,0
476,Cargoucz,2,238,manual,1
477,Carlowcz,1,239,manual,1
478,Casma,1,16,modern,0
479,Cerabarda,1,240,orthographic-fuzzy,1
480,Cerztwecz,1,241,manual,0
481,Chakowcz,1,242,manual,0
482,"Chakowcz, Brezyna",1,243,manual,1
483,Chaktornya,1,244,manual,0
484,Chalyncz,2,245,modern,0
485,Channyo,1,246,modern,0
486,Chano,1,246,modern,0
487,Chanyo,1,246,modern,0
488,"Chanyo, Prezeka, Rauen",1,247,singleton,0
489,Chapalowcz,1,237,manual,0
490,Chapolowcz,1,237,manual,0
491,Chargowcz,2,248,manual,1
492,Charzyncz,1,249,singleton,0
493,Chasma,1,16,modern,0
494,Chasma-in pertinentiis,1,16,modern,0
495,Chasmafew,1,16,modern,0
496,Chawlyncz,2,245,modern,0
497,Chazarwara,2,250,modern,0
498,Chazarwara-castrum cum pertinentiis,2,250,modern,0
499,Chazmafew,1,16,modern,0
500,Chebenowcz,1,251,manual,0
501,Chehowyna ad portionem,1,252,singleton,0
502,Chekno,1,253,manual,0
503,Chelowechky,2,254,singleton,0
504,Chelychye,1,255,manual,1
505,Chelycze,1,255,manual,1
506,Chemernicha,1,256,manual,0
507,Chemernicza,1,256,manual,0
508,Chemernycha,1,256,manual,0
509,Cheperlyncz,2,257,singleton,0
510,"Cheperlyncz, Stefancz",2,258,modern,0
511,"Cheperlyncz, Stephancz, Othok",2,258,modern,0
512,"Cheperlyncz, Zenth Kelemen",2,259,modern,0
513,"Cheperlyncz, Zenthkelemen",2,259,modern,0
514,"Cherbenye, Lwkawecz",1,260,manual,1
515,Cherbyncz,2,261,singleton,0
516,Cherchan ad Gemlech,1,262,manual,1
517,Chereborda,1,263,orthographic-exact,0
518,Cheresnye,2,264,manual,1
519,Cheresnyo,2,265,manual,1
520,"Cheresnyo, Wydowcz",2,266,manual,1
521,Cherkowczy,4,267,modern,0
522,Chernacz,3,268,singleton,0
523,Chernareca,1,269,manual,1
524,Chernareka,1,270,manual,0
525,Chernchan ad Gemlecz,1,271,manual,1
526,Chernech,3,272,manual,0
527,Chernecz,3,272,manual,0
528,"Cherneleucz, Toplychycza",4,273,manual,1
529,Chernesoucz,1,274,manual,1
530,Chernkocz,4,267,modern,0
531,Chernkowch,4,267,modern,0
532,Chernkowcz,4,267,modern,0
533,"Chernkowcz, Schytaryo",4,275,singleton,0
534,Chernomerch,4,276,modern,0
535,Chernomercz,4,276,modern,0
536,Chernomercz (Medwe),4,276,modern,0
537,Chernomerecz,4,276,modern,0
538,Chernossowcz,1,277,singleton,0
539,"Chernylewch, Thoplychycha",4,278,singleton,0
540,Chernylno,4,279,singleton,0
541,Chero berdo,1,280,manual,0
542,Cherowoberdo,1,281,manual,0
543,Cherthwecz,1,241,manual,0
544,Chertwecz,1,241,manual,0
545,Cherwylno,4,282,manual,1
546,Cherzthwecz,1,241,manual,0
547,Cherzthweczfew,1,241,manual,0
548,Cherztwecz,1,241,manual,0
549,Cherztwecz Zenth Pether,1,283,manual,0
550,Cherzwecz,1,241,manual,0
551,Chesthylowcz,1,284,singleton,0
552,Chethertekhel,1,285,manual,0
553,Chethwecz,1,241,manual,0
554,Chezmycza Zenth Iwan,1,286,singleton,0
555,Chezthylowcz,1,287,orthographic-exact,0
556,Cheztylowcz,1,287,orthographic-exact,0
557,Chezwecz,1,241,manual,0
558,Chialyncz,2,245,modern,0
559,Chnesancz,1,288,manual,0
560,Chorgowcz,2,289,singleton,0
561,Chowcowyna,1,290,singleton,0
562,Chowkowyna,1,291,singleton,0
563,Chrechan,4,292,manual,0
564,Chrechancz,4,292,manual,0
565,Chremysthe,1,293,manual,0
566,Chrenchan ad Gemnecz,1,294,manual,1
567,"Chresnevo, Obres",2,295,manual,0
568,Chresno,1,296,manual,0
569,Chresnyo,1,296,manual,0
570,Chreztwecz*,1,241,manual,0
571,Christalocz,1,297,manual,0
572,Christhalowcz,1,297,manual,0
573,Chrysthalowcz-cum provincia et pertinentiis,1,298,manual,1
574,Chucher,4,299,modern,0
575,Chwcher,4,299,modern,0
576,Chwcherye,4,299,modern,0
577,Chwchwwachincz,1,300,singleton,0
578,Chwdowcz,1,301,manual,1
579,"Chwdowcz, Wynarcz",1,302,singleton,0
580,Chwthenya,1,303,manual,0
581,Chyanyo,1,246,modern,0
582,Chyazarwara,2,250,modern,0
583,Chycherye,4,299,modern,0
584,Chychyrye,4,299,modern,0
585,Chyglana,1,304,manual,0
586,Chyglena,1,305,manual,0
587,Chygleno,1,306,manual,0
588,Chystho Hrastye,3,307,singleton,0
589,Chystho Hrazthya,3,308,singleton,0
590,Chyzarwara,2,250,modern,0
591,Chyzta Hrazthya,3,309,orthographic-fuzzy,1
592,Chyztahrazthya,3,309,orthographic-fuzzy,1
593,Cirquena,1,310,orthographic-exact,0
594,Civitas Montis Grecensis Zagrabiensis,4,311,manual,0
595,Civitas Montis Grecensis Zagrabiensis (taxa 500 fl),4,311,manual,0
596,"Clobwk, Jalsewcz, Zenth Iwan",1,312,manual,1
597,Clokochewcz,1,313,modern,0
598,Clwch,1,314,manual,0
599,Cnesancz,1,288,manual,0
600,Conthowcz,1,315,manual,0
601,Copathowcz,1,316,manual,0
602,Copozowcz,1,317,manual,0
603,Corbowa,1,318,manual,0
604,Coren,1,319,manual,0
605,"Coren, Zdela",1,320,manual,1
606,Coroska,1,321,manual,0
607,Corpus Christi in Prodauiz,1,322,manual,1
608,Cothnyak,1,323,manual,1
609,Coznethyno,1,324,manual,0
610,Coznycza,4,325,modern,0
611,Coznycza cum pertinentiis,4,325,modern,0
612,Coztanowcz,1,326,singleton,0
613,Coztel-castrum cum pertinentiis,2,327,modern,0
614,Crachowcz,1,328,singleton,0
615,Crapyna,2,329,modern,0
616,"Craschych, Wywodyna",4,330,singleton,0
617,Crassulcz,2,331,singleton,0
618,Crawaryna,1,332,manual,0
619,Crawarzka,4,333,manual,0
620,Crawloch,1,334,singleton,0
621,Crethyn in Dobrachwcha,1,335,singleton,0
622,Crisiensis-civitas superior,1,336,modern,0
623,Crisium,1,336,modern,0
624,Crisium-civitas,1,336,modern,0
625,Crisium-civitas (taxa 500 fl),4,337,manual,0
626,Crisium-civitas inferior,1,338,singleton,0
627,Crisium-civitas superior,1,339,singleton,0
628,Crisium-claustri,1,336,modern,0
629,Crisium-claustrum,1,336,modern,0
630,Crisium-inferior civitas,1,336,modern,0
631,Crisium-superior civitas,1,336,modern,0
632,Crisnychya,1,340,manual,1
633,Crisnychya ad Galgoycza,1,340,manual,1
634,Crisowlan,1,341,manual,1
635,Crisowlyan,1,341,manual,1
636,Cristallowcz,1,297,manual,0
637,Cristalowcz,1,297,manual,0
638,Cristhalowcz,1,297,manual,0
639,Cristocz,1,297,manual,0
640,Crysancz,2,342,singleton,0
641,Crysthalowcz,1,297,manual,0
642,Crysthesawcz-ad Galgowcz,1,343,singleton,0
643,Cryznychycha-ad Zenthywan dicata,1,344,singleton,0
644,Csalyncz,2,245,modern,0
645,Cwlpowcz,1,345,singleton,0
646,Cyglena,1,305,manual,0
647,Cyrquena,1,310,orthographic-exact,0
648,Czarghowcz,2,346,manual,1
649,Czargowcz,2,347,manual,1
650,Czazarwara,2,250,modern,0
651,"Czebowcz, Kos",2,348,singleton,0
652,Czekno,1,253,manual,0
653,Czelyche,1,255,manual,1
654,Czeraberda,1,240,orthographic-fuzzy,1
655,Czereborda,1,263,orthographic-exact,0
656,Czerowaberda,1,240,orthographic-fuzzy,1
657,Czerowycza Zenth Iwan,1,349,manual,0
658,Czerowycza Zenth Iwan- ad Zenth Gergerwara,1,350,manual,1
659,Czerowycza Zentiwan,1,349,manual,0
660,Czerowycza-ad Zenth Gerghwara,1,351,manual,1
661,Czerye,4,352,singleton,0
662,Czerzthwecz,1,241,manual,0
663,Czome,1,353,singleton,0
664,Czwethkowych,4,354,modern,0
665,Czwethkowychy,4,354,modern,0
666,Czwethkowychy ad Okych,4,354,modern,0
667,Czwethkoych-judicatus ad Okych,4,354,modern,0
668,Czyczerye,4,299,modern,0
669,Czyglenycza,2,355,singleton,0
670,Czyrquena,1,310,orthographic-exact,0
671,Czywczerye,4,299,modern,0
672,Damerye,4,356,modern,0
673,Danowcz,1,357,manual,0
674,Darnocz-cum pertinenciis,1,358,manual,0
675,Darnowcz,1,357,manual,0
676,Darnowcz cum pertinentiis,1,358,manual,0
677,Darnowcz- cum pertinentiis,1,358,manual,0
678,Darnowcz-cum pertinenciis,1,358,manual,0
679,Darnowcz-cum pertinentiis,1,358,manual,0
680,Darozlo Bakwa,1,359,manual,0
681,Dawch,1,360,singleton,0
682,Deche,1,361,manual,0
683,Declyna,1,362,manual,0
684,Decze,3,363,singleton,0
685,Dedochay sub Pokwpye,4,364,manual,0
686,Demerie,4,356,modern,0
687,Demerye,4,356,modern,0
688,Dercowcz,1,365,manual,0
689,Derkowcz,1,366,manual,0
690,Dersze,3,367,manual,1
691,Derze,3,367,manual,1
692,Desnycze,1,368,manual,0
693,Desowcz,1,369,singleton,0
694,Deykowcz-de Waska,1,370,manual,1
695,Dezsnych- judicatus (Jazthrebarzka-castrum),4,371,modern,0
696,Dimikowcz,1,372,manual,0
697,Dimitrowcz,1,373,manual,0
698,Dimytroucz,2,374,orthographic-exact,0
699,Districtus Capituli Zagrabiensis,4,375,modern,0
700,Districtus dominorum Capituli ecclesiae Zagrabiensis,4,375,modern,0
701,Dobochecz,1,376,manual,1
702,Dobovcz,1,377,orthographic-exact,0
703,Dobowcz,1,377,orthographic-exact,0
704,Dobownyk,3,378,manual,1
705,Dobowyna,1,379,singleton,0
706,Dobowyo in Berzewcze,1,380,manual,1
707,Dobra Kuchya,1,381,manual,0
708,Dobrachwcha,1,382,manual,1
709,Dobrachwcha cum pertinentiis,1,383,singleton,0
710,Dobrakuchya,1,381,manual,0
711,Dobrawa,4,384,manual,0
712,Dobrawa ad Lythwuanych,4,385,manual,1
713,Dobrawa villa ad Lythwanych,4,386,manual,1
714,Dobrawycza,2,387,singleton,0
715,Dobrokychya,1,388,manual,0
716,Dobrowa Czerzka,4,389,singleton,0
717,Dobrowoych,1,390,orthographic-fuzzy,1
718,Dobrowych,1,390,orthographic-fuzzy,1
719,Dobrowyncz,1,390,orthographic-fuzzy,1
720,Dobryncz,1,390,orthographic-fuzzy,1
721,Dol,4,391,orthographic-exact,0
722,Dolane,4,392,manual,0
723,Dolanie,4,392,manual,0
724,Dollyany,4,392,manual,0
725,Dolyan,4,392,manual,0
726,Dolyan ad Belam,1,393,manual,1
727,Dolyancz,1,394,manual,0
728,Dolyane,4,392,manual,0
729,Dolyany,4,392,manual,0
730,Dolyanye,4,392,manual,0
731,Domaghowych,4,371,modern,0
732,Domagowych,4,371,modern,0
733,Domagowych- judicatus (Jazthrebarzka-castrum),4,371,modern,0
734,Domancusowcz,1,395,manual,1
735,Domankwsoucz,1,395,manual,1
736,Domankwsowcz,1,395,manual,1
737,Dombrensi,1,396,manual,1
738,Dombro,1,397,manual,0
739,"Dombro-oppidum, Gradecz",1,398,manual,0
740,"Dombro-provincia, ad Sanctum Michaelem",1,399,manual,1
741,Donadoucz,1,400,manual,1
742,Donadowcz,1,400,manual,1
743,Dool,4,391,orthographic-exact,0
744,Dorozlo Bakwa,1,359,manual,0
745,Dragalen,1,401,singleton,0
746,Dragalyn ad Belam,1,402,manual,1
747,Dragalyna,1,403,manual,1
748,Draganychy,4,404,modern,0
749,Draganychy ad Okych,4,404,modern,0
750,Dragatyn,1,405,manual,1
751,Dragonoscz,4,406,modern,0
752,Dragonosczi,4,406,modern,0
753,Dragonosczy,4,406,modern,0
754,Dragowya,1,407,orthographic-fuzzy,1
755,Dragowya-ad Achynam,1,408,manual,1
756,Dragowyna,1,407,orthographic-fuzzy,1
757,Dragwnych-judicatus ad Okych,4,404,modern,0
758,Dragyanych,4,404,modern,0
759,Drakcha,1,409,manual,0
760,Drascha,1,410,manual,0
761,Drascha ad Gemenecz,1,411,manual,1
762,Drascha ad Gemlech,1,412,manual,1
763,Draschya,1,410,manual,0
764,Draschyna ad Gemlecz,1,413,manual,1
765,Drascowcz,1,414,manual,0
766,Drasewcz,1,415,manual,0
767,Drasimercz,1,416,manual,0
768,Draskowcz,1,414,manual,0
769,Drasowch,1,414,manual,0
770,Drasowcz,1,414,manual,0
771,Drawamelleke,1,417,manual,0
772,Drawamelleky,1,417,manual,0
773,Dremowa (Drenowa*),4,418,manual,1
774,Drenoua,4,419,modern,0
775,Drenowa,4,419,modern,0
776,"Druskoucz, Koskovcz",2,420,manual,0
777,Drwskowcz,2,421,singleton,0
778,"Drwskowcz, Koskowcz",2,420,manual,0
779,"Drwskowcz, Oskowcz",2,420,manual,0
780,Dryenowa,4,419,modern,0
781,Duboucz,1,422,orthographic-exact,0
782,"Dubouycza, Kapolna",1,423,singleton,0
783,Dubowcz,1,422,orthographic-exact,0
784,Dubrawa,4,424,manual,0
785,Dulepzka,1,425,orthographic-fuzzy,1
786,Duoryany,4,426,manual,0
787,Dwbowcz,1,422,orthographic-exact,0
788,Dwbowecz,4,427,manual,0
789,Dwbrawa,4,424,manual,0
790,Dwbyno,1,428,singleton,0
791,Dwgy Werh,1,429,manual,0
792,Dwlebska,1,425,orthographic-fuzzy,1
793,Dwlebzka,1,425,orthographic-fuzzy,1
794,"Dwlebzka, Graberyancz*",1,425,orthographic-fuzzy,1
795,Dwlepska,1,425,orthographic-fuzzy,1
796,Dwlepzka,1,425,orthographic-fuzzy,1
797,"Dwlepzka, Erdowcz",1,430,singleton,0
798,"Dwlepzka, Graboryancz",1,425,orthographic-fuzzy,1
799,Dwlyebzka,1,425,orthographic-fuzzy,1
800,Dwmowcz,4,431,manual,0
801,Dworane,4,432,manual,1
802,Dworany,4,426,manual,0
803,Dworyancz,1,433,singleton,0
804,Dworysche,1,434,modern,0
805,Dworysche,4,435,modern,0
806,Dworysche Superior,4,436,singleton,0
807,"Dworysche, Orehowcz",1,437,modern,0
808,Dworyschye Superior,4,435,modern,0
809,"Dworyschye, Orehowcz",1,437,modern,0
810,"Dworyschye, Orehowczy",1,437,modern,0
811,Dworyste,1,434,modern,0
812,Dworysthe,1,434,modern,0
813,Dwsicza cum pertinentiis,4,438,modern,0
814,Dwsycha Mala cum pertinentiis ad castrum Hrazthowycha,4,438,modern,0
815,Dwsycza,4,438,modern,0
816,Dwsycza Mala cum pertinentiis,4,438,modern,0
817,Dwsycza Mala-cum pertinentiis,4,438,modern,0
818,Dwsycza Minor,4,438,modern,0
819,Dwsycza Parva,4,438,modern,0
820,Dyakowch,1,439,manual,0
821,Dyakowcz,1,439,manual,0
822,Dyanfeld,1,440,manual,0
823,Dyanfelde,1,440,manual,0
824,Dyanffeld,1,440,manual,0
825,Dyewsewcz,1,441,singleton,0
826,Dymitrowcz,1,373,manual,0
827,Dymychffeld,1,442,singleton,0
828,Dymythrowcz,2,374,orthographic-exact,0
829,Ebres,1,443,modern,0
830,Ebres in Berzewcze,1,443,modern,0
831,"Ebres, Koren",1,443,modern,0
832,"Ebres, Zerdahel",1,443,modern,0
833,Ecclesia Zagrabiensis,4,444,manual,1
834,Eghywdowcz,4,445,manual,0
835,"Egwdowcz, Chargowcz, Polyana",2,446,manual,1
836,"Egywdo, Charkowcz",2,447,singleton,0
837,Emeryhowcz,1,448,modern,0
838,Emrihowcz,1,448,modern,0
839,Emrychowcz,1,448,modern,0
840,Emryholcz,2,449,manual,0
841,Emryhowcz,1,448,modern,0
842,Emryhowcz,2,449,manual,0
843,Endercowcz,1,448,modern,0
844,Erdocz,1,450,modern,0
845,Erdowcz,1,450,modern,0
846,Erdowcz*,1,450,modern,0
847,Erdowhcz,1,450,modern,0
848,Erpenye,2,451,singleton,0
849,Erwencze,1,452,manual,1
850,Fabianocz,1,453,manual,0
851,Fabyanchewcz,1,454,manual,0
852,Fabyankowcz,1,453,manual,0
853,Fabyanowcz,1,453,manual,0
854,Farcasovcz,1,455,manual,1
855,Farkadyn,1,456,manual,1
856,Farkasowcz,1,457,manual,1
857,Farkassowcz,1,458,manual,1
858,Farkazowcz,1,459,singleton,0
859,Felse Chezmyche,1,460,manual,0
860,Felse Chezmycze,1,460,manual,0
861,Felse Izdencz,1,461,manual,0
862,Felse Wolyawlya,4,25,modern,0
863,Felse Zemche,1,462,manual,1
864,Felse Zthwbycza,4,463,modern,0
865,Felseu Ztobycza,4,463,modern,0
866,"Felseu Ztobycza, Lepa Vez",4,464,singleton,0
867,Felsew Bakwa,1,465,manual,1
868,Felsew Bakwa,3,466,manual,1
869,Felsew Bakwa cum pertinentiis,3,467,manual,1
870,Felsew Chesmyche,1,468,manual,1
871,Felsew Gerzencze,1,469,manual,0
872,Felsew Hyzdencz,1,461,manual,0
873,Felsew Izdencz,1,461,manual,0
874,Felsew Pozawye / Zablathye,4,470,manual,1
875,Felsew Soploncza,1,471,manual,0
876,Felsew Soproncha,1,471,manual,0
877,Felsew Soproncza,1,471,manual,0
878,Felsew Stwbycza,4,463,modern,0
879,Felsew Thothwssewyna,1,472,manual,0
880,Felsew Totusewyna,1,472,manual,0
881,Felsew Wolawlya,4,25,modern,0
882,Felsew Zemche,1,462,manual,1
883,Felsew Zempche,1,462,manual,1
884,Felsew Zthobycza,4,463,modern,0
885,Felsew Zthwbycza,4,463,modern,0
886,"Felsew Zthwbycza, Bedenycze",4,473,singleton,0
887,"Felsew Zthwbycza, Bosyako",4,474,singleton,0
888,Felsew Ztobycza,4,463,modern,0
889,Felsew Ztwbycza,4,463,modern,0
890,Felsewztobycza,4,463,modern,0
891,Felso Czesmycze,1,475,manual,1
892,Felso Zthwbycza,4,463,modern,0
893,Felsow Stwbicza,4,463,modern,0
894,Felsse Zthobycza,4,463,modern,0
895,Felsw Bakwa,3,466,manual,1
896,Felwsew Krayachowcz,1,468,manual,1
897,Feolso Ztobycza,4,463,modern,0
898,Ferkulovcz,2,476,manual,0
899,Ferkwlewcz,2,476,manual,0
900,Ferkwlowcz,2,476,manual,0
901,Ferkwlyewczy,2,476,manual,0
902,Ferkwlyocz,2,476,manual,0
903,Ferkwlyowcz,2,476,manual,0
904,Fewlsew Soproncza,1,471,manual,0
905,Fewlsew Zthobycza,4,463,modern,0
906,Feyerkew,1,477,manual,1
907,Feyrkew-waywodatus cum pertinentiis,1,478,manual,1
908,Filyphfalwa,1,479,orthographic-fuzzy,1
909,Finthincz,1,480,manual,1
910,Fodoroucz,3,481,orthographic-exact,0
911,Fodorowcz,1,482,manual,0
912,Fodorowcz,3,481,orthographic-exact,0
913,Fodorowczy,2,483,manual,0
914,Fodroucz,1,482,manual,0
915,Fodrowcz,1,482,manual,0
916,Foryanowcz,1,484,manual,1
917,Furmeghoch,1,485,singleton,0
918,Fwka,1,486,singleton,0
919,Fychowcz,1,487,manual,0
920,Fyerky,1,488,singleton,0
921,Fylethyncz,1,489,manual,1
922,Fylippfalwa,1,479,orthographic-fuzzy,1
923,Fynchewcz,1,490,manual,0
924,Fynthych,1,480,manual,1
925,Fynthyncz,1,480,manual,1
926,Galgoncha,1,491,modern,0
927,Galgoncha-ad provincia,1,491,modern,0
928,Galgoncza,1,491,modern,0
929,"Galgoncza, Kalecz",1,491,modern,0
930,"Galgoncza, Thkalecz",1,491,modern,0
931,Galgoncza-provincia ad,1,491,modern,0
932,Galgowo,4,492,modern,0
933,Galgowo (Okych),4,492,modern,0
934,Galguncha,1,491,modern,0
935,Galowchecz,1,493,manual,1
936,Galowcz,1,494,manual,0
937,Garazda,1,495,singleton,0
938,Garazdyncz,1,496,manual,1
939,Gardowa,1,497,manual,0
940,Garyghnycze,1,498,manual,0
941,Garygnycza,1,498,manual,0
942,Gathalocz,1,499,manual,1
943,Gathalovcz,1,499,manual,1
944,Gathalowcz,1,499,manual,1
945,Gathalowcz,2,500,modern,0
946,Gayancz,2,501,manual,1
947,"Gayancz, Nedelyancz",2,502,singleton,0
948,Gayanczy,1,503,manual,1
949,Gedrocz,1,504,orthographic-fuzzy,1
950,Gedrowcz,1,504,orthographic-fuzzy,1
951,Gemelgfelde,1,505,manual,1
952,Geramuczyak,2,506,singleton,0
953,Gereben,4,507,modern,0
954,Gerecz,1,508,manual,0
955,Gerecz,4,509,manual,0
956,Geremchari,2,510,singleton,0
957,Gerwasowcz,1,511,singleton,0
958,Gerzencze,1,512,manual,0
959,Ghoricza,4,513,modern,0
960,Glagowo,4,514,manual,0
961,Glaunycza Sanctae Trinitatis,4,515,manual,1
962,"Glavnycza, Ztobycza",4,516,orthographic-fuzzy,1
963,Glawnicza,4,516,orthographic-fuzzy,1
964,Glawnicza Zelinawar,4,516,orthographic-fuzzy,1
965,Glawnycha,4,516,orthographic-fuzzy,1
966,Glawnycha ad Zelynawar,4,516,orthographic-fuzzy,1
967,Glawnycza,4,516,orthographic-fuzzy,1
968,"Glawnycza, Zthobycza",4,516,orthographic-fuzzy,1
969,Globochech,4,517,modern,0
970,Globochecz,1,518,manual,0
971,Globochecz,4,517,modern,0
972,"Globochecz, Polyana",1,519,manual,1
973,Globochez,4,517,modern,0
974,Globochicha,1,518,manual,0
975,Globochycza,1,518,manual,0
976,"Glokosowcz, Mylethynch",1,520,manual,1
977,"Golgoncza, Kalecz",1,521,singleton,0
978,Golyak- judicatus (Jazthrebarzka-castrum),4,522,manual,1
979,Gorazdyncz,1,523,manual,1
980,Gorbonakffew,1,524,manual,1
981,Gorbonok,1,525,manual,0
982,"Gorbonok, Drawamelleke",1,525,manual,0
983,"Gorbonok, Drawamelleky",1,525,manual,0
984,Gorbonok-oppidum cum pertinentiis,1,526,manual,0
985,Gorbonok-oppidum-cum pertinentiis,1,526,manual,0
986,Gorbonokfew,1,524,manual,1
987,Gorbonokffew,1,524,manual,1
988,Gorbonwk,1,525,manual,0
989,Gorbonwk-oppidum cum pertinentiis,1,526,manual,0
990,Gorbonwkfew,1,524,manual,1
991,Gorbonwkfew ad Zenth Gergwara,1,524,manual,1
992,Gorbowa,1,527,manual,0
993,Gordova,1,497,manual,0
994,Gordowa,1,497,manual,0
995,Goricza in episcopatu Zagrabiensi,4,528,singleton,0
996,Gorycha,1,529,modern,0
997,"Gorychan, Zbelye",2,530,manual,0
998,Gorycza,1,529,modern,0
999,Gorycza,3,531,singleton,0
1000,Gorycza,4,513,modern,0
1001,Gorycza Maiori,4,532,singleton,0
1002,Gorycza sive Pregrada,2,533,modern,0
1003,Gorycza sive Pregradye,2,533,modern,0
1004,Gorycza sive Prygorya,2,533,modern,0
1005,"Gorycza, Pleszo",4,534,singleton,0
1006,Gorycza-pertinens ad Hrazthowycza,4,513,modern,0
1007,Gorycza-pertinentiis,1,529,modern,0
1008,Gorycze,1,529,modern,0
1009,Gorycze ad Zenth Gergwara,1,529,modern,0
1010,Goryzca ad Hrazthowyczam,4,513,modern,0
1011,Gotaleryancz,1,535,singleton,0
1012,"Gotalowcz, Zawersye",2,536,orthographic-exact,0
1013,Gothalowch,2,500,modern,0
1014,Gothalowcz,1,499,manual,1
1015,Gothalowcz,2,500,modern,0
1016,"Gothalowcz, Zawersye",2,536,orthographic-exact,0
1017,Gottaloucz,2,500,modern,0
1018,Gotthalowcz,2,500,modern,0
1019,Gozthowychy,1,537,modern,0
1020,Goztowycz,1,537,modern,0
1021,Goztowyczy,1,537,modern,0
1022,Graberiancz,1,538,manual,0
1023,Graberya,1,539,manual,0
1024,Graberye,1,539,manual,0
1025,Graberye,2,540,singleton,0
1026,Grabrych,1,541,modern,0
1027,Grabrychy,1,541,modern,0
1028,Gracchaan,4,542,modern,0
1029,Gracchan,4,542,modern,0
1030,Gracchyan,4,542,modern,0
1031,Grachan,4,542,modern,0
1032,Grachian,4,542,modern,0
1033,Grachina ad Garig,1,543,singleton,0
1034,Grachyan,4,542,modern,0
1035,Grachyna,1,544,singleton,0
1036,Gradacz,1,545,manual,0
1037,"Gradacz, Jampnicza",4,546,manual,0
1038,"Gradacz, Jampnycza",4,546,manual,0
1039,Gradchane sub Medwe,4,542,modern,0
1040,Gradchyna-ad Garych,1,547,manual,1
1041,Gradecz,1,548,modern,0
1042,Gradecz-fortalitium cum pertinentiis,1,548,modern,0
1043,Gradna,1,548,modern,0
1044,Gradysche,1,549,manual,0
1045,Gragena,1,550,manual,0
1046,Gragenna,1,550,manual,0
1047,Gragenya,1,550,manual,0
1048,Gragyan,4,551,singleton,0
1049,Gramchoucz,1,552,manual,0
1050,Grayan,1,553,manual,1
1051,Greben,4,507,modern,0
1052,Greben cum pertinentiis,4,507,modern,0
1053,Greben-castrum cum pertinentiis,4,507,modern,0
1054,Grebenna,1,554,manual,1
1055,Greczan,4,542,modern,0
1056,Greda,1,555,manual,1
1057,Gredakowcz ad Gemnecz,1,556,manual,1
1058,"Gredycze, Zabok",2,557,singleton,0
1059,Gregorchyncz,1,558,manual,0
1060,Gregorczyncz,1,558,manual,0
1061,Gregorowcz,1,559,modern,0
1062,Gregorowcz,2,560,modern,0
1063,"Gregorowcz, Zabok",2,560,modern,0
1064,Gregoryancz,1,558,manual,0
1065,"Gregoryancz, Dorozlawcz, Camarcha",1,561,manual,1
1066,Gregoryewcz-villicatus ad Nagkemlek,1,559,modern,0
1067,Gregoryewyna,1,562,manual,1
1068,"Gregoryowcz, Zaywsawcz",1,563,manual,1
1069,Gregoucz,1,559,modern,0
1070,Gregsynch,1,564,manual,0
1071,Greguroucz,1,559,modern,0
1072,Greguroucz,2,560,modern,0
1073,"Greguroucz, Zabok",2,560,modern,0
1074,Gregurowcz-vilicatus-ad Nagh Kemlek,1,559,modern,0
1075,Gregwrowcz,1,559,modern,0
1076,Gregwrowcz,2,560,modern,0
1077,"Gregwrowcz, Thoplycza, Oskowcz, Wethekowcz",2,560,modern,0
1078,"Gregwrowcz, Toplycza, Oskowcz",2,565,singleton,0
1079,Gregwrowcz-ad Nagh Kemlek,1,562,manual,1
1080,Gregwryewyna,1,562,manual,1
1081,Gregwryowcz,1,559,modern,0
1082,Grekzynchk,1,566,manual,0
1083,Grexincz,1,567,manual,0
1084,Grexyncz,1,567,manual,0
1085,Grobosincz,1,568,manual,0
1086,Grobosyncz,1,568,manual,0
1087,Grymoucz,1,569,orthographic-exact,0
1088,Grymowcz,1,569,orthographic-exact,0
1089,Grysnyak,1,570,singleton,0
1090,"Gubassewo, Martyncze",2,571,singleton,0
1091,"Gubassewo, Prozenyk",2,572,orthographic-exact,0
1092,Gunnyak,1,573,manual,0
1093,Gurgekowcz,1,574,manual,0
1094,Gwbasewo,2,575,modern,0
1095,Gwbasowo,2,575,modern,0
1096,Gwbassewo,2,575,modern,0
1097,"Gwbassewo, Krysanch",2,575,modern,0
1098,"Gwbassewo, Prozenyk",2,572,orthographic-exact,0
1099,Gwbassowo,2,575,modern,0
1100,Gwdoch,1,576,manual,0
1101,Gwdowcz,1,576,manual,0
1102,Gwdowcz-cum pertinentis,1,577,manual,0
1103,Gwnnak,1,573,manual,0
1104,Gwnnyak,1,573,manual,0
1105,Gwnyak,1,573,manual,0
1106,Gwrgenowcz,1,574,manual,0
1107,Gwrgeroucz,1,574,manual,0
1108,Gwrgewcz,1,574,manual,0
1109,Gwrsincz,1,578,manual,1
1110,Gymelchfeld,1,505,manual,1
1111,Gywgancz,1,579,manual,0
1112,Gywgyancz,1,579,manual,0
1113,Gywgyekowcz,1,574,manual,0
1114,Gywrethyncz,1,580,singleton,0
1115,Gywrgyekowcz,1,574,manual,0
1116,Gywrgykowchecz,1,574,manual,0
1117,Gywrgykowcz,1,574,manual,0
1118,Gywrkethyncz,2,581,singleton,0
1119,Gywrsyncz,1,578,manual,1
1120,Gywrynowcz,1,582,singleton,0
1121,Habyanowcz,1,583,manual,0
1122,Hagen,1,584,modern,0
1123,Haghen,1,584,modern,0
1124,Halehosowcz,1,585,manual,0
1125,Hathko,1,586,manual,1
1126,Hathkozenth Mihal,1,587,manual,1
1127,Hatko,1,586,manual,1
1128,Haznarcz,1,588,manual,0
1129,"Haznarcz, Turkoucz",1,589,manual,0
1130,Hedrihowcz,1,590,manual,1
1131,Hedryhowcz,1,591,singleton,0
1132,Hegen,1,584,modern,0
1133,Heghen,1,584,modern,0
1134,Hemowcz,1,592,manual,0
1135,Herbolthoucz,1,593,manual,0
1136,Herbolthowcz,1,593,manual,0
1137,Herbolthya,1,594,manual,0
1138,Herbolthyo,1,594,manual,0
1139,Herborthya,1,595,manual,0
1140,Herbortya,1,595,manual,0
1141,Herbothowcz,1,593,manual,0
1142,Hercowcz,1,596,singleton,0
1143,Heressyncz,1,597,manual,1
1144,Heresyncz,1,597,manual,1
1145,Herethyncz,1,598,manual,0
1146,"Hergowicza, Pwzta Dwsa",4,599,manual,0
1147,Herpeny,2,600,orthographic-fuzzy,1
1148,Herpenye,2,600,orthographic-fuzzy,1
1149,Heryowcz,1,601,singleton,0
1150,Herysynch,1,597,manual,1
1151,Herzowa,1,602,manual,0
1152,Hewiz-oppidum ad Dobrachwcha,1,603,manual,1
1153,Hom,1,604,manual,0
1154,Hom,4,605,modern,0
1155,Hom Zenth Marthon,1,604,manual,0
1156,Horeowcz,1,606,manual,0
1157,Horzowa,1,607,manual,0
1158,Hothko,1,608,manual,0
1159,Hothko Zenth Myhal,1,587,manual,1
1160,Hothnya Zenth Pal,1,609,manual,0
1161,Hothowa,1,610,manual,0
1162,Hothowo ad Zenth Gergwara,1,611,manual,1
1163,Howano ad Kapruncza,1,612,manual,1
1164,Hozywfalw,1,613,orthographic-fuzzy,1
1165,Hradschyna,4,614,modern,0
1166,Hrascha,4,614,modern,0
1167,Hraschan,1,615,manual,0
1168,Hrasche,4,614,modern,0
1169,Hraschia,4,614,modern,0
1170,Hraschya,4,614,modern,0
1171,Hraschyna,4,614,modern,0
1172,Hraschyna ad Greben cum pertinentiis,4,616,manual,1
1173,Hraschyna in pertinentiis Greben,4,616,manual,1
1174,Hrasthan,1,617,manual,1
1175,Hrasthye,4,618,manual,0
1176,Hrastina,1,619,singleton,0
1177,Hrastovica cum pertinentiis,4,620,manual,0
1178,Hrastowicza cum pertinentiis,4,620,manual,0
1179,Hrastowicze-castrum cum pertinentiis,4,620,manual,0
1180,Hrazthowycza-pertinencia,4,620,manual,0
1181,Hrazthowycze-castrum cum pertinentiis,4,620,manual,0
1182,Hrazthowycze-pertinantiae,4,620,manual,0
1183,Hrazthye,4,618,manual,0
1184,Hrazthyna,1,621,orthographic-exact,0
1185,Hraztina,1,621,orthographic-exact,0
1186,Hraztowycza-castrum cum pertinentiis,4,620,manual,0
1187,Hraztowycze-castrum cum pertinentiis,4,620,manual,0
1188,Hraztoyczam cum pertinentiis,4,620,manual,0
1189,Hrebyncz,4,622,manual,0
1190,Hrelych,4,623,modern,0
1191,Hrelychi,4,623,modern,0
1192,Hrelychy,4,623,modern,0
1193,Hromchovcz,1,624,manual,1
1194,Hromchowcz,1,624,manual,1
1195,Hromkowcz,1,625,manual,0
1196,Hrusocz,1,626,manual,0
1197,Hrusowcz,1,626,manual,0
1198,Hrustopecowyna,1,627,singleton,0
1199,Hrwsewcz,4,628,manual,1
1200,Hrwskopekowyna,1,629,singleton,0
1201,Hrwsowcz,1,626,manual,0
1202,Hrwsowcz*,1,626,manual,0
1203,Hrwssewcz,4,628,manual,1
1204,Hrwssowcz,1,626,manual,0
1205,Hrwssowcz,4,628,manual,1
1206,Hrwssowcz ad Thopozka,4,628,manual,1
1207,Hrwssowcz ad Topozka (predium),4,628,manual,1
1208,"Hrwssowcz, Bwsthyncz",1,626,manual,0
1209,Hrwzowcz-ad Gorbonok,1,626,manual,0
1210,Hvm,1,604,manual,0
1211,Hwdy Bythek,4,630,singleton,0
1212,Hwethincz,1,631,singleton,0
1213,Hwm,1,604,manual,0
1214,Hwm,4,605,modern,0
1215,Hwm Zenth Marthon,1,604,manual,0
1216,Hwm Zenthmarton,1,604,manual,0
1217,Hwywaros,1,632,singleton,0
1218,Hwzarcz,1,633,manual,0
1219,"Hwzarcz, Zenthywan",1,634,singleton,0
1220,Hwzywfalu,1,613,orthographic-fuzzy,1
1221,Hyzdencz,1,635,manual,0
1222,Ilowa,3,636,manual,1
1223,Ilowa cum pertinentiis,3,637,manual,1
1224,Inferior Lwkawcz,4,638,manual,0
1225,"Inferior Lwkawcz, Kozthaniewcz",4,639,modern,0
1226,"Inferior Lwkawcz, Kozthanyewcz",4,639,modern,0
1227,"Inferior Lwkawcz, Obres",4,640,singleton,0
1228,Inferior Lwkawecz,4,641,modern,0
1229,Inferior Opathyncz,1,642,manual,1
1230,Inferior Vaska,1,643,manual,0
1231,Inferior Waska,1,643,manual,0
1232,"Inoskowcz, Foryanowcz",1,644,manual,1
1233,Insula,2,645,manual,1
1234,Insula Zenth Berthalan,2,259,modern,0
1235,Insula-fortalitium*,2,645,manual,1
1236,Insuly,2,645,manual,1
1237,Inwsowcz,1,646,manual,0
1238,Isanowcz,1,647,manual,0
1239,Ista parte Zawe (s ove strane Save),4,648,singleton,0
1240,Iwahnowcz ad Belam,1,649,modern,0
1241,Iwanch,1,649,modern,0
1242,Iwancz,1,649,modern,0
1243,Iwancz an Berzewcze,1,649,modern,0
1244,Iwancz in Berzewcze,1,649,modern,0
1245,Iwanheg,1,649,modern,0
1246,Iwanhegh,1,649,modern,0
1247,Iwanicz,1,649,modern,0
1248,Iwannussowcz,1,646,manual,0
1249,Iwanosowcz,1,646,manual,0
1250,Iwanowcz,1,646,manual,0
1251,Iwanusowcz,1,646,manual,0
1252,Iwanwssowcz,1,646,manual,0
1253,Iwanych,1,650,manual,1
1254,"Iwanych-oppidum, Oppathychyncz, Bregy, Lwpoglaw",1,651,manual,1
1255,"Iwanych-oppidum, Oppathyncz, Bregy, Lwpoglaw",1,651,manual,1
1256,Iwelowcz,1,652,manual,1
1257,Iwilovcz,1,653,singleton,0
1258,Izdencz,1,654,manual,0
1259,Jacopowcz,1,655,manual,0
1260,Jacupelcz,1,656,manual,0
1261,Jacupelcz,2,657,singleton,0
1262,Jacupoucz,1,655,manual,0
1263,Jacupowcz,1,655,manual,0
1264,Jacwpowcz,1,655,manual,0
1265,Jagustanowcz,4,658,modern,0
1266,Jagustonowcz (na dobrima topličke opatije),4,658,modern,0
1267,Jagwstanowcz,4,658,modern,0
1268,Jagwstanowcz (Berkyssewyna),4,658,modern,0
1269,Jagywdowcz,4,659,modern,0
1270,Jakopowcz,1,660,manual,1
1271,"Jakovllye, Felsew et Also Byztra, Podgorye, Pzarno",4,661,singleton,0
1272,Jakowla,4,662,modern,0
1273,Jakowlewcz,1,663,singleton,0
1274,"Jakowlia, Also Bisztra",4,664,modern,0
1275,"Jakowlia, Also Byztra",4,664,modern,0
1276,Jakowlya,4,662,modern,0
1277,"Jakowlya, Also Byztra",4,664,modern,0
1278,"Jakowlya, Alsobysztra",4,664,modern,0
1279,"Jakowlya, Alsobyztra",4,664,modern,0
1280,Jakwpelcz,1,665,manual,0
1281,Jakwpowcz,1,666,singleton,0
1282,Jakwpowcz ad Belam,1,667,manual,1
1283,Jakwssewcz,4,668,modern,0
1284,Jakwssowcz,4,668,modern,0
1285,"Jakwssowcz, Maryncz, Mykchowcz",4,668,modern,0
1286,Jalecz,1,669,modern,0
1287,Jalez,1,669,modern,0
1288,Jalezcz,1,669,modern,0
1289,Jalkowcz,1,670,manual,0
1290,Jalsewa,1,671,manual,0
1291,Jalsewcz,1,671,manual,0
1292,"Jalsewcz, Ladyzlawcz",2,672,modern,0
1293,"Jalsewcz, Zenth Iwan",1,673,manual,1
1294,Jalsewycza,1,671,manual,0
1295,Jalsoucz,1,671,manual,0
1296,Jalsowcz,1,671,manual,0
1297,Jalsowcz ad Galgwcza,1,671,manual,0
1298,"Jalsowcz, Jerouicza Zent Iwan",1,671,manual,0
1299,"Jalsowcz, Zenth Iwan",1,671,manual,0
1300,"Jalsowcza, Ladyslawcz",2,672,modern,0
1301,Jalsownyk,2,674,singleton,0
1302,"Jalssowcz, Ladizlawcz",2,672,modern,0
1303,"Jalsuucz, Ladizlaucz",2,672,modern,0
1304,Jalzowcz,1,671,manual,0
1305,Jamnicza,4,675,modern,0
1306,Jamnicza pertinentie,4,676,modern,0
1307,"Jamnicza, Pokupye",4,676,modern,0
1308,"Jamnicza, Pokwpye",4,676,modern,0
1309,"Jamnicza, sub Pokwpye",4,675,modern,0
1310,Jamninycza,4,675,modern,0
1311,Jamnycza,4,675,modern,0
1312,"Jamnycza, Pokwpye",4,676,modern,0
1313,"Jamnycza, Sub Pokwpye",4,675,modern,0
1314,Jampnycza,4,675,modern,0
1315,Jandrasseucz,4,677,manual,0
1316,Jandrassewcz,4,677,manual,0
1317,Janenowcz,1,678,singleton,0
1318,Janosowcz,1,679,manual,1
1319,Janowcz,1,680,singleton,0
1320,Janusowcz,1,681,manual,1
1321,Janussowcz,1,681,manual,1
1322,Japathyncz,1,682,singleton,0
1323,Jarebych,4,683,manual,0
1324,Jarebychy,4,683,manual,0
1325,Jarna,1,684,manual,0
1326,Jarno,1,685,singleton,0
1327,Jarosin,1,686,manual,0
1328,Jarosyna,1,686,manual,0
1329,Jarthalowcz,1,687,orthographic-fuzzy,1
1330,Jartholowcz,1,687,orthographic-fuzzy,1
1331,Jastrebarzka-castrum cum pertinentiis,4,688,modern,0
1332,Jaworowcz,1,689,manual,0
1333,Jaworowcz ad Zenth Gergwara,1,690,manual,1
1334,Jawowcz (Jalsowcz*),1,691,manual,1
1335,Jawroch,1,692,manual,0
1336,Jazenowcz,4,693,modern,0
1337,Jazka,4,688,modern,0
1338,Jazka-cum pertinentiis,4,688,modern,0
1339,Jazthrabarzka,4,688,modern,0
1340,Jazthrabarzka-castrum cum pertinentiis,4,688,modern,0
1341,Jazthrabarzka-cum pertinentiis,4,688,modern,0
1342,Jazthrebarzka,4,688,modern,0
1343,"Jazthrebarzka, Lyppowecz cum pertinentiis",4,688,modern,0
1344,"Jazthrebarzka, castrum",4,688,modern,0
1345,"Jazthrebarzka, castrum, Lyppowcz-oppidum in Jazthrebarska et eorundem pertinentiis",4,688,modern,0
1346,Jazthrebarzka-castrum cum pertinentiis,4,688,modern,0
1347,Jazthrebarzka-castrum cum pertinentiis cum opido,4,688,modern,0
1348,Jazthrebarzka-castrum cum pertinentiis cum oppido,4,688,modern,0
1349,"Jazthrebarzka-castrum cum suis judicatibus, Lypowcz",4,688,modern,0
1350,Jazthrebarzka-castrum; oppidum,4,688,modern,0
1351,Jazthrebynzky Werh,4,694,manual,1
1352,Jaztrabartzka,4,688,modern,0
1353,Jaztrebarzka,4,688,modern,0
1354,Jaztrebarzka cum pertinentiis,4,688,modern,0
1355,Jaztrebarzka-castrum cum pertinentiis,4,688,modern,0
1356,Jaztrebarzka-cum pertinentiis,4,688,modern,0
1357,Jaztrebynzki Werh,4,694,manual,1
1358,Jaztrebynzkywerh,4,694,manual,1
1359,Jeghwdowcz,4,659,modern,0
1360,Jegwdowch,4,659,modern,0
1361,"Jegwdowch, Bothynch",4,695,orthographic-exact,0
1362,Jegwdowcz,4,659,modern,0
1363,"Jegwdowcz, Benkowcz",4,659,modern,0
1364,"Jegwdowcz, Botyncz",4,695,orthographic-exact,0
1365,Jegywdowch,4,659,modern,0
1366,"Jegywdowch, Syslawych, Jegywdowcz",4,696,modern,0
1367,Jegywdowcz,4,659,modern,0
1368,"Jegywdowcz, Lochylnycza, Chehy, Nowaky, Bwzyn",4,697,singleton,0
1369,"Jegywdowcz, Syslawych",4,696,modern,0
1370,"Jegywdowcz, Sysslawychy",4,696,modern,0
1371,"Jelakoucz, Zablathya",1,698,orthographic-exact,0
1372,"Jelakowcz, Zablatya",1,698,orthographic-exact,0
1373,Jelkowcz,1,699,singleton,0
1374,Jellye,1,700,orthographic-exact,0
1375,Jelsowcz,1,671,manual,0
1376,Jelye,1,700,orthographic-exact,0
1377,"Jemryhoucz, Othok",1,701,orthographic-exact,0
1378,Jemryhowcz,1,448,modern,0
1379,"Jemryhowcz, Othok",1,701,orthographic-exact,0
1380,Jenderkowcz ad Garigh,1,702,manual,1
1381,Jenderkowcz sub Garych,1,702,manual,1
1382,Jenderkowcz-ad Garych,1,702,manual,1
1383,Jendrassewcz,4,677,manual,0
1384,Jerosyn,1,703,manual,0
1385,Jeszenowcz,4,693,modern,0
1386,"Jezenovcz, Adamowcz",4,693,modern,0
1387,Jezenowcz,4,693,modern,0
1388,Jezero,4,704,manual,0
1389,Jurkethyncz,2,705,orthographic-exact,0
1390,Jurketincz,2,705,orthographic-exact,0
1391,"Jwgowcz, Powsincz",3,706,singleton,0
1392,Jwrkethyncz,2,705,orthographic-exact,0
1393,Jwrketyncz,2,705,orthographic-exact,0
1394,Jwrowlyan,4,707,manual,0
1395,Kalecz,1,708,modern,0
1396,Kalecz Uterque,1,708,modern,0
1397,Kalecz ad Galgoncza,1,708,modern,0
1398,Kalecz ad Galguncha,1,708,modern,0
1399,Kalecz uterque,1,708,modern,0
1400,Kalecz-ad Galgonchacz,1,708,modern,0
1401,Kalym,4,709,manual,0
1402,Kamacza,1,710,manual,0
1403,Kamarcha,1,711,manual,0
1404,Kamarcza,1,711,manual,0
1405,Kamarya,1,712,manual,0
1406,"Kamarya, Melesocz",1,713,manual,1
1407,Kamechecz-ad Nagh Kemlek,1,714,manual,1
1408,Kamechnicza,1,715,modern,0
1409,Kamechnycza,1,715,modern,0
1410,Kamechnycza ad Nagkemlek,1,714,manual,1
1411,Kamechnycza-ad Nagh Kemlek,1,714,manual,1
1412,Kamenie,4,716,manual,0
1413,Kamenycza,1,715,modern,0
1414,Kapella,1,717,modern,0
1415,"Kapolna, Bednye",1,718,singleton,0
1416,"Kapolna, Dobowycza",1,719,modern,0
1417,"Kapolna, Dobowycza, Othok, Jemryhowcz",1,720,singleton,0
1418,"Kapolna, Dwbowycza cum pertinentiis",1,719,modern,0
1419,"Kapolna, Kylanoch",1,717,modern,0
1420,Kapronchensia bona,1,721,modern,0
1421,Kaproncza,1,721,modern,0
1422,Kaproncza-castrum cum pertinentiis,1,721,modern,0
1423,Kaproncza-civitas,1,721,modern,0
1424,Kaproncza-oppidium,1,721,modern,0
1425,Kaproncza-pertinentiis,1,721,modern,0
1426,Kaproncza-woyewodatus,1,721,modern,0
1427,Kapruncza,1,721,modern,0
1428,Kapruncza-Waywodatus ad,1,721,modern,0
1429,Kaprwncza,1,721,modern,0
1430,Kaptholowcz,1,722,manual,0
1431,Karloucz,1,239,manual,1
1432,Karlowcz,1,239,manual,1
1433,Karlowcz Superior,1,239,manual,1
1434,Karlowcz cum pertinentiis,1,239,manual,1
1435,Karpowcz,2,723,manual,1
1436,Kassyna,4,724,orthographic-exact,0
1437,Kasyna,4,724,orthographic-exact,0
1438,Kazmethyna,1,725,singleton,0
1439,Kebel,1,726,singleton,0
1440,Kelemynoch,1,727,manual,1
1441,Kenchelowcz,1,728,manual,0
1442,Kengelowcz,1,729,manual,0
1443,Kengelowhcz,1,729,manual,0
1444,Kengyelowcz,1,729,manual,0
1445,Kepchancz,4,730,manual,0
1446,Kerhennyna,1,731,singleton,0
1447,Kerhennyna-waywodatus superior,1,732,manual,1
1448,Kerhnyewyna,1,733,singleton,0
1449,Kerhtowcz,3,734,orthographic-fuzzy,1
1450,Kernyn,1,735,manual,0
1451,"Kernyn, Mathwsalowcz",1,736,manual,1
1452,Kerthowcz,3,734,orthographic-fuzzy,1
1453,Kerztowcz,3,734,orthographic-fuzzy,1
1454,Kerztynoucz,1,737,singleton,0
1455,Kevstherowcz,1,738,modern,0
1456,Kis Kemlek-pertinencie ad,1,739,modern,0
1457,Kladye,4,740,modern,0
1458,Kladye villa,4,740,modern,0
1459,Klenocz,1,741,modern,0
1460,Klenowcz,1,741,modern,0
1461,"Klenowhch, Orehowcz",1,742,singleton,0
1462,Klokochowcz,1,313,modern,0
1463,"Klokochowcz, Milethyncz",1,313,modern,0
1464,Klokowcz,1,743,singleton,0
1465,Klwch,1,314,manual,0
1466,Klwka,4,744,manual,0
1467,Klyncha Szela,4,745,modern,0
1468,Klyncha Zela,4,745,modern,0
1469,Klyncha szela,4,745,modern,0
1470,Klynchaszela,4,745,modern,0
1471,Klynchazela,4,745,modern,0
1472,"Klywka, Kowachewcz",4,746,manual,1
1473,"Klywka, Kowachowcz",4,746,manual,1
1474,Kneghyncz,2,747,singleton,0
1475,Knegyncz,2,748,manual,1
1476,Knesancz,1,749,manual,0
1477,Knesech,1,750,manual,1
1478,Knesecz,1,750,manual,1
1479,Knessancz,1,749,manual,0
1480,Knesty,1,751,manual,1
1481,Knesyncz,2,748,manual,1
1482,Knezecz,1,752,manual,1
1483,Knyegyncz,2,748,manual,1
1484,Kobyle,1,753,orthographic-fuzzy,1
1485,Kobylych,4,754,modern,0
1486,Kobylychy,4,754,modern,0
1487,"Kobylychy, Persynowcz",4,755,singleton,0
1488,Kobylye,1,753,orthographic-fuzzy,1
1489,Kochan,1,756,manual,0
1490,Kochan,2,757,manual,1
1491,"Koche, Lomnycha",4,758,modern,0
1492,"Koche, Lomnycza",4,758,modern,0
1493,Kochewcz,2,759,singleton,0
1494,Kochycze,1,760,manual,0
1495,Kochycze-insula,2,761,manual,1
1496,Kokorekowcz,1,762,singleton,0
1497,Kolaryewcz,1,763,manual,1
1498,Kolaryewecz,1,763,manual,1
1499,Kolchewcz,4,764,singleton,0
1500,Kolchewczy (Bosyako),4,765,manual,1
1501,"Koledyncz, Kwzmyncz",1,766,modern,0
1502,"Koledyncz, Kwzmyncz, Jelekowcz",1,766,modern,0
1503,Komarcha,1,767,manual,1
1504,Komarcza,1,767,manual,1
1505,Komaryn,1,768,singleton,0
1506,Komor,2,769,singleton,0
1507,"Komor, Mwrkowcz",2,770,modern,0
1508,"Komor, Myrkowcz",2,770,modern,0
1509,"Komor, Wladyzlowcz",2,771,manual,0
1510,Komosowcz,1,772,manual,1
1511,Komozowcz,1,773,singleton,0
1512,Konczka,1,774,manual,1
1513,Konschicza,4,775,manual,0
1514,Konschycza,4,775,manual,0
1515,Konsycza,4,325,modern,0
1516,Konthoch Zenthpeter,3,776,manual,1
1517,Konthocz Zenth Miklos,3,777,manual,1
1518,Konthocz Zenthmyklos,3,777,manual,1
1519,Konthowcz,1,778,manual,0
1520,Konthowcz -cum pertinentiis,3,779,manual,1
1521,Konthowcz Zenth Myklos,3,777,manual,1
1522,Konthowcz Zenthmyklos,3,777,manual,1
1523,Konthowcz Zenthpeter,3,780,manual,1
1524,Konthowcz cum pertinentiis,3,779,manual,1
1525,Konthowcz-cum pertinentiis,3,779,manual,1
1526,Konzka,1,781,manual,0
1527,Konzka-swpanathws,1,782,manual,1
1528,Konzka-woywodatus,1,783,manual,1
1529,Kopachowcz,1,784,manual,0
1530,Kopakowcz,1,785,manual,0
1531,Kopchyna,4,786,modern,0
1532,Kophachowcz,1,787,manual,1
1533,"Kopino, Sabnicha",1,788,manual,0
1534,"Kopino, Sabpnicha",1,788,manual,0
1535,Kopochowcz,1,784,manual,0
1536,Kopozowcz,1,789,manual,0
1537,Kopynno,1,790,manual,0
1538,Korbawa,1,791,manual,1
1539,Kordusowcz,2,792,manual,1
1540,Kordussovcz,2,793,manual,1
1541,Kordwssowcz,2,794,manual,1
1542,"Kordwssowcz, Pethrossowcz",2,795,manual,1
1543,Koren,1,796,manual,0
1544,"Koren, Zdelya",1,797,manual,1
1545,Korennyak,2,798,modern,0
1546,Korenyak,2,798,modern,0
1547,"Korenyak, Belycz",2,798,modern,0
1548,Korlylowcz,4,799,modern,0
1549,Koroska,1,800,manual,0
1550,"Koroska, Bedowcz",1,801,singleton,0
1551,Koruska,1,802,manual,0
1552,Korusta,1,803,singleton,0
1553,Korylowcz,4,799,modern,0
1554,"Korylowcz, Illowenyak",4,804,modern,0
1555,"Korylowcz, Ilowenyak",4,804,modern,0
1556,"Korylowcz, Ilowenyako",4,804,modern,0
1557,"Korylowcz, Mraczlyn",4,805,singleton,0
1558,"Korythno, Bolch",1,806,manual,1
1559,"Korythno,Kebel, Dymytrowcz",1,807,manual,1
1560,Kos,2,808,singleton,0
1561,Koscowcz,2,809,modern,0
1562,Kosczycza,4,325,modern,0
1563,Koskolcz,2,810,singleton,0
1564,Koskowcz,2,809,modern,0
1565,Kossoycza,2,811,manual,1
1566,Kosznycza,4,325,modern,0
1567,"Kosztanyewecz, Lomnycza",4,812,modern,0
1568,"Kotenyak, Belycz",2,813,singleton,0
1569,Kothchnyak,1,814,modern,0
1570,Kothnyak,1,814,modern,0
1571,Kowachewcz,2,815,singleton,0
1572,Kowachowcz,1,816,manual,0
1573,"Kowachowcz, Radoboye",2,817,manual,1
1574,"Koyenyk, Sythny Othok, Koznycza, Zelnycza",4,818,manual,1
1575,"Koyenyk-judicatus, Koznycza",4,819,manual,1
1576,Kozachyna,1,820,orthographic-fuzzy,1
1577,Kozachyna-waywodatus inferior,1,821,singleton,0
1578,Kozachyna-waywodatus superior,1,822,singleton,0
1579,Kozak,1,823,manual,0
1580,Koznicza,4,325,modern,0
1581,Koznycha,4,325,modern,0
1582,"Koznycz, Koyenyk",4,325,modern,0
1583,Koznycza,4,325,modern,0
1584,"Koznycza, Koyenyk",4,325,modern,0
1585,"Koznycza, Lwka",4,325,modern,0
1586,"Koznycza- judicatus, Koyenyk",4,325,modern,0
1587,"Koznycza-judicatus, Koyenyk",4,325,modern,0
1588,"Koznycze, Koyenyk",4,325,modern,0
1589,Kozolowcz,1,824,manual,1
1590,Koztanowcz,1,825,modern,0
1591,Koztanyewcz,1,825,modern,0
1592,Koztanyewcz,4,826,modern,0
1593,"Koztanyewcz, Lekenyk, Thernovcz, Lukawecz, Korylowcz",4,827,singleton,0
1594,"Koztanyewcz, Lomnycza",4,812,modern,0
1595,"Koztanyewcz, Obres",4,828,singleton,0
1596,Koztanyewecz,4,826,modern,0
1597,"Koztanyoucz, Rauen",1,829,singleton,0
1598,Koztanyowcz,1,825,modern,0
1599,Koztanyowcz,4,826,modern,0
1600,Koztel-castrum cum pertinentiis,2,327,modern,0
1601,Koztell-castrum cum pertinentiis Krapiensibus,2,327,modern,0
1602,Koztell-castrum cum pertinentiis Krapiniensibus,2,327,modern,0
1603,Kozthanyewcz,1,825,modern,0
1604,Kozthanyewcz,4,826,modern,0
1605,"Kozthanyewcz, Lomnycza",4,812,modern,0
1606,"Kozthanyewecz, Lomnycza",4,812,modern,0
1607,Kozthanyoucz,1,825,modern,0
1608,Kozthanyowcz,1,825,modern,0
1609,Kozthanyowcz,4,826,modern,0
1610,"Kozthanyowcz, Lompnycza",4,812,modern,0
1611,Kozthel,2,327,modern,0
1612,Kozthel-castrum cum pertinentiis,2,327,modern,0
1613,Kozthel-castrum cum pertinentiis Krapiensibus,2,327,modern,0
1614,"Kozthel-castrum, portio in pertinentiis Krapinensibus",2,327,modern,0
1615,Kozynschak,4,830,modern,0
1616,Kozynschiak,4,830,modern,0
1617,Kozynschyak,4,830,modern,0
1618,Kozynschyak (Bosyako),4,830,modern,0
1619,Krachowcz,1,831,orthographic-fuzzy,1
1620,Krakowcz,1,832,singleton,0
1621,Kralowcz,1,833,manual,0
1622,Kralyowcz,4,834,singleton,0
1623,Krapina,2,329,modern,0
1624,Krapina-castrum cum pertinentiis Kozthel,2,329,modern,0
1625,Krapyna,2,329,modern,0
1626,Krapyna-castrum cum pertinentiis,2,329,modern,0
1627,Krapyna-castrum cum pertinentiis Krapiensibus,2,329,modern,0
1628,"Krapyna-castrum cum pertinentiis, Župnik (plebanus),, prebende",2,329,modern,0
1629,Krawarczka,4,835,modern,0
1630,Krawaryna,1,836,manual,0
1631,Krawarzka,4,835,modern,0
1632,Krawarzka cum pertinentiis,4,835,modern,0
1633,Krayachowcz,1,831,orthographic-fuzzy,1
1634,Krayowcz,3,837,singleton,0
1635,Krenyn,1,838,manual,0
1636,"Krenyn, Mathowcz",1,839,manual,1
1637,"Krenyn, Pothna M.",1,840,manual,1
1638,Krysancz,2,841,modern,0
1639,"Krysancz, Gredycze, Prozenyk",2,842,singleton,0
1640,"Krysancz, Prylezye",2,841,modern,0
1641,Krysnychicha,1,843,singleton,0
1642,Krysnychicha ad Galgwncza,1,844,manual,1
1643,Krysnychycza-ad Galgoncza,1,844,manual,1
1644,Krysoulyan,2,845,modern,0
1645,Krysowlan,1,341,manual,1
1646,Krysowlan,2,845,modern,0
1647,Krysowlyan,1,341,manual,1
1648,Krysowlyan,2,845,modern,0
1649,Krysthalowcz,1,846,manual,0
1650,Kupynecz,1,847,manual,1
1651,Kupynno,1,847,manual,1
1652,Kuscheroucz,1,738,modern,0
1653,Kuttnyak,1,814,modern,0
1654,"Kuzmyncz, Koldyncz cum Zablathya",1,848,modern,0
1655,"Kuzmyncz, Koledyncz",1,849,modern,0
1656,"Kuzmyncz, Koledyncz, Zablathya",1,848,modern,0
1657,Kwchan,2,850,singleton,0
1658,Kwche,4,851,modern,0
1659,"Kwche, Lompnycza",4,758,modern,0
1660,Kwchye,4,851,modern,0
1661,"Kwchye, Lownycza",4,852,manual,0
1662,Kwkchowcz,1,853,singleton,0
1663,"Kwmyncz, Koledyncz",1,849,modern,0
1664,Kwpchancz,4,854,manual,0
1665,Kwpchanoz,4,855,manual,0
1666,Kwpchyna,4,786,modern,0
1667,Kwpchyna ad Okych,4,786,modern,0
1668,Kwpchyna-judicatus ad Okych,4,786,modern,0
1669,Kwpchyno,4,786,modern,0
1670,Kwpinno,1,847,manual,1
1671,Kwpozoucz,1,789,manual,0
1672,Kwpyncz,1,847,manual,1
1673,Kwrilowcz,4,799,modern,0
1674,Kwscharowcz,1,738,modern,0
1675,"Kwscharowcz, E289Bekethyncz",1,856,modern,0
1676,Kwscheroucz,1,738,modern,0
1677,Kwscherowcz,1,738,modern,0
1678,Kwscherowcz cum pertinentiis,1,738,modern,0
1679,Kwscherowcz-pertinentiis,1,738,modern,0
1680,"Kwsherowcz, Bekethyncz",1,856,modern,0
1681,Kwskoucz,1,857,singleton,0
1682,Kwskowcz,2,809,modern,0
1683,Kwstherowcz,1,738,modern,0
1684,"Kwstherowcz, Prechnafew",1,738,modern,0
1685,Kwsthyarowcz*,1,738,modern,0
1686,Kwtennya,1,858,manual,0
1687,Kwthennya,1,858,manual,0
1688,Kwthenya,1,858,manual,0
1689,Kwthetincz,3,859,orthographic-exact,0
1690,Kwthetyncz,3,859,orthographic-exact,0
1691,Kwthnak,1,814,modern,0
1692,Kwthnyak,1,814,modern,0
1693,Kwtnak,1,814,modern,0
1694,Kwtthennya,1,858,manual,0
1695,Kwzachyna,1,820,orthographic-fuzzy,1
1696,Kwzmowcz,1,860,manual,0
1697,Kwzmyncz,1,861,singleton,0
1698,"Kwzmyncz, Koledyncz",1,849,modern,0
1699,"Kwzmyncz, Zablathye",1,862,singleton,0
1700,Kyralocz,3,863,singleton,0
1701,Kyralowcz-cum pertinentiis,3,864,manual,1
1702,Kyralyowcz cum pertinientiis,3,864,manual,1
1703,Kys Kemlek,1,739,modern,0
1704,"Kys Kemlek, Ryeka, Deklessyncz",1,865,modern,0
1705,Kys Lownyk,1,866,singleton,0
1706,Kys Mlaka,4,867,modern,0
1707,Kys Thabor,2,868,singleton,0
1708,Kyskemlek,1,739,modern,0
1709,"Kyskemlek, Ryeka, Deklessyncz",1,865,modern,0
1710,"Kyskemlek, Ryeka, Deklessyncz ac eorundem pertinentiis ac plebanatu",1,865,modern,0
1711,"Kyskemlek, Ryeka, Deklessyncz cum eorundem pertinentiis",1,865,modern,0
1712,"Kyskemlek, fortalitium Reka cum pertinentiis",1,869,singleton,0
1713,Kysmlaka,4,867,modern,0
1714,"Kysmlaka, Lochylnycza, Chehi, Nowaky, Syslawychy, Jegywdowcz",4,870,singleton,0
1715,"Kysmlaka, Lochylnycza, Chehy, Nowaki",4,871,singleton,0
1716,"Kysmlaka, Lochylnyza, Chehy, Nowaky",4,872,singleton,0
1717,Labasowcz,1,873,manual,0
1718,Labassowcz,1,873,manual,0
1719,Labazowcz,1,874,manual,1
1720,Lachalowcz,1,875,manual,0
1721,Ladamewrcz,4,876,manual,1
1722,Ladamewrcz-cum pertinentiis,4,876,manual,1
1723,Ladanye- judicatus (Jazthrebarzka-castrum),4,876,manual,1
1724,Ladislawcz,2,877,manual,1
1725,Ladomerch cum pertinentiis,4,876,manual,1
1726,Ladomercz,4,876,manual,1
1727,Ladomercz cum pertinentiis,4,876,manual,1
1728,Ladyzlawcz,2,878,singleton,0
1729,"Ladyzlawcz, Zlatyna",2,879,singleton,0
1730,Laskaeghaz,1,880,singleton,0
1731,Lastesin,1,881,manual,0
1732,Lasthesin,1,881,manual,0
1733,Latesin,1,881,manual,0
1734,Lathcowyna,1,882,manual,1
1735,Lathkowyna,1,883,manual,0
1736,Lazachoucz,1,884,orthographic-fuzzy,1
1737,Lazachowcz,1,884,orthographic-fuzzy,1
1738,Lazachyowcz,1,884,orthographic-fuzzy,1
1739,Lazecz,1,885,manual,0
1740,Lazen,1,886,manual,0
1741,Lazochowcz,1,884,orthographic-fuzzy,1
1742,Lazthesyn,1,881,manual,0
1743,Lazyna,4,887,modern,0
1744,Lazyna ad Selyn,4,887,modern,0
1745,"Lebenyck, Thernowecz",4,888,modern,0
1746,Leczkowcz,1,889,manual,0
1747,Lekanucz ad Lwkawcz,4,890,manual,1
1748,"Lekenek, Thernowcz",4,888,modern,0
1749,Lekenik,4,891,modern,0
1750,Lekennyk,4,891,modern,0
1751,Lekenyk,4,891,modern,0
1752,Lekenyk ad castellum Lukawecz,4,891,modern,0
1753,Lekenyk ad castellum Lwkawecz,4,891,modern,0
1754,"Lekenyk, Lwkawecz",4,892,singleton,0
1755,"Lekenyk, Thernowcz",4,888,modern,0
1756,Lepa Wesz,4,893,modern,0
1757,Lepa Wez,4,893,modern,0
1758,Lepaglava,2,79,modern,0
1759,Lepaglawa,2,79,modern,0
1760,Lepaglawa-claustrum,2,79,modern,0
1761,Lepawech,4,893,modern,0
1762,Lepawesz,4,893,modern,0
1763,Lepawez,4,893,modern,0
1764,Lepenyak,2,894,singleton,0
1765,Lepsincz,1,895,manual,0
1766,Lepsyncz,1,895,manual,0
1767,Leschakowcz,1,889,manual,0
1768,Leschan,1,896,singleton,0
1769,Leskowcz,1,889,manual,0
1770,Lesnekheg,1,897,manual,0
1771,Lestacowcz,1,898,singleton,0
1772,Lestakowcz,1,889,manual,0
1773,Lestakowcz,2,899,manual,1
1774,"Lestakowcz, Zwhodoll",2,900,manual,1
1775,"Lestchancz, Palynowcz ad Belam",1,901,manual,1
1776,Lesthak,2,902,singleton,0
1777,Lesthakowcz,1,889,manual,0
1778,Lesthakowcz,2,903,manual,1
1779,"Lesthakowcz, Berethyncz, Tharnowcz",2,904,singleton,0
1780,"Lesthakowcz, Zwhodol",2,905,manual,1
1781,Lesthyan,1,906,singleton,0
1782,Leszthakowcz,1,889,manual,0
1783,Lethowanych,4,907,modern,0
1784,Lethowanych uterque,4,907,modern,0
1785,Lethowanychi,4,907,modern,0
1786,Lethowanychi utraque,4,907,modern,0
1787,Lethowanychy,4,907,modern,0
1788,Letowanych,4,907,modern,0
1789,Letowanycz,4,907,modern,0
1790,Letowanycz utraque,4,907,modern,0
1791,Lezkov,3,908,singleton,0
1792,Lezkovcz,1,889,manual,0
1793,Libewsthycza,1,909,singleton,0
1794,Lipowcz,2,910,orthographic-exact,0
1795,Lippa,3,911,manual,1
1796,Liudbregh,1,912,modern,0
1797,Lobor,2,913,modern,0
1798,Lobor-castrum cum pertinentiis,2,913,modern,0
1799,Lochan,1,914,manual,0
1800,Lochylnycza,4,915,singleton,0
1801,"Lochylnycza, Chehy, Jegywdowcz, Mlaka, Nowaky, Bwzyn",4,916,modern,0
1802,"Lochylnycza, Jegywdowcz, Mlaka, Nowaky, Bwzyn",4,916,modern,0
1803,"Lochylnycza, Odra",4,917,singleton,0
1804,"Lochylnycza, Podothochye, Odra, Bwzyn",4,918,singleton,0
1805,Loka,1,919,modern,0
1806,Loka,4,920,modern,0
1807,Loka cum Recchycza,4,920,modern,0
1808,Loka cum Rechycza ad castrum Zthenychnyak,4,920,modern,0
1809,Lokawecz,1,921,modern,0
1810,Lokawecz,4,641,modern,0
1811,Lokawecz cum pertinentiis,4,641,modern,0
1812,Loky,1,922,manual,1
1813,Lombardya,1,923,singleton,0
1814,Lomnycza,4,924,modern,0
1815,"Lomnycza, Koche",4,925,modern,0
1816,Lompnycza,4,924,modern,0
1817,"Lompnycza, Kwchye",4,925,modern,0
1818,Lose,4,926,singleton,0
1819,Lowchowcz,1,927,singleton,0
1820,Lowkowcz,1,928,manual,0
1821,Lownicza,4,929,manual,0
1822,Lubena,1,930,manual,1
1823,Lubewschycza ad Nagkemlek,1,931,manual,1
1824,Luchychowcz,1,932,singleton,0
1825,Lukawecz,4,641,modern,0
1826,Lukawecz (inquilinini oko Lukavca),4,641,modern,0
1827,Lukawecz-cum pertinentiis,4,641,modern,0
1828,Lupoglaw,1,933,modern,0
1829,Lupoglaw utraque,1,933,modern,0
1830,Lwben,1,930,manual,1
1831,Lwbena,1,930,manual,1
1832,Lwbenowcz,1,930,manual,1
1833,Lwbeschycza,1,934,manual,0
1834,Lwbewschycza,1,934,manual,0
1835,Lwbynowcz,1,930,manual,1
1836,Lwca ad Belam,1,919,modern,0
1837,Lwchan,1,935,manual,0
1838,Lwdbreg,1,912,modern,0
1839,Lwdbreg-provincia inferior,1,912,modern,0
1840,Lwdbreg-provincia superior,1,912,modern,0
1841,Lwdbregh,1,912,modern,0
1842,Lwdbregh-opidum-provincia inferior,1,912,modern,0
1843,Lwdbregh-oppidum-provincia superior,1,912,modern,0
1844,Lwka,4,920,modern,0
1845,Lwka ad Belam,1,919,modern,0
1846,Lwka cum Rechycza ad Sthanysnyak,4,920,modern,0
1847,Lwka cum Rechycza ad castrum Ztenychnyak,4,920,modern,0
1848,"Lwka, Rechyca ad Sthenychnyak",4,936,modern,0
1849,"Lwka, Rechycza",4,936,modern,0
1850,"Lwka, Reczycza ad Zthenychnyak",4,936,modern,0
1851,Lwka-ad Zthenychnyak,4,920,modern,0
1852,Lwkavacz Inferior,4,641,modern,0
1853,"Lwkavacz, Kozthanyewcz",4,639,modern,0
1854,"Lwkavacz, Obres",4,937,singleton,0
1855,Lwkawecz,1,921,modern,0
1856,Lwkawecz,4,641,modern,0
1857,Lwkawecz Inferior,4,641,modern,0
1858,"Lwkawecz Inferior, Koszthanyewcz",4,639,modern,0
1859,"Lwkawecz Inferior, Koztanyewcz",4,639,modern,0
1860,"Lwkawecz Inferior, Kozthanyewcz",4,639,modern,0
1861,Lwkawecz cum pertinentiis,4,641,modern,0
1862,Lwkawecz-cum pertinentiis,4,641,modern,0
1863,Lwkowcz,1,928,manual,0
1864,Lwpkowcz,1,928,manual,0
1865,Lwpoglawa,1,933,modern,0
1866,Lwpoglawa ad Iwancz,1,933,modern,0
1867,Lwsye,4,938,manual,1
1868,Lyepawesz,4,893,modern,0
1869,Lyepawyez,4,893,modern,0
1870,Lyplan,1,939,manual,0
1871,Lyplyan,1,939,manual,0
1872,Lypovcz,2,910,orthographic-exact,0
1873,Lypowcz,1,940,modern,0
1874,Lypowcz,2,910,orthographic-exact,0
1875,Lypowecz,1,940,modern,0
1876,Lyppa,3,911,manual,1
1877,Lyppincz,1,941,manual,0
1878,Lyppowcz,2,910,orthographic-exact,0
1879,Lyppowcz,4,942,modern,0
1880,Lyppowcz pertinentie,4,942,modern,0
1881,"Lyppowcz, Mellessowcz",1,940,modern,0
1882,Lyppycha,1,943,manual,0
1883,Lyppycza,1,943,manual,0
1884,Lyppyncz,1,941,manual,0
1885,"Lyppyncz, Mellessowcz",1,940,modern,0
1886,Lypsycza,1,944,manual,0
1887,Lypsyncz,1,941,manual,0
1888,Lypyncz,1,941,manual,0
1889,Lythowanich,4,907,modern,0
1890,Lythwanychy uterque ad Gara,4,907,modern,0
1891,Lythwanychy uterque ad Gora,4,907,modern,0
1892,Lywbeschycha-ad Nagh Kemlek,1,931,manual,1
1893,Lywbesthycza-ad Kemlek,1,945,manual,1
1894,Lywblyana,4,946,singleton,0
1895,Lywdbreg,1,912,modern,0
1896,Lywdbreg-castrum / Provincia Superior et Inferior / oppidum,1,912,modern,0
1897,Lywdbreg-inferior provincia,1,912,modern,0
1898,Lywdbreg-superior provincia,1,912,modern,0
1899,Lywdbregh,1,912,modern,0
1900,Lywdbregh cum pertinentiis,1,912,modern,0
1901,"Lywpkowcz, Zerdahel S.",1,947,manual,1
1902,Lyzychyncz,1,948,singleton,0
1903,Machkowcz,1,949,modern,0
1904,Machowcz,1,949,modern,0
1905,Magalocz,1,950,manual,0
1906,Magalowcz,1,950,manual,0
1907,Magerlak,1,951,manual,1
1908,Magwrechya,1,952,manual,0
1909,Magyerlak,1,953,manual,1
1910,Mahowcz,4,954,singleton,0
1911,Makowcz,1,949,modern,0
1912,Malchewcz,1,955,singleton,0
1913,Malchewcz,4,956,manual,1
1914,Malchewcz-de Reka,1,957,singleton,0
1915,Malchewczy,4,956,manual,1
1916,Malikowcz,1,949,modern,0
1917,Malkowch,4,958,singleton,0
1918,Manchewcz,1,959,manual,0
1919,Marchan,2,960,modern,0
1920,Marchyan,2,960,modern,0
1921,Marcowcz,1,949,modern,0
1922,"Marcowcz, Chemerowcz",1,961,singleton,0
1923,Margytholcz,2,962,modern,0
1924,Marhtonpathaka,1,963,manual,1
1925,Markoucz,1,949,modern,0
1926,Markowch,1,949,modern,0
1927,Markowcz,1,949,modern,0
1928,Markwssewcz,4,964,singleton,0
1929,Marocha,1,965,manual,1
1930,Marocha Zent Iwan,4,966,modern,0
1931,Marocha Zenth Iwan,4,966,modern,0
1932,Marochazenthiwan,4,966,modern,0
1933,Marosolcz,2,967,singleton,0
1934,"Marosolcz, Krysolyan",2,968,manual,1
1935,Maroucha,1,969,singleton,0
1936,Marthon Pathaka,1,963,manual,1
1937,Marthonpatha,1,963,manual,1
1938,Marthonpathaca,1,963,manual,1
1939,Marthonpathaka,1,963,manual,1
1940,Marthynancz,2,970,manual,0
1941,Marthynche,2,971,modern,0
1942,Marthyncz,2,971,modern,0
1943,"Marthyncz, Gwbassewo",2,972,modern,0
1944,"Marthynczy, Gwbassewo",2,972,modern,0
1945,Marthyndol,2,973,manual,1
1946,Marthynowcz,1,974,manual,0
1947,Marthynyancz,2,970,manual,0
1948,Marthynzka Wez,4,975,modern,0
1949,Marthynzkawez,4,975,modern,0
1950,Marthynzky,2,976,singleton,0
1951,Martin Dol,2,977,manual,1
1952,Martincz,2,971,modern,0
1953,Martindol,2,978,manual,1
1954,Martindoll,2,979,manual,1
1955,Martinowcz,3,980,manual,1
1956,Martinuszkawez,4,975,modern,0
1957,Martinzka Wez,4,975,modern,0
1958,Martinzkawesz,4,975,modern,0
1959,Martinzkawez,4,975,modern,0
1960,Martynancz,2,970,manual,0
1961,Martyncz,2,971,modern,0
1962,"Martyncz, Gubaszewo",2,972,modern,0
1963,Martyndol,2,981,manual,1
1964,Martynoucz,3,982,manual,1
1965,Martynyancz,2,970,manual,0
1966,"Martynyancz, Kochycze, Nowaky, Werbanowcz",2,970,manual,0
1967,Martynzka Wez,4,975,modern,0
1968,Martynzka Wyez,4,975,modern,0
1969,Martynzkawez,4,975,modern,0
1970,Maryancz,1,983,manual,1
1971,Maryasovcz,2,984,orthographic-exact,0
1972,Maryassoucz,2,984,orthographic-exact,0
1973,Maryassowcz,2,984,orthographic-exact,0
1974,"Maryassowcz, Krysowlyan",2,985,singleton,0
1975,Marygodowcz,2,962,modern,0
1976,Marygolthowcz,2,962,modern,0
1977,Maryncz,4,986,manual,1
1978,Mathewsowcz,1,987,manual,1
1979,"Mathewsowcz, Zerdahel",1,987,manual,1
1980,Mathwch,1,988,manual,1
1981,"Mathwsowcz, Marthynowcz",1,989,manual,1
1982,Maycowcz,1,949,modern,0
1983,Maykowcz,1,949,modern,0
1984,Mechenycze,1,990,manual,1
1985,Medue,4,991,modern,0
1986,Medvevara,4,991,modern,0
1987,Medvewar,4,991,modern,0
1988,Medwe,4,991,modern,0
1989,Medwe-bona castri,4,991,modern,0
1990,Medwe-castrum (bona),4,991,modern,0
1991,Medwe-pertinentie ad castrum,4,991,modern,0
1992,Medwedwar,4,991,modern,0
1993,Medwedwara cum pertinentiis,4,991,modern,0
1994,Medwewar,4,991,modern,0
1995,"Medwewar,Sczezhwpnycze, Zlanowch-cum pertinentiis",4,991,modern,0
1996,Medwewara,4,991,modern,0
1997,Megereche,1,952,manual,0
1998,Megereche cum provincia,1,992,manual,0
1999,Megerlak,1,993,manual,1
2000,Meglech,1,994,manual,0
2001,Meglich,1,995,manual,1
2002,Megwrechya,1,952,manual,0
2003,Megwrechye,1,952,manual,0
2004,Megwrechye-oppidum,1,996,manual,0
2005,Megye,1,997,singleton,0
2006,Megyerechye,1,952,manual,0
2007,Megyerlok,1,998,singleton,0
2008,Megyrechya,1,952,manual,0
2009,Megywreche,1,952,manual,0
2010,Megywrechye,1,952,manual,0
2011,Mekchenycze,1,999,singleton,0
2012,Mellesowcz,1,1000,manual,1
2013,"Mellesowcz, Palychna",1,1001,manual,0
2014,Mellessowcz,1,1002,manual,1
2015,Melnesowcz,1,1002,manual,1
2016,Mendzent,3,1003,manual,1
2017,Mendzenth,1,1004,manual,0
2018,Mendzenth,3,1003,manual,1
2019,Meryna,4,1005,modern,0
2020,Merynnya,4,1005,modern,0
2021,Mihalowcz,1,1006,manual,0
2022,Miholya,4,1007,manual,0
2023,Miholya-prioratus Auranae,4,1007,manual,0
2024,Mikchewcz,4,1008,modern,0
2025,Mikechincz,1,1009,manual,0
2026,Miketincz,1,1010,manual,0
2027,Mikwlych,4,1011,orthographic-fuzzy,1
2028,Mikwlychy sub Medwe,4,1011,orthographic-fuzzy,1
2029,Milethyncz,1,1012,manual,0
2030,Mindzenth,1,1004,manual,0
2031,Mirina,4,1013,orthographic-exact,0
2032,Mirynna,4,1013,orthographic-exact,0
2033,Mislenincz,1,1014,manual,0
2034,Mlaka,1,1015,singleton,0
2035,Mlaka,4,1016,singleton,0
2036,"Mlaka, Lochylnycza",4,1017,modern,0
2037,"Mlaka, Lochynycha",4,1017,modern,0
2038,"Mlaka, Nowaky, Zenth Gergh",4,1018,singleton,0
2039,"Mlaka, Syslyanoychi",4,1019,modern,0
2040,"Mlaka, Sysslyawychy",4,1019,modern,0
2041,Mnochowcz,1,1020,manual,1
2042,Mochila,1,1021,manual,0
2043,Mochrycha,1,1022,manual,0
2044,Mochw,1,1023,manual,0
2045,Mochyla,1,1021,manual,0
2046,Mochylo,1,1024,manual,0
2047,Modrowcz,1,1025,singleton,0
2048,Moghoyna-de Kaproncza,1,1026,manual,0
2049,Mogowina ad Kaproncza,1,1026,manual,0
2050,Mogoyna,1,1027,manual,0
2051,Mokrycza,1,1028,manual,0
2052,Molwe ad Zenth Gergwara,1,1029,manual,1
2053,Molwycza,4,1030,modern,0
2054,Molwycze,4,1030,modern,0
2055,Molwycze ad Okych,4,1030,modern,0
2056,Molwycze-judicatus ad castrum Okych,4,1030,modern,0
2057,Molywa,1,1031,manual,0
2058,Molywycza,4,1030,modern,0
2059,Monchewcz,1,1032,manual,0
2060,Monchowcz,1,1033,manual,0
2061,Monozlo,1,1034,manual,0
2062,Monozlo cum pertinentiis,1,1034,manual,0
2063,Monozlo-cum pertinentiis,1,1034,manual,0
2064,Monozlo-cum pertinentiss,1,1034,manual,0
2065,Monozlo-in pertinentiis,1,1034,manual,0
2066,Morawcz,1,1035,manual,0
2067,Morawecz,1,1035,manual,0
2068,Mosyna,1,1036,manual,0
2069,Mosynya,1,1036,manual,0
2070,"Mosynya, Meglecz",1,1037,manual,0
2071,Moykowcz,4,1038,singleton,0
2072,"Mraczlin, Korylowcz",4,1039,orthographic-exact,0
2073,Mraczlyn,4,1040,singleton,0
2074,"Mraczlyn, Korylowcz",4,1039,orthographic-exact,0
2075,Mwsyna,1,1041,manual,0
2076,"Myhalaowcz, Lypowcz",1,1042,manual,1
2077,Myhalencz,1,1043,manual,0
2078,Myhalewcz,1,1006,manual,0
2079,Myhalewcz*,1,1006,manual,0
2080,Myhalowcz,1,1006,manual,0
2081,"Myhalyownicza, Lypowcz",1,1044,manual,1
2082,Myhawlancz-ad Galgoncza,1,1045,modern,0
2083,Myhola,4,1007,manual,0
2084,Myholancz,1,1045,modern,0
2085,Myholcz,1,1045,modern,0
2086,"Myholcz oppidum, Fodorocz",1,1046,modern,0
2087,"Myholcz, Fodrowcz",1,1046,modern,0
2088,Myholczi,1,1045,modern,0
2089,Myholnya,4,1047,manual,0
2090,Myholya,4,1007,manual,0
2091,Myholyancz,1,1045,modern,0
2092,Myhowlancz-ad Galgoncza,1,1045,modern,0
2093,Mykchecz-cum pertinentiis,4,1008,modern,0
2094,Mykchowcz cum pertinentiis,4,1008,modern,0
2095,Mykethincz,1,1010,manual,0
2096,Mykethyncz,1,1010,manual,0
2097,Myketyncz,1,1010,manual,0
2098,Mykolych,4,1011,orthographic-fuzzy,1
2099,Mykolychy,4,1011,orthographic-fuzzy,1
2100,Mykoucz,1,1048,orthographic-exact,0
2101,Mykowcz,1,1048,orthographic-exact,0
2102,Mykowcz,4,1049,singleton,0
2103,Mykusewcz,1,1050,manual,0
2104,Mykwlch,4,1011,orthographic-fuzzy,1
2105,Mykwlich,4,1011,orthographic-fuzzy,1
2106,Mykwlwch,4,1011,orthographic-fuzzy,1
2107,Mykwlych,4,1011,orthographic-fuzzy,1
2108,Mykwlychy,4,1011,orthographic-fuzzy,1
2109,Mylethincz,1,1012,manual,0
2110,Mylethynch,1,1012,manual,0
2111,"Mylethynch, Kamarcha",1,1051,manual,1
2112,Mylethyncz,1,1012,manual,0
2113,"Mylethyncz, Camarcha",1,1051,manual,1
2114,Myndchenth,1,1052,manual,1
2115,Myndczenth,3,1003,manual,1
2116,Myndczenth cum pertinentiis,3,1003,manual,1
2117,Myndczenth-cum pertinentiis,3,1003,manual,1
2118,Myndzeenth,1,1004,manual,0
2119,Myndzenth,1,1004,manual,0
2120,Myndzenth,3,1003,manual,1
2121,Myndzenth,4,1053,manual,1
2122,Myndzenth-ad Racham,1,1054,manual,1
2123,Mynthzenth,1,1004,manual,0
2124,Mynzenth,1,1004,manual,0
2125,Myrenye,4,1005,modern,0
2126,Myrkocz,2,154,manual,0
2127,Myrkoucz,2,154,manual,0
2128,Myrkowcz,2,154,manual,0
2129,"Myrkowcz, Beleyczy",2,154,manual,0
2130,"Myrkowcz, Brezowa",2,1055,manual,0
2131,Myryna,4,1013,orthographic-exact,0
2132,Myryne,4,1005,modern,0
2133,Myrynne,4,1005,modern,0
2134,Myrynnye,4,1005,modern,0
2135,Myrynye,4,1005,modern,0
2136,Myrynye (Zomzed-castrum),4,1005,modern,0
2137,Myslenynch,1,1014,manual,0
2138,Nag Gara,4,1056,manual,0
2139,Nag Tapalowcz,3,1057,orthographic-fuzzy,1
2140,Nagh Gara,4,1056,manual,0
2141,Nagh Kemlek,1,739,modern,0
2142,"Nagh Kemlek, Brezowecz",1,739,modern,0
2143,"Nagh Kemlek, Gregwrowcz",1,739,modern,0
2144,"Nagh Kemlek, sub",1,739,modern,0
2145,Nagh Mlaka,4,1058,modern,0
2146,Nagh Tabor,2,1059,modern,0
2147,Nagh Thabor,2,1059,modern,0
2148,Nagh Thapalocz,3,1060,manual,0
2149,Nagh Thopalocz,3,1057,orthographic-fuzzy,1
2150,Naghfalw,1,1061,singleton,0
2151,Naghkemlek,1,739,modern,0
2152,"Naghkemlek, Brezowycza",1,739,modern,0
2153,"Naghkemlek, sub",1,739,modern,0
2154,Naghmlaka,4,1058,modern,0
2155,Naghthapaloch,3,1060,manual,0
2156,"Naghy Kemlek, Brezowycza, Gregwrowcz",1,1062,singleton,0
2157,NaghyMlaka,4,1058,modern,0
2158,Nagkemlek,1,739,modern,0
2159,Nagy Thabor,2,1059,modern,0
2160,Nagykemlek,1,739,modern,0
2161,Nagymlaka,4,1058,modern,0
2162,Nagythabor,2,1059,modern,0
2163,Narth,1,1063,manual,1
2164,Nasenyna,2,1064,orthographic-exact,0
2165,Naseuyna,2,1065,singleton,0
2166,Nassenya,2,1066,singleton,0
2167,Nassenyna,2,1064,orthographic-exact,0
2168,"Nedelancz, Gayancz",2,1067,modern,0
2169,"Nedelyancz, Gayancz",2,1067,modern,0
2170,Nepesa,4,1068,modern,0
2171,Nesethyno,1,1069,manual,1
2172,Nethech,1,1070,manual,0
2173,Nethecz,1,1070,manual,0
2174,Nezethyno,1,1071,singleton,0
2175,Neznan,1,1072,manual,1
2176,Neznanheg,1,1073,manual,0
2177,Neznanhege,1,1073,manual,0
2178,Neznanhegh,1,1073,manual,0
2179,Nezpesa,4,1068,modern,0
2180,Nezpessa,4,1068,modern,0
2181,Nezpest,4,1068,modern,0
2182,Nezpesya,4,1068,modern,0
2183,Nobiles unius sessionis,4,1074,singleton,0
2184,Nofkowcz,1,1075,manual,0
2185,"Nouigrad, Zdenchecz",4,1076,manual,0
2186,"Nouigrad, Zdenchecz, Jezero, Martinzkawez",4,1077,manual,0
2187,Nouigrad-castrum cum pertinantiis,4,1078,manual,0
2188,Nova Villa sub Gemlech,1,1079,manual,1
2189,Nova Zenth Marthon,1,1080,manual,0
2190,Nove Chiche,4,1081,orthographic-fuzzy,1
2191,Nove Chyche,4,1081,orthographic-fuzzy,1
2192,Novechyche,4,1081,orthographic-fuzzy,1
2193,Novigrad,4,1078,manual,0
2194,Novigrad-castellum cum pertinentiis,4,1078,manual,0
2195,Nowa Zenth Marton,1,1080,manual,0
2196,Nowak,1,1082,modern,0
2197,Nowak,4,1083,manual,0
2198,Nowak ad Zenth Gergwara,1,1082,modern,0
2199,"Nowak, Thernowycha",4,1083,manual,0
2200,Nowak-ad Achynam,1,1084,manual,1
2201,Nowakowcz,4,1085,manual,0
2202,Nowakowecz,4,1085,manual,0
2203,Nowazenthmarton,1,1080,manual,0
2204,Nowe Chyche,4,1081,orthographic-fuzzy,1
2205,Nowe Chychye,4,1081,orthographic-fuzzy,1
2206,Nowechyche,4,1081,orthographic-fuzzy,1
2207,Nowygrad,4,1078,manual,0
2208,Nowygrad aliter Zdenchecz,4,1076,manual,0
2209,Nowygrad cum pertinentiis,4,1078,manual,0
2210,"Nowygrad, Zdenchecz",4,1076,manual,0
2211,Nowygrad-castellum cum pertinentiis,4,1078,manual,0
2212,Obchewch,1,1086,manual,0
2213,Obchewcz,1,1086,manual,0
2214,Obed,1,1087,modern,0
2215,Obed-St. Trinitas,1,1087,modern,0
2216,Obranowcz Zenthmichael,1,1088,manual,1
2217,Obrecz,4,1089,modern,0
2218,Obrees,2,1090,manual,0
2219,Obrees,4,1089,modern,0
2220,Obres,1,1091,modern,0
2221,Obres,2,1090,manual,0
2222,Obres,4,1089,modern,0
2223,"Obres, Athak, Temeryo",1,443,modern,0
2224,"Obres, Chresnew",2,1090,manual,0
2225,"Obres, Koren",1,1091,modern,0
2226,"Obres, Koztanyewcz",4,1092,orthographic-exact,1
2227,"Obres, Kozthanyewcz",4,1092,orthographic-exact,1
2228,"Obres, Lomnycza",4,1093,singleton,0
2229,"Obres, Welkowcz",2,1094,manual,1
2230,Odra,4,1095,manual,1
2231,Odra Zenth Georgh,4,1095,manual,1
2232,Odra Zenth Ghergh,4,1095,manual,1
2233,"Odra, Buzyn",4,1096,orthographic-exact,0
2234,"Odra, Bwzyn",4,1096,orthographic-exact,0
2235,"Odra, Bwzyn, Syllyakowyna",4,1097,singleton,0
2236,"Odra, Sellyakowyna",4,1098,modern,0
2237,"Odra, Syllyakowyna",4,1098,modern,0
2238,Odra-Zenthgyergy,4,1095,manual,1
2239,Odrazenthgergh,4,1095,manual,1
2240,Odrazenthghergh,4,1095,manual,1
2241,Okchewcz,1,1099,manual,0
2242,Okych,4,1100,modern,0
2243,Okych cum pertinentiis,4,1100,modern,0
2244,"Okych, Tersych",4,1101,singleton,0
2245,"Okych, sub",4,1100,modern,0
2246,Okych-castrum / Czwethkowychy,4,1100,modern,0
2247,Okych-castrum / Draganych,4,1100,modern,0
2248,Okych-castrum / Ladanye,4,1100,modern,0
2249,Okych-castrum / Pwrgarya,4,1100,modern,0
2250,Okych-castrum / Zdenchyna,4,1100,modern,0
2251,Okych-castrum / Zthankowa,4,1100,modern,0
2252,Okych-castrum cum pertinantiis,4,1100,modern,0
2253,Okych-castrum cum pertinentiis,4,1100,modern,0
2254,Okych-castrum cum pertinentiis et judicatibus,4,1100,modern,0
2255,"Okych-castrum cum pertinentiis, curia nobilitarii Kerezthynecz",4,1100,modern,0
2256,"Okych-castrum, Molwicza",4,1100,modern,0
2257,Okych-cum pertinentiis,4,1100,modern,0
2258,Okych-in pertinentiis castri et plebanorum,4,1100,modern,0
2259,"Olywercz, Kothnak",1,1102,manual,1
2260,Omellya,4,1103,manual,1
2261,Omellye,4,1104,manual,1
2262,Omelya,4,1103,manual,1
2263,Omelye,4,1104,manual,1
2264,Omilia,4,1105,manual,1
2265,Omnii Sancti,1,1106,singleton,0
2266,"Omnii Sancti (Svi Sveti, Sesvete)",1,1107,manual,1
2267,Omnii Sancti ad Monozlo,1,1108,manual,1
2268,Omnii Sancti in Prodauiz,1,322,manual,1
2269,Omnii Sancti-in portu,4,1109,singleton,0
2270,Omyla,4,1105,manual,1
2271,Omylia,4,1105,manual,1
2272,Omylya,4,1105,manual,1
2273,Opathoucz,1,1110,manual,0
2274,Opathowcz,1,1110,manual,0
2275,Opathowina,1,1110,manual,0
2276,Opathowyna,1,1110,manual,0
2277,Opathowyna,4,1111,manual,1
2278,Opathowyna (dempto Gorzko),4,1112,manual,1
2279,"Opathowyna, Kopam",4,4,modern,0
2280,Opathychyncz inferior,1,1110,manual,0
2281,Opathychyncz superior,1,1110,manual,0
2282,Opathynchyncz-inferior,1,1110,manual,0
2283,Opathynchyncz-superior,1,1110,manual,0
2284,Opathyncz,1,1110,manual,0
2285,Opathyncz Inferior,1,1110,manual,0
2286,Opathyncz Superior,1,1110,manual,0
2287,Oporovcz,1,1110,manual,0
2288,Oppathowyna,1,1110,manual,0
2289,Oppathowyna,4,1111,manual,1
2290,"Oppathowyna, Ad Kopam",4,4,modern,0
2291,"Oppathowyna, Ad Koppam",4,4,modern,0
2292,Oppidum,3,1113,singleton,0
2293,Opporowcz,4,1114,singleton,0
2294,Opporowcz ad Belam-castellum,1,32,manual,1
2295,Orbona,1,1115,manual,0
2296,Orbowcz,2,1116,singleton,0
2297,Orehocz,3,1117,manual,0
2298,Orehoucz,1,1118,modern,0
2299,Orehoucz,3,1119,manual,0
2300,Orehoucz cum pertinentiis,3,1119,manual,0
2301,"Orehoucz, Klenoucz",1,1120,modern,0
2302,"Orehoucz, Megye",1,1121,orthographic-exact,0
2303,"Orehouicza, Graberye",2,1122,orthographic-exact,1
2304,Orehouycza,2,1123,modern,0
2305,"Orehouycza, Borycheucz",2,1124,modern,0
2306,Orehovcz,1,1118,modern,0
2307,Orehowcz,1,1118,modern,0
2308,Orehowcz,2,1125,singleton,0
2309,Orehowcz,3,1119,manual,0
2310,"Orehowcz Wlady, uterque Rawenyk",3,1119,manual,0
2311,Orehowcz Zent Peter,1,1126,singleton,0
2312,"Orehowcz, Klemowcz",1,1120,modern,0
2313,"Orehowcz, Klenawcz",1,1120,modern,0
2314,"Orehowcz, Klenowcz",1,1120,modern,0
2315,"Orehowcz, Leczkowcz",1,1118,modern,0
2316,"Orehowcz, Megye",1,1121,orthographic-exact,0
2317,"Orehowcz, Polyana",1,1127,singleton,0
2318,"Orehowcz, Tharnowcz",1,1118,modern,0
2319,"Orehowcz, Wlachyn, utraque Rawennyk",3,1119,manual,0
2320,"Orehowcz,Rawennyk",3,1119,manual,0
2321,"Orehowcz,Wlachyn, utraque Rawennyk",3,1119,manual,0
2322,Orehowycza,2,1123,modern,0
2323,"Orehowycza, Borychewcz",2,1124,modern,0
2324,"Orehowycza, Boychewcz",2,1124,modern,0
2325,"Orehowycza, Graberye",2,1122,orthographic-exact,1
2326,Orehowycza-portio,2,1123,modern,0
2327,Oresya,3,1128,singleton,0
2328,Orosowcz,1,1129,orthographic-exact,0
2329,Orossowcz,1,1129,orthographic-exact,0
2330,"Orossowcz, Chakawcz",1,1130,singleton,0
2331,Orozowcz,1,1131,singleton,0
2332,Orrosowcz,1,1129,orthographic-exact,0
2333,Orthonowcz,1,1132,orthographic-fuzzy,1
2334,Ortunoucz,1,1132,orthographic-fuzzy,1
2335,Oskoucz,2,809,modern,0
2336,Oskowcz,2,809,modern,0
2337,Ostercz,2,1133,modern,0
2338,Ostercz-oppidum-cum pertinentiis,2,1133,modern,0
2339,Osthercz,2,1133,modern,0
2340,Othnya Zenth Pal,1,1134,manual,1
2341,Othok,1,34,modern,0
2342,Othok,2,645,manual,1
2343,Othok,4,35,manual,0
2344,Otok,2,645,manual,1
2345,Otthok,1,34,modern,0
2346,Otthok,4,35,manual,0
2347,"Otthok, Jemryhowcz",1,1135,singleton,0
2348,"Otthok-superior et inferior, Zenthilona apud Zamobor",4,1136,manual,0
2349,Owar,1,1137,manual,0
2350,Owar ad Caproncza,1,1138,manual,0
2351,Owar ad Koproncza,1,1138,manual,0
2352,Owar-waywodatus,1,1139,manual,0
2353,Ozal,4,1140,modern,0
2354,Ozal-castrum cum 7 judicatibus,4,1140,modern,0
2355,Ozal-castrum cum pertinantiis,4,1140,modern,0
2356,Ozal-castrum cum pertinentiis,4,1140,modern,0
2357,Ozal-castrum cum pertinentiis et judicatibus,4,1140,modern,0
2358,Ozall,4,1140,modern,0
2359,Ozally,4,1140,modern,0
2360,Oztercz,2,1133,modern,0
2361,Oztercz-castrum cum pertinentiis,2,1133,modern,0
2362,Ozterna,4,1141,modern,0
2363,Ozterwna,4,1141,modern,0
2364,Ozterwna (Bosyako),4,1141,modern,0
2365,Ozthercz,2,1133,modern,0
2366,Ozthercz-castrum cum pertinentiis,2,1133,modern,0
2367,"Ozthercz-provincia, oppidum",2,1133,modern,0
2368,Oztherwna,4,1141,modern,0
2369,Ozwgo,1,1142,manual,0
2370,Ozwgyo,1,1142,manual,0
2371,"Ozwgyo, Zenthgergh",1,1143,singleton,0
2372,Ozwgyo-cum Zenthgeorgh,1,1144,manual,1
2373,Palata,1,1145,manual,1
2374,Palatha,1,1145,manual,1
2375,Palichna Zenthpeter,1,1146,manual,0
2376,Palotha,1,1147,manual,1
2377,Palychna,1,1148,manual,0
2378,Palychna Zenth Peter,1,1146,manual,0
2379,Palychna Zenth Pether,1,1146,manual,0
2380,Palychna Zenthpeter,1,1146,manual,0
2381,"Palychna Zenthpeter, Gradysthe",1,1149,manual,0
2382,Palychna Zenthpether,1,1146,manual,0
2383,Palychnazenth Peter,1,1146,manual,0
2384,"Panynch, Chernech, Antholowcz, Thremech",3,1150,manual,1
2385,Parusovcz,1,1151,modern,0
2386,Parusowcz,1,1151,modern,0
2387,Parwsowcz,1,1151,modern,0
2388,Parwsowcz ad Belam,1,1152,manual,1
2389,"Parwzowcz, Kwrenowcz, Blasowcz",1,1153,singleton,0
2390,Parwzowhcz,1,1151,modern,0
2391,Pasahegh,1,1154,manual,1
2392,Paschyn,1,1155,manual,1
2393,Paschyncz,1,1155,manual,1
2394,Pasthincz,1,1156,manual,1
2395,Pathak,1,1157,modern,0
2396,"Pathak, Sybrynowcz",1,1157,modern,0
2397,"Paulosancz, Bresowcz",1,1158,manual,1
2398,Paulowcz,1,1151,modern,0
2399,Pavkowcz,1,1159,singleton,0
2400,"Pawlochancz, Brezowcz",1,1160,manual,0
2401,Pawloucz,1,1151,modern,0
2402,"Pawlowcz, Palche Polye",1,1161,manual,1
2403,Pawlysewcz,1,1151,modern,0
2404,Pawlyssowcz,1,1151,modern,0
2405,Peherio i Bedenycha,4,1162,singleton,0
2406,Pekercz,1,1163,manual,0
2407,Pekercz-waywodatus inferior,1,1164,manual,0
2408,Pekercz-waywodatus medius,1,1165,manual,0
2409,Pekercz-waywodatus superior,1,1166,manual,0
2410,Pekerzerdahel,1,1167,manual,0
2411,Peklencze,1,1168,manual,0
2412,Peklencze-waywodatus inferior,1,1164,manual,0
2413,Peklencze-waywodatus superior,1,1166,manual,0
2414,Peklenycze,1,1168,manual,0
2415,Pekrecz,1,1169,manual,0
2416,Perchinowcz,1,1170,manual,1
2417,Perchinowcz cum Nagkemlek,1,1171,manual,1
2418,"Perchynowcz, Bywrynowcz-ad Nagh Kemlek",1,1171,manual,1
2419,Perhoch,4,1172,manual,0
2420,Persinowcz,1,1173,manual,1
2421,Persynoucz,1,1173,manual,1
2422,Persynowcz,4,1174,manual,0
2423,Pertwssowcz,2,1175,modern,0
2424,Peschenicza,4,1176,modern,0
2425,Peschenycha,4,1176,modern,0
2426,Peschenycza,4,1176,modern,0
2427,Peschenycze,4,1176,modern,0
2428,Peschienycza,4,1176,modern,0
2429,Pestenne,1,1177,manual,0
2430,Pestenneye,1,1177,manual,0
2431,Pesthenye,1,1177,manual,0
2432,Pesthyene,1,1177,manual,0
2433,Peszerwara,4,1178,modern,0
2434,Peszeryo,4,1178,modern,0
2435,Peteryanch,3,1179,manual,0
2436,Peteryancz,3,1179,manual,0
2437,Pethrossowcz,2,1175,modern,0
2438,Pethrouyna,4,1180,orthographic-exact,0
2439,Pethrowyna,4,1180,orthographic-exact,0
2440,Pethrwssocz,2,1175,modern,0
2441,Pethrwssowcz,2,1175,modern,0
2442,Pethrwssowcz,4,1181,modern,0
2443,Petrisowcz,4,1181,modern,0
2444,Petrosancz,3,1182,manual,1
2445,Petrosowcz,2,1175,modern,0
2446,Petrovina,4,1180,orthographic-exact,0
2447,Petrowch,3,1183,orthographic-exact,0
2448,Petrowcz,1,1184,manual,1
2449,Petrowcz,3,1183,orthographic-exact,0
2450,Petrowdolecz,3,1185,singleton,0
2451,Petrowina,4,1180,orthographic-exact,0
2452,Petrowyna,1,1186,manual,1
2453,Petrowyna,4,1180,orthographic-exact,0
2454,Petrowyna in Farkasowcz,1,1187,manual,1
2455,Petrusoucz,2,1175,modern,0
2456,Petrussoucz,2,1175,modern,0
2457,Petrwsowcz,2,1175,modern,0
2458,Petrwsowcz,4,1181,modern,0
2459,Petrwssowcz,4,1181,modern,0
2460,Petryancz,3,1179,manual,0
2461,Petthrowyna,1,1186,manual,1
2462,Petthrowyna,4,1180,orthographic-exact,0
2463,Pezedolcz ad Belam,1,1188,manual,1
2464,Pezerio,4,1178,modern,0
2465,Pezerwara,4,1178,modern,0
2466,Pezerya,4,1178,modern,0
2467,Pezeryo,4,1178,modern,0
2468,"Pezeryo, Bukoucz",4,1189,singleton,0
2469,Philipfalwa,1,479,orthographic-fuzzy,1
2470,Phylethyncz,1,489,manual,1
2471,Pinchowcz,1,1190,singleton,0
2472,Planina,4,1191,modern,0
2473,Planyna,4,1191,modern,0
2474,Plawnyna,4,1191,modern,0
2475,Pleszo,4,1192,modern,0
2476,"Pleszo, Gorycza",4,1193,modern,0
2477,Plezo,4,1192,modern,0
2478,"Plezo, Gorycza",4,1193,modern,0
2479,Pobresie,4,1194,modern,0
2480,Pobressie,4,1194,modern,0
2481,Pobresye,4,1194,modern,0
2482,"Pobresye, Thernye, Kerchy",4,1195,singleton,0
2483,"Pobresye, Therye",4,1196,singleton,0
2484,Pobrezye,4,1194,modern,0
2485,Pobylo,1,1197,manual,0
2486,Podbresya,4,1194,modern,0
2487,Podbresye,1,1197,manual,0
2488,Podbresye,4,1194,modern,0
2489,Podbrezya,1,1197,manual,0
2490,Podbrezye,1,1197,manual,0
2491,Podbryzya,1,1197,manual,0
2492,Podbwkowcz,1,1198,singleton,0
2493,Podgaycz,1,1199,manual,1
2494,Podgorya,1,1200,manual,0
2495,Podgorya,4,1201,manual,0
2496,Podgorya-ad Zenthlelek,1,1202,manual,1
2497,Podgorya-plebanatus,4,1203,manual,1
2498,Podgorye-de Gorbonok,1,1204,manual,1
2499,Podgradie,4,1205,manual,0
2500,Podkraych,1,1199,manual,1
2501,Podkrayta,1,1206,singleton,0
2502,"Podothoch, Lwchylnycza",4,1207,modern,0
2503,Podothoche,4,1208,modern,0
2504,"Podothoche, Odra Zenthgergh",4,1208,modern,0
2505,"Podothochie, Odra, Lochylnycza",4,1208,modern,0
2506,Podothochya,4,1208,modern,0
2507,Podothochye,4,1208,modern,0
2508,"Podothochye, Bwzyn",4,1209,singleton,0
2509,"Podothochye, Lochylnycza",4,1207,modern,0
2510,"Podothochye, Odra, Bwzyn, Lochynlycza",4,1210,modern,0
2511,"Podothochye, Odra, Bwzyn, Lwchylnycza",4,1210,modern,0
2512,"Podotoche, Lwchylnycza",4,1207,modern,0
2513,"Podotoche, Odra, Bwzyn, Lochylnycza, Lekenyk",4,1211,modern,0
2514,"Podotochie, Luchilnycza",4,1212,singleton,0
2515,Podotochye,4,1208,modern,0
2516,"Podotochye, Odra, Bwzyn, Lochylnycza, Lekenyk",4,1211,modern,0
2517,Podwerh,4,1213,manual,1
2518,Poganchecz,1,1214,modern,0
2519,Poganchez,1,1214,modern,0
2520,"Poganchez, Zenth Dienes",1,1215,singleton,0
2521,Poganecz,1,1214,modern,0
2522,"Pohakowcz, Czyglenycze",2,1216,singleton,0
2523,Poklechan,2,1217,manual,1
2524,Poklechancz,2,1218,singleton,0
2525,Pokopye,4,1219,modern,0
2526,Pokopzky Verh,4,1220,manual,1
2527,Pokorenowcz,1,1221,orthographic-fuzzy,1
2528,Pokorenowecz,1,1221,orthographic-fuzzy,1
2529,Pokoronowcz,1,1221,orthographic-fuzzy,1
2530,Pokwpia,4,1219,modern,0
2531,Pokwpia cum pertinentiis,4,1219,modern,0
2532,Pokwpsky Werh,4,1220,manual,1
2533,Pokwpya,4,1219,modern,0
2534,Pokwpya cum pertinentiis,4,1219,modern,0
2535,Pokwpya-pertinentiis,4,1219,modern,0
2536,Pokwpye,4,1219,modern,0
2537,Pokwpye (na dobrima topličke opatije),4,1219,modern,0
2538,Pokwpzky,4,1219,modern,0
2539,Pokwpzkywerh,4,1220,manual,1
2540,Polana,1,1222,modern,0
2541,Polanya,1,1222,modern,0
2542,Polatha,1,1222,modern,0
2543,Polena,1,1222,modern,0
2544,Polosythycza,1,1223,manual,0
2545,Polyana,1,1222,modern,0
2546,Polyana,2,1224,manual,0
2547,"Polyana, Danadowcz",1,1222,modern,0
2548,"Polyana, Gwrgysche",1,1222,modern,0
2549,Polye,1,1225,singleton,0
2550,Pomperiowcz,2,1226,manual,1
2551,Pomperowcz,2,1227,manual,1
2552,Ponkowcz,1,1228,singleton,0
2553,Popowcz,1,1229,manual,1
2554,Popowcz,1,1229,manual,1
2555,Popwd,1,1230,manual,0
2556,Popwd Podgorya,1,1231,manual,1
2557,Posahecz,1,1232,manual,1
2558,Posaheg,1,1233,manual,0
2559,Posahegh,1,1233,manual,0
2560,Poszawye,4,470,manual,1
2561,Pothkraycz,1,1234,singleton,0
2562,Powsahegh,1,1233,manual,0
2563,Powsevcz,3,1235,singleton,0
2564,Powsincz,1,1236,orthographic-exact,0
2565,Powsynch,3,1237,orthographic-exact,0
2566,Powsyncz,1,1236,orthographic-exact,0
2567,Powsyncz,3,1237,orthographic-exact,0
2568,Pozavye,4,1238,manual,1
2569,Pozawya,4,470,manual,1
2570,Pozawye,4,1239,manual,1
2571,Pozrednye Zelo,1,1240,singleton,0
2572,Prachowcz,1,1241,modern,0
2573,Praschowcz,1,1241,modern,0
2574,Prasnicza,1,1242,manual,0
2575,Prasnycha,1,1242,manual,0
2576,Prasnycza,1,1242,manual,0
2577,Prasnycza-fortalitium novum,1,1243,manual,1
2578,Prassnycza,1,1242,manual,0
2579,Prasthowcz,1,1244,manual,0
2580,Prasthyowcz*,1,1244,manual,0
2581,Prastowcz,1,1244,manual,0
2582,Praznycha,1,1245,manual,0
2583,Prebinowcz,1,1246,manual,1
2584,Prechech,1,1247,orthographic-exact,0
2585,Prechecz,1,1247,orthographic-exact,0
2586,Predriho,1,1248,manual,0
2587,Predryho,1,1248,manual,0
2588,Pregory,2,1249,singleton,0
2589,Prelezye,1,1250,manual,0
2590,Prennar,2,1251,singleton,0
2591,Prepwsthowcz,2,1252,orthographic-exact,0
2592,Prepwstowcz,2,1252,orthographic-exact,0
2593,Preseka,1,1253,modern,0
2594,Preszechno,1,1254,modern,0
2595,Prethoka,4,1255,manual,0
2596,Pretrwsowcz,2,1175,modern,0
2597,Prewthoka,4,1255,manual,0
2598,Prezechna,1,1254,modern,0
2599,Prezechnafew,1,1254,modern,0
2600,Prezechnafew*,1,1254,modern,0
2601,Prezechno,1,1254,modern,0
2602,Prezeka,1,1253,modern,0
2603,Prezeka ad Rokonog-vilicatus,1,1253,modern,0
2604,Prezeka ad Rokonok-vilicatus,1,1253,modern,0
2605,"Prezeka, Welyka",1,1256,singleton,0
2606,Prezeka-vilicatus,1,1253,modern,0
2607,Prezeka-villicatus ad Rokonok,1,1253,modern,0
2608,Prezeka-villicatus ad Rokonok pertinens,1,1253,modern,0
2609,Prezovicha-oppidum sub Nagkemlek,1,1257,manual,1
2610,Prikray,4,1258,manual,1
2611,Prikray ad Zenthgeorghwara,1,1259,manual,0
2612,Pristawcz,1,1260,manual,0
2613,Priulaka,1,1261,manual,1
2614,Processus Georgii Pyzacz ultra Kwppam,4,1262,manual,1
2615,Procurancia domini episcopi (Capella-villicatus),1,1263,manual,1
2616,Prodauiz,1,1264,manual,0
2617,Prodawyz,1,1264,manual,0
2618,Progowcz,1,1265,manual,0
2619,Provinica domini episcopi,1,1266,manual,1
2620,Prwgowcz,1,1267,manual,0
2621,Prybychy,4,1268,manual,0
2622,Prychrethye,1,1269,manual,1
2623,Pryeszeka,1,1253,modern,0
2624,Pryezeka,1,1253,modern,0
2625,Prygorya,2,1270,modern,0
2626,Prygorye,2,1270,modern,0
2627,Prykray,1,1271,manual,0
2628,Prykray,4,1272,manual,1
2629,Prykray ad Zenth Gergwara,1,1259,manual,0
2630,Prykraye,4,1273,manual,1
2631,Prystawcz,1,1260,manual,0
2632,Pryztawcz,1,1274,manual,0
2633,Pryzthawcz,1,1274,manual,0
2634,Pwhakowcz,2,1275,manual,1
2635,"Pwhakowcz, Czyglena",2,1276,modern,0
2636,"Pwhakowcz, Czyglenycza",2,1276,modern,0
2637,"Pwhakowcz, Zyglenycze",2,1276,modern,0
2638,Pwnek,1,1277,manual,1
2639,Pwnekowcz,1,1278,manual,1
2640,"Pwnekowcz, Myklwsowcz",1,1279,manual,1
2641,Pwschya,4,1280,manual,1
2642,"Pwztha Dwssycza, Hergowych Uterque",4,1281,singleton,0
2643,Pwztha Dwsycza,4,1282,manual,0
2644,"Pwztha Dwsycza, Hergoychy-ad Hrazthowycza pertinentes",4,1283,manual,0
2645,Pychulinch,1,1284,manual,1
2646,Pychwlyncz,1,1284,manual,1
2647,Pylethyncz,1,1285,manual,1
2648,Pyskopowczy,4,1286,manual,0
2649,Pzaryewo,4,1287,manual,0
2650,Racchycza Zenth Istwan,1,1288,manual,0
2651,Racha,1,1289,manual,0
2652,Rachchya,1,1289,manual,0
2653,Rachycza Zenth Isthwan,1,1288,manual,0
2654,Rachycza Zenth Istwan,1,1288,manual,0
2655,Rachycza Zenth Iwan,1,1288,manual,0
2656,Rachythoych,4,1290,manual,0
2657,Radessych,1,1291,singleton,0
2658,"Radessych, Dywrynowcz-ad Kemlek",1,1292,manual,1
2659,Radhycza Zenth Iwan,1,1293,singleton,0
2660,Radmancz,4,1294,manual,0
2661,Radmanczy,4,1294,manual,0
2662,Radnak,1,1295,manual,1
2663,Radoboya,2,1296,manual,0
2664,Radoysche,1,1297,manual,0
2665,Radoyschye,1,1297,manual,0
2666,Radozlawcz,1,1298,singleton,0
2667,Ragonok,1,1299,modern,0
2668,Ragonuk-provincia superior,1,1299,modern,0
2669,Rahocza,1,1300,manual,0
2670,Rahowcza,1,1299,modern,0
2671,Rakariae,4,1301,modern,0
2672,Rakarie,4,1301,modern,0
2673,Rakarya,4,1301,modern,0
2674,Rakarye,4,1301,modern,0
2675,"Rakitowcz, Pertwssewcz",4,1302,modern,0
2676,Rakonok,1,1299,modern,0
2677,Rakonuk,1,1299,modern,0
2678,Rakunuk,1,1299,modern,0
2679,Rakunuk superior,1,1299,modern,0
2680,Rakwsowcz,1,1303,singleton,0
2681,Rakythnicha,1,1304,orthographic-exact,0
2682,Rakythnycza,1,1304,orthographic-exact,0
2683,"Rakythowch, Petrwssowch",4,1305,modern,0
2684,Rakythowcz,4,1306,modern,0
2685,"Rakythowcz, Nag Mlaka",4,1307,orthographic-exact,0
2686,"Rakythowcz, Pethrwssewcz",4,1305,modern,0
2687,"Rakythowcz, Pethrwssewcz, Gerdowschyak",4,1302,modern,0
2688,"Rakythowcz, Petrwssewcz",4,1305,modern,0
2689,"Rakythowcz, Petrwssowcz",4,1305,modern,0
2690,"Rakythowcz, Petthrwssewcz, Gerdowschyak",4,1302,modern,0
2691,"Rakythowcz,Pethrwssewcz",4,1305,modern,0
2692,Rakythowecz,4,1306,modern,0
2693,Rakytowcz,4,1306,modern,0
2694,"Rakytowcz, Nagh Mlaka",4,1307,orthographic-exact,0
2695,"Rakytowcz, Petrwssowcz",4,1305,modern,0
2696,Ramacha Welge,1,1308,manual,0
2697,Ramachawelgh,1,1308,manual,0
2698,Ramagawelge,1,1309,singleton,0
2699,Rampolcz,1,1310,singleton,0
2700,"Ranyncz, Chernecz, Antholowcz, Thremecz",3,1311,manual,1
2701,Rassa,1,1312,manual,0
2702,Rathkolcz,2,1313,singleton,0
2703,"Rathkowcz, Germchar",2,1314,modern,0
2704,"Rathkowcz, Germchiar",2,1314,modern,0
2705,"Rathkowcz, Gernchar",2,1314,modern,0
2706,"Rathkowcz, Karlowcz",2,1315,modern,0
2707,"Rathkowcz, Kolarowcz",2,1315,modern,0
2708,"Rathkowcz, Kolarowcz, Myrkowcz",2,1315,modern,0
2709,"Rathkowcz, Kolarowcz, Rawno",2,1315,modern,0
2710,"Rathkowcz, Myrkowcz",2,1316,singleton,0
2711,Rathkowelge,1,1317,singleton,0
2712,"Ratkowcz, Gerenchar",2,1314,modern,0
2713,"Ratkowcz, Kolarowcz",2,1315,modern,0
2714,"Ratthkoucz, Kolaroucz",2,1315,modern,0
2715,"Rauencz, Chernyncz, Anthalowcz, Tremecz",3,1318,manual,1
2716,Raven,1,1319,orthographic-exact,0
2717,Rawen,1,1319,orthographic-exact,0
2718,"Rawen, Kozthanyowez",1,1320,singleton,0
2719,Ray,1,1321,singleton,0
2720,"Ray, Chepyn",1,1322,singleton,0
2721,Raykowcz,1,1323,singleton,0
2722,Raynok,1,1324,manual,1
2723,Razmerowcz,1,1325,singleton,0
2724,Raznethyne,1,1326,manual,1
2725,Razossya,1,1327,manual,0
2726,Razthoka,4,1328,modern,0
2727,Razthoke,4,1328,modern,0
2728,Razyna,1,1329,modern,0
2729,Razyna-oppidum cum pertinentiis,1,1329,modern,0
2730,"Razynnya, Kuzmyncz, Koledyncz cum eorundem pertinentiis",1,1330,modern,0
2731,"Razynnya, Kuzmyncz, Koledyncz cum eorundem pertinentiis, Jelkowcz",1,1330,modern,0
2732,"Razynnya, Kwzmyncz, Koledyncz cum eorundem pertinentiis",1,1330,modern,0
2733,Razynya,1,1329,modern,0
2734,Razynya cum pertinentiis,1,1329,modern,0
2735,"Razynya, Gorycza",1,1331,singleton,0
2736,"Razynya, Kwzmyncz cum pertinentiis",1,1332,singleton,0
2737,"Razynya, Kwzmyncz, Koledyncz",1,1330,modern,0
2738,"Razynya, Kwzmyncz, Koledyncz, Jelkowcz",1,1333,singleton,0
2739,Recchycza,4,1334,modern,0
2740,Reche,1,1335,manual,0
2741,Reche-Suppanatus,1,1336,manual,1
2742,Reche-Vayuodatus,1,1337,manual,1
2743,Rechycha,4,1334,modern,0
2744,Rechycza,4,1334,modern,0
2745,"Rechycza, Lwka",4,1338,singleton,0
2746,Regaryowecz,1,1339,manual,1
2747,Regowcz,1,1340,manual,1
2748,Regowecz,1,1340,manual,1
2749,Reka,4,1341,manual,0
2750,Reka cum pertinentiis Kys Kemlek,1,1342,manual,0
2751,Reka cum pertinetiis Kys Kemlek,1,1342,manual,0
2752,"Reka, Malchez",1,1343,singleton,0
2753,Remethe,1,1344,manual,1
2754,Remethincz,1,1345,modern,0
2755,"Remethincz, Magerowcz",1,1346,manual,1
2756,Remethynch prope Zagrabiam,4,1347,modern,0
2757,Remethyncz,1,1345,modern,0
2758,"Remethyncz, Magerlak-ad castrum Greben",1,1345,modern,0
2759,Remethyncz- sub Garygh,1,1345,modern,0
2760,Remethyncz-ad castrum Greben,1,1345,modern,0
2761,Remethyncz-sub Medwewar,4,1347,modern,0
2762,Remetyncz,1,1345,modern,0
2763,Repincz,1,1348,modern,0
2764,Repych,1,1348,modern,0
2765,Repynch,1,1348,modern,0
2766,Repyncz,1,1348,modern,0
2767,"Repyncz-fortalitium, Megye",1,1349,singleton,0
2768,"Rethkowcz, Erdowcz",1,1350,singleton,0
2769,Rewche,1,1351,manual,0
2770,Rewchycza,4,1334,modern,0
2771,Rewchycza-ad Zthennychnyak,4,1334,modern,0
2772,Rodmanczy,4,1294,manual,0
2773,Rogaryewcz,1,1352,manual,1
2774,Rogaryowcz,1,1352,manual,1
2775,Rogozna,1,1353,manual,0
2776,Rokonak,1,1354,manual,0
2777,Rokonak castrum,1,1354,manual,0
2778,Rokonog-provincia superior,1,1354,manual,0
2779,Rokonok,1,1354,manual,0
2780,Rokonok,4,1355,singleton,0
2781,Rokonok cum pertinentiis,1,1354,manual,0
2782,Rokonok-castrum,1,1354,manual,0
2783,"Rokonok-castrum, vilicatus",1,1354,manual,0
2784,"Rokonok-castrum, villicatus",1,1354,manual,0
2785,Rokonok-in pertinentiis,1,1354,manual,0
2786,Rokonok-oppidum castri,1,1354,manual,0
2787,Rokonok-oppidum cum pertinentiis,1,1354,manual,0
2788,"Rokonok-oppidum, Nyegouczy",1,1354,manual,0
2789,Rokonok-provincia superior,1,1354,manual,0
2790,Rokonok-superior provincia,1,1354,manual,0
2791,Rokonok-superior provincia ad,1,1354,manual,0
2792,Rokonok-villicatus Poganchecz,1,1354,manual,0
2793,Rokonok-villicatus inferior,1,1354,manual,0
2794,Rokonok-villicatus superior,1,1354,manual,0
2795,Rokonuk,1,1354,manual,0
2796,Rokwnuk,1,1354,manual,0
2797,"Romethincz, Garych, Solyn",1,1356,manual,1
2798,Rosanycza,4,1357,modern,0
2799,Rosenik,1,1358,manual,0
2800,Rosenycza,4,1357,modern,0
2801,Rosenyk,1,1358,manual,0
2802,Rosewcz,1,1359,singleton,0
2803,Rosoncz,1,1360,manual,0
2804,Rossethnyk,1,1358,manual,0
2805,Rostenycza,4,1357,modern,0
2806,Rowno,2,1361,singleton,0
2807,Roycha,1,1362,manual,0
2808,Royche,1,1363,manual,0
2809,Royche-supanatus,1,1336,manual,1
2810,Royche-waywodatus,1,1337,manual,1
2811,Rwchlewcz,1,1364,singleton,0
2812,Rwdynwelge,2,1365,singleton,0
2813,Ryeka,1,1366,manual,0
2814,Ryeka,4,1341,manual,0
2815,Rypach,4,1367,singleton,0
2816,Sabacz,2,1368,manual,1
2817,Sabnicha,1,1369,modern,0
2818,Sabnicza,1,1369,modern,0
2819,Sabnycha,1,1369,modern,0
2820,Sabnycza,1,1369,modern,0
2821,Sabnycza Zenth Iwan,1,1369,modern,0
2822,Sabnycza Zenthywan,1,1369,modern,0
2823,"Sabnycza, Mindchenth",1,1370,manual,1
2824,"Sabnycza,Bablyak, Czyrquena",1,1371,manual,1
2825,Sabnycza-in Markowcz,1,1372,singleton,0
2826,Sabnyk Zenthberthalam,2,1373,singleton,0
2827,Salethyncz,1,1374,manual,1
2828,Salgo,1,1375,singleton,0
2829,Salmocz,2,1376,singleton,0
2830,Samobor,4,1377,modern,0
2831,Sampssynowcz,4,1378,modern,0
2832,Sampsynowcz,4,1378,modern,0
2833,Samsonowcz,4,1378,modern,0
2834,Samssynowcz,4,1378,modern,0
2835,Samsynowcz,4,1378,modern,0
2836,Sancta Anna (Wragoucz),1,1379,singleton,0
2837,Sancta Clara,1,1380,manual,0
2838,Sancta Clara-area prope Zawam,4,1381,singleton,0
2839,Sancta Elena,4,1382,singleton,0
2840,Sancta Katharina,1,1383,singleton,0
2841,Sancta Maria sub Okych,4,1384,manual,1
2842,Sancta Maria-plebanatus,4,1385,singleton,0
2843,Sancte Anna,1,1386,manual,0
2844,Sancte Crucis,1,1387,singleton,0
2845,Sancte Crucis Insula,2,1388,singleton,0
2846,Sancti Cosme,1,1389,manual,1
2847,Sancti Cosme-ad Achynam,1,1390,manual,1
2848,Sancti Georgius-in Hemowcz,1,1391,manual,1
2849,Sancti Martini-ad Zalathnok,1,1392,manual,0
2850,Sancti Martinus,4,1393,singleton,0
2851,Sanctus Benedictus,1,1394,singleton,0
2852,Sanctus Cosma,1,1395,manual,1
2853,Sanctus Crux,1,1396,manual,1
2854,Sanctus Dominicus,1,1397,singleton,0
2855,Sanctus Johannes in Prodawiz,1,1398,manual,1
2856,Sanctus Nicolaus,1,1399,manual,1
2857,Sanctus Stephanus,1,1400,singleton,0
2858,Saranowcz,1,1401,singleton,0
2859,Sassyn,4,1402,modern,0
2860,Sassyna,4,1402,modern,0
2861,Sassyncz ad Thopozka,4,1402,modern,0
2862,Sassynna,4,1402,modern,0
2863,Sassynna ad Gora,4,1402,modern,0
2864,Sasyn,4,1402,modern,0
2865,Sasyna,4,1402,modern,0
2866,Sasyna ad Gara,4,1402,modern,0
2867,Sasyncz,4,1402,modern,0
2868,Sasyncz ad Thopozka (predium),4,1402,modern,0
2869,Sasyncz ad Thopozka pertinens (predium),4,1402,modern,0
2870,Satran,1,1403,manual,1
2871,"Scherbyncz, Geremchar, Rathkowcz",2,1404,orthographic-exact,0
2872,"Scherbyncz, Geremchar, Ratkowcz",2,1404,orthographic-exact,0
2873,"Scherbyncz, Germchar",2,1405,manual,1
2874,"Scherbyncz, Germchiary",2,1406,manual,1
2875,"Scherbyncz, Ghermchar",2,1407,manual,1
2876,"Scherbyncz, Ratkowcz, Bathyna",2,1408,singleton,0
2877,Schitario,4,1409,modern,0
2878,Schwkancz,1,1410,manual,1
2879,Schytario,4,1409,modern,0
2880,Schytaryevo,4,1409,modern,0
2881,Schytaryio,4,1409,modern,0
2882,"Schytaryio, Chernkowcz",4,1411,modern,0
2883,Schytaryo,4,1409,modern,0
2884,"Schytaryo, Chernkowcz",4,1411,modern,0
2885,"Schytaryo, Chernokowcz",4,1411,modern,0
2886,Schytharyewo,4,1409,modern,0
2887,Schytharyo,4,1409,modern,0
2888,"Sczezhwpnycze, Zlanowch sub Medwewar",4,1412,manual,0
2889,Sebastyanowcz,2,1413,singleton,0
2890,Selin cum pertinentiis,4,1414,modern,0
2891,Selyn,4,1414,modern,0
2892,Selyn cum pertinenciis,4,1414,modern,0
2893,Selyn cum pertinentiis,4,1414,modern,0
2894,Selyn-castrum / Bwkewye,4,1414,modern,0
2895,Selyn-castrum / Dernek,4,1414,modern,0
2896,Selyn-castrum / Jagodno,4,1414,modern,0
2897,Selyn-castrum / Krawarska,4,1414,modern,0
2898,Selyn-castrum / Nowechyche,4,1414,modern,0
2899,Selyn-castrum / Peschenycza,4,1414,modern,0
2900,Selyn-castrum / Zablathya,4,1414,modern,0
2901,"Selyn-castrum cum Krawarzka, Zablatya, Horogwycza ad id pertinentiis",4,1414,modern,0
2902,Selyn-castrum cum judicatibus pertinentiarum suarum,4,1414,modern,0
2903,"Selyn-castrum cum pertinentiis, Kravarzka, Zablathya",4,1414,modern,0
2904,"Selyn-castrum cum pertinentiis, Krawarzka, Zablathya",4,1414,modern,0
2905,"Selyn-castrum, Welessewcz, Syllyakowyna",4,1414,modern,0
2906,Selyn-cum pertinentiis,4,1414,modern,0
2907,Selynok,1,1415,singleton,0
2908,"Semocz, Zwhodol",2,1416,modern,0
2909,Semoucz,2,1416,modern,0
2910,Semowcz,2,1416,modern,0
2911,"Semowcz, Zwhodol",2,1416,modern,0
2912,"Semowcz, Zwhodoll",2,1416,modern,0
2913,Senkowcz,4,1417,manual,0
2914,Serdethyncz,2,1418,singleton,0
2915,Seryanwyncz- judicatus inferior,4,1419,modern,0
2916,Seryawynch,4,1419,modern,0
2917,Seryawyncz,4,1419,modern,0
2918,Sidina,1,1420,manual,1
2919,Sidynna,1,1420,manual,1
2920,Simonoucz,3,1421,manual,0
2921,Simonowcz,4,1422,manual,0
2922,Simonwelge,3,1423,orthographic-exact,0
2923,Simwnowcz,4,1422,manual,0
2924,Sittomeria,4,1424,modern,0
2925,Slywercz,1,1425,singleton,0
2926,Sokowcz,1,1426,manual,1
2927,Soploncza,1,1427,manual,0
2928,Soproncha,1,1428,manual,0
2929,Soproncza,1,1428,manual,0
2930,Sopronncza,1,1428,manual,0
2931,Sosemberk,4,1429,manual,0
2932,Sosen,1,1430,singleton,0
2933,Sosomberg,4,1429,manual,0
2934,Sosomberk,4,1429,manual,0
2935,Soswmberk,4,1429,manual,0
2936,Spanicz,1,1431,singleton,0
2937,Srachyncz,2,1432,singleton,0
2938,Steffancz,2,1433,modern,0
2939,"Steffancz, Zenth Kelemen",2,1433,modern,0
2940,Stenyowcz,4,1434,manual,1
2941,Stephancz,1,1435,manual,1
2942,Stephancz,2,1433,modern,0
2943,"Stephancz, Zenth Kelemen",2,1433,modern,0
2944,"Sthepanowcz, Zywynossa",2,1433,modern,0
2945,Stholnikowcz,1,1436,manual,1
2946,Sthupicza Inferior,4,27,modern,0
2947,Sthupicza Inferior cum pertinentiis,4,27,modern,0
2948,Stwpnyk,4,1437,manual,0
2949,Supa,1,1438,singleton,0
2950,Supancz,1,1439,manual,1
2951,Superior Opathyncz,1,1440,singleton,0
2952,Superior Wolawlya,4,25,modern,0
2953,Superiori Dworysche,4,435,modern,0
2954,Swkowcz,1,1441,singleton,0
2955,Swmechecz,1,1442,manual,0
2956,Swpancz ad Zenth Gergwara,1,1439,manual,1
2957,Swssomberk,4,1443,manual,0
2958,Swystowcz,1,1444,manual,0
2959,Sybrinowcz,1,1445,manual,0
2960,"Sybrynocz, Jalsovcz",1,1446,manual,1
2961,Sybrynowcz,1,1445,manual,0
2962,Sybrynowhcz,1,1445,manual,0
2963,Sydyna,1,1447,manual,1
2964,Sydynna,1,1420,manual,1
2965,Sylakowyna,4,1448,singleton,0
2966,"Syllyakowyna, Odra",4,1449,orthographic-exact,0
2967,"Sylyakowyna, Odra",4,1449,orthographic-exact,0
2968,Symonowcz,4,1422,manual,0
2969,"Symonowcz, Zelyna",4,1450,singleton,0
2970,Symonowecz,4,1422,manual,0
2971,Symonwelge,3,1423,orthographic-exact,0
2972,"Symuncheucz, Zawersye",4,1422,manual,0
2973,Symwchowcz,1,1451,manual,1
2974,Symwnocz,4,1422,manual,0
2975,Symwnowch,4,1422,manual,0
2976,Symwnowcz,4,1422,manual,0
2977,Synchewcz,1,1452,singleton,0
2978,Sypak,4,1453,singleton,0
2979,Syprak,1,1454,singleton,0
2980,Syslawichy,4,1455,modern,0
2981,Syslawych,4,1455,modern,0
2982,Syslawychi,4,1455,modern,0
2983,Syslawychy,4,1455,modern,0
2984,Syslyawchy,4,1455,modern,0
2985,Syslyawychy,4,1455,modern,0
2986,Syssyncz,4,1456,modern,0
2987,Sysyncz,4,1456,modern,0
2988,Sysynczy,4,1456,modern,0
2989,Sysynowcz,4,1456,modern,0
2990,Sysynzc,4,1456,modern,0
2991,Sythomeer,4,1424,modern,0
2992,Sythomer,4,1424,modern,0
2993,Sythomerye,4,1424,modern,0
2994,Sythomyer,4,1424,modern,0
2995,Sytomerye,4,1424,modern,0
2996,Sywecz,1,1457,manual,1
2997,Szyszek-castrum-oppidum-provincia-judicati,4,1458,modern,0
2998,Szyzek-castrum-oppidum-provincia superior et inferior,4,1458,modern,0
2999,Tabor,2,1459,modern,0
3000,Tarnovcz,2,1460,modern,0
3001,"Temerye, Czezarowcz",1,1461,manual,1
3002,"Temerye, Mylethyncz",1,1462,manual,1
3003,Terbennye,1,1463,manual,1
3004,"Terbyne, Lokawecz",1,1464,manual,1
3005,Ternocz,2,1460,modern,0
3006,"Ternocz, Kochan",2,1465,modern,0
3007,Ternowcz,4,1466,manual,0
3008,Ternowycza,4,1466,manual,0
3009,Tesnahege,1,1467,manual,1
3010,Thabor,2,1459,modern,0
3011,Thabor-castrum cum pertinentiis,2,1459,modern,0
3012,Thalanoucz,3,1468,manual,1
3013,Thallocz,3,1469,manual,1
3014,"Thallocz, Lyppa, Martinowcz",3,1470,manual,1
3015,Thaloucz,3,1471,manual,1
3016,"Tharnocz, Berethyncz",2,1472,modern,0
3017,"Tharnocz, Kochan",2,1465,modern,0
3018,Tharnowcz,1,1473,singleton,0
3019,Tharnowcz,2,1460,modern,0
3020,"Tharnowcz, Berethyancz",2,1472,modern,0
3021,"Tharnowcz, Berethyncz",2,1472,modern,0
3022,"Tharnowcz, Kochan",2,1465,modern,0
3023,"Tharnowcz, Kochyan",2,1465,modern,0
3024,Thassolcz,4,1474,manual,0
3025,Thechenyk,1,1475,singleton,0
3026,Themennycze,1,1476,manual,1
3027,Themerye,1,1477,manual,1
3028,"Themerye, Zdenchan",1,1478,manual,1
3029,"Themerye, Zenth Iwan",1,1479,manual,1
3030,Themeryen,1,1480,manual,1
3031,"Themeryen,Cherarocz",1,1481,singleton,0
3032,"Therbenye, Lwkaucz",1,1482,manual,1
3033,"Therbenye, Lwkawecz",1,1482,manual,1
3034,Therchech,1,1483,manual,0
3035,Therchyan,1,1484,singleton,0
3036,Thermchan ad Gemlech,1,1485,manual,1
3037,Thernawa,1,1486,manual,0
3038,"Thernawa, Nowaki",4,1487,manual,1
3039,Thernocz,2,1460,modern,0
3040,"Thernocz, Korylowcz",4,1488,modern,0
3041,Thernowcz,2,1460,modern,0
3042,Thernowcz,4,1466,manual,0
3043,"Thernowcz, Berethyncz",2,1472,modern,0
3044,"Thernowcz, Beretyncz",2,1472,modern,0
3045,"Thernowcz, Kochan",2,1465,modern,0
3046,"Thernowcz, Korylowcz",4,1488,modern,0
3047,"Thernowcz, Rakythowcz",4,1489,singleton,0
3048,"Thernowcz, Rakythowcz, Mraczlyn",4,1490,singleton,0
3049,"Thernowcz, Zobachlaz",4,1491,singleton,0
3050,Therschan,1,1492,manual,1
3051,Thersich,4,1493,manual,0
3052,Thersthyan,1,1494,singleton,0
3053,Thersych,4,1493,manual,0
3054,Thersych ad Okych,4,1495,manual,0
3055,Thersych-oppidum ad Okych,4,1496,manual,1
3056,Therzthenycze,1,1497,manual,1
3057,Thezthenycze,1,1497,manual,1
3058,Thomasdowcz,1,1498,manual,0
3059,Thomasewcz,2,1499,singleton,0
3060,"Thomassewcz, Cherncz, Byskupowcz",2,1500,manual,1
3061,Thomassowcz,1,1498,manual,0
3062,Thoplicensis,2,1501,manual,0
3063,Thoplichicza,4,1502,modern,0
3064,Thoplychycza,2,1503,manual,0
3065,Thoplychycza,4,1502,modern,0
3066,Thoplycza,2,1503,manual,0
3067,Thoplycza,4,1502,modern,0
3068,Thoplycza-oppidum,2,1503,manual,0
3069,Thoplyncycza,4,1502,modern,0
3070,Thopolchazenthgergh,1,1504,singleton,0
3071,Thopolyancz,1,1505,singleton,0
3072,Thopozka,4,1506,manual,0
3073,Thorchecz,1,1507,manual,0
3074,Thornava,1,1508,manual,0
3075,Thossewczy,4,1509,manual,0
3076,Thossowcz,4,1510,singleton,0
3077,Thothwsewyna,1,1511,manual,0
3078,Thrakosthan,2,1512,modern,0
3079,Thrakosthyan,2,1512,modern,0
3080,Thrakostyan,2,1512,modern,0
3081,Thrakwschyan-castrum-cum pertinentiis,2,1512,modern,0
3082,Threm,4,1513,manual,1
3083,Thremecz,1,1514,manual,1
3084,Thremyschye,1,1515,manual,0
3085,Threwm,4,1513,manual,1
3086,Thryem,4,1513,manual,1
3087,Thryen,4,1513,manual,1
3088,Thwlowa,1,1516,manual,0
3089,Thwran,4,1517,manual,0
3090,Thwran-castrum cum pertinentiis,4,1518,manual,1
3091,Thwrcoucz,1,1519,singleton,0
3092,Thwrkowcz,1,1520,singleton,0
3093,Thwrkowschyna,4,1521,modern,0
3094,Thwropolia,4,1522,manual,0
3095,Thwsowch,4,1521,modern,0
3096,Thybonyncz,1,1523,manual,1
3097,Toplichicza,4,1502,modern,0
3098,Toplycza,2,1503,manual,0
3099,Toplycza,4,1502,modern,0
3100,Tothwssewyna,1,1511,manual,0
3101,Trachyncz,1,1524,manual,1
3102,Trachyncz-ad Achyna,1,1525,manual,1
3103,Tracostyan,2,1526,manual,0
3104,Trakoschan-castrum cum pertinentiis,2,1512,modern,0
3105,Trakoschyan,2,1512,modern,0
3106,Trakostan cum pertinentiis,2,1512,modern,0
3107,Trakostyan,2,1512,modern,0
3108,Trambeth,1,1527,singleton,0
3109,Trem,4,1513,manual,1
3110,Tremecz,1,1514,manual,1
3111,Tremlan,1,1528,singleton,0
3112,Tremysche,1,1515,manual,0
3113,Trombetharyewcz,1,1529,orthographic-fuzzy,1
3114,Trumbetharyewcz,1,1529,orthographic-fuzzy,1
3115,Tryem,4,1513,manual,1
3116,Turan,4,1517,manual,0
3117,Turkousschyna aliter Zuhodol,4,1530,manual,0
3118,Tussocz,4,1521,modern,0
3119,Twlowa,1,1516,manual,0
3120,Twssocz,4,1521,modern,0
3121,Twtwsewyna inferior,1,1531,manual,0
3122,Twtwsewyna superior,1,1532,manual,1
3123,Tzemerye (Themerye?),1,1533,manual,1
3124,Ugra,4,1534,modern,0
3125,Ugre-Judicatus Inferior,4,1534,modern,0
3126,Ugre-Judicatus Superior,4,1534,modern,0
3127,Varasd,2,119,modern,0
3128,Varasd (suburbium*),2,119,modern,0
3129,Varasd-civitas,2,119,modern,0
3130,Varasd-civitas-suburbium,2,119,modern,0
3131,Varasd-suburbium,2,119,modern,0
3132,Varasdiensis-civitas,2,119,modern,0
3133,Vechezlawcz,1,1535,manual,0
3134,Velika,1,1536,modern,0
3135,Velyka,1,1536,modern,0
3136,Velykagora,4,1537,manual,0
3137,Verbova,4,1538,modern,0
3138,Verhowlan,1,1539,manual,0
3139,Versynowcz in Berzewcze,1,1540,manual,1
3140,Vgra,4,1534,modern,0
3141,Vicus Latinorum,4,1541,manual,0
3142,Vidincz,1,1542,orthographic-exact,0
3143,Vidoucz,2,1543,modern,0
3144,Vinarch,1,1544,orthographic-exact,0
3145,Vinichno,1,1545,orthographic-fuzzy,1
3146,Vinicza,2,1546,modern,0
3147,Vinnichno,1,1545,orthographic-fuzzy,1
3148,Vinno,2,1547,orthographic-exact,0
3149,Vokachincz,1,1548,singleton,0
3150,Vokowyna cum pertinentiis,4,1549,manual,1
3151,Vokssyncz,4,1550,singleton,0
3152,Volaullya Superior,4,25,modern,0
3153,Volawlya Superior,4,25,modern,0
3154,Volyncz,2,1551,orthographic-exact,0
3155,"Volyncz, Chalyncz",2,1552,modern,0
3156,Vrasylaz,4,1553,manual,0
3157,Vrbanowcz,2,1554,manual,0
3158,Vrboucz,1,1555,modern,0
3159,Vrboucz-provincia superior,1,1555,modern,0
3160,Vrbowcz,1,1555,modern,0
3161,Vrbowcz,2,1556,manual,0
3162,Vrbowcz -oppidum ad Rokonok,1,1555,modern,0
3163,Vrbowcz ad Rokonok,1,1555,modern,0
3164,Vrbowcz-provincia ad,1,1555,modern,0
3165,Vrbowcz-provincia ad Rokonok,1,1555,modern,0
3166,Vrnoucz,4,1557,modern,0
3167,Vrnowcz,4,1557,modern,0
3168,Vycha Zela,2,1558,modern,0
3169,Vydoucz,2,1543,modern,0
3170,Vyhel,1,1559,modern,0
3171,Vyllo,1,1559,modern,0
3172,Vyllyo,1,1559,modern,0
3173,Vynno,2,1547,orthographic-exact,0
3174,Vynnychno,1,1545,orthographic-fuzzy,1
3175,Vyzoka,1,1560,manual,1
3176,Wahtaryowcz ad Belam,1,1561,manual,1
3177,Wakegh,1,1562,singleton,0
3178,Wakowyna-casttelum / Demerye,4,1549,manual,1
3179,Wakowyna-casttelum / Kopchyna,4,1549,manual,1
3180,Wakowyna-casttelum / Myxocz,4,1549,manual,1
3181,Wakowyna-casttelum / Obres,4,1549,manual,1
3182,Wakowyna-casttelum / Wokowyna,4,1549,manual,1
3183,Wamhyda,1,1563,manual,1
3184,Warallia,1,1564,manual,0
3185,Warallya,1,1564,manual,0
3186,Waska,1,1565,manual,0
3187,Waska Inferior,1,1566,manual,0
3188,"Waska Inferior, Dytrowcz",1,1567,manual,0
3189,Waska Zygeth,1,1568,manual,0
3190,Waska-ad Zagyowcz,1,1569,manual,1
3191,Wasmegywrechye,1,1570,manual,0
3192,Wasmegywrechye predium,1,1571,manual,1
3193,Wasuaryowcz,1,1572,orthographic-fuzzy,1
3194,Waswarowcz,1,1572,orthographic-fuzzy,1
3195,Waswaryewcz,1,1572,orthographic-fuzzy,1
3196,Waswaryowcz,1,1572,orthographic-fuzzy,1
3197,Wechezlaucz,1,1535,manual,0
3198,Wechezlawcz,1,1535,manual,0
3199,Wechlawcz,1,1535,manual,0
3200,Wehowlan,1,1573,manual,1
3201,Wehthocz,1,1574,singleton,0
3202,Welesewch ad Selin,4,1575,manual,1
3203,Welessewacz,4,1575,manual,1
3204,Welessewcz,4,1575,manual,1
3205,Welike,1,1536,modern,0
3206,Welike-villicatus ad Rokonok,1,1536,modern,0
3207,Welkovcz,2,1576,manual,0
3208,Welkowcz,2,1576,manual,0
3209,Wellesewcz,4,1575,manual,1
3210,Wellessewcz,4,1575,manual,1
3211,Welyka,1,1536,modern,0
3212,Welyka Mlaka,4,1058,modern,0
3213,Welyke,1,1536,modern,0
3214,"Welyke, Dwlepzka",1,1577,singleton,0
3215,Welyke-oppidum antiquum,1,1536,modern,0
3216,Welyke-oppidum cum pertinentiis,1,1536,modern,0
3217,Welyke-oppidum novum,1,1536,modern,0
3218,Werbowa,4,1538,modern,0
3219,Werbowcz,1,1578,singleton,0
3220,Werbowo,4,1538,modern,0
3221,Werbowo ad Selyn,4,1538,modern,0
3222,Wereucze,3,1579,manual,0
3223,Wereucze-oppidi,3,1579,manual,0
3224,"Wereucze-oppidum- Bwssocz, Dobownyk",3,1579,manual,0
3225,Werewcze,3,1579,manual,0
3226,Werewcze-oppidum,3,1579,manual,0
3227,Werewcze-provincia opidi,3,1579,manual,0
3228,Werh,1,1580,manual,0
3229,"Werh, Zerdahel",1,1581,manual,1
3230,Werhancz,1,1582,singleton,0
3231,Werhoucz,1,1583,manual,1
3232,Werhowch,4,1584,manual,0
3233,Werhowcz,1,1583,manual,1
3234,Werhowcz,4,1584,manual,0
3235,Werhowlan,1,1539,manual,0
3236,Werhowlyan,1,1539,manual,0
3237,Werthlin,1,1585,manual,0
3238,Werthlyn ad Monozlo,1,1586,manual,1
3239,Wertlyn,1,1585,manual,0
3240,Werussewych,1,1587,singleton,0
3241,Werzynowcz,1,1588,singleton,0
3242,Wethech,1,1589,manual,1
3243,Wezelkowcz,1,1590,manual,1
3244,Wezolkowcz,1,1590,manual,1
3245,Wghrocz,4,1534,modern,0
3246,Wgra,4,1534,modern,0
3247,Wgra cum pertinentiis,4,1534,modern,0
3248,Wgra- judicatus inferior,4,1534,modern,0
3249,Wgra- judicatus superior,4,1534,modern,0
3250,Wgre,4,1534,modern,0
3251,Wgre-judicatus inferior,4,1534,modern,0
3252,Wgre-judicatus inferior ad Seryawyncz,4,1534,modern,0
3253,Wgre-judicatus superior,4,1534,modern,0
3254,Wgrocz ad castrum Zagrabiense pertinens,4,1534,modern,0
3255,"Wgrocz-ad castrum Zagrabiense pertinens, Chwcher, Seryawyncz, Blagwssa, Urnowcz, Samssynowcz",4,1534,modern,0
3256,Wgrowcz,4,1534,modern,0
3257,Wgrynowcz,4,1534,modern,0
3258,"Wgrynowcz, E203Markowcz",1,1591,manual,1
3259,Widowcz,2,1543,modern,0
3260,Willyo,1,1559,modern,0
3261,Winarcz,1,1544,orthographic-exact,0
3262,Winichno,1,1545,orthographic-fuzzy,1
3263,Winnagora,4,1549,manual,1
3264,Wkowyna,4,1549,manual,1
3265,Wkowyna cum pertinentiis,4,1549,manual,1
3266,"Wkowyna cum pertinetiis, Kopchyna, Wraccza",4,1592,singleton,0
3267,Wlachin,3,1593,orthographic-exact,0
3268,"Wlachin, Rawenik",3,1594,orthographic-exact,0
3269,"Wlachin, Rawennyk",3,1594,orthographic-exact,0
3270,Wlachyn,3,1593,orthographic-exact,0
3271,"Wlachyn, Rawennyk",3,1594,orthographic-exact,0
3272,"Wlachyn, utraque Rawennyk",3,1595,orthographic-exact,0
3273,"Wlachyn, utraque Rawenyk",3,1595,orthographic-exact,0
3274,"Wogrinencz, Wlachyn, utraque Rawennyk",3,1596,orthographic-fuzzy,1
3275,Wogrinowcz,1,1597,manual,1
3276,"Wogrynecz, Wlachin",3,1598,orthographic-fuzzy,1
3277,"Wogrynincz, utraque Rawennyk",3,1599,singleton,0
3278,Wogrynocz,1,1600,manual,1
3279,Wogrynowcz,1,1601,manual,1
3280,"Wogrynowcz, Markowcz",1,1602,manual,1
3281,"Wogrynyncz, Wlachyn",3,1598,orthographic-fuzzy,1
3282,Wokomercz,4,1603,modern,0
3283,Wokomerych,4,1603,modern,0
3284,Wokowyna,4,1549,manual,1
3285,Wokowyna cum pertinentiis,4,1549,manual,1
3286,Wokowyna-castellum / Demerye,4,1549,manual,1
3287,Wokowyna-castellum / Mykchewcz,4,1549,manual,1
3288,Wokowyna-castellum / Obres,4,1549,manual,1
3289,Wokowyna-castellum / Wokowyna,4,1549,manual,1
3290,Wokowyna-castellum cum pertinentiis,4,1549,manual,1
3291,Wokowyna-cum pertinentiis,4,1549,manual,1
3292,Wokowyna-pertinantinae casteli,4,1549,manual,1
3293,Wolaulya,3,1604,manual,0
3294,Wolaulya,4,25,modern,0
3295,Wolawla,4,25,modern,0
3296,Wolawla Superior,4,25,modern,0
3297,Wolawlia,4,25,modern,0
3298,Wolawlia et sub pertinentiis,4,25,modern,0
3299,Wolawlya,4,25,modern,0
3300,Wolawlya Superior,4,25,modern,0
3301,Wolawlya- judicatus (Jazthrebarzka-castrum),4,25,modern,0
3302,Wolawya,4,25,modern,0
3303,Wolawyla,4,25,modern,0
3304,Woloulya,3,1604,manual,0
3305,Wolowlya,3,1604,manual,0
3306,Wolyawlya,4,25,modern,0
3307,Wolyawlya Superior,4,25,modern,0
3308,Wolyncz,2,1551,orthographic-exact,0
3309,"Wolyncz, Babyncz",2,1605,singleton,0
3310,"Wolyncz, Chalyncz",2,1552,modern,0
3311,"Wolyncz, Chialyncz",2,1552,modern,0
3312,Wolywercz,1,1606,singleton,0
3313,"Wolywercz, Kothenyak",1,1607,singleton,0
3314,Woykowcz,1,1608,manual,0
3315,Woynche,2,1609,singleton,0
3316,Woynowcz,1,1610,singleton,0
3317,Woznekowcz,1,1611,manual,1
3318,Wraccza,4,1612,modern,0
3319,Wrachya,4,1612,modern,0
3320,Wracza,4,1612,modern,0
3321,Wradchya,4,1553,manual,0
3322,Wragoucz,1,1613,manual,1
3323,Wragowcz,1,1613,manual,1
3324,Wranydol- judicatus (Jazthrebarzka-castrum),4,25,modern,0
3325,Wrapchia,4,1614,singleton,0
3326,Wrasi Laaz,4,1553,manual,0
3327,Wrasii Las,4,1553,manual,0
3328,Wrassylaz,4,1553,manual,0
3329,Wrasy Laz,4,1553,manual,0
3330,Wrasy Laz-disctrictus,4,1553,manual,0
3331,Wrasylasz,4,1553,manual,0
3332,Wrasylaz,4,1553,manual,0
3333,Wrasylaz (districtus),4,1553,manual,0
3334,Wratcza ad Topozka,4,1612,modern,0
3335,Wrathcza,4,1612,modern,0
3336,Wrathkowcz,2,1615,singleton,0
3337,Wrathysincz,1,1616,manual,0
3338,Wrathyssyncz,1,1616,manual,0
3339,Wratisincz,1,1616,manual,0
3340,Wratza,4,1617,singleton,0
3341,Wrazylaz,4,1553,manual,0
3342,Wrazylaz-districtus ac provincia,4,1553,manual,0
3343,Wrbowcz,1,1555,modern,0
3344,"Wrbowcz, Poganecz",1,1555,modern,0
3345,Wrbowcz-oppidum cum pertinentiis,1,1555,modern,0
3346,"Wrbowcz-provincia (Michael Lewak in dicatione sua prescripta defalcatus facit fumos 89,5)",1,1555,modern,0
3347,Wreucze,3,1618,singleton,0
3348,Wrnoch,4,1557,modern,0
3349,Wrnocz,4,1557,modern,0
3350,Wrnowcz,4,1557,modern,0
3351,"Wugrynincz, Wlachyn, uterque Ravenyk",3,1596,orthographic-fuzzy,1
3352,Wuzmoucz,1,1619,manual,0
3353,Wycha Zela,2,1558,modern,0
3354,Wychazela,2,1558,modern,0
3355,Wychkowcz,1,1608,manual,0
3356,Wydowcz,1,1620,manual,1
3357,Wydowcz,1,1620,manual,1
3358,"Wydowcz, Zent Illia",2,1543,modern,0
3359,Wydyncz,1,1542,orthographic-exact,0
3360,Wyeghaz,1,1621,singleton,0
3361,Wyel,1,1559,modern,0
3362,Wyfalu ad Gemnecz,1,1622,manual,1
3363,Wyfalw ad Gemlecz,1,1623,manual,1
3364,Wyfalw- ad Gemlecz,1,1624,manual,1
3365,Wyhel,1,1559,modern,0
3366,Wynagora,4,1549,manual,1
3367,Wynarcz,1,1544,orthographic-exact,0
3368,Wynarcz-monialium,1,1625,singleton,0
3369,Wynnagora,4,1549,manual,1
3370,Wynno,2,1547,orthographic-exact,0
3371,Wynnychno,1,1545,orthographic-fuzzy,1
3372,"Wynnychno, Graberyancz",1,1545,orthographic-fuzzy,1
3373,"Wynnychno, Haznarcz",1,1545,orthographic-fuzzy,1
3374,Wynnycza,2,1546,modern,0
3375,"Wynnycza, Lipye, Korenyak",2,1546,modern,0
3376,Wynnycze,2,1546,modern,0
3377,Wynnycze-castrum cum pertinentiis,2,1546,modern,0
3378,Wynychno,1,1545,orthographic-fuzzy,1
3379,"Wynychno, Wyzoka",1,1626,singleton,0
3380,Wynycza,2,1546,modern,0
3381,Wynycza cum pertinentiis,2,1546,modern,0
3382,Wynycze,2,1546,modern,0
3383,Wyszoka,1,1560,manual,1
3384,Wythkowcz,1,1608,manual,0
3385,Wyudwar,1,1627,manual,0
3386,Wywaras,1,1628,singleton,0
3387,Wywdwar,1,1627,manual,0
3388,"Wywodina-districtus cum pertinentiis, Craysthychy",4,1629,manual,0
3389,"Wywodyna cum pertinentiis castri Ozel, Kraschyschy",4,1629,manual,0
3390,Wyzoka,1,1560,manual,1
3391,Wzmowcz,1,1619,manual,0
3392,Yeresyn,1,1630,manual,0
3393,Zaberdya,1,1631,modern,0
3394,Zaberdye,1,1631,modern,0
3395,Zablatta,4,1632,modern,0
3396,Zablatya,4,1632,modern,0
3397,Zablatye ad Selyn,4,1632,modern,0
3398,Zabok,2,1633,singleton,0
3399,"Zabok, Gwbasewo",2,1634,modern,0
3400,"Zabok, Gwbasowo, Myrkowcz",2,1634,modern,0
3401,"Zabok, Gwbassewo",2,1634,modern,0
3402,"Zabok, Komor",2,1635,singleton,0
3403,"Zabok, Komor, Hum",2,1636,singleton,0
3404,"Zabok, Komor, Krysancz",2,1637,singleton,0
3405,"Zabok, Krysanch",2,1638,orthographic-exact,0
3406,"Zabok, Krysancz",2,1638,orthographic-exact,0
3407,"Zabok, Prylezye, Gwbasseuo",2,1634,modern,0
3408,"Zabok, Wychazela",2,1639,singleton,0
3409,Zadrok,2,1640,modern,0
3410,Zadroucz,2,1640,modern,0
3411,Zadrowcz,2,1640,modern,0
3412,Zagolcza,1,1641,manual,1
3413,Zagorya,1,1642,singleton,0
3414,Zagrabia-arx cum pertinentiis,4,311,manual,0
3415,Zagrabia-comitatus,4,311,manual,0
3416,Zagrabiensis-distcrictus,4,311,manual,0
3417,Zagyocza,1,1641,manual,1
3418,Zagyowcza,1,1641,manual,1
3419,Zakowcza,1,1643,manual,0
3420,Zalathnak,1,1644,manual,0
3421,Zalathnok,1,1644,manual,0
3422,Zamarsche,4,1645,manual,1
3423,Zamerche,4,1645,manual,1
3424,Zamersche,4,1645,manual,1
3425,Zamerschie,4,1645,manual,1
3426,Zamerschye,4,1645,manual,1
3427,Zamerssye,4,1645,manual,1
3428,Zamerssye*,4,1645,manual,1
3429,Zamersthye,4,1645,manual,1
3430,Zamersye,4,1645,manual,1
3431,Zamlacha,2,1646,modern,0
3432,"Zamlacha, Nedelyancz",2,1647,modern,0
3433,Zamlachya,2,1646,modern,0
3434,Zamlachye,2,1646,modern,0
3435,Zamladincz,1,1648,manual,0
3436,Zamladyncz,1,1648,manual,0
3437,Zamlatthya,2,1646,modern,0
3438,Zamlattya,2,1646,modern,0
3439,"Zamlyacha, Nedelyancz",2,1647,modern,0
3440,Zamobor,4,1377,modern,0
3441,"Zamobor, villa Kladye",4,1377,modern,0
3442,Zamobor-castrum cum pertinentiis,4,1377,modern,0
3443,Zanowcz,3,1649,orthographic-fuzzy,1
3444,Zanyenowcz,1,1650,singleton,0
3445,Zavamelleky,1,1651,manual,1
3446,Zaversya,1,1652,manual,1
3447,Zawamelleke,1,1651,manual,1
3448,Zawamelleke ad Monozlo,1,1653,manual,1
3449,Zawamelleky,1,1651,manual,1
3450,Zawercza,2,1654,singleton,0
3451,Zawersya,1,1652,manual,1
3452,Zawersye,2,1655,manual,1
3453,Zayezda,2,1656,singleton,0
3454,Zazowcz,1,1657,manual,0
3455,"Zbel, Dolyancz",2,1658,modern,0
3456,"Zbelevo, Gorycza",2,1658,modern,0
3457,"Zbelewo, Dolyancz",2,1658,modern,0
3458,Zbellyo,2,1658,modern,0
3459,Zbelo,2,1658,modern,0
3460,Zbelw,2,1658,modern,0
3461,"Zbelw, Dolyancz",2,1658,modern,0
3462,Zbelyewo,2,1658,modern,0
3463,Zbelyo,2,1658,modern,0
3464,"Zdenchan, Thamadocz",1,1659,manual,1
3465,Zdenchec ad Kaproncza,1,1660,manual,1
3466,Zdenchecz,1,1661,manual,0
3467,Zdenchych ad Owar,1,1662,manual,1
3468,Zdencz,1,1663,manual,0
3469,Zebencz,1,1664,singleton,0
3470,Zebenyancz,1,1665,manual,1
3471,Zebincz,1,1666,manual,1
3472,Zebyncz,1,1666,manual,1
3473,Zedenchecz ad Kapruncza,1,1660,manual,1
3474,Zedinyncz,1,1667,manual,1
3475,Zehanowcz,3,1668,singleton,0
3476,Zekowcz,1,1669,manual,0
3477,Zela,1,1670,singleton,0
3478,Zela,4,1671,modern,0
3479,Zela (Bosyako),4,1671,modern,0
3480,"Zela, Ozteruna",4,1672,orthographic-exact,0
3481,"Zela, Ozterwna",4,1672,orthographic-exact,0
3482,"Zela, Oztherwna",4,1672,orthographic-exact,0
3483,Zelche,1,1673,manual,0
3484,Zelcz,1,1673,manual,0
3485,Zelcze,1,1673,manual,0
3486,Zelenawar-cum pertinentiis,4,1674,manual,1
3487,Zelina,4,1674,manual,1
3488,Zelina Zenth Myklos,4,1674,manual,1
3489,"Zelina, Bwkowcz",4,1674,manual,1
3490,Zelna,1,1675,singleton,0
3491,Zelnycza,2,1676,modern,0
3492,Zelnycze,2,1676,modern,0
3493,Zelnycze-castrum cum pertinentiis,2,1676,modern,0
3494,"Zelyan, Pathak",1,1677,manual,0
3495,Zelyancz,1,1678,manual,1
3496,"Zelyancz, Pothok",1,1677,manual,0
3497,"Zelyancz, Sybrynowcz",1,1679,manual,0
3498,Zelyna,4,1674,manual,1
3499,Zelyna Zenthmyklos,4,1674,manual,1
3500,Zelyna in pertinentiis Bobonok (!),4,1674,manual,1
3501,Zelyna in pertinentiis Rakonok,4,1674,manual,1
3502,"Zelyna, Bwkowcz",4,1674,manual,1
3503,Zelynawar,4,1674,manual,1
3504,Zelynawar cum pertinentiis,4,1674,manual,1
3505,Zemche,1,1680,manual,1
3506,Zemche Zenth Myhal,1,1681,manual,1
3507,Zempche,1,1682,manual,1
3508,Zempcze,1,1682,manual,1
3509,Zemzky Werh,4,1683,manual,1
3510,Zemzkywerh,4,1683,manual,1
3511,Zenaharazthya,1,1684,manual,0
3512,Zenclara,1,1685,manual,1
3513,Zendywan,1,1686,manual,1
3514,Zenkovcz,4,1417,manual,0
3515,Zenkowcz,4,1417,manual,0
3516,Zent Dyenes,1,1687,orthographic-fuzzy,1
3517,Zent Ilona,4,1688,orthographic-fuzzy,1
3518,Zent Jacab,2,1689,orthographic-exact,0
3519,Zent Lewryncz,1,1690,modern,0
3520,Zent Marthon,4,1691,modern,0
3521,Zent Nedelye,4,1692,orthographic-fuzzy,1
3522,Zentdienes,1,1687,orthographic-fuzzy,1
3523,Zenth Adrian,1,1693,manual,1
3524,Zenth Andras,1,1694,manual,1
3525,Zenth Anna,1,1695,manual,1
3526,Zenth Barthalam-insula,2,259,modern,0
3527,Zenth Benedek,1,1696,manual,0
3528,Zenth Benedyk,1,1696,manual,0
3529,"Zenth Bertalam, Othok",2,259,modern,0
3530,Zenth Berthalam,2,259,modern,0
3531,Zenth Berthalam,3,1697,manual,1
3532,Zenth Berthalam cum pertinentiis,3,1697,manual,1
3533,Zenth Berthalam-insula,2,259,modern,0
3534,Zenth Berthalan,2,259,modern,0
3535,Zenth Clara,1,1380,manual,0
3536,Zenth Cosma,1,1329,modern,0
3537,Zenth Cozma (Rasinja),1,1329,modern,0
3538,Zenth Demetrius,1,1698,singleton,0
3539,Zenth Dienes,1,1687,orthographic-fuzzy,1
3540,Zenth Dyanes,1,1687,orthographic-fuzzy,1
3541,Zenth Dyenes,1,1687,orthographic-fuzzy,1
3542,Zenth Dyenes-villicatus ad Rokonok,1,1687,orthographic-fuzzy,1
3543,Zenth Ersebeth,1,1699,manual,1
3544,Zenth Georgh,1,1700,modern,0
3545,Zenth Gerg,1,1700,modern,0
3546,Zenth Gerg ad Belam,1,1701,manual,1
3547,Zenth Gerg ad Kapruncza,1,1702,manual,1
3548,Zenth Gerg ad Lwdbreg,1,1700,modern,0
3549,Zenth Gergh,1,1700,modern,0
3550,Zenth Gergh ad Berzewcze,1,1703,manual,1
3551,Zenth Gergwara,1,1704,manual,1
3552,Zenth Ilona,4,1688,orthographic-fuzzy,1
3553,Zenth Ilona prope Zamobor,4,1688,orthographic-fuzzy,1
3554,Zenth Iwan,1,1705,manual,1
3555,Zenth Iwan,4,966,modern,0
3556,"Zenth Iwan, Krysnychya",1,1705,manual,1
3557,Zenth Jacab,1,1706,manual,1
3558,Zenth Jacab,2,1689,orthographic-exact,0
3559,Zenth Jacab cum pertinentiis,1,1706,manual,1
3560,Zenth Jakab,1,1706,manual,1
3561,Zenth Kelemen,2,1707,singleton,0
3562,Zenth Kerest,1,1708,manual,0
3563,Zenth Kerest / Sanctus Crux,1,1709,manual,1
3564,Zenth Kerezth,1,1708,manual,0
3565,Zenth Kerezth,2,1710,singleton,0
3566,Zenth Kerezth-de Achyna,1,1711,manual,1
3567,Zenth Kyral,1,1712,manual,0
3568,Zenth Laczlo,1,1713,manual,1
3569,Zenth Leryncz,1,1690,modern,0
3570,Zenth Leryncz-pertinencie ad,1,1714,manual,1
3571,Zenth Lewlek,1,1715,manual,1
3572,Zenth Lewryncz,1,1690,modern,0
3573,Zenth Marco,1,1716,singleton,0
3574,Zenth Marghyth,1,1717,manual,0
3575,Zenth Marthon,1,1718,modern,0
3576,Zenth Marthon,2,1719,manual,0
3577,Zenth Marthon,4,1691,modern,0
3578,Zenth Michael,1,1720,manual,0
3579,Zenth Mihal sub Komor,2,1721,manual,0
3580,Zenth Miklos,4,1722,modern,0
3581,Zenth Mohal,1,1006,manual,0
3582,Zenth Myhal,1,1006,manual,0
3583,Zenth Myhal,2,1723,singleton,0
3584,Zenth Myklos,1,1724,manual,0
3585,Zenth Myklos,4,1722,modern,0
3586,Zenth Nedele,2,1725,orthographic-fuzzy,1
3587,Zenth Nedelew,2,1725,orthographic-fuzzy,1
3588,Zenth Nedelye,4,1692,orthographic-fuzzy,1
3589,Zenth Pal,1,1726,manual,0
3590,Zenth Pal ad Zenth Gergwara,1,1727,manual,1
3591,Zenth Wyd,2,1728,manual,1
3592,"Zenth Wyd, Chresnevo",2,1729,singleton,0
3593,"Zenth Wyd, Zayezda",2,1730,manual,1
3594,ZenthMarthon,4,1691,modern,0
3595,Zenthandras,1,1694,manual,1
3596,Zenthbenedek,1,1696,manual,0
3597,Zenthbertalam,2,259,modern,0
3598,"Zenthbertalam, Othok",2,1731,orthographic-exact,0
3599,"Zenthbertalam, Otok",2,1731,orthographic-exact,0
3600,Zenthdienes,1,1687,orthographic-fuzzy,1
3601,"Zenthdomankws, Konska",1,1687,orthographic-fuzzy,1
3602,Zenthdyanes,1,1687,orthographic-fuzzy,1
3603,Zenthdyenes,1,1687,orthographic-fuzzy,1
3604,Zenthendre,3,1732,orthographic-fuzzy,1
3605,Zenthendree,3,1732,orthographic-fuzzy,1
3606,Zenthendrey,3,1732,orthographic-fuzzy,1
3607,Zenthersebeth,1,1699,manual,1
3608,Zenthgeorg,1,1700,modern,0
3609,Zenthgerg,1,1700,modern,0
3610,Zenthgergh,1,1700,modern,0
3611,Zenthgyergh,1,1700,modern,0
3612,Zenthgyergh in Berzewcza,1,1703,manual,1
3613,Zenthilona,4,1688,orthographic-fuzzy,1
3614,Zenthiwan,1,1705,manual,1
3615,"Zenthjacab,Obres",2,1733,singleton,0
3616,Zenthkerezth,1,1708,manual,0
3617,Zenthkyral,1,1712,manual,0
3618,Zenthlaczlo Dyanfeldi,1,1734,singleton,0
3619,Zenthlazlo,1,1735,manual,1
3620,Zenthlelek,1,1736,manual,0
3621,Zenthlelek-cum pertinentiis,1,1737,manual,1
3622,Zenthlerincz,1,1690,modern,0
3623,Zenthlerycz,1,1690,modern,0
3624,Zenthleryncz,1,1690,modern,0
3625,Zenthleryncz-banatus,1,1690,modern,0
3626,Zenthlewrnycz,1,1690,modern,0
3627,Zenthlewryncz,1,1690,modern,0
3628,Zenthlewryncz cum pertinentiis,1,1690,modern,0
3629,Zenthmargith,1,1717,manual,0
3630,Zenthmarthon,1,1718,modern,0
3631,Zenthmarthon,4,1691,modern,0
3632,Zenthmarton,1,1718,modern,0
3633,Zenthmarton,4,1691,modern,0
3634,Zenthmihal,1,1006,manual,0
3635,Zenthmihal-villicatus ad Zenthlazlo,1,1006,manual,0
3636,Zenthmyhal,1,1006,manual,0
3637,Zenthmyklos,1,1724,manual,0
3638,Zenthmyklos,4,1722,modern,0
3639,Zenthnedelye,4,1692,orthographic-fuzzy,1
3640,Zenthpal,1,1726,manual,0
3641,"Zenthpal-provincia superior, inferior",1,1738,manual,1
3642,Zenthpeter ad Owar,1,1739,manual,1
3643,Zenthpether ad Kaproncza,1,1740,manual,0
3644,Zenthwyd,2,1728,manual,1
3645,Zenthywan,1,1705,manual,1
3646,Zentilona,4,1688,orthographic-fuzzy,1
3647,Zentmarthon (Bosyako),4,1691,modern,0
3648,Zentmarton,4,1691,modern,0
3649,Zentt Dyenes,1,1687,orthographic-fuzzy,1
3650,Zentt Ivan,4,966,modern,0
3651,Zentt Leryncz,1,1690,modern,0
3652,Zentt Marton,4,1691,modern,0
3653,Zentt Nedellye,4,1692,orthographic-fuzzy,1
3654,Zenzki Werh,4,1683,manual,1
3655,Zerchewcz,1,1741,manual,1
3656,Zerchewecz,1,1741,manual,1
3657,Zerdahel,1,1167,manual,0
3658,"Zerdahel, Koren",1,1742,manual,1
3659,"Zerdahel, Meghwreche",1,1743,manual,1
3660,"Zerdahel, Megywrechye",1,1743,manual,1
3661,Zeredyscha ad Zenth Gergwara,1,1744,singleton,0
3662,Zerkowcz,1,1669,manual,0
3663,Zersyncz,1,1745,singleton,0
3664,Zethnychky Werh,4,1683,manual,1
3665,Zethnychkywerh,4,1683,manual,1
3666,Zethws,4,1746,orthographic-exact,0
3667,Zetus,4,1746,orthographic-exact,0
3668,Zetws,4,1746,orthographic-exact,0
3669,Zeyana Harazthya,1,1684,manual,0
3670,Zeyanahrazthya,1,1684,manual,0
3671,Zeyanohrazthye,1,1747,manual,1
3672,Ziszek-castrum-oppidum-provincia superior et inferior,4,1458,modern,0
3673,Zizek,4,1458,modern,0
3674,Zizek-castrum,4,1458,modern,0
3675,Zizia,4,1458,modern,0
3676,Zkakala,3,1748,singleton,0
3677,Zkakalo,3,1749,singleton,0
3678,Zkakolo,3,1750,singleton,0
3679,Zlamnoucz,4,1751,modern,0
3680,Zlamnowch,4,1751,modern,0
3681,Zlamnowcz,4,1751,modern,0
3682,Zlanowcz,4,1751,modern,0
3683,Zlanowcz (Medwe),4,1751,modern,0
3684,Zlanya,1,1752,manual,1
3685,Zlatar,2,1753,modern,0
3686,Zlatarya,2,1753,modern,0
3687,Zlathar,2,1753,modern,0
3688,Zlatharya,2,1753,modern,0
3689,Zlathina,1,1754,manual,0
3690,Zlathnok,1,1644,manual,0
3691,Zlathyna,1,1754,manual,0
3692,Zlathyna,2,1755,manual,1
3693,Zlatina,2,1755,manual,1
3694,Zlattar,2,1753,modern,0
3695,Zlatyna,1,1754,manual,0
3696,Zlauetych,4,1756,modern,0
3697,"Zlavetychi, Raztok",4,1757,orthographic-exact,0
3698,Zlawchyna,1,1758,manual,0
3699,Zlawethych,4,1756,modern,0
3700,Zlawethychy,4,1756,modern,0
3701,Zlawetichi,4,1756,modern,0
3702,Zlaweticzy,4,1756,modern,0
3703,Zlawetych,4,1756,modern,0
3704,"Zlawetychi, Raztok",4,1757,orthographic-exact,0
3705,Zlawschina,1,1758,manual,0
3706,Zlawschyna,1,1758,manual,0
3707,Zlawstina,1,1759,singleton,0
3708,Zlayna,1,1760,manual,0
3709,Zlayno,1,1761,manual,1
3710,Zlobochya,1,1762,manual,0
3711,Zlobochyna,1,1762,manual,0
3712,"Zlobochyna, Zwybowcz",1,1763,manual,0
3713,Zloboda,1,1764,manual,1
3714,Zloboda ad Monozlo,1,1764,manual,1
3715,Zlobothycza,1,1765,manual,0
3716,Zmolyak,4,1766,singleton,0
3717,Zobkethyncz,1,94,manual,1
3718,Zobochyna,1,1762,manual,0
3719,Zobothycza,1,1765,manual,0
3720,Zolkethyncz,1,1767,singleton,0
3721,Zolnya,1,1768,manual,1
3722,Zombathel,1,1769,manual,0
3723,Zomnycza,4,1770,singleton,0
3724,Zomszedvara,4,1771,modern,0
3725,Zomzed cum pertinentiis,4,1771,modern,0
3726,Zomzed-castrum / Berdowcz,4,99,manual,0
3727,Zomzed-castrum / Nowak,4,1083,manual,0
3728,Zomzed-castrum / Podgorya,4,1772,manual,1
3729,Zomzed-castrum / Pwscha,4,1773,manual,0
3730,Zomzed-castrum / Zaprezechna,4,1774,manual,0
3731,Zomzed-castrum / Ztenyowcz,4,1775,manual,0
3732,Zomzed-castrum / Ztopnyk,4,1437,manual,0
3733,Zomzedwar,4,1771,modern,0
3734,Zomzedwar-castrum cum pertinentiis,4,1771,modern,0
3735,Zomzedwara,4,1771,modern,0
3736,Zomzedwara cum pertinentiis,4,1771,modern,0
3737,Zomzedwara-castrum / Berdowcz,4,99,manual,0
3738,"Zomzedwara-castrum / Judiacti Podgorya, villa Nowak, Jablanowcz",4,1776,manual,0
3739,"Zomzedwara-castrum / Judicati Podgorya, villa Nowak, Jablanowcz",4,1776,manual,0
3740,"Zomzedwara-castrum / Judicati Ztenyowcz, Ztopnyk, Nowak, Zapreszeche, Berdowcz, Pwscha",4,1777,manual,1
3741,"Zomzedwara-castrum / Judicati podgorya, villa Nowak, Jablanowcz",4,1776,manual,0
3742,"Zomzedwara-castrum / Judicatibus Stenyowcz, Stopnyk, Nowaky, Zaprezeche, Berdowcz, Pwscha",4,1777,manual,1
3743,Zomzedwara-castrum / Nowak,4,1083,manual,0
3744,Zomzedwara-castrum / Podgoria,4,1772,manual,1
3745,Zomzedwara-castrum / Podgorya,4,1772,manual,1
3746,Zomzedwara-castrum / Podgorye,4,1772,manual,1
3747,Zomzedwara-castrum / Puschya,4,1773,manual,0
3748,Zomzedwara-castrum / Pwscha,4,1773,manual,0
3749,Zomzedwara-castrum / Pwsche,4,1773,manual,0
3750,Zomzedwara-castrum / Zapreszechye,4,1774,manual,0
3751,Zomzedwara-castrum / Zaprezechye,4,1774,manual,0
3752,Zomzedwara-castrum / Ztenyowcz,4,1775,manual,0
3753,Zomzedwara-castrum / Ztopnyk,4,1437,manual,0
3754,Zomzedwara-castrum cum pertinentiis,4,1771,modern,0
3755,Zomzedwara-castrum cum pertinentiis (excepta Jakowlya),4,1771,modern,0
3756,Zomzedwara-cum pertinentiis,4,1771,modern,0
3757,Zomzewdwar cum pertinentiis,4,1771,modern,0
3758,Zopya,1,1778,manual,0
3759,Zotezka,2,1779,manual,0
3760,"Zotezka, Orehowycza, Graberye, Bwssyn",2,1780,modern,0
3761,"Zotheska, Orehowycza, Graberye, Bwssyn",2,1780,modern,0
3762,Zothezka,2,1779,manual,0
3763,"Zothezka, Orehowycza Graberye, Bwssyn",2,1780,modern,0
3764,Zotyzka,2,1781,singleton,0
3765,Zrachyncz,2,1782,singleton,0
3766,Zredistha,1,1783,manual,1
3767,Zrednawecz,1,1784,manual,1
3768,Zrednyawcz,1,1784,manual,1
3769,Zrednyawez,1,1785,manual,1
3770,Zredysche,1,1783,manual,1
3771,Zredyscze,1,1786,manual,0
3772,Zrepychak- insula,2,1787,manual,1
3773,Zrepychar,2,1787,manual,1
3774,Zrepychar Insula,2,1787,manual,1
3775,Zrepychar-insula,2,1787,manual,1
3776,Zrewsowcz,1,1788,singleton,0
3777,Zromercz,1,1789,singleton,0
3778,Zrwkowcz,1,1790,singleton,0
3779,Ztanowcz,3,1649,orthographic-fuzzy,1
3780,Ztare Chyche,4,1791,modern,0
3781,Ztare Chychye,4,1791,modern,0
3782,Zthalnykowcz,1,1436,manual,1
3783,Zthankowo ad Okych,4,1792,manual,0
3784,Zthankowo-judicatus ad Okych,4,1793,manual,1
3785,Zthara,1,1794,singleton,0
3786,Zthare Chiche,4,1791,modern,0
3787,Zthare Chychae,4,1791,modern,0
3788,Zthare Chyche,4,1791,modern,0
3789,Zthare Chychye,4,1791,modern,0
3790,Ztharsa,1,1795,singleton,0
3791,Zthassinowczy,2,1796,singleton,0
3792,Zthawethichy,4,1797,manual,0
3793,Zthermecz,4,1798,manual,1
3794,Zthobycza,4,1799,modern,0
3795,Ztholnycoucz,1,1800,manual,1
3796,Zthopnychky Werh,4,1683,manual,1
3797,Zthrebynzky Werh,4,1801,manual,1
3798,Zthrelcha Szela,4,1671,modern,0
3799,Zthrelchazela,4,1671,modern,0
3800,Zthrelechko,4,1802,orthographic-exact,0
3801,Zthrunga,1,1803,manual,1
3802,Zthrwgha,1,1803,manual,1
3803,Zthwbycza,4,1799,modern,0
3804,Zthwpnik,4,1437,manual,0
3805,Zthwpnych-ad Zomzedwara,4,1437,manual,0
3806,Zthwpnyk,4,1437,manual,0
3807,Ztolnykowcz,1,1436,manual,1
3808,Ztopnychky Werh,4,1683,manual,1
3809,Ztopnychkywerh,4,1683,manual,1
3810,Ztrelcha Zela,4,1671,modern,0
3811,Ztrelchazela,4,1671,modern,0
3812,Ztrelechko,4,1802,orthographic-exact,0
3813,Ztreza,1,1804,manual,0
3814,Ztruga,1,1803,manual,1
3815,Ztrwga ad Zenth Gergwara,1,1805,manual,1
3816,Ztrwgha,1,1803,manual,1
3817,Ztubicza Superior,4,463,modern,0
3818,Zudoucz,1,1806,orthographic-exact,0
3819,Zudowcz,1,1806,orthographic-exact,0
3820,Zuha Mlacha,1,1807,manual,1
3821,Zuha Mlaka,1,1808,manual,0
3822,Zuhamlacha,1,1809,singleton,0
3823,Zuhodol,2,1416,modern,0
3824,Zuhodol,4,1810,manual,1
3825,Zwchowcz,1,1811,singleton,0
3826,"Zwdowchez, Wynarcz",1,1812,singleton,0
3827,Zwdowcz,1,1806,orthographic-exact,0
3828,Zwha Mlaka,1,1808,manual,0
3829,Zwhamlaka,1,1808,manual,0
3830,Zwhodol,1,1813,manual,0
3831,Zwhodol,2,1416,modern,0
3832,Zwhodol,4,1810,manual,1
3833,Zwinarcz,1,1814,modern,0
3834,Zwmzedwar cum pertinentiis,4,1771,modern,0
3835,Zwmzedwara cum pertinentiis,4,1771,modern,0
3836,Zwpya,1,1815,singleton,0
3837,Zwsycha,1,1816,manual,1
3838,Zwsycza ad Zenth Gergwara,1,1817,manual,1
3839,Zwsycze,1,1818,manual,1
3840,Zwthezka,2,1819,singleton,0
3841,Zwybowcz,1,1820,manual,1
3842,Zwynarcz,1,1814,modern,0
3843,Zwynaricz,1,1814,modern,0
3844,Zwzicha,1,1821,manual,0
3845,Zygeth,1,1822,manual,1
3846,Zylag,1,1823,orthographic-exact,0
3847,Zylag Zenth Gergh,1,1824,manual,1
3848,Zylag-wayvodatus,1,1825,manual,1
3849,Zylagh,1,1823,orthographic-exact,0
3850,Zylagh Zenthgyergh,1,1824,manual,1
3851,Zylagh-waywodatus,1,1825,manual,1
3852,Zylagh-waywodatus inferior ad castrum Valpo,1,1826,manual,1
3853,Zylagh-waywodatus superior ad castrum Walpho,1,1826,manual,1
3854,Zyrch,1,1827,manual,0
3855,"Zyrch, Podgorye",1,1828,manual,1
3856,Zyskan,1,1829,manual,0
3857,Zystan,1,1829,manual,0
3858,Zysthyan,1,1829,manual,0
3859,Zythecz,4,1830,manual,0
3860,Zyzek,4,1458,modern,0
3861,Zyzek-castrum,4,1458,modern,0
3862,Zyzek-castrum cum pertinentiis,4,1458,modern,0
3863,"Zyzek-castrum, Superiori, Inferiori provincia, oppidum",4,1458,modern,0
3864,"Zyzek-castrum, provincia",4,1458,modern,0
3865,Zyzek-provincia castri,4,1458,modern,0
3866,Zyzsthan,1,1829,manual,0
