entry_id,source_row,campaign_id,county_id,district_id,place_id,person_id,settlement_type,provincia,rate_forint,rate_denar,rate_note,family_status,title,institution_office,other_holders,taxable_selista,taxable_uncertain,abandoned_selista,abandoned_status,inferred
1,1,3,1,9,2652,2019,oppidum,,,,,Relicta,,,,0,,,,
2,2,3,1,9,3454,2443,,,,,,,,,,0,,,,
3,3,3,1,9,2652,,provincia,,,,,,,,,0,,,,
4,4,3,1,9,2652,,,,,,,,,Župnik (plebanus),,0,,,,
5,5,3,1,9,993,3532,,,,,,,,,,55,,,,
6,6,3,1,9,993,3248,,,,,,,,,,34,,,,
7,7,3,1,9,993,1300,,,,,,,,,,13,,,,
8,8,3,1,9,993,2184,,,,,,,,,,12,,,,
9,9,3,1,9,993,,,,,,,,,Župnik (plebanus),,1,,,,
10,10,3,1,9,937,684,,,,,,,,,,1,,,,
11,11,3,1,9,495,3425,,,,,,,,,,5,,,,
12,12,3,1,9,1257,,,,,,,,,Eremiti (Fratres heremitae),,14,,,,
13,13,3,1,9,943,581,,,,,,Relicta,,,,1,,,,
14,14,3,1,9,944,1720,,,,,,,,,,1,,,,
15,15,3,1,9,944,1595,,,,,,,,,,1,,,,
16,16,3,1,9,1127,1342,,,,,,,,,,2,,,,
17,17,3,1,9,944,1524,,,,,,,,,,3,,,,
18,18,3,1,9,3671,1746,,,,,,,,,,24,,,,
19,19,3,1,9,3671,,,,,,,,,Župnik (plebanus),,1,,,,
20,20,3,1,9,2398,3437,,,,,,,,Litteratus,,8,,,,
21,21,3,1,9,3617,3002,,,,,,,,,,3,,,,
22,22,3,1,9,3617,1744,,,,,,,,,,2,,,,
23,23,3,1,9,2927,,oppidum,,,,,,,,,31,,,,
24,24,3,1,9,2927,,,,,,,,,Župnik (plebanus),,10,,,,
25,25,3,1,9,2927,,provincia,,,,,,,,,170,,,,
26,26,3,1,9,2927,,,,,,,,,Župnik (plebanus)-St.Michael,,5,,,,
27,27,3,1,9,2927,2078,,,,,,,,Prebendarius,,2,,,,
28,28,3,1,9,1080,3200,,,,,,,,,,70,,,,
29,29,3,1,9,1080,,,,,,,,,Župnik (plebanus),,5,,,,
30,30,3,1,9,5,,oppidum,,,,,,,,,0,,,,
31,31,3,1,9,5,,provincia,,,,,,,,,0,,,,
32,32,3,1,9,5,32,,,,,,,,,,12,,,,
33,33,3,1,9,5,,,,,,,,,Župnik (plebanus),,0,,,,
34,34,3,1,9,5,3516,,,,,,,,Prebendarius,,0,,,,
35,35,3,1,9,5,,,,,,,,,Župnik (plebanus)-St. Cosma et Damianus,,0,,,,
36,36,3,1,9,5,,,,,,,,,Župnik (plebanus)-Breznica,,0,,,,
37,37,3,1,9,1153,714,,,,,,,,,,14,,,,
38,38,3,1,9,5,2041,,,,,,,,Prebendarius-Dragowya,,0,,,,
39,39,3,1,9,5,,,,,,,,,Župnik (plebanus)-Dragowya,,0,,,,
40,40,3,1,9,2802,2021,,,,,,Relicta,,,,0,,,,
41,41,3,1,9,1937,748,,,,,,,,,,39,,,,
42,42,3,1,9,1939,1281,,,,,,Relicta,,,,4,,,,
43,43,3,1,9,1939,,,,,,,,,Župnik (plebanus),,5,,,,
44,44,3,1,9,1939,3822,,,,,,,,Predijalac (predialis),,3,,,,
45,45,3,1,9,3003,790,,,,,,,,,,54,,,,
46,46,3,1,9,97,2683,,,,,,,,,,73,,,,
47,47,3,1,9,98,3756,,,,,,,,,,116,,,,
48,48,3,1,9,97,,,,,,,,,Župnik (plebanus),,3,,,,
49,49,3,1,9,2430,,,,,,,,,Župnik (plebanus)-St. Michael,,2.5,,,,
50,50,3,1,9,2430,,,,,,,,,Župnik (plebanus)-Beate Jage,,2,,,,
51,51,3,1,9,2430,2873,,,,,,,,,,3,,,,
52,52,3,1,9,2430,4192,,,,,,,,,,6,,,,
53,53,3,1,9,2430,1524,,,,,,,,,,8,,,,
54,54,3,1,9,2429,2630,,,,,,Relicta,,,,6,,,,
55,55,3,1,9,2429,523,,,,,,Relicta,,,,3,,,,
56,56,3,1,9,2430,226,,,,,,Relicta,,,,2,,,,
57,57,3,1,9,2429,208,,,,,,Relicta,,,,6,,,,
58,58,3,1,9,2430,2041,,,,,,,,,,1,,,,
59,59,3,1,9,2430,3516,,,,,,,,,,8,,,,
60,60,3,1,9,718,3516,,,,,,,,,,16,,,,
61,61,3,1,9,718,4165,,,,,,,,,,16,,,,
62,62,3,1,9,718,3768,,,,,,,,,,6,,,,
63,63,3,1,9,718,2633,,,,,,,,,,6,,,,
64,64,3,1,9,718,3098,,,,,,,,,,3,,,,
65,65,3,1,9,1251,3185,,,,,,Relicta,,,,13,,,,
66,66,3,1,9,1251,4086,,,,,,,,,,1,,,,
67,67,3,1,9,1251,3872,,,,,,,,,,3,,,,
68,68,3,1,9,3829,1879,,,,,,,,,,16,,,,
69,69,3,1,9,3829,2712,,,,,,,,,,17,,,,
70,70,3,1,9,3829,2891,,,,,,,,,,22,,,,
71,71,3,1,9,3829,963,,,,,,,,,,20,,,,
72,72,3,1,9,3412,2891,,,,,,,,,,27,,,,
73,73,3,1,9,3412,961,,,,,,,,,,22,,,,
74,74,3,1,9,3412,,,,,,,,,Župnik (plebanus),,2,,,,
75,75,3,1,9,3412,1879,,,,,,,,,,27,,,,
76,76,3,1,9,3412,2724,,,,,,,,,,20,,,,
77,77,3,1,9,2586,372,,,,,,,,,,73,,,,
78,78,3,1,9,3607,235,oppidum,,,,,,,,,0,,,,
79,79,3,1,9,3607,235,provincia,,,,,,,,,0,,,,
80,80,3,1,9,3607,,,,,,,,,Župnik (plebanus),,0,,,,
81,81,3,1,9,3607,3728,,,,,,,,Prepošt (praepositus),,0,,,,
82,82,3,1,9,2196,2021,,,,,,Relicta,,,,0,,,,
83,83,3,1,9,954,3516,,,,,,,,,,16,,,,
84,84,3,1,9,954,2873,,,,,,Relicta,,,,3,,,,
85,85,3,1,9,954,3970,,,,,,,,,,9,,,,
86,86,3,1,9,954,209,,,,,,Relicta,,,,10,,,,
87,87,3,1,9,954,2734,,,,,,,,,,32,,,,
88,88,3,1,9,954,3185,,,,,,,,,,20,,,,
89,89,3,1,9,1530,1281,,,,,,Relicta,,,,2,,,,
90,90,3,1,9,1529,816,,,,,,,,Judex nobilium,,27,,,,
91,91,3,1,9,1529,,,,,,,,,Capitulum Albense,,22,,,,
92,92,3,1,9,2045,3222,,,,,,,,,,6,,,,
93,93,3,1,9,2045,3434,,,,,,,,,,5,,,,
94,94,3,1,9,168,3052,,,,,,,,,,21,,,,
95,95,3,1,9,2618,1011,,,,,,,,,,20,,,,
96,96,3,1,9,168,3622,,,,,,,,,,12,,,,
97,97,3,1,9,390,1016,,,,,,Relicta,,,,5,,,,
98,98,3,1,9,490,1295,,,,,,,,,,7,,,,
99,99,3,1,9,2487,4190,,,,,,,,,,11,,,,
100,100,3,1,9,3195,2554,,,,,,,,,,21,,,,
101,101,3,1,9,2119,2789,,,,,,Relicta,,,,2,,,,
102,102,3,1,9,2119,819,,,,,,,,,,5,,,,
103,103,3,1,9,2045,2529,,,,,,,,,,2,,,,
104,104,3,1,9,389,744,,,,,,,,,,3,,,,
105,105,3,1,9,2618,,,,,,,,,Župnik (plebanus),,1.5,,,,
106,106,3,1,9,2487,2430,,,,,,,,,,6,,,,
107,107,3,1,9,2487,3631,,,,,,,,,,6,,,,
108,108,3,1,9,772,3888,,,,,,,,,,28,,,,
109,109,3,1,9,981,3822,,,,,,,,,,56,,,,
110,110,3,1,9,981,1249,,,,,,,,,,45,,,,
111,111,3,1,9,1326,867,,,,,,,,,,1,,,,
112,112,3,1,9,3523,,,,,,,,,Župnik (plebanus),,2,,,,
113,113,3,1,9,2068,3738,,,,,,filiorum,,,,50,,,,
114,114,3,1,9,2068,,,,,,,,,Župnik (plebanus),,3,,,,
115,115,3,1,9,2000,1625,,,,,,,,,,8,,,,
116,116,3,1,9,2175,1342,,,,,,,,,,5,,,,
117,117,3,1,9,2000,,,,,,,,,Župnik (plebanus),,1,,,,
118,118,3,1,9,2650,3889,,,,,,,,,,26,,,,
119,119,3,1,9,3470,2529,,,,,,,,,,5.5,,,,
120,120,3,1,9,3470,4165,,,,,,,,,,4,,,,
121,121,3,1,9,559,,,,,,,,,Kaptol čazmanski (Capitulum Chasmense),,16,,,,
122,122,3,1,9,2394,2610,,,,,,,,,,5,,,,
123,123,3,1,9,2177,3917,,,,,,,,,,2,,,,
124,124,3,1,9,1905,3391,,,,,,,,,,2,,,,
125,125,3,1,9,942,2703,,,,,,,,,,2,,,,
126,126,3,1,9,3470,3198,,,,,,,,,,8,,,,
127,127,3,1,9,1905,3951,,,,,,,,,,1,,,,
128,128,3,1,9,417,2596,,,,,,,,,,10,,,,
129,129,3,1,9,2330,3352,,,,,,,,,,13,,,,
130,130,3,1,9,2375,4089,,,,,,,,,,1,,,,
131,131,3,1,9,2375,1524,,,,,,,,,,3,,,,
132,132,3,1,9,1733,1524,,,,,,,,,,1,,,,
133,133,3,1,9,1733,3822,,,,,,,,,,1,,,,
134,134,3,1,9,1731,2078,,,,,,,,,,1,,,,
135,135,3,1,9,1731,1333,,,,,,,,,,2,,,,
136,136,3,1,9,2021,2275,,,,,,,,,,2,,,,
137,137,3,1,9,2375,386,,,,,,,,,,4,,,,
138,138,3,1,9,2375,945,,,,,,Relicta,,,,3,,,,
139,139,3,1,9,420,2623,,,,,,,,,,8,,,,
140,140,3,1,9,481,2252,,,,,,,,,,4,,,,
141,141,3,1,9,944,744,,,,,,,,,,1,,,,
142,142,3,1,9,416,2556,,,,,,,,,,8,,,,
143,143,3,1,9,416,2147,,,,,,,,,,5,,,,
144,144,3,1,9,2009,1006,,,,,,,,,,38,,,,1
145,145,3,1,9,2009,1295,,,,,,,,,,9,,,,
146,146,3,1,9,2009,1342,,,,,,,,,,10,,,,
147,147,3,1,9,2009,2873,,,,,,,,,,7,,,,
148,148,3,1,9,2775,744,,,,,,,,,,7,,,,
149,149,3,1,9,2775,3822,,,,,,,,,,1,,,,
150,150,3,1,9,2775,2078,,,,,,,,,,1,,,,
151,151,3,1,9,2295,3198,,,,,,,,,,73,,,,
152,152,3,1,40,2797,,,,,,,,,Eremiti (Fratres heremitae),,22,,,,
153,153,3,1,40,2698,3494,,,,,,,,,,3,,,,
154,154,3,1,40,2318,2873,,,,,,,,Kaštelan (castellanus),,4,,,,
155,155,3,1,40,2307,3351,,,,,,,,,,1.5,,,,
156,156,3,1,40,2307,3807,,,,,,,,,,5,,,,
157,157,3,1,40,2307,2676,,,,,,,,,,5,,,,
158,158,3,1,40,2307,575,,,,,,Relicta,,,,1,,,,
159,159,3,1,40,2307,,,,,,,,,Župnik (plebanus)-St. Michael,,4,,,,
160,160,3,1,40,2307,3002,,,,,,,,Litteratus,,3,,,,
161,161,3,1,40,2315,3084,,,,,,,,,,4,,,,
162,162,3,1,40,1746,829,,,,,,Relicta,,,,4,,,,
163,163,3,1,40,1687,2621,,,,,,Relicta,,,,8,,,,
164,164,3,1,40,475,2941,,,,,,,,,,22,,,,
165,165,3,1,40,233,2941,,,,,,,,,,24,,,,
166,166,3,1,40,1686,2941,provincia,,,,,,,,,40,,,,
167,167,3,1,40,1687,2941,oppidum,,,,,,,,,23,,,,
168,168,3,1,40,2932,2942,,,,,,,,,,25,,,,
169,169,3,1,40,1687,,,,,,,,,Prebendarius,,1.5,,,,
170,170,3,1,40,103,3384,,,,,,,,,,21,,,,
171,171,3,1,40,3122,1353,,,,,,,,,cum domina despotissa,55,,,,
172,172,3,1,40,3121,73,,,,,,,Domina despotissa,Despotissa,,125,,,,
173,173,3,1,40,3216,2557,,,,,,,Dominus,,,325,,,,
174,174,3,1,40,849,2020,,,,,,,,,,6,,,,
175,175,3,1,40,849,2529,,,,,,Relicta,,,,5,,,,
176,176,3,1,40,849,2078,,,,,,,,Litteratus,,15,,,,
177,177,3,1,40,2333,494,,,,,,,,,,2,,,,
178,178,3,1,40,2333,1404,,,,,,Relicta,,,,2,,,,
179,179,3,1,40,3620,1618,,,,,,,,,,11,,,,
180,180,3,1,40,3620,714,,,,,,,,,,60,,,,
181,181,3,1,40,1998,,,,,,,,Dominus,Vojvoda,,50,,,,
182,182,3,1,40,2410,,,,,,,,Dominus,Vojvoda,,115,,,,
183,183,3,1,40,1997,,,,,,,,,Župnik (plebanus),,3,,,,
184,184,3,1,40,1997,,,,,,,,,Rector hospitalis,,3,,,,
185,185,3,1,40,2410,,,,,,,,,Župnik (plebanus),,5,,,,
186,186,3,1,40,2410,,,,,,,,,Fratres,,35,,,,
187,187,3,1,40,2452,1407,,,,,,,,,,44,,,,
188,188,3,1,40,2454,1407,,,,,,,,,,9,,,,
189,189,3,1,40,2452,2677,,,,,,,,Vicebanus,,126,,,,
190,190,3,1,40,2452,3968,,,,,,,,,,41,,,,
191,191,3,1,40,232,2237,,,,,,,,,,8,,,,
192,192,3,1,40,232,,,,,,,,,Župnik (plebanus)-St. Cosme et Damiani,,4,,,,
193,193,3,1,40,2452,,,,,,,,,Župnik (plebanus),,9,,,,
194,194,3,1,40,422,,,,,,,,,Župnik (plebanus)-Bela,,8,,,,
195,195,3,1,40,3176,744,,,,,,,,,,7,,,,
196,196,3,1,40,1836,3185,,,,,,,,,,7,,,,
197,197,3,1,40,1845,2873,,,,,,,,,,3,,,,
198,198,3,1,40,2527,3663,,,,,,,,,,3.5,,,,
199,199,3,1,40,2463,3704,,,,,,,,,,2,,,,
200,200,3,1,40,191,3863,,,,,,Relicta,,,,1,,,,
201,201,3,1,40,2294,,provincia,,,,,,,,,2,,,,
202,202,3,1,40,3505,1643,,,,,,,,,,12,,,,
203,203,3,1,40,1576,1643,,,,,,,,,,21,,,,
204,204,3,1,40,1578,1878,,,,,,,,,,30,,,,
205,205,3,1,40,1577,1878,,,,,,,,,,16,,,,
206,206,3,1,40,1576,2640,,,,,,,,,,32.5,,,,
207,207,3,1,40,3050,,,,,,,,,Vranski priorat* (Prioratus Barbati*),,14,,,,1
208,208,3,1,40,1983,,,,,,,,,Vranski priorat* (Prioratus Barbati),,58,,,,1
209,209,3,1,40,3578,3889,,,,,,,,,,28,,,,
210,210,3,1,40,2030,,,,,,,,,Župnik (plebanus)-Zemche,,7,,,,
211,211,3,1,40,3722,,,,,,,,,Župnik (plebanus)-Zemche,,7,,,,
212,212,3,1,40,3722,,,,,,,,,Prebendarius-Zemche,,5,,,,
213,213,3,1,40,3722,,,,,,,,,"Župnik (plebanus)-St. Demetrius, Zemche",,5,,,,
214,214,3,1,40,2564,1055,,,,,,,,,,1,,,,
215,215,3,1,40,2564,3437,,,,,,,,,,1,,,,
216,216,3,1,40,2564,3185,,,,,,,,,,1,,,,
217,217,3,1,40,2564,1018,,,,,,,,,,10,,,,
218,218,3,1,40,1446,3052,,,,,,,,,,6,,,,
219,219,3,1,40,1446,2586,,,,,,,,,,1,,,,
220,220,3,1,40,1446,722,,,,,,Relicta,,,,1,,,,
221,221,3,1,40,1447,1440,,,,,,,,,,70,,,,
222,222,3,1,40,2411,1440,,,,,,,,,,17,,,,
223,223,3,1,40,2412,1440,,,,,,,,,,53,,,,
224,224,3,1,40,2413,4022,,,,,,,,,,42,,,,
225,225,3,1,40,2412,4022,,,,,,,,,,30,,,,
226,226,3,1,40,3056,3222,,,,,,,,,,46,,,,
227,227,3,1,40,746,2552,,,,,,,,,,18,,,,
228,228,3,1,40,2799,1616,,,,,,,,,,27,,,,
229,229,3,1,40,2801,829,,,,,,Relicta,,,,3,,,,
230,230,3,1,40,2801,1342,,,,,,,,,,4,,,,
231,231,3,1,40,2801,3052,,,,,,,,,,4,,,,
232,232,3,1,40,2801,1704,,,,,,,,,,5,,,,
233,233,3,1,40,2801,576,,,,,,Relicta,,,,2,,,,
234,234,3,1,40,2801,2183,,,,,,,,,,2,,,,
235,235,3,1,40,1505,1575,,,,,,,,,,3,,,,
236,236,3,1,40,3505,3321,,,,,,,,,,9,,,,
237,237,3,1,40,907,1353,,,,,,,,,,300,,,,
238,238,3,1,40,2878,3086,,,,,,,,,,21.5,,,,
239,239,3,1,40,2878,2334,,,,,,,,,,17.5,,,,
240,240,3,1,40,3009,,,,,,,,,Vranski priorat (Prioratus Auranae)*,,110,,,,1
241,241,3,1,40,3037,,,,,,,,,Vranski priorat (Prioratus Auranae)*,,85,,,,1
242,242,3,1,40,2725,,oppidum,,,,,,,Vranski priorat (Prioratus Auranae)*,,52,,,,1
243,243,3,1,40,2725,,provincia,,,,,,,Vranski priorat (Prioratus Auranae)*,,63,,,,1
244,244,3,1,40,3546,,,,,,,,,,,20,,,,
245,245,3,1,40,1282,4051,,,,,,,,,,8,,,,
246,246,3,1,40,1775,3099,,,,,,,,,,9,,,,
247,247,3,1,40,110,4184,,,,,,,,,,2,,,,
248,248,3,1,40,726,3002,,,,,,,,,,2.5,,,,
249,249,3,1,40,136,3002,,,,,,,,,,2.5,,,,
250,250,3,1,40,2388,3185,,,,,,,,,,4,,,,
251,251,3,1,40,2388,4173,,,,,,,,,,1,,,,
252,252,3,1,40,2388,1261,,,,,,,,,,1,,,,
253,253,3,1,40,1240,2940,,,,,,,,,,7,,,,
254,254,3,1,40,136,1568,,,,,,,,,,2,,,,
255,255,3,1,40,3695,,,,,,,,,Vranski priorat (Prioratus Auranae)*,,10.5,,,,1
256,256,3,1,40,2406,,oppidum,,,,,,,Vranski priorat (Prioratus Auranae)*,,30,,,,1
257,257,3,1,40,2407,,,,,,,,,,,80,,,,
258,258,3,1,40,2409,,,,,,,,,,,66,,,,
259,259,3,1,40,2408,,,,,,,,,,,81,,,,
260,260,3,1,40,618,3482,,,,,,,,,,32,,,,
261,261,3,1,40,618,3657,,,,,,,,,,6,,,,
262,262,3,1,40,618,,,,,,,,,Župnik (plebanus),,2,,,,
263,263,3,1,40,3854,1618,,,,,,,,,,41,,,,
264,264,3,1,40,3854,714,,,,,,,,,,36,,,,
265,265,3,1,40,3854,2237,,,,,,,,,,18.5,,,,
266,266,3,1,40,3854,3086,,,,,,,,,,10,,,,
267,267,3,1,40,142,,,,,,,,,Kralj (rex),,362,,,,
268,268,3,1,40,552,,,,,,,,,Župnik (plebanus),,5,,,,
269,269,3,1,40,3525,,,,,,,,,Eremiti (Fratres heremitae),,11,,,,
270,270,3,1,40,708,3082,,,,,,Relicta,,,,20,,,,
271,271,3,1,40,709,2048,,,,,,,,,,90,,,,
272,272,3,1,40,2711,4006,,,,,,,,,,4,,,,
273,273,3,1,40,621,2048,,,,,,,,,,10,,,,
274,274,3,1,40,1152,,,,,,,,,,,24,,,,
275,275,3,1,40,3549,1822,,,,,,,,,,5,,,,
276,276,3,1,40,3549,3691,,,,,,,,,,2,,,,
277,277,3,1,40,3549,4049,,,,,,,,,,3,,,,
278,278,3,1,40,3549,3179,,,,,,,,,,3,,,,
279,279,3,1,40,3549,2310,,,,,,,,,,10,,,,
280,280,3,1,40,3549,799,,,,,,,,,,7,,,,
281,281,3,1,40,2216,1964,,,,,,,,,,4,,,,
282,282,3,1,40,2216,919,,,,,,Relicta,,,,8,,,,
283,283,3,1,40,501,2536,,,,,,,,,,6,,,,
284,284,3,1,40,2720,2048,,,,,,,,,,5,,,,
285,285,3,1,40,1650,390,,,,,,,,,,8,,,,
286,286,3,1,40,2564,946,,,,,,,,Litteratus,,6,,,,
287,287,3,1,40,2564,981,,,,,,,,,,5,,,,
288,288,3,1,40,2216,4167,,,,,,,,,,11,,,,
289,289,3,1,40,340,3185,,,,,,,,,,3,,,,
290,290,3,1,40,340,2854,,,,,,,,,,1,,,,
291,291,3,1,40,340,1478,,,,,,,,,,1,,,,
292,292,3,1,40,745,3002,,,,,,,,,,1,,,,
293,293,3,1,40,745,4021,,,,,,Relicta,,,,6,,,,
294,294,3,1,40,1330,4051,,,,,,Relicta,,,,1,,,,
295,295,3,1,40,1330,789,,,,,,,,,,4,,,,
296,296,3,1,40,3549,,,,,,,,,Župnik (plebanus),,1,,,,
297,297,3,1,40,3323,993,,,,,,,,,,3,,,,
298,298,3,1,40,1201,1803,,,,,,,,,,5,,,,
299,299,3,1,40,1201,3691,,,,,,,,,,2,,,,
300,300,3,1,40,1201,3256,,,,,,,,,,5,,,,
301,301,3,1,40,1330,1321,,,,,,,,,,1,,,,
302,302,3,1,40,1767,821,,,,,,,,,,3,,,,
303,303,3,1,40,1767,2582,,,,,,,,,,2.5,,,,
304,304,3,1,40,2011,3085,,,,,,,,,,9,,,,
305,305,3,1,40,181,1253,,,,,,,,,Johannes,3,,,,
306,306,3,1,40,181,3253,,,,,,,,,,17.5,,,,
307,307,3,1,40,181,2562,,,,,,,,,,17,,,,
308,308,3,1,40,951,714,,,,,,,,,,30,,,,
309,309,3,1,40,951,1618,,,,,,,,,,19,,,,
310,310,3,1,40,3061,1272,,,,,,Relicta,,,,23,,,,
311,311,3,1,40,3061,2513,,,,,,Relicta,,,,4,,,,
312,312,3,1,40,524,3516,,,,,,,,,,14,,,,
313,313,3,1,40,2276,2555,,,,,,,,,,8,,,,
314,314,3,1,40,1824,1743,,,,,,,,,,2,,,,
315,315,3,1,40,636,1016,,,,,,,,,,4,,,,
316,316,3,1,40,524,2151,,,,,,,,,,8,,,,
317,317,3,1,40,636,1981,,,,,,,,,,2,,,,
318,318,3,1,40,2150,1016,,,,,,,,,,1,,,,
319,319,3,1,40,3618,,,,,,,,,Župnik (plebanus),,1.5,,,,
320,320,3,1,40,211,3715,,,,,,,,,,12,,,,
321,321,3,1,40,213,3531,,,,,,,,,,12,,,,
322,322,3,1,40,212,2646,,,,,,,,,,14,,,,
323,323,3,1,40,213,2646,,,,,,,,,,7.5,,,,
324,324,3,1,40,692,1611,,,,,,,,,,30,,,,
325,325,3,1,40,692,4064,,,,,,,,,,15,,,,
326,326,3,1,40,692,1272,,,,,,Relicta,,,,31,,,,
327,327,3,1,40,1813,3384,,,,,,,,,,12,,,,
328,328,3,1,40,135,,,,,,,,,Eremiti (Fratres heremitae) de Garygh,,7,,,,
329,329,3,1,40,652,3382,,,,,,,,,,8,,,,
330,330,3,1,40,209,3382,,,,,,,,,,23,,,,
331,331,3,1,40,2870,584,,,,,,,,,,6,,,,
332,332,3,1,40,208,,,,,,,,,Inquilini,,3,,,,
333,333,3,1,40,2494,136,,,,,,,,,,21,,,,
334,334,3,1,40,2494,714,,,,,,,,,,19,,,,
335,335,3,1,40,2555,714,,,,,,,,,,10,,,,
336,336,3,1,40,1111,2621,,,,,,Relicta,,,,7,,,,
337,337,3,1,40,1111,998,,,,,,,,,,3,,,,
338,338,3,1,40,577,1176,,,,,,,,,,5,,,,
339,339,3,1,40,370,1974,,,,,,Relicta,,,,3,,,,
340,340,3,1,40,363,3535,,,,,,,,,,1,,,,
341,341,3,1,40,822,2941,,,,,,,,,,25,,,,
342,342,3,1,40,2494,2941,,,,,,,,,,17,,,,
343,343,3,1,40,682,2941,,,,,,,,,,13,,,,
344,344,3,1,40,2553,123,,,,,,Relicta,,,,4,,,,
345,345,3,1,40,2553,956,,,,,,,,,,3,,,,
346,346,3,1,40,3420,1568,,,,,,Relicta,,,,5,,,,
347,347,3,1,40,2553,2456,,,,,,,,,,4,,,,
348,348,3,1,40,2996,1721,,,,,,,,,,2,,,,
349,349,3,1,40,2996,1806,,,,,,,,,,4,,,,
350,350,3,1,40,2012,1743,,,,,,,,,,2,,,,
351,351,3,1,40,2012,2311,,,,,,,,,,4,,,,
352,352,3,1,40,3420,3437,,,,,,,,,,1,,,,
353,353,3,1,40,3420,3002,,,,,,,,,,1,,,,
354,354,3,1,40,3557,,,,,,,,,Župnik (plebanus),,3,,,,
355,355,3,1,40,3559,1446,,,,,,,,,,28,,,,
356,356,3,1,40,2544,,,,,,,,,Kaptol čazmanski (Capitulum Chasmense),,25,,,,
357,357,3,1,40,91,,,,,,,,,Kaptol čazmanski (Capitulum Chasmense),,22,,,,
358,358,3,1,40,1405,2873,,,,,,,,,,2,,,,
359,359,3,1,40,2602,4166,,,,,,,,,,7,,,,
360,360,3,1,40,603,1157,,,,,,,,,,12,,,,
361,361,3,1,40,10,2078,,,,,,,,,,2,,,,
362,362,3,1,40,12,2078,,,,,,,,,,2,,,,
363,363,3,1,40,11,744,,,,,,,,Vicejudex nobilium,,1,,,,
364,364,3,1,40,2828,3727,,,,,,,,,,1,,,,
365,365,3,1,40,3830,2020,,,,,,,,,Gregorius,3,,,,
366,366,3,1,40,1881,3714,,,,,,,,,,5,,,,
367,367,3,1,40,2377,3346,,,,,,,,,,10,,,,
368,368,3,1,40,1877,3231,,,,,,,,,,0.5,,,,
369,369,3,1,40,3339,3516,,,,,,,,Litteratus,,7,,,,
370,370,3,1,40,3026,3482,,,,,,,,,,25,,,,
371,371,3,1,40,637,4047,,,,,,,,,,13,,,,
372,372,3,1,40,2377,4047,,,,,,,,,,3,,,,
373,373,3,1,40,8,2285,,,,,,,,,,1,,,,
374,374,3,1,40,861,1581,,,,,,,,,,16,,,,
375,375,3,1,40,3640,1581,,,,,,,,,,8,,,,
376,376,3,1,40,3641,1581,,,,,,,,,,78,,,,
377,377,3,1,40,299,1581,,,,,,,,,,9,,,,
378,378,3,1,40,1258,,oppidum,,,,,,,,,70,,,,
379,379,3,1,40,1085,,,,,,,,,Župnik (plebanus),,2,,,,
380,380,3,1,40,1085,946,,,,,,,,Prebendarius,,3,,,,
381,381,3,1,40,861,,,,,,,,,Župnik (plebanus),,2,,,,
382,382,3,1,40,861,962,,,,,,,,,,4,,,,
383,383,3,1,25,2963,2925,,,,,,,,,,10,,,,
384,384,3,1,25,2963,1798,,,,,,,,,,6,,,,
385,385,3,1,25,2699,1524,,,,,,,,,,1,,,,
386,386,3,1,25,1835,2529,,,,,,,,,,6,,,,
387,387,3,1,25,1918,3185,,,,,,,Nobilis,,,2,,,,
388,388,3,1,25,1918,4041,,,,,,Relicta,,,,1,,,,
389,389,3,1,25,1946,355,,,,,,,,,,2,,,,
390,390,3,1,25,1946,691,,,,,,,,,,2,,,,
391,391,3,1,25,3601,1157,,,,,,,,,,18,,,,
392,392,3,1,25,1140,472,,,,,,Filius,,,,66,,,,
393,393,3,1,25,1139,,,,,,,,,Župnik (plebanus),,3,,,,
394,394,3,1,25,2941,,,,,,,,,Župnik (plebanus)-Ludbreg,,6,,,,
395,395,3,1,25,3709,2450,,,,,,,,,,34,,,,
396,396,3,1,25,634,2449,,,,,,,,,,19,,,,
397,397,3,1,25,634,,,,,,,,,Župnik (plebanus),,2,,,,
398,398,3,1,25,3610,,,,,,,,,Župnik (plebanus),,11,,,,
399,399,3,1,25,477,1303,,,,,,,,,,14,,,,
400,400,3,1,25,1841,,,,,,,,,Fratres-franjevci,,4,,,,
401,401,3,1,25,126,3735,,,,,,,,,,24,,,,
402,402,3,1,25,126,3763,,,,,,,,,,54,,,,
403,403,3,1,25,126,3002,,,,,,,,Litteratus,,21,,,,
404,404,3,1,25,126,1480,,,,,,,,,,12,,,,
405,405,3,1,25,126,1195,,,,,,,,,,15,,,,
406,406,3,1,25,1693,2601,,,,,,,,,,6,,,,
407,407,3,1,25,1691,1342,,,,,,,,Magister,,2,,,,
408,408,3,1,25,1691,2078,,,,,,Relicta,,Litteratus,,4,,,,
409,409,3,1,25,1083,3437,,,,,,Relicta,,,,4,,,,
410,410,3,1,25,73,2851,,,,,,,,,,2,,,,
411,411,3,1,25,73,4165,,,,,,Relicta,,,,3,,,,
412,412,3,1,25,73,3002,,,,,,,,Litteratus,,1,,,,
413,413,3,1,25,73,964,,,,,,,,,,2,,,,
414,414,3,1,25,3536,,,,,,,,,Župnik (plebanus),,3,,,,
415,415,3,1,25,829,2592,,,,,,,,,,3,,,,
416,416,3,1,25,829,946,,,,,,,,Litteratus,,1,,,,
417,417,3,1,25,829,3335,,,,,,,,,,3,,,,
418,418,3,1,25,829,1543,,,,,,,,,,3,,,,
419,419,3,1,25,829,3697,,,,,,,,,,1,,,,
420,420,3,1,25,829,94,,,,,,Relicta,,,,4,,,,
421,421,3,1,25,829,722,,,,,,,,,,1,,,,
422,422,3,1,25,350,744,,,,,,,,,,2,,,,
423,423,3,1,25,363,2600,,,,,,,,,,3,,,,
424,424,3,1,25,837,,,,,,,,,Župnik (plebanus),,1,,,,
425,425,3,1,25,2728,3758,,,,,,,,,,30,,,,
426,426,3,1,25,2728,2114,,,,,,,,,,14,,,,
427,427,3,1,25,2728,3214,,,,,,,,,,11,,,,
428,428,3,1,25,2728,3215,,,,,,,,,,11,,,,
429,429,3,1,25,2728,1477,,,,,,,,Prezbiter (presbiterus),,1,,,,
430,430,3,1,25,3719,473,,,,,,Filius,,,,11,,,,
431,431,3,1,25,3719,1302,,,,,,,,,,12,,,,
432,432,3,1,25,3719,3463,,,,,,,,,,7,,,,
433,433,3,1,25,3719,,,,,,,,,Župnik (plebanus),,1,,,,
434,434,3,1,25,957,3258,,,,,,,,,,17,,,,
435,435,3,1,25,1293,964,,,,,,,,,,9,,,,
436,436,3,1,25,555,3002,,,,,,,,,,2,,,,
437,437,3,1,25,1319,376,,,,,,Relicta,,,,2,,,,
438,438,3,1,25,596,1524,,,,,,,,,,4,,,,
439,439,3,1,25,106,449,,,,,,,,,,14,,,,
440,440,3,1,25,727,3198,,,,,,,,,,10,,,,
441,441,3,1,25,3554,,,,,,,,,Župnik (plebanus),,1,,,,
442,442,3,1,25,3027,1916,,,,,,,,,,9,,,,
443,443,3,1,25,3027,1016,,,,,,Relicta,,,,10,,,,
444,444,3,1,25,3027,3128,,,,,,,,,,10,,,,
445,445,3,1,25,3027,758,,,,,,,,,,3,,,,
446,446,3,1,25,1327,2078,,,,,,,,,,7,,,,
447,447,3,1,25,168,3889,,,,,,,,,,5,,,,
448,448,3,1,25,1264,4165,,,,,,,,,,3,,,,
449,449,3,1,25,135,3128,,,,,,,,,,3,,,,
450,450,3,1,25,135,1916,,,,,,Relicta,,,,3,,,,
451,451,3,1,25,3058,2529,,,,,,Relicta,,,,7,,,,
452,452,3,1,25,1404,2078,,,,,,,,,,4,,,,
453,453,3,1,25,3535,,,,,,,,,Župnik (plebanus),,6,,,,
454,454,3,1,25,3312,3145,,,,,,,,,,10,,,,
455,455,3,1,25,3119,2529,,,,,,,,,,3,,,,
456,456,3,1,25,1404,3437,,,,,,,,Litteratus,,4,,,,
457,457,3,1,25,1404,3002,,,,,,,,,,2,,,,
458,458,3,1,25,3813,,,,,,,,,Eremiti (Fratres heremitae),,25,,,,
459,459,3,1,25,263,3044,,,,,,,,,,5,,,,
460,460,3,1,25,1124,74,,,,,,Relicta,,,,2,,,,
461,461,3,1,25,2067,1791,,,,,,,,Judex nobilium,,1,,,,
462,462,3,1,25,919,537,,,,,,Relicta,,,,5,,,,
463,463,3,1,25,2195,4193,,,,,,,,,,37,,,,
464,464,3,1,25,2195,,,,,,,,,Župnik (plebanus),,1,,,,
465,465,3,1,25,2195,3052,,,,,,,,,,6,,,,
466,466,3,1,25,2195,3402,,,,,,,,,,3,,,,
467,467,3,1,25,921,2078,,,,,,,,,,7,,,,
468,468,3,1,25,860,3052,,,,,,,,,,7,,,,
469,469,3,1,25,860,1366,,,,,,,,,,12,,,,
470,470,3,1,25,860,2194,,,,,,,,,,15,,,,
471,471,3,1,25,354,744,,,,,,,,,,15,,,,
472,472,3,1,25,25,2555,,,,,,,,,,15,,,,
473,473,3,1,25,25,2078,,,,,,,,,,7,,,,
474,474,3,1,25,25,,,,,,,,,Župnik (plebanus),,2.5,,,,
475,475,3,1,25,1061,1746,,,,,,,,,,11,,,,
476,476,3,1,25,1720,1841,,,,,,,,,,5,,,,
477,477,3,1,25,597,980,,,,,,,,,,2,,,,
478,478,3,1,25,2958,358,,,,,,,,,,2,,,,
479,479,3,1,25,2492,552,,,,,,,,,,1,,,,
480,480,3,1,25,354,1681,,,,,,,,,,7,,,,
481,481,3,1,25,683,754,,,,,,,,,,1,,,,
482,482,3,1,25,770,1916,,,,,,,,,,2,,,,
483,483,3,1,25,3657,730,,,,,,,,,,2.5,,,,
484,484,3,1,25,329,3844,,,,,,,,,,3,,,,
485,485,3,1,25,1997,1302,,,,,,,,,,3,,,,
486,486,3,1,25,1543,3044,,,,,,,,,,2,,,,
487,487,3,1,25,2109,811,,,,,,,,,,5,,,,
488,488,3,1,25,14,3728,,,,,,,,Litteratus,Petrus Bochkay,8,,,,
489,489,3,1,25,2666,744,,,,,,,,,,3,,,,
490,490,3,1,25,2666,2054,,,,,,,,,,2,,,,
491,491,3,1,25,2112,1652,,,,,,,,,,3,,,,
492,492,3,1,25,2112,3409,,,,,,,,,,2,,,,
493,493,3,1,25,2112,1232,,,,,,,,,,2,,,,
494,494,3,1,25,2112,3002,,,,,,,,Litteratus,,1,,,,
495,495,3,1,25,2112,3075,,,,,,,,,,2,,,,
496,496,3,1,25,2112,2452,,,,,,,,,,1,,,,
497,497,3,1,25,3584,,,,,,,,,Župnik (plebanus),,3,,,,
498,498,3,1,25,1101,3185,,,,,,,,Prezbiter (presbiterus),,2,,,,
499,499,3,1,25,2112,2551,,,,,,,,,,2,,,,
500,500,3,1,25,1464,1342,,,,,,,,,,4,,,,
501,501,3,1,25,1543,971,,,,,,,,,,7,,,,
502,502,3,1,25,386,3638,,,,,,,,,,16,,,,
503,503,3,1,25,2109,3555,,,,,,,,Judex nobilium,,5,,,,
504,504,3,1,36,2607,,,,,,,,,,,14,,,,
505,505,3,1,36,2794,,,,,,,,,,,38,,,,
506,506,3,1,36,2792,,,,,,,,,,,7,,,,
507,507,3,1,36,2779,,oppidum,,,,,,,,,92,,,,
508,508,3,1,36,3542,,,,,,,,,,,10,,,,
509,509,3,1,36,2602,3799,,,,,,,Domina,,,10,,,,
510,510,3,1,36,2602,1568,,,,,,Relicta,,,,11,,,,
511,511,3,1,36,2602,,,,,,,,,Župnik (plebanus),,2,,,,
512,512,3,1,36,2602,1992,,,,,,,,,,5,,,,
513,513,3,1,36,1022,1569,,,,,,,,,,6,,,,
514,514,3,1,36,150,744,,,,,,,,,,10,,,,
515,515,3,1,36,2779,,,,,,,,,Župnik (plebanus),,5,,,,
516,516,3,1,36,2779,3985,,,,,,,,,,28,,,,
517,517,3,1,36,792,131,,,,,,Relicta,,,,22,,,,
518,518,3,1,36,2779,1797,,,,,,,,,,31,,,,
519,519,3,1,36,3541,3842,,,,,,,,,,7,,,,
520,520,3,1,36,3541,3222,,,,,,,,,,5,,,,
521,521,3,1,36,3541,3760,,,,,,,,,,8,,,,
522,522,3,1,36,2785,,,,,,,,,,,26,,,,
523,523,3,1,36,2779,751,,,,,,,,,,3,,,,
524,524,3,1,36,3162,,,,,,,,,,,121,,,,
525,525,3,1,36,3165,,,,,,,,,,,81,,,,
526,526,3,1,36,3163,,,,,,,,,Župnik (plebanus),,20,,,,
527,527,3,1,36,3541,,,,,,,,,Župnik (plebanus)-Rakovec,,1,,,,
528,528,3,1,36,426,,,,,,,,,Župnik (plebanus),,3,,,,
529,529,3,1,36,3365,,,,,,,,,Župnik (plebanus),,4,,,,
530,530,3,1,36,3163,433,,,,,,Relicta,,,,2,,,,
531,531,3,1,36,3145,2078,,,,,,,,,,8,,,,
532,532,3,1,36,3170,2347,,,,,,,,,,46,,,,
533,533,3,1,36,3170,1615,,,,,,,,,,13,,,,
534,534,3,1,36,429,1618,,,,,,,,,,35,,,,
535,535,3,1,36,3147,1295,,,,,,,,Litteratus,,7,,,,
536,536,3,1,36,3175,,,,,,,,Dominus,Lector,,2,,,,
537,537,3,1,36,3175,620,,,,,,Relicta,,,,6,,,,
538,538,3,1,36,486,1832,,,,,,,,,,12,,,,
539,539,3,1,36,3705,3774,,,,,,,,,,2,,,,
540,540,3,1,36,2598,1846,,,,,,,,,,10,,,,
541,541,3,1,36,2598,3822,,,,,,,,,,1,,,,
542,542,3,1,36,2598,1738,,,,,,,,,,1.5,,,,
543,543,3,1,36,2598,807,,,,,,,,,,0.5,,,,
544,544,3,1,36,2598,2526,,,,,,,,,,2,,,,
545,545,3,1,36,2598,2803,,,,,,,,,,2,,,,
546,546,3,1,36,791,3822,,,,,,,,,,1,,,,
547,547,3,1,36,791,2607,,,,,,,,,,1,,,,
548,548,3,1,36,1708,,,,,,,,Dominus,Dux (knez),,39,,,,
549,549,3,1,36,1050,2078,,,,,,,,,,1,,,,
550,550,3,1,36,3316,1321,,,,,,,,,,4,,,,
551,551,3,1,36,2307,2996,,,,,,,,,,8,,,,
552,552,3,1,36,2307,1568,,,,,,Relicta,,,,7,,,,
553,553,3,1,36,783,747,,,,,,,,,,42,,,,
554,554,3,1,36,787,,,,,,,,,Župnik (plebanus)-Kemlek,,3,,,,
555,555,3,1,36,280,1568,,,,,,,,Litteratus,,1,,,,
556,556,3,1,36,2395,946,,,,,,,,Litteratus,,3,,,,
557,557,3,1,36,2395,3002,,,,,,,,Litteratus,,1,,,,
558,558,3,1,36,2395,2078,,,,,,,,,,1,,,,
559,559,3,1,36,2395,2852,,,,,,,,,,1,,,,
560,560,3,1,36,2395,3043,,,,,,,,,,1,,,,
561,561,3,1,36,2961,2078,,,,,,,,,,2,,,,
562,562,3,1,36,2961,3822,,,,,,,,,,2,,,,
563,563,3,1,36,3206,,,,,,,,,,,22,,,,
564,564,3,1,36,1683,,,,,,,,,Župnik (plebanus),,3,,,,
565,565,3,1,36,3435,3002,,,,,,,,,,1,,,,
566,566,3,1,36,359,,,,,,,,,Župnik (plebanus)-Kemlek,,3,,,,
567,567,3,1,36,2959,2324,,,,,,,,,,1,,,,
568,568,3,1,36,1061,752,villicatus,,,,,,,,,58,,,,
569,569,3,1,36,2416,752,villicatus,,,,,,,,,28,,,,
570,570,3,1,36,2571,752,,,,,,,,,,9,,,,
571,571,3,1,36,1408,752,villicatus,,,,,,,,,34,,,,
572,572,3,1,36,1833,752,villicatus,,,,,,,,,10,,,,
573,573,3,1,36,359,752,oppidum,,,,,,,,,73,,,,
574,574,3,1,36,359,3257,,,,,,,,,,1,,,,
575,575,3,1,36,1737,,,,,,,,,Župnik (plebanus)-Ludbreg,,4,,,,
576,576,3,1,36,2559,3199,,,,,,,,Župnik (plebanus),,1,,,,
577,577,3,1,36,254,3311,,,,,,,,,,1,,,,
578,578,3,1,36,254,2513,,,,,,,Domina,,,1,,,,
579,579,3,1,36,254,744,,,,,,,,Litteratus,,2,,,,
580,580,3,1,36,2017,3437,,,,,,,,Litteratus,,6,,,,
581,581,3,1,36,2017,270,,,,,,Relicta,,,,3,,,,
582,582,3,1,36,2017,1570,,,,,,,,,,5,,,,
583,583,3,1,36,2017,4073,,,,,,,,,,1,,,,
584,584,3,1,36,1296,979,,,,,,,,,,3,,,,
585,585,3,1,36,338,,,,,,,,,Župnik (plebanus),,1,,,,
586,586,3,1,36,337,3086,,,,,,,,,,38,,,,
587,587,3,1,36,337,2458,,,,,,,,,,1,,,,
588,588,3,1,36,1105,3276,,,,,,,,,,5,,,,
589,589,3,1,36,1105,3711,,,,,,,,,,1,,,,
590,590,3,1,36,2542,3199,,,,,,,,Župnik (plebanus),,2,,,,
591,591,3,1,36,1047,3199,,,,,,,,,,12,,,,
592,592,3,1,36,479,3199,,,,,,,,,,24,,,,
593,593,3,1,36,2391,3199,,,,,,,,,,43,,,,
594,594,3,1,36,3198,2078,,,,,,,,,,3,,,,
595,595,3,1,36,1201,,,,,,,,,Župnik (plebanus)-Cherzthwecz,,2,,,,
596,596,3,1,36,2398,4158,,,,,,,,,,6,,,,
597,597,3,1,36,2811,3799,,,,,,,Domina,,,1,,,,
598,598,3,1,36,2811,1867,,,,,,,,,,2,,,,
599,599,3,1,36,546,970,,,,,,,,,,4,,,,
600,600,3,1,36,1167,3950,,,,,,,,,,9,,,,
601,601,3,1,36,359,392,,,,,,,,,,8,,,,
602,602,3,1,36,500,233,,,,,,Relicta,,,,5,,,,
603,603,3,1,36,500,2981,,,,,,,,,,1,,,,
604,604,3,1,36,1442,3057,,,,,,,,,,2,,,,
605,605,3,1,36,1157,3092,,,,,,,,,,1,,,,
606,606,3,1,36,1157,4201,,,,,,,,,,3,,,,
607,607,3,1,36,3466,4158,,,,,,,,,,1,,,,
608,608,3,1,36,3466,2600,,,,,,,,,,1,,,,
609,609,3,1,36,593,3650,,,,,,,,,,41,,,,
610,610,3,1,36,1670,1302,,,,,,,,,,25,,,,
611,611,3,1,36,2574,3822,,,,,,,,Litteratus,,4,,,,
612,612,3,1,36,2574,351,,,,,,Relicta,,,,3,,,,
613,613,3,1,36,2818,2852,,,,,,Relicta,,,,1,,,,
614,614,3,1,36,2821,,,,,,,,,Župnik (plebanus),,5,,,,
615,615,3,1,36,3554,3809,,,,,,,,,,2,,,,
616,616,3,1,36,1218,1568,,,,,,,,,,14,,,,
617,617,3,1,36,3554,1688,,,,,,,,,,7,,,,
618,618,3,1,36,2541,3440,,,,,,,,,,8,,,,
619,619,3,1,36,2541,462,,,,,,,,,,1,,,,
620,620,3,1,36,2541,2446,,,,,,,,,,1,,,,
621,621,3,1,36,1218,2529,,,,,,Relicta,,,,5,,,,
622,622,3,1,36,2576,812,,,,,,,,,,6,,,,
623,623,3,1,36,606,753,,,,,,,,,,13,,,,
624,624,3,1,36,1296,1858,,,,,,,,,,2,,,,
625,625,3,1,36,1296,1877,,,,,,,,,,2,,,,
626,626,3,1,36,1296,458,,,,,,,,,,1,,,,
627,627,3,1,36,3149,838,,,,,,,,,,1,,,,
628,628,3,1,36,2763,1685,,,,,,,,,,2,,,,
629,629,3,1,36,2763,2801,,,,,,,,,,6,,,,
630,630,3,1,36,2025,3242,,,,,,,,,,5,,,,
631,631,3,1,36,2717,1295,,,,,,,,,,8,,,,
632,632,3,1,36,2717,3494,,,,,,,,,,2,,,,
633,633,3,1,36,2612,3516,,,,,,,,,,2,,,,
634,634,3,1,36,2612,1568,,,,,,,,,,2,,,,
635,635,3,1,36,2448,2361,,,,,,,,,,6,,,,
636,636,3,1,36,2717,1342,,,,,,,,,,23,,,,
637,637,3,1,36,2717,2529,,,,,,,Dominus,,,6,,,,
638,638,3,1,36,844,1228,,,,,,Relicta,,,,5,,,,
639,639,3,1,36,844,,,,,,,,,Claustrum Crisiense,,40,,,,
640,640,3,1,36,2541,3580,,,,,,,,,,4,,,,
641,641,3,1,36,2820,1621,,,,,,,,,,1,,,,
642,642,3,1,36,2101,1524,,,,,,,,,,1,,,,
643,643,3,1,36,1103,3597,,,,,,,,,,1,,,,
644,644,3,1,36,1662,,,,,,,Puellae,,,,2,,,,
645,645,3,1,36,1662,,,,,,,,,Župnik (plebanus)-oppidum Crisium,,4,,,,
646,646,3,1,36,844,,,,,,,,,Župnik (plebanus)-Križevci,,5,,,,
647,647,3,1,36,627,,,,,,,,,,,50,,,,
648,648,3,1,36,626,,,,,,,,,,,105,,,,
649,649,3,1,36,2573,2529,,,,,,,,,,5,,,,
650,650,3,1,36,2573,1568,,,,,,,,Judex nobilium,,13,,,,
651,651,3,1,36,1046,,,,,,,,,Župnik (plebanus),,3,,,,
652,652,3,1,36,1157,2408,,,,,,,,,,2,,,,
653,653,3,1,36,3554,2253,,,,,,,,,,7,,,,
654,654,4,1,107,1202,1307,,,,,,,,,,1,,,,1
655,655,4,1,107,1202,1020,,,,,,,,,,1,,,,1
656,656,4,1,107,570,,,,,,,,,Župnik (plebanus)-Chreztwecz,,1,,,,1
657,657,4,1,107,171,3918,,,,,,,,,,1,,,,1
658,658,4,1,107,2600,1557,,,,,,,,,,1,,,,1
659,659,4,1,107,2580,1790,,,,,,,,,,9,,,,1
660,660,4,1,107,1685,3596,,,,,,,,,,35,,,,1
661,661,4,1,107,135,3596,,,,,,,,,,7,,,,
662,662,4,1,107,2820,3596,,,,,,,,,,6,,,,
663,663,4,1,107,2598,3596,,,,,,,,,,3,,,,
664,664,4,1,107,2598,,,,,,,,,Župnik (plebanus)-Kwsthyarowcz,,2,,,,
665,665,4,1,107,2598,4097,,,,,,,,,,1,,,,
666,666,4,1,107,2598,1613,,,,,,,,,,44,,,,
667,667,4,1,107,2598,1945,,,,,,,,,,2,,,,
668,668,4,1,107,2598,,,,,,,,,Župnik (plebanus)-Bisag,,2,,,,
669,669,4,1,107,3365,1612,,,,,,,,,,20,,,,
670,670,4,1,107,1708,,,,,,,,,,,43,,,,
671,671,4,1,107,1708,1571,,,,,,,,,,7,,,,
672,672,4,1,107,1708,1664,,,,,,,,,,5,,,,
673,673,4,1,107,1708,3471,,,,,,,,Litteratus,,8,,,,
674,674,4,1,107,1708,1796,,,,,,,,,,10,,,,
675,675,4,1,107,793,495,,,,,,Filiorum,,,,0,,,,
676,676,4,1,107,793,3984,,,,,,,,,,0,,,,
677,677,4,1,107,793,3938,,,,,,,,,,0,,,,
678,678,4,1,107,793,2818,,,,,,,,,,1,,,,
679,679,4,1,107,793,1317,,,,,,,,Litteratus,,4,,,,
680,680,4,1,107,1793,2558,,,,,,,,,,10,,,,
681,681,4,1,107,581,1828,,,,,,,,,,11,,,,
682,682,4,1,107,581,,,,,,,,,Župnik (plebanus)-Wyhel,,3,,,,
683,683,4,1,107,581,2573,,,,,,,,Magister,,5,,,,
684,684,4,1,107,581,3656,,,,,,,,,,7,,,,
685,685,4,1,107,581,1774,,,,,,,,,,10,,,,
686,686,4,1,107,581,1662,,,,,,,,,,2,,,,
687,687,4,1,107,581,1689,,,,,,,,,,9,,,,
688,688,4,1,107,581,1665,,,,,,,,Litteratus,,3,,,,
689,689,4,1,107,581,1418,,,,,,,,,,20,,,,
690,690,4,1,107,581,1387,,,,,,,,,,8,,,,
691,691,4,1,107,581,1345,,,,,,,,,,4,,,,
692,692,4,1,107,581,2620,,,,,,,,,,2,,,,
693,693,4,1,107,581,3926,,,,,,,,,,5,,,,
694,694,4,1,107,1738,,,,,,,,,,,4,,,,
695,695,4,1,107,2602,3799,,,,,,,,,,10,,,,
696,696,4,1,107,2602,3094,,,,,,,,Litteratus,,4,,,,
697,697,4,1,107,2602,3223,,,,,,,,,,7,,,,
698,698,4,1,107,2602,3126,,,,,,,,,,3,,,,
699,699,4,1,107,2602,2418,,,,,,,,,,5,,,,
700,700,4,1,107,2602,303,,,,,,Relicta,,,,6,,,,
701,701,4,1,107,2602,3070,,,,,,,,,,6,,,,
702,702,4,1,107,2602,3277,,,,,,,,,,3,,,,
703,703,4,1,107,2602,2412,,,,,,,,,,7,,,,
704,704,4,1,107,2602,2238,,,,,,,,,,5,,,,
705,705,4,1,107,2676,599,provincia,,,,,,,Dux (knez),,47,,,,
706,706,4,1,107,2518,599,,,,,,,,Dux (knez),,12,,,,
707,707,4,1,107,2593,599,,,,,,,,Dux (knez),,20,,,,
708,708,4,1,107,2593,,,,,,,,,Župnik (plebanus)-Dubowcz,,2,,,,
709,709,4,1,107,3134,599,villicatus,,,,,,,Dux (knez),,29,,,,
710,710,4,1,107,783,599,,,,,,,,Dux (knez),,43,,,,
711,711,4,1,107,3539,599,villicatus,,,,,,,Dux (knez),,20,,,,
712,712,4,1,107,3539,2359,villicatus,,,,,Relicta,,,Mathko,5,,,,
713,713,4,1,107,3539,3558,villicatus,,,,,Relicta,,,,1,,,,
714,714,4,1,107,3539,1713,villicatus,,,,,,,,,1,,,,
715,715,4,1,107,3539,938,villicatus,,,,,,,,,1,,,,
716,716,4,1,107,3539,2966,villicatus,,,,,,,,,1,,,,
717,717,4,1,107,3539,3936,villicatus,,,,,,,Prepošt (praepositus),,26,,,,
718,718,4,1,107,3539,1030,villicatus,,,,,,,,,3,,,,
719,719,4,1,107,3539,614,villicatus,,,,,,,,,2,,,,
720,720,4,1,107,3539,751,villicatus,,,,,,,,,8,,,,
721,721,4,1,107,3539,3243,villicatus,,,,,,,,,7,,,,
722,722,4,1,107,3539,,villicatus,,,,,,,Župnik (plebanus)-Mikethincz,,1,,,,
723,723,4,1,107,3158,,provincia,,,,,,,,,108,,,,
724,724,4,1,107,3158,,oppidum,,,,,,,,,155,,,,
725,725,4,1,107,3158,3254,,,,,,,,,,9,,,,
726,726,4,1,107,3158,3371,,,,,,,,,,1,,,,
727,727,4,1,107,3158,,,,,,,,,Župnik (plebanus)-Kalecz,,2,,,,
728,728,4,1,107,3158,391,,,,,,,,,,1,,,,
729,729,4,1,107,3158,3142,,,,,,,,,,6,,,,
730,730,4,1,107,3158,1891,,,,,,,,,,16,,,,
731,731,4,1,107,3158,,,,,,,,,Župnik (plebanus)-Prezeka,,2,,,,
732,732,4,1,107,3158,960,,,,,,,,,,5,,,,
733,733,4,1,107,3158,3905,,,,,,,,Magister,,20,,,,
734,734,4,1,107,3158,,,,,,,,Dominus,Biskup zagrebački (Episcopus Zagrabiensis) de Zenthgergh,,26,,,,
735,735,4,1,107,2676,,oppidum,,,,,,,,,115,,,,
736,736,4,1,107,2676,,oppidum,,,,,,,Župnik (plebanus)-Rakonok,,2,,,,
737,737,4,1,107,2676,,oppidum,,,,,,,Župnik (plebanus)-Gersencze Zloboda,,2,,,,
738,738,4,1,107,2676,3074,oppidum,,,,,,Dominus,Prebendarius dominis Michael do Monozlo,,4,,,,
739,739,4,1,107,2676,834,oppidum,,,,,,Domina,,,2,,,,
740,740,4,1,107,2676,,oppidum,,,,,,,Župnik (plebanus)-Waralya,,15,,,,
741,741,4,1,107,2676,,oppidum,,,,,,,Župnik (plebanus)-Monozlo,,6,,,,
742,742,4,1,107,626,,,,,,,,,,,80,,,,
743,743,4,1,107,627,,,,,,,,,,,52,,,,
744,744,4,1,107,623,1868,,,,,,,,,,6,,,,
745,745,4,1,107,623,1987,,,,,,,,,,6,,,,
746,746,4,1,107,1551,3861,,,,,,,Dominus,,,5,,,,
747,747,4,1,107,1551,2776,,,,,,,,,,5,,,,
748,748,4,1,107,632,2293,,,,,,,,,,11.5,,,,
749,749,4,1,107,3554,4051,,,,,,,,,,45,,,,
750,750,4,1,107,3554,3426,,,,,,,,,,1,,,,
751,751,4,1,107,3554,3213,,,,,,,,,,2,,,,
752,752,4,1,107,3554,3430,,,,,,,,,,1,,,,
753,753,4,1,107,3554,3997,,,,,,,,,,4,,,,
754,754,4,1,107,3554,3517,,,,,,,,,,2,,,,
755,755,4,1,107,3554,1999,,,,,,,,,,1,,,,
756,756,6,4,48,3835,259,,,,,,,,,,157,,,,
757,757,6,4,48,46,788,,,,,,Relicta,,,,80,,,,
758,758,6,4,48,2125,,,,,,,,,Fratres-Lepoglava,,8,,,,
759,759,6,4,48,382,1310,,,,,,,,,,5,,,,
760,760,6,4,48,45,,,,,,,,,Župnik (plebanus),,8,,,,
761,761,6,4,48,892,3822,,,,,,,,Prezbiter (presbiterus),,4,,,,
762,762,6,4,48,892,2062,,,,,,Relicta,,,,9,,,,
763,763,6,4,48,892,4181,,,,,,,,,,2,,,,
764,764,6,4,48,892,2565,,,,,,,,,,2,,,,
765,765,6,4,48,892,2078,,,,,,,,,,1,,,,
766,766,6,4,48,892,1249,,,,,,Relicta,,,,12,,,,
767,767,6,4,48,892,2879,,,,,,,,,,2,,,,
768,768,6,4,48,892,1291,,,,,,,,,,5,,,,
769,769,6,4,48,892,2799,,,,,,,,,,6,,,,
770,770,6,4,48,3327,,,,,,,,,Prepošt (praepositus)-Zagrabia,,4,,,,
771,771,6,4,48,965,,,,,,,,Domina,Ducissa,,5,,,,
772,772,6,4,48,2270,3857,,,,,,,,,,10,,,,
773,773,6,4,48,2270,3232,,,,,,,,,,2,,,,
774,774,6,4,48,966,2442,,,,,,,,,,6,,,,
775,775,6,4,48,965,2119,,,,,,,,,,1,,,,
776,776,6,4,48,965,2006,,,,,,,,,,2,,,,
777,777,6,4,48,7,3937,,,,,,,,,,2,,,,
778,778,6,4,48,9,2897,,,,,,,,,,2,,,,
779,779,6,4,48,1336,744,,,,,,Relicta,,,,1,,,,
780,780,6,4,48,9,2598,,,,,,,,,,2,,,,
781,781,6,4,48,9,1986,,,,,,,,,,2,,,,
782,782,6,4,48,1725,101,,,,,,Filius,,,,57,,,,
783,783,6,4,48,311,,,,,,,,Domini,Vranski priorat (Prioratus Auranae),,325,,,,
784,784,6,4,48,310,,,,,,,,,Župnik (plebanus)-St. Brictus,,12,,,,
785,785,6,4,48,310,1855,,,,,,,,,,6,,,,
786,786,6,4,48,310,,,,,,,,,Župnik (plebanus)-St. Martinus,,5,,,,
787,787,6,4,48,2473,42,,,,,,,,Dux (knez),,23,,,,
788,788,6,4,48,3257,,,,,,,,,Biskup zagrebački (Episcopus Zagrabiensis),,41,,,,
789,789,6,4,48,2916,,,,,,,,,Biskup zagrebački (Episcopus Zagrabiensis),,25,,,,
790,790,6,4,48,583,,,,,,,,,Biskup zagrebački (Episcopus Zagrabiensis),,16,,,,
791,791,6,4,48,2835,744,,,,,,,,,,10,,,,
792,792,6,4,48,3350,2078,,,,,,,,,,9,,,,
793,793,6,4,48,236,,,,,,,,,Biskup zagrebački (Episcopus Zagrabiensis),,5,,,,
794,794,6,4,48,965,2125,,,,,,,,Judex nobilium,,4,,,,
795,795,6,4,48,2756,,,,,,,,,Eremiti (Fratres heremitae),,17,,,,
796,796,6,4,48,1993,,,,,,,,Domina,Ducissa,,40,,,,
797,797,6,4,48,2199,,,,,,,,,Biskup zagrebački (Episcopus Zagrabiensis),,22,,,,
798,798,6,4,48,1048,,,,,,,,Domina ducissa,Ducissa* de dicto Medwewar,,7,,,,1
799,799,6,4,48,79,,,,,,,,,Abbatia zagrabiensis,,5,,,,
800,800,6,4,48,2488,101,,,,,,Filius,,,,4,,,,
801,801,6,4,48,2488,3350,,,,,,,,,,1,,,,
802,802,6,4,48,3,,,,,,,,,Abbatia zagrabiensis,,4,,,,
803,803,6,4,48,594,,,,,,,,Dominus,Kralj (rex),,425,,,,
804,804,6,4,48,3141,,,,,,,,,Biskup zagrebački (Episcopus Zagrabiensis),,5,,,,
805,805,6,4,48,1437,2689,,,,,,,,Judex Capituli Zagrabiensis,,3,,,,
806,806,6,4,48,1239,,,,,,,,,Kaptol zagrebački (Capitulum Zagrabiense),"Dica Capituli ecclesie Zagrabiensis ex ista parte Zawe 232, dica=40 denara)",0,,,,
807,807,6,4,126,460,101,,,,,,Filius,,,,56,,,,
808,808,6,4,126,460,,,,,,,,,Župnik (plebanus),,1,,,,
809,809,6,4,126,2931,3682,,,,,,,,,,6,,,,
810,810,6,4,126,2993,2078,,,,,,,,,,8,,,,
811,811,6,4,126,438,1930,,,,,,,,,,21,,,,
812,812,6,4,126,969,3822,,,,,,,,Judex nobilium,,2,,,,
813,813,6,4,126,969,3354,,,,,,,,,,1,,,,
814,814,6,4,126,121,3002,,,,,,Relicta,,Litteratus,,2,,,,
815,815,6,4,126,174,1157,,,,,,,,,,1,,,,
816,816,6,4,126,2968,2204,,,,,,,,,,3,,,,
817,817,6,4,126,2968,204,,,,,,,,Magister,,8,,,,
818,818,6,4,126,3095,1568,,,,,,,,,,1,,,,
819,819,6,4,126,3082,2873,,,,,,,,Litteratus,,1,,,,
820,820,6,4,126,121,2176,,,,,,,,,,3,,,,
821,821,6,4,126,3504,2451,,,,,,,Magnificus dominus,,,69,,,,
822,822,6,4,126,1052,882,,,,,,,Dominus,,,70,,,,
823,823,6,4,126,1214,3923,,,,,,,,Judex nobilium,,15,,,,
824,824,6,4,126,2405,2078,,,,,,,,,Nicolaus,33,,,,
825,825,6,4,126,443,,,,,,,,Dominus,Biskup zagrebački (Episcopus Zagrabiensis),,11,,,,
826,826,6,4,126,3488,,,,,,,,Domina ducissa,Ducissa,,16,,,,
827,827,6,4,126,3488,331,,,,,,,Dominus,,,14,,,,
828,828,6,4,116,2094,875,,,,,,,Dominus,,,27,,,,
829,829,6,4,116,2458,,,,,,,,,Eremiti (Fratres heremitae) zagrebački,,10,,,,
830,830,6,4,116,611,,,,,,,,,Kaptol zagrebački (Capitulum Zagrabiense),,20,,,,
831,831,6,4,116,610,2157,,,,,,,,,,5,,,,
832,832,6,4,116,2886,1908,,,,,,,,,,19,,,,
833,833,6,4,116,532,2144,,,,,,,,,,4,,,,
834,834,6,4,116,2515,1292,,,,,,,,,,9,,,,
835,835,6,4,116,1815,1547,,,,,,,,,,10,,,,
836,836,6,4,116,2893,787,,,,,,Relicta,,,,72,,,,
837,837,6,4,116,3859,,oppidum,,,,,,,Kaptol zagrebački (Capitulum Zagrabiense),,37,,,,
838,838,6,4,116,3859,,provincia,,,,,,,Kaptol zagrebački (Capitulum Zagrabiense),,132,,,,
839,839,6,4,116,1000,3438,,,,,,,,,,17,,,,
840,840,6,4,116,2642,,,,,,,,Reverendissimus dominus Zagrabiensis,Biskup zagrebački (Episcopus Zagrabiensis),,48,,,,
841,841,6,4,116,362,,,,,,,,Dominus,Biskup zagrebački (Episcopus Zagrabiensis),,11,,,,
842,842,6,4,116,2860,,,,,,,,,Vranski priorat (Prioratus Auranae) (Dominus prioris Auranae),,14,,,,
843,843,6,4,116,1784,,,,,,,,,Vranski priorat (Prioratus Auranae) (Dominus prioris Auranae),,48,,,,
844,844,6,4,116,2090,,,,,,,,,Vranski priorat (Prioratus Auranae) (Dominus prioris Auranae),,10,,,,
845,845,6,4,116,2090,1995,,,,,,,,,,2,,,,
846,846,6,4,116,3320,875,,,,,,,,,,16,,,,
847,847,6,4,116,201,,,,,,,,,Abbatia thoplicensis,,21,,,,
848,848,6,4,116,2988,858,,,,,,,,,,24,,,,
849,849,6,4,116,2531,,,,,,,,,Abbatia thoplicensis,,80,,,,
850,850,6,4,116,1205,,,,,,,,,Nobiles de Hrwssowcz,,16,,,,
851,851,6,4,116,1631,787,,,,,,Relicta,,,,100,,,,
852,852,6,4,116,716,787,,,,,,Relicta,,,,12,,,,
853,853,6,4,116,3285,876,,,,,,,,,,23,,,,
854,854,6,4,116,1553,3442,,,,,,,,,,4,,,,
855,855,6,4,116,1861,149,,,,,,Relicta,,Dux (knez),,80,,,,
856,856,6,4,116,1825,3664,,,,,,,,,,1,,,,
857,857,6,4,116,1825,4127,,,,,,,,,,1,,,,
858,858,6,4,116,1825,4123,,,,,,,,,,2,,,,
859,859,6,4,116,1825,3088,,,,,,,,,,3,,,,
860,860,6,4,116,1825,1970,,,,,,,,,,3,,,,
861,861,6,4,116,1825,3195,,,,,,,,,,2,,,,
862,862,6,4,116,1825,777,,,,,,,,,,1,,,,
863,863,6,4,116,1825,2666,,,,,,,,,,1,,,,
864,864,6,4,116,1825,1932,,,,,,,,,,2,,,,
865,865,6,4,116,1825,3548,,,,,,,,,,1,,,,
866,866,6,4,116,1825,3340,,,,,,,,,,2,,,,
867,867,6,4,116,1825,4249,,,,,,,,,,2,,,,
868,868,6,4,116,1825,4168,,,,,,,,,,1,,,,
869,869,6,4,116,1825,1262,,,,,,,,,,1,,,,
870,870,6,4,116,1825,3683,,,,,,,,,,1,,,,
871,871,6,4,116,1825,387,,,,,,Relicta,,,,1,,,,
872,872,6,4,116,1825,142,,,,,,,,,,1,,,,
873,873,6,4,116,1825,813,,,,,,,,,,1,,,,
874,874,6,4,116,1825,452,,,,,,Relicta,,,,1,,,,
875,875,6,4,116,1826,,,,,,,,Domina ducissa,Duccisa,,3,,,,
876,876,6,4,116,1825,2802,,,,,,,,,,1,,,,
877,877,6,4,116,2035,3837,,,,,,,,,,11,,,,
878,878,6,4,116,1168,2352,,,,,,,,,,3,,,,
879,879,6,4,116,2219,875,,,,,,,,,,31,,,,
880,880,6,4,116,357,2167,,,,,,,,,,25,,,,
881,881,6,4,116,672,875,,,,,,,,,,16,,,,
882,882,6,4,116,2948,787,,,,,,Relicta,,,,12,,,,
883,883,6,4,116,1362,1592,,,,,,,,,,18,,,,
884,884,6,4,116,3440,1648,oppidum,,,,,,Dominus,,,50,,,,
885,885,6,4,116,3440,1648,provincia,,,,,,Dominus,,,56,,,,
886,886,6,4,116,2517,848,,,,,,,,,,3,,,,
887,887,6,4,116,2244,,,,,,,,Reverendissimus dominus,Nadbiskup ostrogonski (Archiepiscopus strigoniensis),,32,,,,
888,888,6,4,116,2054,,judicatus,,,,,,Reverendissimus dominus,Nadbiskup ostrogonski (Archiepiscopus strigoniensis),,60,,,,
889,889,6,4,116,758,,judicatus,,,,,,Reverendissimus dominus,Nadbiskup ostrogonski (Archiepiscopus strigoniensis),,100,,,,
890,890,6,4,116,664,,judicatus,,,,,,Reverendissimus dominus,Nadbiskup ostrogonski (Archiepiscopus strigoniensis),,41,,,,
891,891,6,4,116,1531,,,,,,,,Reverendissimus dominus,Nadbiskup ostrogonski (Archiepiscopus strigoniensis),,22,,,,
892,892,6,4,116,1352,454,oppidum,,,,,,Dominus,,,26,,,,
893,893,6,4,116,1879,454,provincia,,,,,,Dominus,,,100,,,,
894,894,6,4,116,2453,,,,,,,,,Kaptol zagrebački (Capitulum Zagrabiense),,20,,,,
895,895,6,4,116,881,3787,,,,,,,,,,20,,,,
896,896,6,4,116,3700,3481,,,,,,,,,,10,,,,
897,897,6,4,116,721,935,,,,,,,,,,2,,,,
898,898,6,4,116,616,992,,,,,,,Comes,,,550,,,,
899,899,6,4,116,2744,1700,,,,,,,Dominus,,,31,,,,
900,900,6,4,116,2744,2400,,,,,,,,,,3,,,,
901,901,6,4,116,1844,1699,,,,,,,,,,16,,,,
902,902,6,4,116,3427,2284,,,,,,,,,,8,,,,
903,903,6,4,116,249,933,,,,,,,,,,6,,,,
904,904,6,4,116,2983,933,,,,,,,,,,5,,,,
905,905,6,4,116,1666,875,,,,,,,Dominus,,,11,,,,
906,906,6,4,116,1314,3607,,,,,,,,Judex nobilium,,24,,,,
907,907,6,4,116,1977,,,,,,,,,,Ex quibus vicejudex nobilium 1,2,,,,
908,908,6,4,116,1977,,,,,,,,,Nobiles unius sessionis,,13,,,,
909,909,6,1,98,2602,2563,,,,,,,,,,8,,,,
910,910,6,1,98,2796,4074,,,,,,,,,,3,,,,
911,911,6,1,98,3135,1295,,,,,,,,,,20,,,,
912,912,6,1,98,2602,2873,,,,,,,,Litteratus,,4,,,,
913,913,6,1,98,170,2559,,,,,,,,,,9,,,,
914,914,6,1,98,2677,1794,,,,,,,,,,22,,,,
915,915,6,1,98,2678,3921,,,,,,,,Judex nobilium,,34,,,,
916,916,6,1,98,2678,4102,,,,,,,,,,9,,,,
917,917,6,1,98,2602,1270,,,,,,,Domina,,,11,,,,
918,918,6,1,98,2678,,,,,,,,,Župnik (plebanus),,2,,,,
919,919,6,1,98,785,1342,,,,,,,,Magister,,8,,,,
920,920,6,1,98,2678,,oppidum,,,,,,,,,45,,,,
921,921,6,1,98,2679,,,,,,,,,,,20,,,,
922,922,6,1,98,2602,,villicatus,,,,,,,,,10,,,,
923,923,6,1,98,3213,3355,,,,,,,,,,2,,,,
924,924,6,1,98,3158,3843,,,,,,,,,,5,,,,
925,925,6,1,98,3158,3226,,,,,,,,,,4,,,,
926,926,6,1,98,3158,2122,,,,,,,,,,4,,,,
927,927,6,1,98,3158,1601,,,,,,,,,,2,,,,
928,928,6,1,98,3158,3756,,,,,,,,,,2,,,,
929,929,6,1,98,3158,840,,,,,,,,,,3,,,,
930,930,6,1,98,3541,,,,,,,Relicta,Domina ducissa,Ducissa,,5,,,,
931,931,6,1,98,3159,,,,,,,,,,,45,,,,
932,932,6,1,98,3158,366,,,,,,,,,,1,,,,
933,933,6,1,98,3158,,,,,,,,Dominus,Župnik (plebanus),,12,,,,
934,934,6,1,98,3158,,oppidum,,,,,,,,,65,,,,
935,935,6,1,98,3158,,,,,,,,,Prebendarius,,1,,,,
936,936,6,1,98,785,1249,,,,,,Relicta,,,,20,,,,
937,937,6,1,98,1829,,,provincia ad Iwanych,,,,,,Biskup zagrebački (Episcopus Zagrabiensis),,26,,,,
938,938,6,1,98,2280,,,provincia ad Iwanych,,,,,,,,15,,,,
939,939,6,1,98,2281,,,provincia ad Iwanych,,,,,,,,10,,,,
940,940,6,1,98,2545,1385,,provincia ad Iwanych,,,,,,,,11,,,,
941,941,6,1,98,741,390,,provincia ad Iwanych,,,,,,,,5,,,,
942,942,6,1,98,2585,2873,,provincia ad Iwanych,,,,,,,,5,,,,
943,943,6,1,98,2748,,,provincia ad Iwanych,,,,,,Biskup zagrebački (Episcopus Zagrabiensis),,11,,,,
944,944,6,1,98,2220,3594,,provincia ad Iwanych,,,,,,,,3,,,,
945,945,6,1,98,3368,,,provincia ad Iwanych,,,,,,,,37,,,,
946,946,6,1,98,1253,,oppidum,provincia ad Iwanych,,,,,,,,103,,,,
947,947,6,1,98,1253,,,provincia ad Iwanych,,,,,,Župnik (plebanus),,6,,,,
948,948,6,1,98,1253,4001,,provincia ad Iwanych,,,,,,,,9,,,,
949,949,6,1,98,787,2,,provincia ad Iwanych,,,,,,,,10,,,,
950,950,6,1,98,787,873,,provincia ad Iwanych,,,,,,,,3,,,,
951,951,6,1,98,3352,3916,,provincia ad Iwanych,,,,,,,,4,,,,
952,952,6,1,98,2077,1342,,provincia ad Iwanych,,,,,,,,10,,,,
953,953,6,1,98,1739,1568,,provincia ad Iwanych,,,,,,,,3,,,,
954,954,6,1,98,3662,93,,provincia ad Iwanych,,,,,,,,2,,,,
955,955,6,1,98,2241,3822,,provincia ad Iwanych,,,,,,Prebendarius,,4,,,,
956,956,6,1,98,184,4051,,provincia ad Iwanych,,,,,,,,3,,,,
957,957,6,1,98,1260,2734,,provincia ad Iwanych,,,,,,,,2,,,,
958,958,6,1,98,1873,105,,provincia ad Iwanych,,,,,,,,1,,,,
959,959,6,1,98,1465,359,,provincia ad Iwanych,,,,,,,,2,,,,
960,960,6,1,98,3663,838,,provincia ad Iwanych,,,,,,,,4,,,,
961,961,6,1,98,3231,4159,,provincia ad Iwanych,,,,,,,,1,,,,
962,962,6,1,98,184,146,,provincia ad Iwanych,,,,,,,,8,,,,
963,963,6,1,98,948,332,,provincia ad Iwanych,,,,,,,,2,,,,
964,964,6,1,98,184,3041,,provincia ad Iwanych,,,,,,,,1,,,,
965,965,6,1,98,342,3822,,provincia ad Iwanych,,,,,,,,1,,,,
966,966,6,1,98,2265,,,provincia ad Iwanych,,,,,,Župnik (plebanus),,2,,,,
967,967,6,1,98,2549,2078,,provincia ad Iwanych,,,,,,Vojvoda,,3,,,,
968,968,6,1,98,759,,villicatus,provincia ad Iwanych,,,,,,,,6,,,,
969,969,6,1,98,3110,1568,,provincia ad Iwanych,,,,,,,,2,,,,
970,970,6,1,98,2979,2078,,provincia ad Iwanych,,,,,,,,2,,,,
971,971,6,1,98,1023,1011,,provincia ad Iwanych,,,,,,,,2,,,,
972,972,6,1,98,2034,2799,,provincia ad Iwanych,,,,,,Predijalac (predialis),,1,,,,
973,973,6,1,98,1107,2683,,provincia ad Iwanych,,,,Relicta,,,,4,,,,
974,974,6,1,98,2719,591,,provincia ad Iwanych,,,,,,,,2,,,,
975,975,6,1,98,2103,3184,,provincia ad Iwanych,,,,,,,,4,,,,
976,976,6,1,98,194,2683,,provincia ad Iwanych,,,,,,,,3,,,,
977,977,6,1,98,2188,,,provincia ad Iwanych,,,,,,,,5,,,,
978,978,6,1,98,1253,,,provincia ad Iwanych,,,,,,Predijalci (prediales),,75,,,,
979,979,6,1,98,2215,,,provincia ad Iwanych,,,,,,,,41,,,,
980,980,6,1,98,3485,,,provincia ad Iwanych,,,,,,Biskup zagrebački (Episcopus Zagrabiensis),,41,,,,
981,981,6,1,98,2214,,oppidum,provincia ad Iwanych,,,,,,,,51,,,,
982,982,6,1,98,2214,,,provincia ad Iwanych,,,,,,Župnik (plebanus)-St. Trinitas,,15,,,,
983,983,6,1,98,426,,,provincia ad Iwanych,,,,,,Prepošt (praepositus),,27,,,,
984,984,6,1,98,426,,,provincia ad Iwanych,,,,,,Župnik (plebanus),,3,,,,
985,985,6,1,98,426,,,provincia ad Iwanych,,,,,,Prebendarius,,2,,,,
986,986,6,1,99,3866,,,provincia Chasmensis,,,,,,,,21,,,,
987,987,6,1,99,2163,,oppidum,provincia Chasmensis,,,,,,,,27,,,,
988,988,6,1,99,2163,,oppidum,provincia Chasmensis,,,,,,Župnik (plebanus),,3,,,,
989,989,6,1,99,1820,3846,,provincia Chasmensis,,,,,,,,6,,,,
990,990,6,1,99,1740,1568,,provincia Chasmensis,,,,,,,,8,,,,
991,991,6,1,99,1185,3002,,provincia Chasmensis,,,,,,,,2,,,,
992,992,6,1,99,1059,2396,,provincia Chasmensis,,,,,,,,5,,,,
993,993,6,1,99,1087,3230,,provincia Chasmensis,,,,,,,,4,,,,
994,994,6,1,99,1820,2543,,provincia Chasmensis,,,,,,,,9,,,,
995,995,6,1,99,3657,,oppidum,provincia Chasmensis,,,,,,Biskup zagrebački (Episcopus Zagrabiensis),,52,,,,
996,996,6,1,99,3657,,oppidum,provincia Chasmensis,,,,,,Župnik (plebanus),,6,,,,
997,997,6,1,99,1510,3573,,provincia Chasmensis,,,,,,,,4,,,,
998,998,6,1,99,1510,,,provincia Chasmensis,,,,,,Župnik (plebanus)-St. Stephanus,,6,,,,
999,999,6,1,99,1935,2529,,provincia Chasmensis,,,,,,,,4,,,,
1000,1000,6,1,99,2646,838,,provincia Chasmensis,,,,,,Prezbiter (presbiterus),,4,,,,
1001,1001,6,1,99,3092,1035,,provincia Chasmensis,,,,,,,,1,,,,
1002,1002,6,1,99,1088,444,,provincia Chasmensis,,,,,,,,2,,,,
1003,1003,6,1,99,493,,oppidum,provincia Chasmensis,,,,,,Biskup zagrebački (Episcopus Zagrabiensis),,51,,,,
1004,1004,6,1,99,843,,,provincia Chasmensis,,,,,,Biskup zagrebački (Episcopus Zagrabiensis) (?),,7,,,,
1005,1005,6,1,99,1035,,,provincia Chasmensis,,,,,,Biskup zagrebački (Episcopus Zagrabiensis),,9,,,,
1006,1006,6,1,99,3713,,,provincia Chasmensis,,,,,,Biskup zagrebački (Episcopus Zagrabiensis),,6,,,,
1007,1007,6,1,99,652,,,provincia Chasmensis,,,,,,Biskup zagrebački (Episcopus Zagrabiensis),,1,,,,
1008,1008,6,1,99,1049,,,provincia Chasmensis,,,,,,Biskup zagrebački (Episcopus Zagrabiensis),,17,,,,
1009,1009,6,1,99,3833,,,provincia Chasmensis,,,,,,Biskup zagrebački (Episcopus Zagrabiensis),,25,,,,
1010,1010,6,1,99,3554,2078,,provincia Chasmensis,,,,,,Magister,,1,,,,
1011,1011,6,1,99,3554,3420,,provincia Chasmensis,,,,,,Magister,,2,,,,
1012,1012,6,1,99,3554,2461,,provincia Chasmensis,,,,,,Magister,,3,,,,
1013,1013,6,1,99,2682,2461,,provincia Chasmensis,,,,,,Magister,,7,,,,
1014,1014,6,1,99,3554,2852,,provincia Chasmensis,,,,,,,,2,,,,
1015,1015,6,1,99,3554,2529,,provincia Chasmensis,,,,,,Magister,,1,,,,
1016,1016,6,1,99,493,,,provincia Chasmensis,,,,,,Župnik (plebanus),,3,,,,
1017,1017,6,1,99,2721,2492,,provincia Chasmensis,,,,Relicta,,,,3,,,,
1018,1018,6,1,99,2721,,,provincia Chasmensis,,,,,,Župnik (plebanus)-St. Juraj,,3,,,,
1019,1019,6,1,99,2721,3986,,provincia Chasmensis,,,,,,,,2,,,,
1020,1020,6,1,99,300,3185,,provincia Chasmensis,,,,,,,,7,,,,
1021,1021,6,1,99,300,3516,,provincia Chasmensis,,,,,,,,4,,,,
1022,1022,6,1,99,3795,2692,,provincia Chasmensis,,,,,,,,4,,,,
1023,1023,6,1,99,1671,1704,,provincia Chasmensis,,,,,,,,6,,,,
1024,1024,6,1,99,1671,893,,provincia Chasmensis,,,,,,,,2,,,,
1025,1025,6,1,99,3490,1756,,provincia Chasmensis,,,,,,,,4,,,,
1026,1026,6,1,99,1496,1342,,provincia Chasmensis,,,,,,,,1,,,,
1027,1027,6,1,99,1454,3822,,provincia Chasmensis,,,,,,,,4,,,,
1028,1028,6,1,99,3091,525,,provincia Chasmensis,,,,Relicta,,,,3,,,,
1029,1029,6,1,99,1837,525,,provincia Chasmensis,,,,Relicta,,,,5,,,,
1030,1030,6,1,99,3472,974,,provincia Chasmensis,,,,,,,,2,,,,
1031,1031,6,1,99,1289,165,,provincia Chasmensis,,,,,,,,4,,,,
1032,1032,6,1,99,3554,,,provincia Chasmensis,,,,,,Cantor,,4,,,,
1033,1033,6,1,99,1681,722,,provincia Chasmensis,,,,,,,,2,,,,
1034,1034,6,1,99,3472,1809,,provincia Chasmensis,,,,,,,,1,,,,
1035,1035,6,1,99,3825,3730,,provincia Chasmensis,,,,,,,,1,,,,
1036,1036,6,1,99,3825,2799,,provincia Chasmensis,,,,,,,,1,,,,
1037,1037,6,1,99,851,3516,,provincia Chasmensis,,,,,,,,1,,,,
1038,1038,6,1,99,851,2078,,provincia Chasmensis,,,,Relicta,,,,2,,,,
1039,1039,6,1,99,2764,,,provincia Chasmensis,,,,,,,,1,,,,
1040,1040,6,1,99,998,3185,,provincia Chasmensis,,,,,,Magister,,2,,,,
1041,1041,6,1,99,998,1233,,provincia Chasmensis,,,,,,Ispan*,,2,,,,1
1042,1042,6,1,99,998,,,provincia Chasmensis,,,,,,Custos Chasmensis,,5,,,,
1043,1043,6,1,99,998,,,provincia Chasmensis,,,,,,Domus hospitalis,,7,,,,
1044,1044,6,1,99,998,3516,,provincia Chasmensis,,,,,,Prebendarius,,4,,,,
1045,1045,6,1,99,998,3822,,provincia Chasmensis,,,,,,Prebendarius hospitalis,,4,,,,
1046,1046,6,1,99,3554,744,,provincia Chasmensis,,,,,,Magister,,1,,,,
1047,1047,6,1,99,3554,3420,,provincia Chasmensis,,,,,,Magister,,2,,,,
1048,1048,6,1,99,3554,2889,,provincia Chasmensis,,,,,,Magister,,1,,,,
1049,1049,6,1,99,494,,,provincia Chasmensis,,,,,,Predijalci (prediales),,45,,,,
1050,1050,6,1,99,2061,,oppidum,provincia Chasmensis,,,,,,,,250,,,,
1051,1051,6,1,99,3445,,,provincia Chasmensis,,,,,,,,152,,,,
1052,1052,6,1,99,3239,,,provincia Chasmensis,,,,,,Župnik (plebanus),,2,,,,
1053,1053,6,1,99,3184,,,provincia Chasmensis,,,,,,Prebendarius,,3,,,,
1054,1054,6,1,99,2061,,,provincia Chasmensis,,,,,,Prebendarius,,3,,,,
1055,1055,6,1,99,2061,,,provincia Chasmensis,,,,,,Magister hospitalis,,1,,,,
1056,1056,6,1,99,2061,,,provincia Chasmensis,,,,,,Župnik (plebanus),,12,,,,
1057,1057,6,1,99,3713,,,provincia Chasmensis,,,,,,Župnik (plebanus)-Monozlo,,6,,,,
1058,1058,6,1,99,3713,,,provincia Chasmensis,,,,,,Župnik (plebanus)-Svi Sveti,,5,,,,
1059,1059,6,1,99,3185,,,provincia Chasmensis,,,,,,Župnik (plebanus),,12,,,,
1060,1060,6,1,99,2065,,,provincia Chasmensis,,,,,,Predijalci (prediales),,22,,,,
1061,1061,6,1,100,3111,322,,provincia Dombrensis,,,,,,,,1,,,,
1062,1062,6,1,100,2573,3822,,provincia Dombrensis,,,,,,,,2,,,,
1063,1063,6,1,100,916,3575,,provincia Dombrensis,,,,,,,,2,,,,
1064,1064,6,1,100,2773,2078,,provincia Dombrensis,,,,Relicta,,,,4,,,,
1065,1065,6,1,100,3036,,,provincia Dombrensis,,,,,,,,3,,,,
1066,1066,6,1,100,3230,873,,provincia Dombrensis,,,,,,,,5,,,,
1067,1067,6,1,100,1480,2078,,provincia Dombrensis,,,,,,,,2,,,,
1068,1068,6,1,100,697,3580,,provincia Dombrensis,,,,,,,,10,,,,
1069,1069,6,1,100,3476,2078,,provincia Dombrensis,,,,,,,,2,,,,
1070,1070,6,1,100,1925,312,,provincia Dombrensis,,,,,,,,4,,,,
1071,1071,6,1,100,1135,447,,provincia Dombrensis,,,,,,,,4,,,,
1072,1072,6,1,100,918,1011,,provincia Dombrensis,,,,,,,,3,,,,
1073,1073,6,1,100,151,525,,provincia Dombrensis,,,,,,,,2,,,,
1074,1074,6,1,100,3394,3460,,provincia Dombrensis,,,,,,,,4,,,,
1075,1075,6,1,100,1027,385,,provincia Dombrensis,,,,,,,,5,,,,
1076,1076,6,1,100,924,3444,,provincia Dombrensis,,,,,,,,5,,,,
1077,1077,6,1,100,2398,282,,provincia Dombrensis,,,,,,,,6,,,,
1078,1078,6,1,100,353,4162,,provincia Dombrensis,,,,Relicta,,,,7,,,,
1079,1079,6,1,100,1041,1916,,provincia Dombrensis,,,,,,,,6,,,,
1080,1080,6,1,100,1286,2599,,provincia Dombrensis,,,,,,,,3,,,,
1081,1081,6,1,100,2765,506,,provincia Dombrensis,,,,,,,,2,,,,
1082,1082,6,1,100,18,3422,,provincia Dombrensis,,,,,,,,2,,,,
1083,1083,6,1,100,3025,3366,,provincia Dombrensis,,,,,,,,1,,,,
1084,1084,6,1,100,1108,3629,,provincia Dombrensis,,,,,,,,4,,,,
1085,1085,6,1,100,1108,,,provincia Dombrensis,,,,,,Župnik (plebanus)-St.Nikola,,1,,,,
1086,1086,6,1,100,1805,479,,provincia Dombrensis,,,,,,,,5,,,,
1087,1087,6,1,100,2757,,,provincia Dombrensis,,,,,,Fratres,,6,,,,
1088,1088,6,1,100,1132,720,,provincia Dombrensis,,,,,,,,4,,,,
1089,1089,6,1,100,1069,651,,provincia Dombrensis,,,,,,,,10,,,,
1090,1090,6,1,100,1069,647,,provincia Dombrensis,,,,Relicta,,,,2,,,,
1091,1091,6,1,100,1922,429,,provincia Dombrensis,,,,,,,,3,,,,
1092,1092,6,1,100,1439,720,,provincia Dombrensis,,,,Relicta,,,,2,,,,
1093,1093,6,1,100,2395,1896,,provincia Dombrensis,,,,,,,,1,,,,
1094,1094,6,1,100,3278,2647,,provincia Dombrensis,,,,,,,,2,,,,
1095,1095,6,1,100,1771,,,provincia Dombrensis,,,,,,Župnik (plebanus),,7,,,,
1096,1096,6,1,100,107,,,provincia Dombrensis,,,,,,Župnik (plebanus),,3,,,,
1097,1097,6,1,100,281,4159,,provincia Dombrensis,,,,,,,,2,,,,
1098,1098,6,1,100,1041,,,provincia Dombrensis,,,,,,Župnik (plebanus),,9,,,,
1099,1099,6,1,100,2954,2734,,provincia Dombrensis,,,,,,,,2,,,,
1100,1100,6,1,100,2385,689,,provincia Dombrensis,,,,,,,,2,,,,
1101,1101,6,1,100,2385,3545,,provincia Dombrensis,,,,,,,,2,,,,
1102,1102,6,1,100,850,,villicatus,provincia Dombrensis,,,,,,Biskup zagrebački (Episcopus Zagrabiensis),,5,,,,
1103,1103,6,1,100,473,,villicatus,provincia Dombrensis,,,,,,,,10,,,,
1104,1104,6,1,100,473,,provincia,provincia Dombrensis,,,,,,Biskup zagrebački (Episcopus Zagrabiensis),,11,,,,
1105,1105,6,1,100,1822,,villicatus,provincia Dombrensis,,,,,,Biskup zagrebački (Episcopus Zagrabiensis),,16,,,,
1106,1106,6,1,100,646,,villicatus,provincia Dombrensis,,,,,,Biskup zagrebački (Episcopus Zagrabiensis),,15,,,,
1107,1107,6,1,100,3842,,,provincia Dombrensis,,,,,,Biskup zagrebački (Episcopus Zagrabiensis) (?),,18,,,,
1108,1108,6,1,100,2051,,,provincia Dombrensis,,,,,,Biskup zagrebački (Episcopus Zagrabiensis),,25,,,,
1109,1109,6,1,100,738,,provincia,provincia Dombrensis,,,,,,Predijalci (prediales),,10,,,,
1110,1110,6,1,100,738,,oppidum,provincia Dombrensis,,,,,,,,62,,,,
1111,1111,6,1,100,3625,2792,,provincia Dombrensis,,,,,Domina,,,46,,,,
1112,1112,6,1,100,3624,,,provincia Dombrensis,,,,,,Prebendarius,,1,,,,
1113,1113,6,1,100,3624,,,provincia Dombrensis,,,,,,Župnik (plebanus),,2,,,,
1114,1114,6,1,100,437,1617,,provincia Dombrensis,,,,,,,,36,,,,
1115,1115,6,1,100,3365,1617,,provincia Dombrensis,,,,,,,,13,,,,
1116,1116,6,1,100,3365,2348,,provincia Dombrensis,,,,,,,,26,,,,
1117,1117,6,1,100,3365,,,provincia Dombrensis,,,,,,Župnik (plebanus),,2,,,,
1118,1118,6,1,100,486,541,,provincia Dombrensis,,,,Relicta,,,,5,,,,
1119,1119,6,1,100,2599,1838,,provincia Dombrensis,,,,,,,,4,,,,
1120,1120,6,1,100,3367,1295,,provincia Dombrensis,,,,Relicta,,Litteratus,,5,,,,
1121,1121,6,1,100,1708,,,provincia Dombrensis,,,,,,Župnik (plebanus),,3,,,,
1122,1122,6,1,100,612,3822,,provincia Dombrensis,,,,,,,,2,,,,
1123,1123,6,1,100,1708,869,,provincia Dombrensis,,,,,,Dux (knez),,30,,,,
1124,1124,6,1,100,1011,2414,,provincia Dombrensis,,,,,,,,3,,,,
1125,1125,6,1,100,915,2078,,provincia Dombrensis,,,,,,,,15,,,,
1126,1126,6,1,100,915,1568,,provincia Dombrensis,,,,,,,,1,,,,
1127,1127,6,1,100,3275,3533,,provincia Dombrensis,,,,,,,,2,,,,
1128,1128,6,1,100,3634,,oppidum,provincia Dombrensis,,,,,,Biskup zagrebački (Episcopus Zagrabiensis),,22,,,,
1129,1129,6,1,100,3634,,,provincia Dombrensis,,,,,,Predijalci (prediales)-Dominus episcopus,,16,,,,
1130,1130,6,1,100,970,1568,,provincia Dombrensis,,,,,,,,3,,,,
1131,1131,6,1,100,970,2438,,provincia Dombrensis,,,,,,,,2,,,,
1132,1132,6,1,100,702,2218,,provincia Dombrensis,,,,,,,,35,,,,
1133,1133,6,1,100,702,,,provincia Dombrensis,,,,,,Župnik (plebanus),,2,,,,
1134,1134,6,1,100,2306,1524,,provincia Dombrensis,,,,,,,,6,,,,
1135,1135,6,1,100,2306,2996,,provincia Dombrensis,,,,,,,,8,,,,
1136,1136,6,1,100,1455,2529,,provincia Dombrensis,,,,,,,,36,,,,
1137,1137,6,1,100,1455,,,provincia Dombrensis,,,,,,Župnik (plebanus),,1,,,,
1138,1138,6,1,100,3436,1781,,provincia Dombrensis,,,,,,,,1,,,,
1139,1139,6,1,100,138,,,provincia Dombrensis,,,,,,,,9,,,,
1140,1140,6,1,100,3494,1839,,provincia Dombrensis,,,,,,,,8,,,,
1141,1141,6,1,100,1459,1702,,provincia Dombrensis,,,,,,,,10,,,,
1142,1142,6,1,100,3316,3002,,provincia Dombrensis,,,,,,,,2,,,,
1143,1143,6,1,100,1238,3185,,provincia Dombrensis,,,,,,,,2,,,,
1144,1144,6,1,100,1238,3822,,provincia Dombrensis,,,,,,,,1,,,,
1145,1145,6,1,100,2158,875,,provincia Dombrensis,,,,,,,,115,,,,
1146,1146,6,1,100,1834,875,,provincia Dombrensis,,,,,,,,6,,,,
1147,1147,6,1,100,1413,875,villicatus,provincia Dombrensis,,,,,,,,24,,,,
1148,1148,6,1,100,2548,1011,,provincia Dombrensis,,,,,,,,2,,,,
1149,1149,6,1,100,2151,,,provincia Dombrensis,,,,,,Župnik (plebanus),,1,,,,
1150,1150,6,1,100,2960,3354,,provincia Dombrensis,,,,,,,,4,,,,
1151,1151,6,1,100,2395,1312,,provincia Dombrensis,,,,,,,,1,,,,
1152,1152,6,1,100,1295,1568,,provincia Dombrensis,,,,,,,,1,,,,
1153,1153,6,1,100,3390,1872,,provincia Dombrensis,,,,,,,,4,,,,
1154,1154,6,1,100,1736,,,provincia Dombrensis,,,,,,Župnik (plebanus)-Ludbreg,,2,,,,
1155,1155,6,1,100,2273,,,provincia Dombrensis,,,,,,Abbas,,11,,,,
1156,1156,6,1,100,2376,,,provincia Dombrensis,,,,,,Župnik (plebanus),,2,,,,
1157,1157,6,1,100,517,2003,,provincia Dombrensis,,,,,,,,11,,,,
1158,1158,6,1,100,517,2037,,provincia Dombrensis,,,,sinovi,,,,6,,,,
1159,1159,6,1,100,3554,,,provincia Dombrensis,,,,,,Vranski priorat (Prioratus Auranae),,63,,,,
1160,1160,6,1,100,928,869,oppidum,provincia Dombrensis,,,,,,Dux (knez),,20,,,,
1161,1161,6,1,100,928,869,provincia,provincia Dombrensis,,,,,,Dux (knez),,23,,,,
1162,1162,6,1,100,1046,2095,,provincia Dombrensis,,,,,,,,2,,,,
1163,1163,6,1,100,1045,1346,,provincia Dombrensis,,,,,,,,3,,,,
1164,1164,6,1,100,2558,2095,,provincia Dombrensis,,,,,,,,9,,,,
1165,1165,6,1,100,2558,1346,,provincia Dombrensis,,,,,,,,9,,,,
1166,1166,6,1,100,1045,,,provincia Dombrensis,,,,,,Župnik (plebanus)-St. Nikola,,1,,,,
1167,1167,6,1,100,2558,,,provincia Dombrensis,,,,,,Župnik (plebanus),,1,,,,
1168,1168,6,1,100,435,2004,,provincia Dombrensis,,,,,,,,7,,,,
1169,1169,6,1,100,337,2333,,provincia Dombrensis,,,,,,,,16,,,,
1170,1170,6,1,100,337,3085,,provincia Dombrensis,,,,,,,,17,,,,
1171,1171,6,1,100,3197,2474,,provincia Dombrensis,,,,,,,,3,,,,
1172,1172,6,1,100,1197,1737,,provincia Dombrensis,,,,,,,,4,,,,
1173,1173,6,1,100,1197,,,provincia Dombrensis,,,,,,Vranski priorat (Prioratus Auranae)*,,2,,,,1
1174,1174,6,1,100,546,2532,,provincia Dombrensis,,,,,,,,1,,,,
1175,1175,6,1,100,259,3437,,provincia Dombrensis,,,,,,Litteratus,,8,,,,
1176,1176,6,1,100,259,757,,provincia Dombrensis,,,,,,,,2,,,,
1177,1177,6,1,100,1092,2078,,provincia Dombrensis,,,,,,,,2,,,,
1178,1178,6,1,100,1092,744,,provincia Dombrensis,,,,,,,,2,,,,
1179,1179,6,1,100,1092,3516,,provincia Dombrensis,,,,,,,,2,,,,
1180,1180,6,1,100,546,1258,,provincia Dombrensis,,,,,,,,3,,,,
1181,1181,6,1,100,2124,2415,,provincia Dombrensis,,,,,,,,2,,,,
1182,1182,6,1,100,1167,626,,provincia Dombrensis,,,,,,,,2,,,,
1183,1183,6,1,100,1440,3437,,provincia Dombrensis,,,,,,,,3,,,,
1184,1184,6,1,100,344,4091,,provincia Dombrensis,,,,,,,,3,,,,
1185,1185,6,1,100,546,3717,,provincia Dombrensis,,,,,,,,3,,,,
1186,1186,6,1,100,2820,1247,,provincia Dombrensis,,,,,,,,1,,,,
1187,1187,6,1,100,670,1702,,provincia Dombrensis,,,,,,,,20,,,,
1188,1188,6,1,100,1921,118,,provincia Dombrensis,,,,Relicta,,,,1,,,,
1189,1189,6,1,100,1151,1011,,provincia Dombrensis,,,,,,,,2,,,,
1190,1190,6,1,100,412,1290,,provincia Dombrensis,,,,,,,,15,,,,
1191,1191,6,1,100,3110,1524,,provincia Dombrensis,,,,,,,,6,,,,
1192,1192,6,1,100,3110,2529,,provincia Dombrensis,,,,,,,,3,,,,
1193,1193,6,1,100,2573,3822,,provincia Dombrensis,,,,,,,,20,,,,
1194,1194,6,1,100,2820,1032,,provincia Dombrensis,,,,,,,,2,,,,
1195,1195,6,1,100,2820,520,,provincia Dombrensis,,,,,,,,2,,,,
1196,1196,6,1,100,2820,147,,provincia Dombrensis,,,,,,,,1,,,,
1197,1197,6,1,100,1651,,,provincia Dombrensis,,,,,,Magister protonotharius,,21,,,,
1198,1198,6,1,100,6,4095,,provincia Dombrensis,,,,,,,,3,,,,
1199,1199,6,1,100,2576,2949,,provincia Dombrensis,,,,,,,,4,,,,
1200,1200,6,1,100,2576,2947,,provincia Dombrensis,,,,,,,,2,,,,
1201,1201,6,1,100,2576,3516,,provincia Dombrensis,,,,,,,,1,,,,
1202,1202,6,1,100,2576,3457,,provincia Dombrensis,,,,,,,,2,,,,
1203,1203,6,1,100,2576,,,provincia Dombrensis,,,,,,Župnik (plebanus),,2,,,,
1204,1204,6,1,100,3554,2897,,provincia Dombrensis,,,,,,,,1,,,,
1205,1205,6,1,100,3554,278,,provincia Dombrensis,,,,,,,,2,,,,
1206,1206,6,1,100,3554,,,provincia Dombrensis,,,,,,Župnik (plebanus),,1,,,,
1207,1207,6,1,100,3554,2138,,provincia Dombrensis,,,,,,,,2,,,,
1208,1208,6,1,100,3545,2562,,provincia Dombrensis,,,,,,,,1,,,,
1209,1209,6,1,100,3545,,,provincia Dombrensis,,,,,,Biskup zagrebački (Episcopus Zagrabiensis),,17,,,,
1210,1210,6,1,100,2820,1261,,provincia Dombrensis,,,,,,,,10,,,,
1211,1211,6,1,100,2545,105,,provincia Dombrensis,,,,,,,,5,,,,
1212,1212,6,1,100,2717,1653,,provincia Dombrensis,,,,,,,,13,,,,
1213,1213,6,1,100,2545,2228,,provincia Dombrensis,,,,,,,,2,,,,
1214,1214,6,1,100,2545,39,,provincia Dombrensis,,,,,,,,4,,,,
1215,1215,6,1,100,1218,1568,,provincia Dombrensis,,,,,,,,3,,,,
1216,1216,6,1,100,1218,3185,,provincia Dombrensis,,,,,,,,7,,,,
1217,1217,6,1,100,1552,,,provincia Dombrensis,,,,,,Nadbiskup (Archiepiscopus ad Monozlo),,13,,,,
1218,1218,6,1,100,1218,3822,,provincia Dombrensis,,,,,,,,5,,,,
1219,1219,6,1,100,2545,3580,,provincia Dombrensis,,,,,,,,2,,,,
1220,1220,6,1,100,2766,4244,,provincia Dombrensis,,,,,,,,2,,,,
1221,1221,6,1,100,845,1342,,provincia Dombrensis,,,,,,Magister,,6,,,,
1222,1222,6,1,100,1395,869,,provincia Dombrensis,,,,,,Dux (knez),,31,,,,
1223,1223,6,1,100,1395,,,provincia Dombrensis,,,,,,Župnik (plebanus),,1,,,,
1224,1224,6,1,100,2717,3822,,provincia Dombrensis,,,,,,,,5,,,,
1225,1225,6,1,100,2096,2078,,provincia Dombrensis,,,,Relicta,,,,5,,,,
1226,1226,6,1,100,2717,1342,,provincia Dombrensis,,,,Relicta,,,,20,,,,
1227,1227,6,1,100,2717,,,provincia Dombrensis,,,,,,Claustrum Crisiense,,17,,,,
1228,1228,6,1,100,3609,3030,,provincia Dombrensis,,,,,,,,3,,,,
1229,1229,6,1,100,623,,,provincia Dombrensis,,,,,,Župnik (plebanus),,6,,,,
1230,1230,6,1,100,627,,,provincia Dombrensis,,,,,,,,55,,,,
1231,1231,6,1,100,2638,2020,,provincia Dombrensis,,,,,,,,8,,,,
1232,1232,6,1,100,2639,2469,,provincia Dombrensis,,,,,,,,6,,,,
1233,1233,6,1,100,2096,182,,provincia Dombrensis,,,,,,Judex nobilium,,11,,,,
1234,1234,6,1,100,626,,,provincia Dombrensis,,,,,,,,93,,,,
1235,1235,6,1,100,2757,884,,provincia Dombrensis,,,,,Dominus,,,32,,,,
1236,1236,6,1,100,1050,224,,provincia Dombrensis,,,,,,,,5,,,,
1237,1237,6,1,100,1050,3921,,provincia Dombrensis,,,,,,,,3,,,,
1238,1238,6,1,100,1050,,,provincia Dombrensis,,,,Relicta,,,,3,,,,
1239,1239,6,1,100,1291,977,,provincia Dombrensis,,,,,,,,4,,,,
1240,1240,6,1,100,1157,2401,,provincia Dombrensis,,,,,,,,3,,,,
1241,1241,6,1,41,3477,3238,villicatus,,,,,,,,,10,,,,
1242,1242,6,1,41,2807,,oppidum,,,,,,,,,20,,,,
1243,1243,6,1,41,2963,2873,,,,,,,,,,5,,,,
1244,1244,6,1,41,222,3238,villicatus,,,,,,,,,11,,,,
1245,1245,6,1,41,1832,3329,,,,,,,,,,3,,,,
1246,1246,6,1,41,1832,,,,,,,,,Župnik (plebanus)-Reyche,,5,,,,
1247,1247,6,1,41,1526,3516,,,,,,,,,,12,,,,
1248,1248,6,1,41,1526,,,,,,,,,Župnik (plebanus),,2,,,,
1249,1249,6,1,41,1527,3238,,,,,,,,,,30,,,,
1250,1250,6,1,41,1526,,villicatus,,,,,,,,,15,,,,
1251,1251,6,1,41,1528,3238,,,,,,,,,,20,,,,
1252,1252,6,1,41,3211,,,,,,,,,Župnik (plebanus)-St.Trojstvo,,4,,,,
1253,1253,6,1,41,1138,474,,,,,,Filius,,,,55,,,,
1254,1254,6,1,41,3684,3270,,,,,,,,,,18,,,,
1255,1255,6,1,41,3721,1420,,,,,,,,,,19,,,,
1256,1256,6,1,41,1645,1420,,,,,,,,,,10,,,,
1257,1257,6,1,41,1645,3270,,,,,,,,,,10,,,,
1258,1258,6,1,41,1642,,,,,,,,,,,12,,,,
1259,1259,6,1,41,1641,,,,,,,,,Župnik (plebanus)-Ludbreg,,2,,,,
1260,1260,6,1,41,1838,1003,oppidum,,,,,,,,,43,,,,
1261,1261,6,1,41,1840,1003,,,,,,,,,,78,,,,
1262,1262,6,1,41,1839,1003,,,,,,,,,,73,,,,
1263,1263,6,1,41,1432,1303,,,,,,,,,,17,,,,
1264,1264,6,1,41,3548,,,,,,,,,Župnik (plebanus),,10,,,,
1265,1265,6,1,41,3548,,,,,,,,,Fratres-Ludbreg,,4,,,,
1266,1266,6,1,41,127,3764,,,,,,,,,,64,,,,
1267,1267,6,1,41,128,3069,,,,,,,,Litteratus,,22,,,,
1268,1268,6,1,41,473,1196,,,,,,,,,,21,,,,
1269,1269,6,1,41,1570,1342,,,,,,,,Magister,,13,,,,
1270,1270,6,1,41,829,3717,,,,,,,,,,5,,,,
1271,1271,6,1,41,829,90,,,,,,,,,,4,,,,
1272,1272,6,1,41,829,3310,,,,,,,,,,1,,,,
1273,1273,6,1,41,2728,3840,,,,,,,,,,45,,,,
1274,1274,6,1,41,3537,,,,,,,,,Župnik (plebanus)-St. Kuzme,,2,,,,
1275,1275,6,1,41,2274,2712,,,,,,,,,,10,,,,
1276,1276,6,1,41,2729,1383,,,,,,,,,,61,,,,
1277,1277,6,1,41,2728,2712,,,,,,,,,,90,,,,
1278,1278,6,1,41,2728,3258,,,,,,,,,,16,,,,
1279,1279,6,1,41,2728,1019,,,,,,,,,,3,,,,
1280,1280,6,1,41,2728,3185,,,,,,,,Prebendarius,,1,,,,
1281,1281,6,1,41,2728,,,,,,,,,Župnik (plebanus),,1,,,,
1282,1282,6,1,41,3715,1301,,,,,,,,,,7,,,,
1283,1283,6,1,41,3715,2349,,,,,,,,,,10,,,,
1284,1284,6,1,41,419,,,,,,,,,Kaptol čazmanski (Capitulum Chasmense),,10,,,,
1285,1285,6,1,41,838,1796,,,,,,,,,,3,,,,
1286,1286,6,1,41,838,755,,,,,,,,,,4,,,,
1287,1287,6,1,41,727,3729,,,,,,,,,,5,,,,
1288,1288,6,1,41,1008,3086,,,,,,,,,,11,,,,
1289,1289,6,1,41,290,2334,,,,,,,,,,4,,,,
1290,1290,6,1,41,3554,1668,,,,,,,,,,5,,,,
1291,1291,6,1,41,1084,1011,,,,,,,,,,1,,,,
1292,1292,6,1,41,1084,2059,,,,,,,,,,1,,,,
1293,1293,6,1,41,1429,,,,,,,,,Župnik (plebanus)-Kapruncza,,10,,,,
1294,1294,6,1,41,1297,,,,,,,,,,,8,,,,
1295,1295,6,1,41,1334,1777,,,,,,,,,,4,,,,1
1296,1296,6,1,41,3473,,villicatus,,,,,,,,,35,,,,
1297,1297,6,1,41,1163,,villicatus,,,,,,,,,20,,,,
1298,1298,6,1,41,1428,,,,,,,,,,,89,,,,
1299,1299,6,1,41,3547,,villicatus,,,,,,,,,41,,,,
1300,1300,6,1,41,3547,,villicatus,,,,,,,,,7,,,,
1301,1301,6,1,41,1427,,,,,,,,,Fratres,,8,,,,
1302,1302,6,1,41,2050,1011,,,,,,,,Prebendarius,,2,,,,
1303,1303,6,1,41,1427,,oppidum,,,,,,,,,67,,,,
1304,1304,6,1,41,3392,2878,,,,,,,,,,6,,,,
1305,1305,6,1,41,1438,744,,,,,,,Dominus,,,7,,,,
1306,1306,6,1,41,75,757,,,,,,,,,,8,,,,
1307,1307,6,1,41,3029,1524,,,,,,,,,,11,,,,
1308,1308,6,1,41,3027,2493,,,,,,,,,,6,,,,
1309,1309,6,1,41,3027,3888,,,,,,,,,,26,,,,
1310,1310,6,1,41,3027,873,,,,,,,,,,2,,,,
1311,1311,6,1,41,3027,2873,,,,,,,,,,1,,,,
1312,1312,6,1,41,3568,,,,,,,,,Župnik (plebanus),,3,,,,
1313,1313,6,1,41,3568,,oppidum,,,,,,,Biskup zagrebački (Episcopus Zagrabiensis),,23,,,,
1314,1314,6,1,41,3568,,villicatus,,,,,,,Biskup zagrebački (Episcopus Zagrabiensis),,40,,,,
1315,1315,6,1,41,2617,1295,,,,,,,,Prebendarius,,2,,,,
1316,1316,6,1,41,2617,1916,,,,,,Relicta,,,,1,,,,
1317,1317,6,1,41,2617,3822,,,,,,,,Prebendarius,,6,,,,
1318,1318,6,1,41,3801,,,,,,,,,Župnik (plebanus),,4,,,,
1319,1319,6,1,41,3771,,,,,,,,,Župnik (plebanus),,2,,,,
1320,1320,6,1,41,2617,1568,,,,,,,,Prebendarius,,5,,,,
1321,1321,6,1,41,3839,,,,,,,,,Župnik (plebanus),,2,,,,
1322,1322,6,1,41,3551,,,,,,,,,Župnik (plebanus),,10,,,,
1323,1323,6,1,41,2617,,,,,,,,,Župnik (plebanus),,2,,,,
1324,1324,6,1,41,1805,,villicatus,,,,,,,Župnik (plebanus)-Zenth Gergewara,,12,,,,
1325,1325,6,1,41,3589,,,,,,,,,Župnik (plebanus),,2,,,,
1326,1326,6,1,41,2617,873,,,,,,,,Prebendarius,,10,,,,
1327,1327,6,1,41,990,,,,,,,,,Župnik (plebanus),,4,,,,
1328,1328,6,1,41,2629,,villicatus,,,,,,,,,76,,,,
1329,1329,6,1,41,3661,,villicatus,,,,,,,,,38,,,,
1330,1330,6,1,41,3815,,villicatus,,,,,,,,,90,,,,
1331,1331,6,1,41,2956,,villicatus,,,,,,,,,13,,,,
1332,1332,6,1,41,3590,,villicatus,,,,,,,,,18,,,,
1333,1333,6,1,41,2052,,villicatus,,,,,,,,,33,,,,
1334,1334,6,1,41,3545,,oppidum,,,,,,,,,33,,,,
1335,1335,6,1,41,991,,villicatus,,,,,,,,,21,,,,
1336,1336,6,1,41,3838,,villicatus,,,,,,,,,20,,,,
1337,1337,6,1,41,1162,,villicatus,,,,,,,,,20,,,,
1338,1338,6,1,41,1333,,villicatus,,,,,,,,,22,,,,
1339,1339,6,1,41,2198,,villicatus,,,,,,,,,28,,,,
1340,1340,6,1,41,2617,,oppidum,,,,,,,,,148,,,,
1341,1341,6,1,41,177,,villicatus,,,,,,,,,21,,,,
1342,1342,6,1,41,1009,,villicatus,,,,,,,,,14,,,,
1343,1343,6,1,41,3058,3185,,,,,,,,,,1,,,,
1344,1344,6,1,41,1504,,,,,,,,,Župnik (plebanus)-St. Klara,,5,,,,
1345,1345,6,1,41,1503,3437,,,,,,Relicta,,Litteratus,,3,,,,
1346,1346,6,1,41,3581,,villicatus,,,,,,,Biskup zagrebački (Episcopus Zagrabiensis),,20,,,,
1347,1347,6,1,41,3477,2639,,,,,,,,,,2,,,,
1348,1348,6,1,41,3477,1935,,,,,,,,,,3,,,,
1349,1349,6,1,41,3477,3004,,,,,,,,,,1,,,,
1350,1350,6,1,41,3123,3127,,,,,,,,,,8,,,,
1351,1351,6,1,41,3813,3238,villicatus,,,,,,,,,16,,,,
1352,1352,6,1,41,3813,,,,,,,,,Župnik (plebanus),,5,,,,
1353,1353,6,1,41,3813,,,,,,,,,Eremiti (Fratres heremitae),,25,,,,
1354,1354,6,1,41,1450,1405,,,,,,,,,,10,,,,
1355,1355,6,1,41,2066,3437,,,,,,Relicta,,Litteratus,,5,,,,
1356,1356,6,1,41,891,3052,,,,,,,,,,7,,,,
1357,1357,6,1,41,891,3034,,,,,,,,,,7,,,,
1358,1358,6,1,41,891,3002,,,,,,,,Litteratus,,10,,,,
1359,1359,6,1,41,891,1367,,,,,,,,,,11,,,,
1360,1360,6,1,41,26,1697,,,,,,,,,,15,,,,
1361,1361,6,1,41,1081,2280,,,,,,,,,,10,,,,
1362,1362,6,1,41,663,2663,,,,,,,,,,6,,,,
1363,1363,6,1,41,3711,,,,,,,,,Župnik (plebanus),,2,,,,
1364,1364,6,1,41,2400,4051,,,,,,,,Litteratus,,26,,,,
1365,1365,6,1,41,921,1991,,,,,,,,,,6,,,,
1366,1366,6,1,41,2340,,,,,,,,,Župnik (plebanus),,5,,,,
1367,1367,6,1,41,604,1543,,,,,,,,,,3,,,,
1368,1368,6,1,41,3712,,,,,,,,,Kaptol čazmanski (Capitulum Chasmense),,40,,,,
1369,1369,6,1,41,1450,3728,,,,,,,,Litteratus,,6,,,,
1370,1370,6,1,41,329,2664,,,,,,,,,,3,,,,
1371,1371,6,1,41,23,2078,,,,,,,,,,6,,,,
1372,1372,6,1,41,2189,4190,,,,,,Relicta,,,,7,,,,
1373,1373,6,1,41,1273,3695,,,,,,,,,,5,,,,
1374,1374,6,1,41,1403,3185,,,,,,Relicta,,Magister,,11,,,,
1375,1375,6,1,41,3657,1301,,,,,,,,,,5,,,,
1376,1376,6,1,41,88,2850,,,,,,,,,,3,,,,
1377,1377,6,1,41,1927,3437,,,,,,,,Litteratus,,7,,,,
1378,1378,6,1,41,1404,2529,,,,,,,,,,1,,,,
1379,1379,6,1,41,1450,3052,,,,,,,,,,6,,,,
1380,1380,6,1,41,1451,3427,,,,,,,,,,4,,,,
1381,1381,6,1,41,3776,3002,,,,,,Relicta,,,,3,,,,
1382,1382,6,1,41,1543,,,,,,,,,Župnik (plebanus),,1,,,,
1383,1383,6,1,41,3313,4051,,,,,,,,,,5,,,,
1384,1384,6,1,41,1864,1272,,,,,,Relicta,,,,4,,,,
1385,1385,6,1,41,1864,3852,,,,,,,,,,1,,,,
1386,1386,6,1,41,1101,3822,,,,,,,,,,100,,,,
1387,1387,6,1,41,1101,,,,,,,,,Župnik (plebanus),,2,,,,
1388,1388,6,1,41,2112,2550,,,,,,,,,,6,,,,
1389,1389,6,1,41,2112,1989,,,,,,,,,,4,,,,
1390,1390,6,1,41,2112,1253,,,,,,,,,,4,,,,
1391,1391,6,1,41,2112,2391,,,,,,,,,,6,,,,
1392,1392,6,1,41,2112,3353,,,,,,,,,,1,,,,
1393,1393,6,1,41,2112,3406,,,,,,,,,,1,,,,
1394,1394,6,1,41,1462,,,,,,,,,Župnik (plebanus),,2,,,,
1395,1395,6,1,41,2112,645,,,,,,,,,,3,,,,
1396,1396,6,1,41,2112,1293,,,,,,,,,,60,,,,
1397,1397,6,1,41,2112,1860,,,,,,,,,,18,,,,1
1398,1398,6,1,89,2757,,,,,,,,,Eremiti (Fratres heremitae) sub Garyg,,11,,,,
1399,1399,6,1,89,2696,3794,,,,,,,,,,3,,,,
1400,1400,6,1,89,871,,,,,,,,Dominus,Nadbiskup ostrogonski (Archiepiscopus strigoniensis)*,,13,,,,1
1401,1401,6,1,89,3474,,,,,,,,Dominus,Nadbiskup ostrogonski (Archiepiscopus strigoniensis)*,,31,,,,1
1402,1402,6,1,89,19,,,,,,,,Dominus,Nadbiskup ostrogonski (Archiepiscopus strigoniensis)*,,33,,,,1
1403,1403,6,1,89,958,,,,,,,,,Župnik (plebanus),,7,,,,
1404,1404,6,1,89,958,2957,,,,,,,,,,3,,,,
1405,1405,6,1,89,2298,1453,,,,,,,,,,3,,,,
1406,1406,6,1,89,2298,4173,,,,,,,,,,1,,,,
1407,1407,6,1,89,1792,4246,,,,,,,,,,4,,,,
1408,1408,6,1,89,1792,2529,,,,,,,,,,2,,,,
1409,1409,6,1,89,2306,511,,,,,,Relicta,,,,1,,,,
1410,1410,6,1,89,1688,,oppidum,,,,,,,Nadbiskup ostrogonski (Archiepiscopus strigoniensis),,17,,,,
1411,1411,6,1,89,1688,,provincia,,,,,,,Nadbiskup ostrogonski (Archiepiscopus strigoniensis),,25,,,,
1412,1412,6,1,89,475,,,,,,,,,Nadbiskup ostrogonski (Archiepiscopus strigoniensis),,24,,,,
1413,1413,6,1,89,475,,,,,,,,,Župnik (plebanus),,1,,,,
1414,1414,6,1,89,580,829,,,,,,Relicta,,,,43,,,,
1415,1415,6,1,89,580,1452,,,,,,Relicta,,,,10,,,,
1416,1416,6,1,89,580,3247,,,,,,,,,,3,,,,
1417,1417,6,1,89,580,3185,,,,,,,,Prebendarius,,1,,,,
1418,1418,6,1,89,1734,873,,,,,,,Dominus,,,46,,,,
1419,1419,6,1,89,1734,,,,,,,,,Župnik (plebanus),,2,,,,
1420,1420,6,1,89,102,582,,,,,,,,,,21,,,,
1421,1421,6,1,89,880,1354,,,,,,,,,,63,,,,
1422,1422,6,1,89,37,1354,,,,,,,,,,85,,,,
1423,1423,6,1,89,2613,,,,,,,,,Župnik (plebanus),,2,,,,
1424,1424,6,1,89,3217,,,,,,,,,,,75,,,,
1425,1425,6,1,89,3217,,provincia,,,,,,,,,334,,,,
1426,1426,6,1,89,3215,,,,,,,,,,,70,,,,
1427,1427,6,1,89,849,3447,,,,,,,,,,35,,,,
1428,1428,6,1,89,849,2020,,,,,,,,,,7,,,,
1429,1429,6,1,89,849,2501,,,,,,,,,,6,,,,
1430,1430,6,1,89,849,,,,,,,,,Župnik (plebanus),,1,,,,
1431,1431,6,1,89,2002,,,,,,,,,Župnik (plebanus),,2,,,,
1432,1432,6,1,89,2002,,,,,,,,,Magister hospitalis,,4,,,,
1433,1433,6,1,89,2003,,oppidum,,,,,,,,,43,,,,
1434,1434,6,1,89,2004,,provincia,,,,,,,,,131,,,,
1435,1435,6,1,89,2334,2005,,,,,,,,Magister,,1,,,,
1436,1436,6,1,89,2334,2007,,,,,,Relicta,,Magister,,1,,,,1
1437,1437,6,1,89,3571,135,,,,,,,,,,13,,,,
1438,1438,6,1,89,3571,4,,,,,,,,,,48,,,,
1439,1439,6,1,89,3657,295,oppidum,,,,,,,,,24,,,,
1440,1440,6,1,89,3657,295,provincia,,,,,,,,,133,,,,
1441,1441,6,1,89,3657,,,,,,,,,Župnik (plebanus),,3,,,,
1442,1442,6,1,89,3657,1342,,,,,,,,,,27,,,,
1443,1443,6,1,89,854,3030,,,,,,,,Judex nobilium,,7,,,,
1444,1444,6,1,89,2452,2529,,,,,,,,,,38,,,,
1445,1445,6,1,89,2452,2685,,,,,,,,,,42,,,,
1446,1446,6,1,89,2452,2078,,,,,,,,,,37,,,,
1447,1447,6,1,89,2452,3822,,,,,,,,,,60,,,,
1448,1448,6,1,89,2452,,,,,,,,,Župnik (plebanus),,10,,,,
1449,1449,6,1,89,2452,3666,,,,,,,,,,1,,,,
1450,1450,6,1,89,2452,3552,,,,,,,,,,4,,,,
1451,1451,6,1,89,421,,,,,,,,,Kralj (rex),,34,,,,
1452,1452,6,1,89,421,3705,,,,,,,,,,7,,,,
1453,1453,6,1,89,421,,,,,,,,,Župnik (plebanus),,8,,,,
1454,1454,6,1,89,421,4066,,,,,,,,,,3,,,,
1455,1455,6,1,89,41,1342,,,,,,,,Relicta,,25,,,,
1456,1456,6,1,89,2414,1342,,,,,,,,Relicta,,15,,,,
1457,1457,6,1,89,863,3822,,,,,,,,,,43,,,,
1458,1458,6,1,89,41,3822,,,,,,,,,,52,,,,
1459,1459,6,1,89,882,1568,,,,,,,,,,15,,,,
1460,1460,6,1,89,3505,4051,,,,,,,,Predijalac (predialis),,3,,,,
1461,1461,6,1,89,1576,4051,,,,,,,,Predijalac (predialis),,6,,,,
1462,1462,6,1,89,882,1342,,,,,,Filius,,,,46,,,,
1463,1463,6,1,89,41,1342,,,,,,Filius,,,,66,,,,
1464,1464,6,1,89,41,1354,,,,,,,,,,20,,,,
1465,1465,6,1,89,3722,,,,,,,,,Župnik (plebanus),,4,,,,
1466,1466,6,1,89,3538,,,,,,,,,Župnik (plebanus),,6,,,,
1467,1467,6,1,89,3538,,,,,,,,,Prebendarius,,4,,,,
1468,1468,6,1,89,2119,,,,,,,,,Župnik (plebanus),,6,,,,
1469,1469,6,1,89,750,,,,,,,,,Kralj (rex),,25,,,,
1470,1470,6,1,89,750,,,,,,,,,Župnik (plebanus),,3,,,,
1471,1471,6,1,89,750,3822,,,,,,,,Prebendarius,,4,,,,
1472,1472,6,1,89,750,4067,,,,,,,,,,2,,,,
1473,1473,6,1,89,2801,135,,,,,,,,,,21,,,,
1474,1474,6,1,89,3056,3185,,,,,,,,,,27,,,,
1475,1475,6,1,89,1448,2529,,,,,,,,,,4,,,,
1476,1476,6,1,89,1448,3002,,,,,,,,,,7,,,,
1477,1477,6,1,89,2801,4156,,,,,,,,,,2,,,,
1478,1478,6,1,89,2801,3317,,,,,,,,,,4,,,,
1479,1479,6,1,89,920,1354,,,,,,,,,,260,,,,
1480,1480,6,1,89,17,3601,,,,,,,,,,4,,,,
1481,1481,6,1,89,178,3822,,,,,,,,,,1,,,,
1482,1482,6,1,89,178,3269,,,,,,,,,,1,,,,
1483,1483,6,1,89,178,1043,,,,,,,,,,1,,,,
1484,1484,6,1,89,178,193,,,,,,,,,,2,,,,
1485,1485,6,1,89,3506,3890,,,,,,,,,,23,,,,
1486,1486,6,1,89,3573,,,,,,,,,Župnik (plebanus),,1,,,,
1487,1487,6,1,89,1982,245,,,,,,,,,,46,,,,
1488,1488,6,1,89,3052,245,,,,,,,,,,17,,,,
1489,1489,6,1,89,2878,2333,,,,,,,,,,31,,,,
1490,1490,6,1,89,2878,3085,,,,,,,,,,30,,,,
1491,1491,6,1,89,2878,,,,,,,,,Župnik (plebanus),,1,,,,
1492,1492,6,1,89,2287,,,,,,,,,Kralj (rex),,67,,,,
1493,1493,6,1,89,137,601,,,,,,,,,,9,,,,
1494,1494,6,1,89,1768,3099,,,,,,,,,,10,,,,
1495,1495,6,1,89,1768,3437,,,,,,,,,,3,,,,
1496,1496,6,1,89,1262,2529,,,,,,,,,,8,,,,
1497,1497,6,1,89,3609,,,,,,,,,Župnik (plebanus),,4,,,,
1498,1498,6,1,89,92,2441,,,,,,,,,,60,,,,
1499,1499,6,1,89,92,,,,,,,,,Župnik (plebanus),,3,,,,
1500,1500,6,1,89,1220,2078,,,,,,Relicta,,,,16,,,,
1501,1501,6,1,89,1630,3640,,,,,,,,,,3,,,,
1502,1502,6,1,89,1630,3246,,,,,,,,,,4,,,,
1503,1503,6,1,89,1630,1406,,,,,,,,,,11,,,,
1504,1504,6,1,89,2907,1622,,,,,,,,,,32,,,,
1505,1505,6,1,89,3854,3186,,,,,,,,,,25,,,,
1506,1506,6,1,89,3854,3085,,,,,,,,,,8,,,,
1507,1507,6,1,89,139,,oppidum,,,,,,,,,18,,,,
1508,1508,6,1,89,139,,provincia,,,,,,,,,86,,,,
1509,1509,6,1,89,1376,,,,,,,,,Kralj (rex),,46,,,,
1510,1510,6,1,89,3384,3516,,,,,,,,,,6,,,,
1511,1511,6,1,89,3413,744,,,,,,,,,,8,,,,
1512,1512,6,1,89,529,,,,,,,,,Kralj (rex),,3,,,,
1513,1513,6,1,89,529,3776,,,,,,,,,,6,,,,
1514,1514,6,1,89,529,2429,,,,,,,,,,7,,,,
1515,1515,6,1,89,13,,,,,,,,,Kralj (rex),,9,,,,
1516,1516,6,1,89,2858,3822,,,,,,,,,,4,,,,
1517,1517,6,1,89,1142,2873,,,,,,,,,,7,,,,
1518,1518,6,1,89,139,,,,,,,,,Župnik (plebanus),,8,,,,
1519,1519,6,1,89,381,44,,,,,,,,,,9,,,,
1520,1520,6,1,89,180,1568,,,,,,,,,,3,,,,
1521,1521,6,1,89,3240,2521,,,,,,,,,,5,,,,
1522,1522,6,1,89,3240,1299,,,,,,,,,,3,,,,
1523,1523,6,1,89,3240,2200,,,,,,,,,,5,,,,
1524,1524,6,1,89,3240,4068,,,,,,,,,,8,,,,
1525,1525,6,1,89,2399,3822,,,,,,,,,,6,,,,
1526,1526,6,1,89,1251,3705,,,,,,,,,,7,,,,
1527,1527,6,1,89,1263,2529,,,,,,,,,,9,,,,
1528,1528,6,1,89,139,1450,,,,,,,,,,5,,,,
1529,1529,6,1,89,707,3405,oppidum,,,,,,,,,16,,,,
1530,1530,6,1,89,707,3405,provincia,,,,,,,,,116,,,,
1531,1531,6,1,89,1110,138,,,,,,,,,,21,,,,
1532,1532,6,1,89,1110,4,,,,,,,,,,8,,,,
1533,1533,6,1,89,710,416,,,,,,,,,,16,,,,
1534,1534,6,1,89,1772,820,,,,,,Relicta,,,,2,,,,
1535,1535,6,1,89,3322,3500,,,,,,,,,,3,,,,
1536,1536,6,1,89,2836,,,,,,,,,Eremiti (Fratres heremitae)-St. Anna,,9,,,,
1537,1537,6,1,89,3629,,,,,,,,,Župnik (plebanus),,2,,,,
1538,1538,6,1,89,3629,4177,,,,,,,,,,14,,,,
1539,1539,6,1,89,3629,1938,,,,,,,,,,3,,,,
1540,1540,6,1,89,1672,1406,,,,,,,,,,2,,,,
1541,1541,6,1,89,2719,2534,,,,,,,,,,7,,,,
1542,1542,6,1,89,2119,2185,,,,,,,,,,7,,,,
1543,1543,6,1,89,2119,3437,,,,,,,,Litteratus,,4,,,,
1544,1544,6,1,89,2119,2078,,,,,,,,,,3,,,,
1545,1545,6,1,89,1984,1291,,,,,,,,,,15,,,,
1546,1546,6,1,89,3609,3693,,,,,,,,,,2,,,,
1547,1547,6,1,89,3609,1824,,,,,,,,,,3,,,,
1548,1548,6,1,89,339,3185,,,,,,,,,,2,,,,
1549,1549,6,1,89,339,3773,,,,,,,,,,4,,,,
1550,1550,6,1,89,2566,2530,,,,,,,,,,2,,,,
1551,1551,6,1,89,1329,3775,,,,,,,,Litteratus,,3,,,,
1552,1552,6,1,89,1329,3437,,,,,,,,,,1,,,,
1553,1553,6,1,89,3323,993,,,,,,,,,,1,,,,
1554,1554,6,1,89,938,3002,,,,,,,,Judex nobilium,,3,,,,
1555,1555,6,1,89,938,580,,,,,,,,,,8,,,,
1556,1556,6,1,89,938,2562,,,,,,,,,,1,,,,
1557,1557,6,1,89,1196,,,,,,,,,,,3,,,,
1558,1558,6,1,89,1196,506,,,,,,,,,,1,,,,
1559,1559,6,1,89,3314,3446,,,,,,,,,,17,,,,
1560,1560,6,1,89,571,873,oppidum,,,,,,Dominus,,,22,,,,
1561,1561,6,1,89,571,873,provincia,,,,,,Dominus,,,65,,,,
1562,1562,6,1,89,571,,,,,,,,,Župnik (plebanus),,1,,,,
1563,1563,6,1,89,3183,873,,,,,,,Dominus,,,26,,,,
1564,1564,6,1,89,3360,,,,,,,,,Župnik (plebanus),,1,,,,
1565,1565,6,1,89,639,4044,,,,,,,,,,5,,,,
1566,1566,6,1,89,639,2456,,,,,,,,,,1,,,,
1567,1567,6,1,89,3183,356,,,,,,,,,,3,,,,
1568,1568,6,1,89,823,,,,,,,,Dominus,Nadbiskup ostrogonski (Archiepiscopus strigoniensis)*,,22,,,,1
1569,1569,6,1,89,823,829,,,,,,Relicta,,,,6,,,,
1570,1570,6,1,89,561,3742,,,,,,Relicta,,,,2,,,,
1571,1571,6,1,89,523,2513,,,,,,Relicta,,,,10,,,,
1572,1572,6,1,89,2275,295,,,,,,,,,,7,,,,
1573,1573,6,1,89,2275,2153,,,,,,,,,,6,,,,
1574,1574,6,1,89,3617,,,,,,,,,Župnik (plebanus),,1,,,,
1575,1575,6,1,89,3554,1639,,,,,,,,,,6,,,,
1576,1576,6,1,89,3554,2529,,,,,,,,,,11,,,,
1577,1577,6,1,89,3554,1253,,,,,,,,,,6,,,,
1578,1578,6,1,89,692,2254,,,,,,,,,,17,,,,
1579,1579,6,1,89,692,4065,,,,,,,,,,11,,,,
1580,1580,6,1,89,1111,3370,,,,,,,,,,2,,,,
1581,1581,6,1,89,3073,873,,,,,,,Dominus,,,40,,,,
1582,1582,6,1,89,682,,,,,,,,Dominus,Nadbiskup ostrogonski (Archiepiscopus strigoniensis)*,,25,,,,1
1583,1583,6,1,89,682,829,,,,,,Relicta,,,,8,,,,
1584,1584,6,1,89,137,,,,,,,,,Eremiti (Fratres heremitae) sub Garyg,,6,,,,
1585,1585,6,1,89,2556,4,,,,,,,,,,18,,,,
1586,1586,6,1,89,2556,135,,,,,,,,,,15,,,,
1587,1587,6,1,89,2556,,,,,,,,,Župnik (plebanus),,1,,,,
1588,1588,6,1,89,2556,203,,,,,,Relicta,,,,10,,,,
1589,1589,6,1,89,210,582,,,,,,,,,,24,,,,
1590,1590,6,1,89,210,,,,,,,,,Župnik (plebanus),,2,,,,
1591,1591,6,1,89,502,,oppidum,,,,,,,,,2,,,,
1592,1592,6,1,89,3720,2193,,,,,,,,,,2,,,,
1593,1593,6,1,89,1198,1248,,,,,,,,,,2,,,,
1594,1594,6,1,89,998,873,,,,,,,Dominus,,,44,,,,
1595,1595,6,1,89,3385,873,,,,,,,Dominus,,,65,,,,
1596,1596,6,1,89,3385,,,,,,,,,Župnik (plebanus),,1,,,,
1597,1597,6,1,89,2553,2457,,,,,,,,,,2,,,,
1598,1598,6,1,89,2553,115,,,,,,Relicta,,,,2,,,,
1599,1599,6,1,89,3421,1568,,,,,,,,,,2,,,,
1600,1600,6,1,89,3557,1367,,,,,,,,,,11,,,,
1601,1601,6,1,89,2544,,,,,,,,,Kaptol čazmanski (Capitulum Chasmense),,19,,,,
1602,1602,6,1,89,91,,,,,,,,,Kaptol čazmanski (Capitulum Chasmense),,17,,,,
1603,1603,6,1,89,2996,1809,,,,,,,,,,3,,,,
1604,1604,6,1,89,1888,1851,,,,,,,,,,1,,,,
1605,1605,6,1,89,1888,3714,,,,,,,,,,4,,,,
1606,1606,6,1,89,1888,1682,,,,,,,,,,2,,,,
1607,1607,6,1,89,2377,3344,,,,,,,,,,8,,,,
1608,1608,6,1,89,2015,1750,,,,,,,,,,4,,,,
1609,1609,6,1,89,1245,3822,,,,,,Relicta,,,,6,,,,
1610,1610,6,1,89,1245,1568,,,,,,Relicta,,,,3,,,,
1611,1611,6,1,89,2680,653,,,,,,Relicta,,,,2,,,,
1612,1612,6,1,89,8,2398,,,,,,,,,,3,,,,
1613,1613,6,1,89,1405,2873,,,,,,,,,,3,,,,
1614,1614,6,1,89,1538,3184,,,,,,,,,,4,,,,
1615,1615,6,1,89,96,3437,,,,,,,,,,1,,,,
1616,1616,6,1,89,3337,3516,,,,,,,,Litteratus,,2,,,,
1617,1617,6,1,89,3595,54,,,,,,,Domina,,,22,,,,
1618,1618,6,1,89,3468,1583,oppidum,,,,,,,,,60,,,,
1619,1619,6,1,89,3468,1583,provincia,,,,,,,,,76,,,,
1620,1620,6,1,89,3640,1583,,,,,,,,,,7,,,,
1621,1621,6,1,89,873,1583,,,,,,,,,,16,,,,
1622,1622,6,1,89,114,1583,,,,,,,,,,5,,,,
1623,1623,6,1,89,28,,,,,,,,,Župnik (plebanus),,10,,,,
1624,1624,6,1,89,2406,,oppidum,,,,,,,Vranski priorat (Prioratus Auranae),,26,,,,
1625,1625,6,1,89,2406,,provincia,,,,,,,Vranski priorat (Prioratus Auranae),,132,,,,
1626,1626,6,1,89,1770,,,,,,,,,Vranski priorat (Prioratus Auranae),,171,,,,
1627,1627,6,1,89,3074,,,,,,,,,Vranski priorat (Prioratus Auranae),,86,,,,
1628,1628,6,1,89,2701,,oppidum,,,,,,,Vranski priorat (Prioratus Auranae)*,,77,,,,1
1629,1629,6,1,89,2701,,provincia,,,,,,,Vranski priorat (Prioratus Auranae)*,,96,,,,1
1630,1630,6,1,89,483,,oppidum,,,,,,,Vranski priorat (Prioratus Auranae)*,,29,,,,1
1631,1631,6,1,89,483,,provincia,,,,,,,Vranski priorat (Prioratus Auranae)*,,163,,,,1
1632,1632,6,1,89,2415,,,,,,,,,Župnik (plebanus),,9,,,,
1633,1633,6,1,89,2415,,,,,,,,,Predijalci Vranskog priorata,,76,,,,
1634,1634,6,1,89,1044,,,,,,,,,Kralj (rex),,33,,,,
1635,1635,6,1,89,3790,2441,,,,,,,Waywoda,,,19,,,,
1636,1636,6,1,89,2701,,,,,,,,,Župnik (plebanus),,8,,,,
1637,1637,6,1,89,1770,,,,,,,,,Župnik (plebanus),,9,,,,
1638,1638,6,1,89,1730,,,,,,,,,Župnik (plebanus),,5,,,,
1639,1639,6,1,43,2651,2660,oppidum,,,,,,Dux,,,42,,,,
1640,1640,6,1,43,2651,2078,,,,,,,,Prebendarius,,3,,,,
1641,1641,6,1,43,2651,,,,,,,,,Župnik (plebanus),,37,,,,
1642,1642,6,1,43,2651,2660,provincia,,,,,,Dux,,,160,,,,
1643,1643,6,1,43,3454,3573,,,,,,,,,,11,,,,
1644,1644,6,1,43,3454,3126,,,,,,,,,,15,,,,
1645,1645,6,1,43,3454,1961,,,,,,,,,,3,,,,
1646,1646,6,1,43,2119,,,,,,,,,Župnik (plebanus),,3,,,,
1647,1647,6,1,43,994,2061,,,,,,,,,,58,,,,
1648,1648,6,1,43,994,3570,,,,,,,,,,40,,,,
1649,1649,6,1,43,994,2184,,,,,,,,,,37,,,,
1650,1650,6,1,43,994,,,,,,,,,Župnik (plebanus),,2,,,,
1651,1651,6,1,43,736,528,,,,,,,,,,1,,,,
1652,1652,6,1,43,1125,762,,,,,,,,,,9,,,,
1653,1653,6,1,43,1125,3031,,,,,,,,,,2,,,,
1654,1654,6,1,43,1201,2660,,,,,,,Dux,,,13,,,,
1655,1655,6,1,43,1589,3610,,,,,,,,,,2,,,,
1656,1656,6,1,43,1126,,,,,,,,,Župnik (plebanus),,1,,,,
1657,1657,6,1,43,499,3423,,,,,,,,,,3,,,,
1658,1658,6,1,43,1256,,,,,,,,,Eremiti (Fratres heremitae),,9,,,,
1659,1659,6,1,43,2398,2101,,,,,,,,,,4,,,,
1660,1660,6,1,43,768,1054,,,,,,,,,,3,,,,
1661,1661,6,1,43,3669,2265,,,,,,,,,,16,,,,
1662,1662,6,1,43,2328,1457,,,,,,,,,,8,,,,
1663,1663,6,1,43,600,2660,,,,,,,Dux,,,62,,,,
1664,1664,6,1,43,1086,,,,,,,,,Župnik (plebanus),,3,,,,
1665,1665,6,1,43,2622,,,,,,,,,Eremiti (Fratres heremitae),,4,,,,
1666,1666,6,1,43,3567,1568,,,,,,,,,,3,,,,
1667,1667,6,1,43,2928,2095,oppidum,,,,,,,,,16,,,,
1668,1668,6,1,43,2928,1346,oppidum,,,,,,,,,16,,,,
1669,1669,6,1,43,2928,2095,provincia,,,,,,,,,53,,,,
1670,1670,6,1,43,2928,1346,provincia,,,,,,,,,57,,,,
1671,1671,6,1,43,34,3002,,,,,,,,Prebendarius,,5,,,,
1672,1672,6,1,43,34,,,,,,,,,Župnik (plebanus),,3,,,,
1673,1673,6,1,43,876,,,,,,,,,Župnik (plebanus),,3,,,,
1674,1674,6,1,43,876,,,,,,,,,Prebendarius,,2,,,,
1675,1675,6,1,43,1080,2095,,,,,,,,,,25,,,,
1676,1676,6,1,43,1213,3186,,,,,,,,,,12,,,,
1677,1677,6,1,43,1216,,,,,,,,,Župnik (plebanus),,3,,,,
1678,1678,6,1,43,5,,oppidum,,,,,,,Dominus Thezaurarius,,52,,,,
1679,1679,6,1,43,5,,provincia,,,,,,,Dominus Thezaurarius,,306,,,,
1680,1680,6,1,43,2196,,,,,,,,,Dominus Thezaurarius,,55,,,,
1681,1681,6,1,43,2803,,,,,,,,,Dominus Thezaurarius,,83,,,,
1682,1682,6,1,43,5,,,,,,,,,Župnik (plebanus)-St. Kuzma,,8,,,,
1683,1683,6,1,43,345,,,,,,,,,Župnik (plebanus)-Achina,,5,,,,
1684,1684,6,1,43,5,,,,,,,,,Župnik (plebanus),,50,,,,
1685,1685,6,1,43,5,2660,,,,,,,,Prebendarius,,12,,,,
1686,1686,6,1,43,5,2078,,,,,,,,Prebendarius,,7,,,,
1687,1687,6,1,43,5,1253,,,,,,,,Prebendarius,,3,,,,
1688,1688,6,1,43,345,,,,,,,,,Prebendarius-Achyna,,3,,,,
1689,1689,6,1,43,3616,,,,,,,,,Župnik (plebanus)-Achyna,,2,,,,
1690,1690,6,1,43,756,,,,,,,,,Župnik (plebanus)-Achyna,,8,,,,
1691,1691,6,1,43,756,,,,,,,,,Prebendarius,,4,,,,
1692,1692,6,1,43,241,,,,,,,,,Prebendarius-Achyna,,1,,,,
1693,1693,6,1,43,1938,1582,,,,,,,Magnificus dominus,,,45,,,,
1694,1694,6,1,43,1938,3822,,,,,,,,Predijalac (predialis),,4,,,,
1695,1695,6,1,43,1938,3185,,,,,,,,Predijalac (predialis),,4,,,,
1696,1696,6,1,43,1938,,,,,,,,,Predijalac (predialis),,1,,,,
1697,1697,6,1,43,1938,,,,,,,,,Župnik (plebanus)-St. Catherina,,3,,,,
1698,1698,6,1,43,3421,,oppidum,,,,,,,Biskup zagrebački (Episcopus Zagrabiensis),,61,,,,
1699,1699,6,1,43,3421,,provincia,,,,,,,Biskup zagrebački (Episcopus Zagrabiensis),,120,,,,
1700,1700,6,1,43,3421,,,,,,,,,Župnik (plebanus),,3,,,,
1701,1701,6,1,43,3421,,,,,,,,,Župnik (plebanus)-St. Martinus,,1,,,,
1702,1702,6,1,43,3004,1482,,,,,,,,,,31,,,,
1703,1703,6,1,43,1809,,,,,,,,,Kaptol čazmanski (Capitulum Chasmense),,8,,,,
1704,1704,6,1,43,100,3756,,,,,,,,,,32,,,,
1705,1705,6,1,43,100,2529,,,,,,,,,,32,,,,
1706,1706,6,1,43,100,2336,,,,,,,,,,60,,,,
1707,1707,6,1,43,99,,,,,,,,,Župnik (plebanus),,4,,,,
1708,1708,6,1,43,3584,2520,oppidum,,,,,,,,,35,,,,
1709,1709,6,1,43,3584,2520,provincia,,,,,,,,,140,,,,
1710,1710,6,1,43,676,2520,,,,,,,,,,131,,,,
1711,1711,6,1,43,3584,,,,,,,,,Župnik (plebanus),,9,,,,
1712,1712,6,1,43,3584,946,,,,,,,,Prebendarius,,4,,,,
1713,1713,6,1,43,3584,2689,,,,,,,,Prebendarius,,1,,,,
1714,1714,6,1,43,3584,3185,,,,,,,,Prebendarius,,1,,,,
1715,1715,6,1,43,675,,,,,,,,,Župnik (plebanus),,8,,,,
1716,1716,6,1,43,3584,3822,,,,,,,,Vojvoda,,3,,,,
1717,1717,6,1,43,335,,,,,,,,,Župnik (plebanus),,5,,,,
1718,1718,6,1,43,335,2902,,,,,,,,,,6,,,,
1719,1719,6,1,43,3821,2724,,,,,,,,,,37,,,,
1720,1720,6,1,43,3822,950,,,,,,,,,,21,,,,
1721,1721,6,1,43,3820,2890,,,,,,,,,,22,,,,
1722,1722,6,1,43,3820,,,,,,,,,Župnik (plebanus),,3,,,,
1723,1723,6,1,43,1251,3002,,,,,,,,Litteratus,,3,,,,
1724,1724,6,1,43,1251,1230,,,,,,,Domina,,,3,,,,
1725,1725,6,1,43,720,4173,,,,,,,,,,1,,,,
1726,1726,6,1,43,720,1286,,,,,,Relicta,,,,3,,,,
1727,1727,6,1,43,719,3516,,,,,,,,,,6,,,,
1728,1728,6,1,43,2431,1785,,,,,,,,,,3,,,,
1729,1729,6,1,43,2431,1916,,,,,,,,,,7,,,,
1730,1730,6,1,43,2431,4190,,,,,,,,,,4,,,,
1731,1731,6,1,43,2431,1011,,,,,,,,,,1,,,,
1732,1732,6,1,43,2431,1568,,,,,,,,Vicejudex nobilium,,2,,,,
1733,1733,6,1,43,2670,2660,provincia,,,,,,Dux,,,216,,,,
1734,1734,6,1,43,653,2660,villicatus,,,,,,Dux,,,87,,,,
1735,1735,6,1,43,2670,2660,oppidum,,,,,,Dux,,,50,,,,
1736,1736,6,1,43,2827,2660,,,,,,,Dux,,,21,,,,
1737,1737,6,1,43,1217,2660,,,,,,,Dux,,,20,,,,
1738,1738,6,1,43,2431,2660,,,,,,,Dux,,,57,,,,
1739,1739,6,1,43,2753,2660,villicatus,,,,,,Dux,,,7,,,,
1740,1740,6,1,43,2171,2660,villicatus,,,,,,Dux,,,21,,,,
1741,1741,5,1,43,2171,208,villicatus,,,,,Relicta,,,,11,,,,
1742,1742,6,1,43,2431,,,,,,,,,Župnik (plebanus)-Blažena Marija,,2,,,,
1743,1743,6,1,43,1294,2660,,,,,,,Dux,,,8,,,,
1744,1744,6,1,43,29,3647,,,,,,,,,,2,,,,
1745,1745,6,1,43,1290,2660,oppidum,,,,,,Dux,,,35,,,,
1746,1746,6,1,43,1290,4051,oppidum,,,,,,,Draguljar (gemmifisor),,5,,,,
1747,1747,6,1,43,2500,2001,,,,,,,,Predijalac (predialis),,6,,,,
1748,1748,6,1,43,908,718,,,,,,,,Predijalac (predialis),,4,,,,
1749,1749,6,1,43,1290,,,,,,,,,Župnik (plebanus),,9,,,,
1750,1750,6,1,43,2670,,,,,,,,,Magister capelle,,15,,,,
1751,1751,6,1,43,2670,,,,,,,,,Župnik (plebanus),,10,,,,
1752,1752,6,1,43,1290,2078,,,,,,,,Prebendarius,,5,,,,
1753,1753,6,1,43,1290,928,,,,,,,,,,7,,,,
1754,1754,6,1,43,1290,2799,,,,,,,,Prebendarius,,3,,,,
1755,1755,6,1,43,1290,864,,,,,,,,Prebendarius,,3,,,,
1756,1756,6,1,43,1290,744,,,,,,,,Prebendarius,,1,,,,
1757,1757,6,1,43,1290,2078,,,,,,,,Prebendarius,,1,,,,
1758,1758,6,1,43,1290,4173,,,,,,,,Prebendarius,,1,,,,
1759,1759,6,1,43,2670,3516,,,,,,,,Prebendarius,,5,,,,
1760,1760,6,1,43,3846,,,,,,,,Dominus,Palatinus,,0,,,,
1761,1761,6,1,43,3848,3822,,,,,,,,Vojvoda,,350,,,,
1762,1762,6,1,43,3848,1281,,,,,,,,Vojvoda,,350,,,,
1763,1763,6,1,43,3847,,,,,,,,,Prepošt (praepositus),,70,,,,
1764,1764,6,1,43,3171,2660,oppidum,,,,,,,Dux (knez),,23,,,,
1765,1765,6,1,43,3171,2660,provincia,,,,,,,Dux (knez),,124,,,,
1766,1766,6,1,43,3171,,,,,,,,,Župnik (plebanus),,9,,,,
1767,1767,6,1,43,2062,,,,,,,,,Biskup pećki (Episcopus Quinqueecclesiensis),,203,,,,
1768,1768,6,1,43,3419,2687,,,,,,,,,,61,,,,
1769,1769,6,1,43,3419,2890,,,,,,,,,,31,,,,
1770,1770,6,1,43,3419,950,,,,,,Relicta,,,,32,,,,
1771,1771,6,1,43,3419,,,,,,,,,Župnik (plebanus),,2,,,,
1772,1772,6,1,43,3419,,,,,,,,,Prebendarius,,1,,,,
1773,1773,6,1,43,3785,2288,,,,,,,,,,62,,,,
1774,1774,6,1,43,3845,2337,,,,,,,,,,36,,,,
1775,1775,6,1,43,3845,2541,,,,,,,,,,27,,,,
1776,1776,6,1,43,3845,3759,,,,,,,,,,27,,,,
1777,1777,6,1,43,2587,1568,,,,,,,,,,69,,,,
1778,1778,6,1,43,3836,,,,,,,,,Biskup zagrebački (Episcopus Zagrabiensis),,61,,,,
1779,1779,6,1,43,3186,,,,,,,,,Biskup zagrebački (Episcopus Zagrabiensis),,42,,,,
1780,1780,6,1,43,3189,,,,,,,,,Prepošt (praepositus),,11,,,,
1781,1781,6,1,43,1242,1382,,,,,,,,,,40,,,,
1782,1782,6,1,43,803,1382,,,,,,,,,,5,,,,
1783,1783,6,1,43,1231,,,,,,,,,Prepošt (praepositus),,31,,,,
1784,1784,6,1,43,1705,3275,,,,,,,,,,6,,,,
1785,1785,6,1,43,2080,,,,,,,,,Prepošt (praepositus)-Galgoncza,,47,,,,
1786,1786,6,1,43,2080,,,,,,,,,Župnik (plebanus),,1,,,,
1787,1787,6,1,43,3607,2660,oppidum,,,,,,Dux,,,39,,,,
1788,1788,6,1,43,3607,,,,,,,,,Župnik (plebanus),,4,,,,
1789,1789,6,1,43,3607,,provincia,,,,,,,,,60,,,,
1790,1790,6,1,43,3607,3437,,,,,,,,Prebendarius,,2,,,,
1791,1791,6,1,43,3607,4051,,,,,,,,Prebendarius,,2,,,,
1792,1792,6,1,43,352,2660,,,,,,,Dux,,,354,,,,
1793,1793,6,1,43,3545,,,,,,,,,Župnik (plebanus),,10,,,,
1794,1794,6,1,43,3554,,,,,,,,,Župnik (plebanus),,20,,,,
1795,1795,6,1,43,2220,,,,,,,,,Župnik (plebanus),,5,,,,
1796,1796,6,1,43,705,,,,,,,,,Župnik (plebanus),,8,,,,
1797,1797,6,1,43,601,3594,,,,,,,,,,9,,,,
1798,1798,6,1,43,601,818,,,,,,,,,,9,,,,
1799,1799,6,1,43,601,3775,,,,,,,,,,1,,,,
1800,1800,6,1,43,954,3516,,,,,,Relicta,,,,20,,,,
1801,1801,6,1,43,954,3185,,,,,,Relicta,,,,10,,,,
1802,1802,6,1,43,568,4160,,,,,,,,,,15,,,,
1803,1803,6,1,43,954,,,,,,,,,Župnik (plebanus),,1,,,,
1804,1804,6,1,43,954,838,,,,,,,,Magister,,32,,,,
1805,1805,6,1,43,954,3516,,,,,,,,Litteratus,,42,,,,
1806,1806,6,1,43,168,3052,,,,,,,,,,21,,,,
1807,1807,6,1,43,284,3052,,,,,,,,,,6,,,,
1808,1808,6,1,43,3193,1698,,,,,,,Magnificus dominus,,,23,,,,
1809,1809,6,1,43,383,757,,,,,,,,,,7,,,,
1810,1810,6,1,43,383,1011,,,,,,Relicta,,,,5,,,,
1811,1811,6,1,43,2487,4190,,,,,,Relicta,,,,9,,,,
1812,1812,6,1,43,2119,3728,,,,,,,,Litteratus,,12,,,,
1813,1813,6,1,43,2119,2148,,,,,,,,,,8,,,,
1814,1814,6,1,43,2045,838,,,,,,,,,,4,,,,
1815,1815,6,1,43,2045,3433,,,,,,,,,,5,,,,
1816,1816,6,1,43,168,3622,,,,,,,,,,5,,,,
1817,1817,6,1,43,3112,3630,,,,,,,,,,7,,,,
1818,1818,6,1,43,771,3891,,,,,,,,,,26,,,,
1819,1819,6,1,43,989,,,,,,,,,,,50,,,,
1820,1820,6,1,43,2494,3891,,,,,,,,,,12,,,,
1821,1821,6,1,43,771,,,,,,,,,Vranski priorat (Prioratus Auranae),,20,,,,
1822,1822,6,1,43,989,,,,,,,,,Vranski priorat (Prioratus Auranae),,20,,,,
1823,1823,6,1,43,2172,,,,,,,,,Capitulum Albensis,,25,,,,
1824,1824,6,1,43,988,,,,,,,,,Fratres,,3,,,,
1825,1825,6,1,43,441,2003,,,,,,,,,,12,,,,
1826,1826,6,1,43,489,2003,,,,,,,,,,22,,,,
1827,1827,6,1,43,3096,2003,,,,,,,,,,8,,,,
1828,1828,6,1,43,2620,1011,,,,,,,,,,18,,,,
1829,1829,6,1,43,867,2660,,,,,,,Dux,,,27,,,,
1830,1830,6,1,43,680,883,,,,,,,,,,10,,,,
1831,1831,6,1,43,2075,3737,,,,,,Filius,,,,32,,,,
1832,1832,6,1,43,2176,1342,,,,,,,,,,2,,,,
1833,1833,6,1,43,3470,2118,,,,,,,,,,2,,,,
1834,1834,6,1,43,1906,1682,,,,,,,,,,3,,,,
1835,1835,6,1,43,3470,4173,,,,,,,,,,11,,,,
1836,1836,6,1,43,489,1568,,,,,,,,Judex nobilium,,9,,,,
1837,1837,6,1,43,2392,2529,,,,,,Relicta,,,,5,,,,
1838,1838,6,1,43,2654,,,,,,,,,Župnik (plebanus),,1,,,,
1839,1839,6,1,43,2654,3891,,,,,,,,,,27,,,,
1840,1840,6,1,43,3528,3236,,,,,,,,,,20,,,,
1841,1841,6,1,43,481,3713,,,,,,,,,,5,,,,
1842,1842,6,1,43,324,860,,,,,,,,Magister,,12,,,,
1843,1843,6,1,43,324,4190,,,,,,Relicta,,,,9,,,,
1844,1844,6,1,43,1742,4051,,,,,,,,Litteratus,,1,,,,
1845,1845,6,1,43,327,1698,,,,,,,,,,7,,,,
1846,1846,6,1,43,327,2150,,,,,,,,,,3,,,,
1847,1847,6,1,43,2379,3572,,,,,,,,,,4,,,,
1848,1848,6,1,43,327,2529,,,,,,,,,,7,,,,
1849,1849,6,1,43,2379,2274,,,,,,,,,,2,,,,
1850,1850,6,1,43,599,3451,,,,,,,,,,2,,,,
1851,1851,6,1,43,2379,3345,,,,,,,,,,12,,,,
1852,1852,6,1,43,2379,2078,,,,,,,,Vicejudex nobilium,,2,,,,
1853,1853,6,1,43,2379,4248,,,,,,,,Vicejudex nobilium,,1,,,,
1854,1854,6,1,43,1742,4176,,,,,,,,,,3,,,,
1855,1855,6,1,43,2002,993,,,,,,,,,,42,,,,
1856,1856,6,1,43,2003,2873,,,,,,,,,,35,,,,
1857,1857,6,1,43,1911,1453,,,,,,,,,,12,,,,
1858,1858,6,1,43,481,291,,,,,,Relicta,,,,6,,,,
1859,1859,6,1,43,2775,2975,,,,,,,,,,4,,,,
1860,1860,6,1,43,1908,3728,,,,,,,,Litteratus,,2,,,,
1861,1861,6,1,43,2008,1916,,,,,,,,,,5,,,,
1862,1862,6,1,43,370,4207,,,,,,,,,,1,,,,
1863,1863,6,1,43,327,,,,,,,,,Kaptol čazmanski (Capitulum Chasmense),,12,,,,
1864,1864,6,1,43,599,,,,,,,,,Kaptol čazmanski (Capitulum Chasmense),,11,,,,
1865,1865,6,1,43,1144,,,,,,,,,Kaptol čazmanski (Capitulum Chasmense),,12,,,,
1866,1866,6,1,43,2295,2096,,,,,,,,,,35,,,,
1867,1867,6,1,43,2295,1347,,,,,,,,,,41,,,,
1868,1868,6,1,43,2001,4191,,,,,,Relicta,,,,19,,,,
1869,1869,6,1,43,2001,,,,,,,,,Župnik (plebanus),,1,,,,
1870,1870,6,1,44,3454,3573,,kotar Veliki Križ,,,,,,,,20,,,,
1871,1871,6,1,44,994,3570,,kotar Veliki Križ,,,,,,,,50,,,,
1872,1872,6,1,44,994,,,kotar Veliki Križ,,,,,,Župnik (plebanus),,5,,,,
1873,1873,6,1,44,735,1811,,kotar Veliki Križ,,,,,,,,3,,,,
1874,1874,6,1,44,1158,760,,kotar Veliki Križ,,,,,,,,14,,,,
1875,1875,6,1,44,1158,3594,,kotar Veliki Križ,,,,,,,,3,,,,
1876,1876,6,1,44,1014,3275,,kotar Veliki Križ,,,,,,,,1,,,,
1877,1877,6,1,44,1014,1568,,kotar Veliki Križ,,,,,,,,1,,,,
1878,1878,6,1,44,1159,,,kotar Veliki Križ,,,,,,Župnik (plebanus),,1,,,,
1879,1879,6,1,44,495,3425,,kotar Veliki Križ,,,,,,,,5,,,,
1880,1880,6,1,44,1256,,,kotar Veliki Križ,,,,,,Eremiti (Fratres heremitae),,12,,,,
1881,1881,6,1,44,2401,2100,,kotar Veliki Križ,,,,,,,,7,,,,
1882,1882,6,1,44,3670,2351,,kotar Veliki Križ,,,,,,,,26,,,,
1883,1883,6,1,44,2329,1453,,kotar Veliki Križ,,,,,,,,11,,,,
1884,1884,6,1,44,514,1524,,kotar Veliki Križ,,,,,,,,40,,,,
1885,1885,6,1,44,1248,3002,,kotar Veliki Križ,,,,,,Litteratus,,5,,,,
1886,1886,6,1,44,1248,1230,,kotar Veliki Križ,,,,,Domina,,,7,,,,
1887,1887,6,1,44,718,4173,,kotar Veliki Križ,,,,,,,,2,,,,
1888,1888,6,1,44,718,829,,kotar Veliki Križ,,,,,Domina,,,3,,,,
1889,1889,6,1,44,1321,4086,,kotar Veliki Križ,,,,,,,,3,,,,
1890,1890,6,1,44,718,3516,,kotar Veliki Križ,,,,,,,,10,,,,
1891,1891,6,1,44,2431,1785,,kotar Veliki Križ,,,,,,,,4,,,,
1892,1892,6,1,44,2431,3185,,kotar Veliki Križ,,,,,,,,2,,,,
1893,1893,6,1,44,2431,1342,,kotar Veliki Križ,,,,,,,,2,,,,
1894,1894,6,1,44,2431,1916,,kotar Veliki Križ,,,,,,,,11,,,,
1895,1895,6,1,44,2431,,,kotar Veliki Križ,,,,,,Župnik (plebanus),,2,,,,
1896,1896,6,1,44,1230,,,kotar Veliki Križ,,,,,,Prepošt (praepositus),,40,,,,
1897,1897,6,1,44,826,,,kotar Veliki Križ,,,,,,Prepošt (praepositus)-Waska,,5,,,,
1898,1898,6,1,44,1529,3594,,kotar Veliki Križ,,,,,,,,8,,,,
1899,1899,6,1,44,568,3579,,kotar Veliki Križ,,,,,,,,3,,,,
1900,1900,6,1,44,954,3516,,kotar Veliki Križ,,,,Relicta,,,,30,,,,
1901,1901,6,1,44,954,3185,,kotar Veliki Križ,,,,Relicta,,,,13,,,,
1902,1902,6,1,44,568,4160,,kotar Veliki Križ,,,,,,,,25,,,,
1903,1903,6,1,44,954,450,,kotar Veliki Križ,,,,Relicta,,,,2,,,,
1904,1904,6,1,44,954,,,kotar Veliki Križ,,,,,,Župnik (plebanus),,2,,,,
1905,1905,6,1,44,954,860,,kotar Veliki Križ,,,,,,Magister,,42,,,,
1906,1906,6,1,44,954,3516,,kotar Veliki Križ,,,,,,Litteratus,,62,,,,
1907,1907,6,1,44,166,3052,,kotar Veliki Križ,,,,,,,,28,,,,
1908,1908,6,1,44,283,3052,,kotar Veliki Križ,,,,,,,,9,,,,
1909,1909,6,1,44,392,758,,kotar Veliki Križ,,,,,,,,10,,,,
1910,1910,6,1,44,2042,838,,kotar Veliki Križ,,,,,,,,6,,,,
1911,1911,6,1,44,2042,2529,,kotar Veliki Križ,,,,Relicta,,,,3,,,,
1912,1912,6,1,44,166,3622,,kotar Veliki Križ,,,,,,,,8,,,,
1913,1913,6,1,44,2618,1011,,kotar Veliki Križ,,,,,,,,28,,,,
1914,1914,6,1,44,3527,3238,,kotar Veliki Križ,,,,,,,,30,,,,
1915,1915,6,1,44,418,838,,kotar Veliki Križ,,,,,,Magister,,22,,,,
1916,1916,6,1,44,2383,2353,,kotar Veliki Križ,,,,,,,,3,,,,
1917,1917,6,1,44,1479,3452,,kotar Veliki Križ,,,,,,,,4,,,,
1918,1918,6,1,44,2382,,,kotar Veliki Križ,,,,,,Župnik (plebanus),,1,,,,
1919,1919,6,1,44,481,1453,,kotar Veliki Križ,,,,,,,,18,,,,
1920,1920,6,1,44,481,292,,kotar Veliki Križ,,,,Relicta,,,,10,,,,
1921,1921,6,1,44,2775,553,,kotar Veliki Križ,,,,,,,,1,,,,
1922,1922,6,1,44,2775,3425,,kotar Veliki Križ,,,,,,,,1,,,,
1923,1923,6,1,44,1529,761,,kotar Veliki Križ,,,,,,,,13,,,,
1924,1924,6,1,44,1080,1347,,kotar Veliki Križ,,,,,,,,35,,,,
1925,1925,6,1,44,2929,1347,oppidum,kotar Veliki Križ,,,,,,,,20,,,,
1926,1926,6,1,44,66,3002,,kotar Veliki Križ,,,,,,Prezbiter (presbiterus),,9,,,,
1927,1927,6,1,44,35,,,kotar Veliki Križ,,,,,,Župnik (plebanus),,4,,,,
1928,1928,6,1,44,2929,1347,provincia,kotar Veliki Križ,,,,,,,,95,,,,
1929,1929,6,1,44,2930,2096,provincia,kotar Veliki Križ,,,,,,,,93,,,,
1930,1930,6,1,44,1080,2096,,kotar Veliki Križ,,,,,,,,35,,,,
1931,1931,6,1,44,2929,2096,oppidum,kotar Veliki Križ,,,,,,,,20,,,,
1932,1932,6,1,44,877,,,kotar Veliki Križ,,,,,,Župnik (plebanus),,5,,,,
1933,1933,6,1,44,1215,,,kotar Veliki Križ,,,,,,Župnik (plebanus),,5,,,,
1934,1934,6,1,44,904,,,kotar Veliki Križ,,,,,,Prebendarius,,4,,,,
1935,1935,6,1,44,2295,1347,,kotar Veliki Križ,,,,,,,,53,,,,
1936,1936,6,1,44,1732,199,,kotar Veliki Križ,,,,Relicta,,,,2,,,,
1937,1937,6,1,44,1732,3864,,kotar Veliki Križ,,,,,,,,1,,,,
1938,1938,6,1,44,2010,993,,kotar Veliki Križ,,,,,,,,58,,,,
1939,1939,6,1,44,2010,2873,,kotar Veliki Križ,,,,,,,,45,,,,
1940,1940,6,1,44,2295,2096,,kotar Veliki Križ,,,,,,,,47,,,,
1941,1941,6,1,44,994,2184,,kotar Veliki Križ,,,,,,,,46,,,,
1942,1942,6,1,44,3469,3002,,kotar Veliki Križ,,,,,,,,2,,,,
1943,1943,6,2,16,1657,,,,,,,,,Fratres-Varasd,,36,,,,
1944,1944,6,2,16,3000,,,,,,,,Domina ducissa,Ducissa,,24,,,,
1945,1945,6,2,16,3456,1011,,,,,,,,Litteratus,,7,,,,
1946,1946,6,2,16,3530,,,,,,,,,Varasd-civitas,,13,,,,
1947,1947,6,2,16,3530,,,,,,,,,Župnik (plebanus),,1,,,,
1948,1948,6,2,16,2942,1002,,,,,,,Dominus,,,29,,,,
1949,1949,6,2,16,2910,1011,,,,,,,,Judex nobilium,,8,,,,
1950,1950,6,2,16,1960,1306,,,,,,,,,,75,,,,
1951,1951,6,2,16,1960,,,,,,,,,Župnik (plebanus),,4,,,,
1952,1952,6,2,16,3831,,,,,,,,,Župnik (plebanus),,1,,,,
1953,1953,6,2,16,3831,3671,,,,,,,,,Leonardus,9,,,,
1954,1954,6,2,16,3831,3822,,,,,,,,,,3,,,,
1955,1955,6,2,16,3831,2303,,,,,,Relicta,,,,4,,,,
1956,1956,6,2,16,3831,1232,,,,,,,,,,9,,,,
1957,1957,6,2,16,3452,1916,,,,,,,,,,4,,,,
1958,1958,6,2,16,3457,3909,,,,,,,,,,6,,,,
1959,1959,6,2,16,3457,1677,,,,,,,,,,10,,,,
1960,1960,6,2,16,3561,,,,,,,,,Župnik (plebanus),,3,,,,
1961,1961,6,2,16,842,2705,,,,,,,Domina,,,12,,,,
1962,1962,6,2,16,3558,,,,,,,,,Župnik (plebanus),,1,,,,
1963,1963,6,2,16,835,366,,,,,,,,,,11,1,,,
1964,1964,6,2,16,3062,,provincia,,,,,,,Kaptol zagrebački (Capitulum Zagrabiense),,85,,,,
1965,1965,6,2,16,3066,,oppidum,,,,,,,,,10,1,,,
1966,1966,6,2,16,3066,,,,,,,,,Župnik (plebanus),,6,,,,
1967,1967,6,2,16,1,4051,,,,,,,,Litteratus,,5,,,,
1968,1968,6,2,16,2546,986,,,,,,,,,,5,,,,
1969,1969,6,2,16,3060,986,,,,,,,,,,30,,,,
1970,1970,6,2,16,2546,,,,,,,,,Župnik (plebanus),,3,,,,
1971,1971,6,2,16,2524,2637,,,,,,,,,,5,,,,
1972,1972,6,2,16,3127,,,,,,,,,Župnik (plebanus),,2,,,,
1973,1973,6,2,16,3127,,,,,,,,,Fratres,,10,,,,
1974,1974,6,2,16,3127,,,,,,,,Domina,Domina ducissa,,161,,,,
1975,1975,6,2,16,1481,,,,,,,,,Varasd-civitas,,21,,,,
1976,1976,6,2,16,946,873,,,,,,,Dominus,,,3,,,,
1977,1977,6,2,134,161,,,,,,,,,,,26,,,,
1978,1978,6,2,134,3434,951,,,,,,,,,,37,,,,
1979,1979,6,2,134,160,3921,,,,,,,,,,2,,,,
1980,1980,6,2,134,3208,1706,,,,,,,,,,10,,,,
1981,1981,6,2,134,1779,3955,,,,,,,,,Relicta-Simon,13,,,,
1982,1982,6,2,134,3019,954,,,,,,,,,,2,,,,
1983,1983,6,2,134,3019,1160,,,,,,,,,,3,,,,
1984,1984,6,2,134,195,2199,,,,,,,,,,7,,,,
1985,1985,6,2,134,1261,1669,,,,,,,,,,20,,,,
1986,1986,6,2,134,3591,1676,,,,,,,,,,9,,,,
1987,1987,6,2,134,2224,1676,,,,,,,,,,3,,,,
1988,1988,6,2,134,3644,,,,,,,,,Župnik (plebanus),,1,,,,
1989,1989,6,2,134,567,3908,,,,,,,,,,4,,,,
1990,1990,6,2,134,3591,3909,,,,,,,,,,6,,,,
1991,1991,6,2,134,3592,838,,,,,,,,Litteratus,,2,,,,
1992,1992,6,2,134,777,2078,,,,,,,,,,3,,,,
1993,1993,6,2,134,1392,972,,,,,,,,,,16,,,,
1994,1994,6,2,134,484,3654,,,,,,,,,,2,,,,
1995,1995,6,2,134,1971,725,,,,,,Relicta,,,,12,,,,
1996,1996,6,2,134,1971,3564,,,,,,,,,,11,,,,
1997,1997,6,2,134,1147,,,,,,,,,Župnik (plebanus),,1,,,,
1998,1998,6,2,134,1919,547,,,,,,Relicta,,,,4,,,,
1999,1999,6,2,134,1561,1311,,,,,,,,,,2,,,,
2000,2000,6,2,134,3380,,,,,,,,,Župnik (plebanus),,1,,,,
2001,2001,6,2,134,3381,2218,,,,,,,,,,145,,,,
2002,2002,6,2,76,3106,2218,,,,,,,,,,115,,,,
2003,2003,6,2,76,3103,,,,,,,,,Župnik (plebanus),,3,,,,
2004,2004,6,2,76,1797,,oppidum,,,,,,,,,22,,,,
2005,2005,6,2,76,1797,,,,,,,,,Župnik (plebanus) sub Lobor,,1,,,,
2006,2006,6,2,76,1797,,provincia,,,,,,,,,69,,,,
2007,2007,6,2,76,2367,,,,,,,,,,,82,,,,
2008,2008,6,2,76,2365,,,,,,,,,Župnik (plebanus),,4,,,,
2009,2009,6,2,76,293,3442,,,,,,,,,,6,,,,
2010,2010,6,2,76,2455,3516,,,,,,,,Litteratus,,2,,,,
2011,2011,6,2,76,2914,2078,,,,,,,,,,1,,,,
2012,2012,6,2,76,156,1000,,,,,,,,,,34,,,,
2013,2013,6,2,76,157,,,,,,,,,Župnik (plebanus),,2,,,,
2014,2014,6,2,76,2550,1024,,,,,,,,,,1,,,,
2015,2015,6,2,76,3491,3624,,,,,,,,,,20,,,,
2016,2016,6,2,76,1015,2078,,,,,,,,,,6,,,,
2017,2017,6,2,76,1015,3185,,,,,,Relicta,,,,5,,,,
2018,2018,6,2,76,2590,2810,,,,,,,,,,1,,,,
2019,2019,6,2,76,3453,1677,,,,,,,,,,8,,,,
2020,2020,6,2,76,3453,3909,,,,,,,,,,8,1,,,
2021,2021,6,2,76,1435,2078,,,,,,,,Judex nobilium,,8,1,,,
2022,2022,6,2,76,141,,,,,,,,,,,123,,,,
2023,2023,6,2,80,1759,,,,,,,,,Eremiti (Fratres heremitae),,77,,,,
2024,2024,6,2,80,298,2679,,,,,,,,Prebendarius,,6,,,,
2025,2025,6,2,80,1148,3728,,,,,,,,Prebendarius,,4,,,,
2026,2026,6,2,80,3586,,,,,,,,,Župnik (plebanus),,3,,,,
2027,2027,6,2,80,2663,1916,,,,,,,,Prebendarius,,9,,,,
2028,2028,6,2,80,1625,,,,,,,,,Župnik (plebanus),,13,,,,
2029,2029,6,2,80,3336,1826,,,,,,,,,,6,,,,
2030,2030,6,2,80,2296,2522,,,,,,Relicta,,,,15,,,,
2031,2031,6,2,80,2999,972,,,,,,,,,,215,,,,
2032,2032,6,2,80,613,,,,,,,,,,,125,,,,
2033,2033,6,2,80,3066,,,,,,,,,Župnik (plebanus)-Krapina,,1,,,,
2034,2034,6,2,80,3066,4000,,,,,,,,,,2,,,,
2035,2035,6,2,80,497,,castrum,,,,,,,,,1200,,,,
2036,2036,6,2,80,1094,3002,,,,,,,,,,5,,,,
2037,2037,6,2,80,3398,1236,,,,,,,,,,5,,,,
2038,2038,6,2,80,3398,3775,,,,,,,,,,3,,,,
2039,2039,6,2,80,3398,2529,,,,,,,,Judex nobilium,,5,,,,
2040,2040,6,2,80,3398,2117,,,,,,,,,,4,,,,
2041,2041,6,2,80,640,3151,,,,,,,,,,7,,,,
2042,2042,6,2,80,2128,744,,,,,,,,,Johannes,10,,,,
2043,2043,6,2,80,1638,1829,,,,,,,,,,5,,,,
2044,2044,6,2,80,2845,,,,,,,,,Župnik (plebanus),,1,,,,
2045,2045,6,2,80,3579,,,,,,,,,Župnik (plebanus),,1,,,,
2046,2046,6,2,80,1509,1342,,,,,,Relicta,,,,16,,,,
2047,2047,6,2,80,1625,,oppidum,,,,,,,,,24,,,,
2048,2048,6,2,80,1625,,provincia,,,,,,,,,125,,,,
2049,2049,6,2,80,1623,764,,,,,,,,,,25,,,,
2050,2050,6,2,80,1951,983,,,,,,,,,,3,,,,
2051,2051,6,2,80,899,860,,,,,,,,,,1,,,,
2052,2052,6,2,80,3840,2199,,,,,,,,,,21,,,,
2053,2053,6,3,1,684,2494,,,,,,,,,,27,,,,
2054,2054,6,3,1,3606,3383,,,,,,,,,,15,,,,
2055,2055,6,3,1,3606,1584,,,,,,,,,,10,,,,
2056,2056,6,3,1,3779,3449,,,,,,,,,,3,,,,
2057,2057,6,3,1,3443,2494,,,,,,,,,,3,,,,
2058,2058,6,3,1,223,2660,,,,,,,Dominus dux,,,6,,,,
2059,2059,6,3,1,2449,3932,,,,,,,,,,3,,,,
2060,2060,6,3,1,2715,,,,,,,,,Biskup zagrebački (Episcopus Zagrabiensis),,13,,,,
2061,2061,6,3,1,2567,3023,,,,,,,,,,3,,,,
2062,2062,6,3,1,1391,2667,,,,,,,,,,2,,,,
2063,2063,6,3,1,2310,2302,,,,,,,,,,5,,,,
2064,2064,6,3,1,2300,3929,,,,,,,,,,4,,,,
2065,2065,6,3,1,2299,1735,,,,,,,,,,5,,,,
2066,2066,6,3,1,3273,1524,,,,,,Relicta,,,,5,,,,
2067,2067,6,3,1,3351,4177,,,,,,,,,,12,,,,
2068,2068,6,3,1,3270,959,,,,,,,,,,2,,,,
2069,2069,6,3,1,3270,1479,,,,,,,,,,1,,,,
2070,2070,6,3,1,369,,,,,,,,,Fratres,,4,,,,
2071,2071,6,3,1,2460,,,,,,,,,Fratres,,2,,,,
2072,2072,6,3,1,591,2660,,,,,,,Dominus dux,,,2,,,,
2073,2073,6,3,1,1223,3381,,,,,,,,,,25,,,,
2074,2074,6,3,1,2920,3437,,,,,,,,,,6,,,,
2075,2075,6,3,1,2922,4055,,,,,,,,,,3,,,,
2076,2076,6,3,1,2444,,,,,,,,,Fratres St. Ane,,3,,,,
2077,2077,6,3,1,527,3405,,,,,,,,,,2,,,,
2078,2078,6,3,1,1523,,,,,,,,,Župnik (plebanus),,1,,,,
2079,2079,6,3,1,1521,,,,,,,,,,,6,,,,
2080,2080,6,3,1,1524,2660,,,,,,,Dux,,,54,,,,
2081,2081,6,3,1,1452,3653,,,,,,,,,,2,,,,
2082,2082,6,3,1,910,3259,,,,,,,,,,14,,,,
2083,2083,6,3,1,3015,2096,,,,,,,,,,15,,,,
2084,2084,6,3,1,3015,1347,,,,,,,,,,17,,,,
2085,2085,6,3,1,3012,,,,,,,,,Biskup zagrebački (Episcopus Zagrabiensis),,1,,,,
2086,2086,6,3,1,3012,2873,,,,,,,,,,1,,,,
2087,2087,6,3,1,2016,1568,,,,,,,,,,7,,,,
2088,2088,6,3,1,1876,1347,,,,,,,,,,6,,,,
2089,2089,6,3,1,1876,2096,,,,,,,,,,5,,,,
2090,2090,6,3,1,2436,,,,,,,,,Eremiti (Fratres heremitae)-St.Benedikt,,4,,,,
2091,2091,6,3,1,101,,,,,,,,,Župnik (plebanus),,4,,,,
2092,2092,6,3,1,21,2660,,,,,,,Dominus dux,,,50,,,,
2093,2093,6,3,1,3532,1249,,,,,,,,,,24,,,,
2094,2094,6,3,1,3531,1342,,,,,,,,,,17,,,,
2095,2095,6,3,1,869,2660,,,,,,,Dux,,,14,,,,
2096,2096,6,3,1,3676,817,,,,,,,,,,3,,,,
2097,2097,6,3,1,3531,,,,,,,,,Župnik (plebanus),,3,,,,
2098,2098,6,3,1,1634,2184,,,,,,,,,,6,,,,
2099,2099,6,3,1,1634,3570,,,,,,,,,,8,,,,
2100,2100,6,3,1,2018,2529,,,,,,,,,,10,,,,
2101,2101,6,3,1,1791,2958,,,,,,,,,,1,,,,
2102,2102,6,3,1,3304,2242,,,,,,,,Judex nobilium,,4,,,,
2103,2103,6,3,1,1964,2096,,,,,,,,,,5,,,,
2104,2104,6,3,1,2327,2689,,,,,,,,Judex nobilium,,20,,,,
2105,2105,6,3,1,3225,,,,,,,,,Fratres predicatores,,7,,,,
2106,2106,6,3,1,3225,,,,,,,,,Fratres St. Francisci,,3,,,,
2107,2107,6,3,1,704,2096,,,,,,,,,,6,,,,
2108,2108,6,3,1,704,1347,,,,,,,,,,9,,,,
2109,2109,6,3,1,3225,1347,oppidum,,,,,,,,,66,,,,
2110,2110,6,3,1,3225,2096,oppidum,,,,,,,,,43,,,,
2111,2111,6,3,1,3227,1347,,,,,,,,,,70,,,,
2112,2112,6,3,1,3227,2096,,,,,,,,,,81,,,,
2113,2113,6,3,1,407,2096,,,,,,,,,,13,,,,
2114,2114,6,3,1,407,1347,,,,,,,,,,16,,,,
2115,2115,6,3,1,1795,,,,,,,,,Magister hospitalis,,10,,,,
2116,2116,6,3,1,393,,,,,,,,,Magister hospitalis,,2,,,,
2117,2117,6,3,1,2139,860,,,,,,,,,,1,,,,
2118,2118,6,3,1,3293,1916,,,,,,,,Magister,,1,,,,
2119,2119,7,4,115,2024,875,,,,,,,,,,21,,,,
2120,2120,7,4,115,1580,,,,,,,,,Kaptol zagrebački (Capitulum Zagrabiense),,30,,,,
2121,2121,7,4,115,1580,1815,,,,,,,,,,25,,,,
2122,2122,7,4,115,1583,2369,,,,,,,,,,3,,,,
2123,2123,7,4,115,2506,1276,,,,,,,Domina,,,8,,,,
2124,2124,7,4,115,2890,1276,,,,,,,Domina,,,105,,,,
2125,2125,7,4,115,2443,,,,,,,,,Eremiti (Fratres heremitae),,17,,,,
2126,2126,7,4,115,1821,1503,,,,,,,,,,10,,,,
2127,2127,7,4,115,3675,,oppidum,,,,,,,Kaptol zagrebački (Capitulum Zagrabiense),,40,,,,
2128,2128,7,4,115,3675,,provincia,,,,,,,Kaptol zagrebački (Capitulum Zagrabiense),,55,,,,
2129,2129,7,4,115,367,,,,,,,,Dominus,Biskup zagrebački (Episcopus Zagrabiensis),,9,,,,
2130,2130,7,4,115,1146,,,,,,,,,Biskup zagrebački (Episcopus Zagrabiensis)*,,49,,,,1
2131,2131,7,4,115,995,3443,,,,,,,,,,15,,,,
2132,2132,7,4,115,2865,,,,,,,,Dominus,Vranski priorat (Prioratus Auranae),,11,,,,
2133,2133,7,4,115,1889,,,,,,,,Dominus,Vranski priorat (Prioratus Auranae),,39,,,,
2134,2134,7,4,115,2023,3398,,,,,,,,,,4,,,,
2135,2135,7,4,115,2023,1983,,,,,,,,,,1,,,,
2136,2136,7,4,115,3321,875,,,,,,,,,,16,,,,
2137,2137,7,4,115,198,,,,,,,,,Abbatia thoplicensis,,13,,,,
2138,2138,7,4,115,2536,,,,,,,,,Abbatia thoplicensis,,40,,,,
2139,2139,7,4,115,2537,863,,,,,,,,,,5,,,,
2140,2140,7,4,115,2537,3373,,,,,,,,,,3,,,,
2141,2141,7,4,115,1266,929,,,,,,,,,,8,,,,
2142,2142,7,4,115,1266,3288,,,,,,,,,,5,,,,
2143,2143,7,4,115,1266,2899,,,,,,,,,,3,,,,
2144,2144,7,4,115,1631,2896,,,,,,,Comes de Frangepanibus,,,76,,,,
2145,2145,7,4,115,3264,875,,,,,,,,,,25,,,,
2146,2146,7,4,115,1673,3445,,,,,,,,,,3,,,,
2147,2147,7,4,115,2035,3835,,,,,,,,,,12,,,,
2148,2148,7,4,115,1747,,,,,,,,,,,5,,,,
2149,2149,7,4,115,1747,4125,,,,,,,,,,2,,,,
2150,2150,7,4,115,1747,3347,,,,,,,,,,1,,,,
2151,2151,7,4,115,1747,1263,,,,,,,,,,1,,,,
2152,2152,7,4,115,1747,4178,,,,,,,,,,1,,,,
2153,2153,7,4,115,1747,3635,,,,,,,,,,4,,,,
2154,2154,7,4,115,1747,1264,,,,,,,,,,1,,,,
2155,2155,7,4,115,1747,104,,,,,,,,,,3,,,,
2156,2156,7,4,115,1747,3627,,,,,,,,,,1,,,,
2157,2157,7,4,115,1747,3072,,,,,,,,,,2,,,,
2158,2158,7,4,115,1747,1969,,,,,,,,,,2,,,,
2159,2159,7,4,115,1747,3194,,,,,,,,,,2,,,,
2160,2160,7,4,115,1747,3862,,,,,,,,,,1,,,,
2161,2161,7,4,115,1747,3089,,,,,,,,,,1,,,,
2162,2162,7,4,115,1747,3684,,,,,,,,,,1,,,,
2163,2163,7,4,115,1747,784,,,,,,,,,,1,,,,
2164,2164,7,4,115,1747,4250,,,,,,,,,,2,,,,
2165,2165,7,4,115,1168,,,,,,,,,Gradec (Civitas Montis Grecensis Zagrabiensis),,5,,,,
2166,2166,7,4,115,2222,875,,,,,,,,,,29,,,,
2167,2167,7,4,115,355,174,,,,,,,,,,17,,,,
2168,2168,7,4,115,672,875,,,,,,,,,,17,,,,
2169,2169,7,4,115,1363,1568,,,,,,,,,,15,,,,
2170,2170,7,4,115,2343,,,,,,,,Dominus,Dominus sufraganeus,,5,,,,
2171,2171,7,4,115,3804,2852,,,,,,,Grof,,,16,,,,
2172,2172,7,4,115,3440,200,oppidum,,,,,,Dominus,,,56,,,,
2173,2173,7,4,115,3440,200,provincia,,,,,,Dominus,,,58,,,,
2174,2174,7,4,115,2839,,,,,,,,,Dominus sufraganeus,,4,,,,
2175,2175,7,4,115,267,1212,,,,,,,,,,2,,,,
2176,2176,7,4,115,2253,,,,,,,,,Nadbiskup ostrogonski (Archiepiscopus strigoniensis)*,,212,,,,1
2177,2177,7,4,115,1880,461,,,,,,,,,,116,,,,
2178,2178,7,4,115,3306,3786,,,,,,,,,,18,,,,
2179,2179,7,4,115,3792,3480,,,,,,,,,,13,,,,
2180,2180,7,4,115,3792,2057,,,,,,,,,,4,,,,
2181,2181,7,4,115,721,937,,,,,,,,,,2,,,,
2182,2182,7,4,115,2453,,,,,,,,,Kaptol zagrebački (Capitulum Zagrabiense),,9,,,,
2183,2183,7,4,115,2744,3875,,,,,,,Dominus,,,25,,,,
2184,2184,7,4,115,1844,3917,,,,,,,,,,7,,,,
2185,2185,7,4,115,3430,2278,,,,,,,,,,6,,,,
2186,2186,7,4,115,246,932,,,,,,,,,,3,,,,
2187,2187,7,4,115,2983,932,,,,,,,,,,5,,,,
2188,2188,7,4,115,1666,875,,,,,,,,,,8,,,,
2189,2189,7,4,115,1305,3605,,,,,,,,,,25,,,,
2190,2190,7,4,115,1306,995,,,,,,,Dominus grof,,,700,,,,
2191,2191,7,4,115,247,,,,,,,,,Kaptol zagrebački (Capitulum Zagrabiense),,15,,,,
2192,2192,7,4,115,248,2816,,,,,,,,,,1,,,,1
2193,2193,7,4,133,465,102,,,,,,,,,,50,,,,
2194,2194,7,4,133,2499,3737,,,,,,,,,,1,,,,
2195,2195,7,4,133,2499,3624,,,,,,,,,,7,,,,
2196,2196,7,4,133,788,3925,,,,,,,,,,2,,,,
2197,2197,7,4,133,788,3354,,,,,,,,,,1,,,,
2198,2198,7,4,133,2924,2078,,,,,,,,,,8,,,,
2199,2199,7,4,133,1053,,,,,,,,,,,63,,,,
2200,2200,7,4,133,1051,3925,,,,,,,,,,18,,,,
2201,2201,7,4,133,430,1568,castrum,,,,,,Dominus,,,28,,,,
2202,2202,7,4,133,2202,155,,,,,,Relicta,,,,1,,,,
2203,2203,7,4,133,119,2411,,,,,,,,,,2,,,,
2204,2204,7,4,133,119,732,,,,,,,,,,4,,,,
2205,2205,7,4,133,119,2174,,,,,,,,,,4,,,,
2206,2206,7,4,133,119,1202,,,,,,,,,,2,,,,
2207,2207,7,4,133,119,378,,,,,,,,,,1,,,,
2208,2208,7,4,133,2921,1342,,,,,,,,Magister,,8,,,,
2209,2209,7,4,133,2921,2203,,,,,,,,,,4,,,,
2210,2210,7,4,133,3109,2873,,,,,,,,Litteratus,,4,,,,
2211,2211,7,4,133,163,2838,,,,,,,,Sartor,,4,,,,
2212,2212,7,4,133,3503,2078,castrum,,,,,,Dominus,,,50,,,,
2213,2213,7,4,133,3503,2694,castrum,,,,,,,,,1,,,,
2214,2214,7,4,133,2648,,,,,,,,Dominus,Biskup zagrebački (Episcopus Zagrabiensis),,17,,,,
2215,2215,7,4,133,1910,1157,,,,,,,,,,2,,,,
2216,2216,7,4,133,1910,2788,,,,,,,,,,16,,,,
2217,2217,7,4,133,1910,2347,,,,,,,,,,22,,,,
2218,2218,7,4,133,1910,3595,,,,,,,,,,16,,,,
2219,2219,7,4,11,3834,,,,,,,,,,,149,,,,
2220,2220,7,4,11,458,1310,,,,,,,,,,7,,,,
2221,2221,7,4,11,2031,,,,,,,,,Fratres-pavlini-Lepoglava,,8,,,,
2222,2222,7,4,11,2947,,,,,,,,,,,63,,,,
2223,2223,7,4,11,2946,,,,,,,,,Župnik (plebanus),,10,,,,
2224,2224,7,4,11,3817,2059,,,,,,Relicta,,,,13,,,,
2225,2225,7,4,11,3817,2879,,,,,,,,,,4,,,,
2226,2226,7,4,11,3817,2810,,,,,,,,,,8,,,,
2227,2227,7,4,11,3817,1481,,,,,,Relicta,,,,3,,,,
2228,2228,7,4,11,3817,1043,,,,,,,,,,2,,,,
2229,2229,7,4,11,3817,3594,,,,,,,,,,2,,,,
2230,2230,7,4,11,3817,3779,,,,,,,,,,6,,,,
2231,2231,7,4,11,3817,2178,,,,,,,,,,6,,,,
2232,2232,7,4,11,3329,2529,,,,,,,Dominus,Prepošt (praepositus),,5,,,,
2233,2233,7,4,11,3817,1249,,,,,,Relicta,,,,5,,,,
2234,2234,7,4,11,3817,3822,,,,,,,Dominus,,,2,,,,
2235,2235,7,4,11,963,2787,,,,,,,Dominus,,,11,,,,
2236,2236,7,4,11,964,,,,,,,,,,,5,,,,
2237,2237,7,4,11,967,1039,,,,,,,,,,1,,,,
2238,2238,7,4,11,2264,1598,,,,,,,,,,1,,,,
2239,2239,7,4,11,2180,3437,,,,,,,,Litteratus,,1,,,,
2240,2240,7,4,11,2180,2272,,,,,,,,,,1,,,,
2241,2241,7,4,11,775,865,,,,,,,,,,2,,,,
2242,2242,7,4,11,197,1916,,,,,,,,Judex nobilium,,1,,,,
2243,2243,7,4,11,963,3937,,,,,,,,,,2,,,,
2244,2244,7,4,11,963,2286,,,,,,,,,,2,,,,
2245,2245,7,4,11,963,2078,,,,,,,,Judex nobilium,,3,,,,
2246,2246,7,4,11,9,2317,,,,,,,,,,1,,,,
2247,2247,7,4,11,9,2598,,,,,,,,,,1,,,,
2248,2248,7,4,11,9,2329,,,,,,,,,,2,,,,
2249,2249,7,4,11,967,2119,,,,,,,,,,1,,,,
2250,2250,7,4,11,967,1934,,,,,,,,,,1,,,,
2251,2251,7,4,11,1387,3222,,,,,,,,,,2,,,,
2252,2252,7,4,11,1387,1918,,,,,,,,,,1,,,,
2253,2253,7,4,11,2264,3838,,,,,,,,,,6,,,,
2254,2254,7,4,11,9,1979,,,,,,,,,,2,,,,
2255,2255,7,4,11,196,744,,,,,,,,Litteratus,,1,,,,
2256,2256,7,4,11,2138,3737,,,,,,,,,,2,,,,
2257,2257,7,4,11,1727,101,,,,,,,,,,43,,,,
2258,2258,7,4,11,311,,,,,,,,,Vranski priorat (Prioratus Auranae),,250,,,,
2259,2259,7,4,11,312,2960,,,,,,,Grof,,,10,,,,1
2260,2260,7,4,11,236,,,,,,,,,Biskup zagrebački (Episcopus Zagrabiensis),,3,,,,
2261,2261,7,4,11,3348,2078,,,,,,,,,Gregorius,7,,,,
2262,2262,7,4,11,2835,,,,,,,,,Biskup zagrebački (Episcopus Zagrabiensis),,9,,,,
2263,2263,7,4,11,3246,,,,,,,,,Biskup zagrebački (Episcopus Zagrabiensis),,44,,,,
2264,2264,7,4,11,2917,,,,,,,,,Biskup zagrebački (Episcopus Zagrabiensis),,28,,,,
2265,2265,7,4,11,583,,,,,,,,,Biskup zagrebački (Episcopus Zagrabiensis),,20,,,,
2266,2266,7,4,11,2473,869,,,,,,,Dominus,,,19,,,,
2267,2267,7,4,11,255,,,,,,,,,Eremiti (Fratres heremitae),,17,,,,
2268,2268,7,4,11,3008,,,,,,,,,Biskup zagrebački (Episcopus Zagrabiensis),,13,,,,
2269,2269,7,4,11,2197,,,,,,,,,Biskup zagrebački (Episcopus Zagrabiensis),,8,,,,
2270,2270,7,4,11,1991,,,,,,,,,,,42,,,,
2271,2271,7,4,11,1988,2921,castrum,,,,,,,,,5,,,,
2272,2272,7,4,11,3141,,,,,,,,,Biskup zagrebački (Episcopus Zagrabiensis),,5,,,,
2273,2273,7,4,11,1211,,,,,,,,,St. Nicolaus,,4,,,,
2274,2274,7,4,11,594,,,,,,,,,Gradec (Civitas Montis Grecensis Zagrabiensis),,425,,,,
2275,2275,7,4,11,3415,,,,,,,,,Kaptol zagrebački (Capitulum Zagrabiense),,262,,,,
2276,2276,7,4,11,2,,,,,,,,,Abbatia zagrabiensis,,4,,,,
2277,2277,7,4,11,2481,1157,,,,,,,,,,3,,,,
2278,2278,7,4,11,78,,,,,,,,,Abbatia zagrabiensis,,4,,,,
2279,2279,7,4,11,2481,21,,,,,,,,,,8,,,,
2280,2280,7,4,11,2481,101,,,,,,,,,,4,,,,
2281,2281,7,4,11,2481,3374,,,,,,,,,,1,,,,
2282,2282,8,1,109,2602,1824,,,,,,,,,,2,,,,
2283,2283,8,1,109,2602,4013,,,,,,,,,,4,,,,
2284,2284,8,1,109,169,873,,,,,,,,,,7,,,,
2285,2285,8,1,109,3205,1656,,,,,,,,,,17,,,,
2286,2286,8,1,109,2518,4051,,,,,,,,,,7,,,,
2287,2287,8,1,109,2602,1269,,,,,,Relicta,,,,12,,,,
2288,2288,8,1,109,3205,3355,,,,,,,,,,6,,,,
2289,2289,8,1,109,2602,469,,,,,,,,,,3,,,,
2290,2290,8,1,109,2602,,,,,,,,,Župnik (plebanus),,1,,,,
2291,2291,8,1,109,2779,3921,,,,,,,,,"Tenetur fumos 8, retinuit pro sallario",35,,,,
2292,2292,8,1,109,2779,1971,,,,,,Relicta,,,,26,,,,
2293,2293,8,1,109,3600,3843,,,,,,Relicta,,,,7,,,,
2294,2294,8,1,109,3600,3226,,,,,,,,,,6,,,,
2295,2295,8,1,109,3600,861,,,,,,,,,,0,,,,
2296,2296,8,1,109,3600,2123,,,,,,,,,,2,,,,
2297,2297,8,1,109,3600,1602,,,,,,,,,,2,,,,
2298,2298,8,1,109,3600,3761,,,,,,,,,,3,,,,
2299,2299,8,1,109,785,1249,,,,,,Relicta,,,,18,,,,
2300,2300,8,1,109,1247,,oppidum,,,,,,,,,135,,,,
2301,2301,8,1,109,1828,,,,,,,,,,,38,,,,
2302,2302,8,1,109,2286,,,,,,,,,,,11,,,,
2303,2303,8,1,109,2285,,,,,,,,,,,26,,,,
2304,2304,8,1,109,2540,1384,,,,,,,,,,10,,,,
2305,2305,8,1,109,2266,,,,,,,,,Župnik (plebanus)-Omnii Sancti,,6,,,,
2306,2306,8,1,109,3261,,,,,,,,,Biskup zagrebački (Episcopus Zagrabiensis),,26,,,,
2307,2307,8,1,109,2585,2873,,,,,,,,Litteratus,,3,,,,
2308,2308,8,1,109,1875,106,,,,,,,,,,1,,,,
2309,2309,8,1,109,1579,738,,,,,,,,,,3,,,,
2310,2310,8,1,109,506,946,,,,,,,,,,1,,,,
2311,2311,8,1,109,506,1568,,,,,,,,,,1,,,,
2312,2312,8,1,109,1260,1568,,,,,,,,,,1,,,,
2313,2313,8,1,109,598,860,,,,,,,,,,1,,,,
2314,2314,8,1,109,3142,2810,,,,,,,,,,1,,,,
2315,2315,8,1,109,2220,3594,,,,,,,,,,4,,,,
2316,2316,8,1,109,1765,3822,,,,,,,,,,8,,,,
2317,2317,8,1,109,1739,1916,,,,,,,,,,2,,,,
2318,2318,8,1,109,2213,,,,,,,,,Prebendarius,,6,,,,
2319,2319,8,1,109,1057,,,,,,,,,,,3,,,,
2320,2320,8,1,109,3362,,,,,,,,,,,8,,,,
2321,2321,8,1,109,2078,1342,,,,,,,,,,8,,,,
2322,2322,8,1,109,2078,2810,,,,,,,,,,5,,,,
2323,2323,8,1,109,2079,,,,,,,,,Nobiles unius sessionis,,72,,,,1
2324,2324,8,1,109,185,1229,,,,,,,,,,6,,,,
2325,2325,8,1,109,185,4051,,,,,,,,,,4,,,,
2326,2326,8,1,109,185,2078,,,,,,,,,,1,,,,
2327,2327,8,1,109,1106,3184,,,,,,,,,,4,,,,
2328,2328,8,1,109,2719,4008,,,,,,,,,,1,,,,
2329,2329,8,1,109,2719,2078,,,,,,,,,,1,,,,
2330,2330,8,1,109,3114,360,,,,,,,,,,3,,,,
2331,2331,8,1,109,763,538,,,,,,,,,,3,,,,
2332,2332,8,1,109,3110,1235,,,,,,,,,,3,,,,
2333,2333,8,1,109,3110,3171,,,,,,,,Dicator,,3,,,,
2334,2334,8,1,109,1023,1011,,,,,,,,,,2,,,,
2335,2335,8,1,109,3391,2236,,,,,,,,,,6,,,,
2336,2336,8,1,109,787,271,,,,,,,,,,4,,,,
2337,2337,8,1,109,3767,703,,,,,,,,,,4,,,,
2338,2338,8,1,109,3689,4185,,,,,,,,,,6,,,,
2339,2339,8,1,109,742,,,,,,,,,,,4,,,,
2340,2340,8,1,109,2747,,,,,,,,,Biskup zagrebački (Episcopus Zagrabiensis),,13,,,,
2341,2341,8,1,109,761,,,,,,,,,,,7,,,,
2342,2342,8,1,109,2853,,,,,,,,,Župnik (plebanus)-St. Crux,,15,,,,
2343,2343,8,1,109,1247,,,,,,,,,Župnik (plebanus),,6,,,,
2344,2344,8,1,109,3484,,,,,,,,,Biskup zagrebački (Episcopus Zagrabiensis),,41,,,,
2345,2345,8,1,109,2214,,,,,,,,,Župnik (plebanus)-St. Crux,,54,,,,
2346,2346,8,1,109,2214,,oppidum,,,,,,,,,52,,,,
2347,2347,8,1,109,2062,,,,,,,,,,,260,,,,
2348,2348,8,1,109,3449,,,,,,,,,Monozlo*,,150,,,,1
2349,2349,8,1,109,2061,,,,,,,,,Prediales unius sessionis de Monozlo,,30,,,,
2350,2350,8,1,109,3713,,,,,,,,,Župnik (plebanus),,7,,,,
2351,2351,8,1,109,2061,,,,,,,,,Župnik (plebanus),,13,,,,
2352,2352,8,1,109,2061,3822,,,,,,,,Magister prebendarius,,2,,,,
2353,2353,8,1,109,2061,,,,,,,,,Magister hospitalis,,1,,,,
2354,2354,8,1,109,2266,,,,,,,,,Župnik (plebanus)-Omnii Sancti,,4,,,,
2355,2355,8,1,109,3185,,,,,,,,,Župnik (plebanus),,12,,,,
2356,2356,8,1,109,3237,,,,,,,,,Župnik (plebanus),,2,,,,
2357,2357,8,1,109,425,,,,,,,,,Prepošt (praepositus),,39,,,,
2358,2358,8,1,109,425,,,,,,,,,Župnik (plebanus),,3,,,,
2359,2359,8,1,109,3657,,oppidum,,,,,,,,,66,,,,
2360,2360,8,1,109,3657,,,,,,,,,Župnik (plebanus),,6,,,,
2361,2361,8,1,109,2163,,,,,,,,,Župnik (plebanus),,2,,,,
2362,2362,8,1,109,645,3848,,,,,,,,,,2,,,,
2363,2363,8,1,109,3490,1742,,,,,,,,Dicator,,4,,,,
2364,2364,8,1,109,1060,573,,,,,,,,,,2,,,,
2365,2365,8,1,109,3562,,cantoratus,,,,,,,Cantor,,3,,,,
2366,2366,8,1,109,3562,,cantoratus,,,,,,Dominus,Custos,,1,,,,
2367,2367,8,1,109,3562,,cantoratus,,,,,,Dominus,Lector,,4,,,,
2368,2368,8,1,109,3562,1453,cantoratus,,,,,,,Magister,,2,,,,
2369,2369,8,1,109,3562,2873,cantoratus,,,,,,,Magister,,2,,,,
2370,2370,8,1,109,3562,,cantoratus,,,,,,Dominus,Organista,,2,,,,
2371,2371,8,1,109,3562,4173,cantoratus,,,,,,,Magister,,2,,,,
2372,2372,8,1,109,3562,4030,cantoratus,,,,,,,Magister,,2,,,,
2373,2373,8,1,109,3562,3185,cantoratus,,,,,,,Magister,,2,,,,
2374,2374,8,1,109,3562,3002,cantoratus,,,,,,,Magister,,1,,,,
2375,2375,8,1,109,3562,2078,cantoratus,,,,,,,Magister,,1,,,,
2376,2376,8,1,109,3562,3922,cantoratus,,,,,,,Magister,,1,,,,
2377,2377,8,1,109,3562,,cantoratus,,,,,,,Župnik (plebanus)-Čazma,,3,,,,
2378,2378,8,1,109,3562,2529,cantoratus,,,,,,,Prebendarius hospitalis,,3,,,,
2379,2379,8,1,109,3562,4051,cantoratus,,,,,,,Prebendarius hospitalis,,1,,,,
2380,2380,8,1,109,3562,1568,cantoratus,,,,,,,Prebendarius hospitalis,,3,,,,
2381,2381,8,1,109,2856,,,,,,,,,Župnik (plebanus)-St. Nicolaus,,1,,,,
2382,2382,8,1,109,2857,,,,,,,,,Župnik (plebanus)-St. Stephanus,,6,,,,
2383,2383,8,1,109,1837,,,,,,,,,Fratres predicatores,,6,,,,
2384,2384,8,1,109,1837,3822,,,,,,,,Prebendarius-St. Katharina,,3,,,,
2385,2385,8,1,109,2645,3185,,,,,,,,Prebendar (prebendarius),,4,,,,
2386,2386,8,1,109,2681,,,,,,,,,Fratres predicatores,,7,,,,
2387,2387,8,1,109,2721,3400,,,,,,,,,,3,,,,
2388,2388,8,1,109,1929,2529,,,,,,,,,,2,,,,
2389,2389,8,1,109,851,3516,,,,,,,,,,1,,,,
2390,2390,8,1,109,2662,3225,,,,,,,,,,7,,,,
2391,2391,8,1,109,2662,3516,,,,,,,,,,8,,,,
2392,2392,8,1,109,1820,101,,,,,,Relicta,,,,9,,,,
2393,2393,8,1,109,1176,353,,,,,,,,,,2,,,,
2394,2394,8,1,109,1740,838,,,,,,,,,,3,,,,
2395,2395,8,1,109,1740,1522,,,,,,,,Dicator,,5,,,,
2396,2396,8,1,109,1134,105,,,,,,,,,,5,,,,
2397,2397,8,1,109,1109,873,,,,,,,,,,2,,,,
2398,2398,8,1,109,1109,3986,,,,,,,,,,1,,,,
2399,2399,8,1,109,1134,444,,,,,,,,,,1,,,,
2400,2400,8,1,109,3825,2810,,,,,,,,,,1,,,,
2401,2401,8,1,109,1510,3516,,,,,,,,,,3,,,,
2402,2402,8,1,109,2494,2529,,,,,,,,,,3,,,,
2403,2403,8,1,109,688,1034,,,,,,,,,,2,,,,
2404,2404,8,1,109,1717,999,,,,,,,,,,3,,,,
2405,2405,8,1,109,3471,1804,,,,,,,,,,2,,,,
2406,2406,8,1,109,3471,1249,,,,,,Relicta,,,,2,,,,
2407,2407,8,1,109,2059,144,,,,,,,,,,2,,,,
2408,2408,8,1,109,1373,3799,,,,,,Relicta,,,,2,,,,
2409,2409,8,1,109,936,507,,,,,,,,,,2,,,,
2410,2410,8,1,109,2945,2689,,,,,,,,,,7,,,,
2411,2411,8,1,109,300,4043,,,,,,,,,,2,,,,
2412,2412,8,1,109,998,1568,,,,,,,,,,1,,,,
2413,2413,8,1,109,998,4133,,,,,,,,Dicator,,4,,,,
2414,2414,8,1,109,998,,,,,,,,,Župnik (plebanus)-St. Georgius,,5,,,,
2415,2415,8,1,109,3857,,,,,,,,Dominus,Biskup zagrebački (Episcopus Zagrabiensis),,21,,,,
2416,2416,8,1,109,2163,,oppidum,,,,,,Dominus,Biskup zagrebački (Episcopus Zagrabiensis),,40,,,,
2417,2417,8,1,109,1033,,,,,,,,,,,13,,,,
2418,2418,8,1,109,3713,,,,,,,,Dominus,Biskup zagrebački (Episcopus Zagrabiensis),,6,,,,
2419,2419,8,1,109,1380,,,,,,,,,,,10,,,,
2420,2420,8,1,109,602,310,,,,,,,,,,6,,,,
2421,2421,8,1,109,1886,2683,,,,,,,,,,1,,,,
2422,2422,8,1,109,767,,,,,,,,,,,3,,,,
2423,2423,8,1,109,478,,oppidum,,,,,,,,,73,,,,
2424,2424,8,1,109,478,,oppidum,,,,,,,Magister hospitalis,,10,,,,
2425,2425,8,1,109,1193,,,,,,,,Dominus,Biskup zagrebački (Episcopus Zagrabiensis),,17,,,,
2426,2426,8,1,109,3777,,,,,,,,Dominus,Biskup zagrebački (Episcopus Zagrabiensis),,25,,,,
2427,2427,8,1,109,,,,,,,,,,Prediales unius sessionis,,43,,,,
2428,2428,8,1,114,94,3054,,Provincia Dombrensis,,,,,,,,6,,,,
2429,2429,8,1,114,94,322,,Provincia Dombrensis,,,,Relicta,,,,1,,,,
2430,2430,8,1,114,1249,3822,,Provincia Dombrensis,,,,,,,,1,,,,
2431,2431,8,1,114,916,944,,Provincia Dombrensis,,,,,,,,4,,,,
2432,2432,8,1,114,2774,1482,,Provincia Dombrensis,,,,,,,,3,,,,
2433,2433,8,1,114,566,,,Provincia Dombrensis,,,,,,,,5,,,,
2434,2434,8,1,114,3138,873,,Provincia Dombrensis,,,,,,,,6,,,,
2435,2435,8,1,114,1478,2078,,Provincia Dombrensis,,,,,,,,4,,,,
2436,2436,8,1,114,696,3576,,Provincia Dombrensis,,,,,,Judex nobilium,,15,,,,
2437,2437,8,1,114,3476,2078,,Provincia Dombrensis,,,,,,,,6,,,,
2438,2438,8,1,114,2386,1342,,Provincia Dombrensis,,,,,,,,6,,,,
2439,2439,8,1,114,1927,310,,Provincia Dombrensis,,,,,,,,7,,,,
2440,2440,8,1,114,165,517,,Provincia Dombrensis,,,,Relicta,,,,1,,,,
2441,2441,8,1,114,3394,3460,,Provincia Dombrensis,,,,,,,,7,,,,
2442,2442,8,1,114,1026,1568,,Provincia Dombrensis,,,,,,,,7,,,,
2443,2443,8,1,114,909,111,,Provincia Dombrensis,,,,,,,,4,,,,
2444,2444,8,1,114,1041,2078,,Provincia Dombrensis,,,,,,,,10,,,,
2445,2445,8,1,114,1041,2873,,Provincia Dombrensis,,,,,,,,4,,,,
2446,2446,8,1,114,1041,,,Provincia Dombrensis,,,,,,Župnik (plebanus),,8,,,,
2447,2447,8,1,114,354,2660,,Provincia Dombrensis,,,,,,,,7,,,,
2448,2448,8,1,114,354,3822,,Provincia Dombrensis,,,,,,,,2,,,,
2449,2449,8,1,114,738,,,Provincia Dombrensis,,,,,,Župnik (plebanus),,7,,,,
2450,2450,8,1,114,1286,2529,,Provincia Dombrensis,,,,,,,,4,,,,
2451,2451,8,1,114,2763,873,,Provincia Dombrensis,,,,,,,,1,,,,
2452,2452,8,1,114,2763,4160,,Provincia Dombrensis,,,,,,,,5,,,,
2453,2453,8,1,114,2763,112,,Provincia Dombrensis,,,,Relicta,,,,4,,,,
2454,2454,8,1,114,2949,1011,,Provincia Dombrensis,,,,,,,,2,,,,
2455,2455,8,1,114,2033,1568,,Provincia Dombrensis,,,,,,,,1,,,,
2456,2456,8,1,114,2033,3529,,Provincia Dombrensis,,,,,,,,1,,,,
2457,2457,8,1,114,125,2529,,Provincia Dombrensis,,,,,,,,3,,,,
2458,2458,8,1,114,974,647,,Provincia Dombrensis,,,,Relicta,,,,6,,,,
2459,2459,8,1,114,1870,169,,Provincia Dombrensis,,,,,,,,2,,,,
2460,2460,8,1,114,1439,105,,Provincia Dombrensis,,,,,,,,1,,,,
2461,2461,8,1,114,1927,3594,,Provincia Dombrensis,,,,,,,,1,,,,
2462,2462,8,1,114,1927,429,,Provincia Dombrensis,,,,,,,,4,,,,
2463,2463,8,1,114,154,1568,,Provincia Dombrensis,,,,,,Judex nobilium,,3,,,,
2464,2464,8,1,114,108,,,Provincia Dombrensis,,,,,,Župnik (plebanus),,6,,,,
2465,2465,8,1,114,73,3822,,Provincia Dombrensis,,,,,,,,6,,,,
2466,2466,8,1,114,856,3516,,Provincia Dombrensis,,,,,,Magister,,4,,,,
2467,2467,8,1,114,1132,1290,,Provincia Dombrensis,,,,,,,,5,,,,
2468,2468,8,1,114,1414,,villicatus,Provincia Dombrensis,,,,,,,,11,,,,
2469,2469,8,1,114,586,,villicatus,Provincia Dombrensis,,,,,,,,29,,,,
2470,2470,8,1,114,853,,villicatus,Provincia Dombrensis,,,,,,,,7,,,,
2471,2471,8,1,114,2619,,,Provincia Dombrensis,,,,,,Biskup zagrebački (Episcopus Zagrabiensis)*,,12,,,,1
2472,2472,8,1,114,385,3822,,Provincia Dombrensis,,,,,,,,3,,,,
2473,2473,8,1,114,385,,,Provincia Dombrensis,,,,,,Eremiti (Fratres heremitae),,7,,,,
2474,2474,8,1,114,1822,,villicatus,Provincia Dombrensis,,,,,,,,27,,,,
2475,2475,8,1,114,1093,3629,,Provincia Dombrensis,,,,,,,,4,,,,
2476,2476,8,1,114,3842,,,Provincia Dombrensis,,,,,Dominus,Biskup zagrebački (Episcopus Zagrabiensis),,20,,,,
2477,2477,8,1,114,2043,,,Provincia Dombrensis,,,,,Dominus,Biskup zagrebački (Episcopus Zagrabiensis),,25,,,,
2478,2478,8,1,114,738,,oppidum,Provincia Dombrensis,,,,,,,,109,,,,
2479,2479,8,1,114,738,,,Provincia Dombrensis,,,,,,Nobiles unius sessionis,,32,,,,
2480,2480,8,1,114,3623,,oppidum,Provincia Dombrensis,,,,,,,,40,,,,
2481,2481,8,1,114,3622,,,Provincia Dombrensis,,,,,,Župnik (plebanus),,1,,,,
2482,2482,8,1,114,3622,,,Provincia Dombrensis,,,,,,Prebendarius,,2,,,,
2483,2483,8,1,114,3343,,oppidum,Provincia Dombrensis,,,,,,,,95,,,,
2484,2484,8,1,114,3343,,provincia,Provincia Dombrensis,,,,,,,,60,,,,
2485,2485,8,1,114,3600,,,Provincia Dombrensis,,,,,,,,6,,,,
2486,2486,8,1,114,2795,,oppidum,Provincia Dombrensis,,,,,,,,75,,,,
2487,2487,8,1,114,2789,,,Provincia Dombrensis,,,,,,,,22,,,,
2488,2488,8,1,114,2779,860,villicatus,Provincia Dombrensis,,,,,,,,8,,,,
2489,2489,8,1,114,3160,,,Provincia Dombrensis,,,,,,Župnik (plebanus),,17,,,,
2490,2490,8,1,114,3160,366,,Provincia Dombrensis,,,,,,,,1,,,,
2491,2491,8,1,114,3160,1055,,Provincia Dombrensis,,,,,,,,1,,,,
2492,2492,8,1,114,3160,,,Provincia Dombrensis,,,,,,Prebendarius,,1,,,,
2493,2493,8,1,114,2779,,,Provincia Dombrensis,,,,,,Župnik (plebanus),,6,,,,
2494,2494,8,1,114,2589,650,,Provincia Dombrensis,,,,,,,,1,,,,
2495,2495,8,1,114,3365,1617,,Provincia Dombrensis,,,,,,,,25,,,,
2496,2496,8,1,114,3365,,,Provincia Dombrensis,,,,,,Župnik (plebanus),,4,,,,
2497,2497,8,1,114,437,1614,,Provincia Dombrensis,,,,,,,,18,,,,
2498,2498,8,1,114,437,,,Provincia Dombrensis,,,,,,Župnik (plebanus),,1,,,,
2499,2499,8,1,114,2754,878,,Provincia Dombrensis,,,,,Dominus,,,32,,,,
2500,2500,8,1,114,2755,3924,,Provincia Dombrensis,,,,,,Judex nobilium,,5,,,,
2501,2501,8,1,114,1050,2203,,Provincia Dombrensis,,,,,,,,5,,,,
2502,2502,8,1,114,3262,2078,,Provincia Dombrensis,,,,,,,,10,,,,
2503,2503,8,1,114,3707,2015,,Provincia Dombrensis,,,,,,,,2,,,,
2504,2504,8,1,114,3144,,,Provincia Dombrensis,,,,,Dominus,Vicebanus,,5,,,,
2505,2505,8,1,114,1708,,,Provincia Dombrensis,,,,,,Župnik (plebanus),,3,,,,
2506,2506,8,1,114,1708,869,,Provincia Dombrensis,,,,,Dux,,,37,,,,
2507,2507,8,1,114,915,2078,,Provincia Dombrensis,,,,,,Judex nobilium,,11,,,,
2508,2508,8,1,114,915,1568,,Provincia Dombrensis,,,,,,,,6,,,,
2509,2509,8,1,114,915,2873,,Provincia Dombrensis,,,,,,,,3,,,,
2510,2510,8,1,114,486,548,,Provincia Dombrensis,,,,Relicta,,,,5,,,,
2511,2511,8,1,114,1620,2734,,Provincia Dombrensis,,,,,,,,5,,,,
2512,2512,8,1,114,1680,2716,,Provincia Dombrensis,,,,,,,,42,,,,
2513,2513,8,1,114,1680,,,Provincia Dombrensis,,,,,,Župnik (plebanus),,2,,,,
2514,2514,8,1,114,3390,3002,,Provincia Dombrensis,,,,,,,,2,,,,
2515,2515,8,1,114,3390,97,,Provincia Dombrensis,,,,Relicta,,,,2,,,,
2516,2516,8,1,114,3390,621,,Provincia Dombrensis,,,,,,Dicator,,6,,,,
2517,2517,8,1,114,3390,2078,,Provincia Dombrensis,,,,Relicta,,,,1,,,,
2518,2518,8,1,114,3390,567,,Provincia Dombrensis,,,,,,,,1,,,,
2519,2519,8,1,114,2602,868,,Provincia Dombrensis,,,,,,,,1,,,,
2520,2520,8,1,114,2599,557,,Provincia Dombrensis,,,,,,Dicator,,12,,,,
2521,2521,8,1,114,845,3661,,Provincia Dombrensis,,,,,,,,1,,,,
2522,2522,8,1,114,2961,2873,,Provincia Dombrensis,,,,,,Litteratus,,2,,,,
2523,2523,8,1,114,2395,946,,Provincia Dombrensis,,,,,,Magister,,1,,,,
2524,2524,8,1,114,1460,310,,Provincia Dombrensis,,,,,,,,10,,,,
2525,2525,8,1,114,3636,,oppidum,Provincia Dombrensis,,,,,,,,31,,,,
2526,2526,8,1,114,970,1568,,Provincia Dombrensis,,,,,,,,6,,,,
2527,2527,8,1,114,970,2438,,Provincia Dombrensis,,,,,,,,2,,,,
2528,2528,8,1,114,2632,4096,,Provincia Dombrensis,,,,,,,,6,,,,
2529,2529,8,1,114,703,2438,,Provincia Dombrensis,,,,,,,,40,,,,
2530,2530,8,1,114,703,,,Provincia Dombrensis,,,,,,Župnik (plebanus),,2,,,,
2531,2531,8,1,114,797,,,Provincia Dombrensis,,,,,,Magister Prothonotarius,,10,,,,
2532,2532,8,1,114,2417,,,Provincia Dombrensis,,,,,,,,12,,,,
2533,2533,8,1,114,1066,,,Provincia Dombrensis,,,,,,,,39,,,,
2534,2534,8,1,114,1410,,,Provincia Dombrensis,,,,,,,,28,,,,
2535,2535,8,1,114,2609,,,Provincia Dombrensis,,,,,,,,49,,,,
2536,2536,8,1,114,1823,,,Provincia Dombrensis,,,,,,,,7,,,,
2537,2537,8,1,114,2158,,,Provincia Dombrensis,,,,,,Župnik (plebanus),,2,,,,
2538,2538,8,1,114,2274,,,Provincia Dombrensis,,,,,,Abbas,,14,,,,
2539,2539,8,1,114,1737,,,Provincia Dombrensis,,,,,,Župnik (plebanus)-Ludbreg,,2,,,,
2540,2540,8,1,114,2307,1482,,Provincia Dombrensis,,,,,,,,7,,,,
2541,2541,8,1,114,2307,2996,,Provincia Dombrensis,,,,,,,,5,,,,
2542,2542,8,1,114,2374,,,Provincia Dombrensis,,,,,,Župnik (plebanus),,4,,,,
2543,2543,8,1,114,542,1347,,Provincia Dombrensis,,,,,,,,12,,,,
2544,2544,8,1,114,541,2096,,Provincia Dombrensis,,,,,,,,12,,,,
2545,2545,8,1,114,1551,3562,,Provincia Dombrensis,,,,,,,,15,,,,
2546,2546,8,1,114,1551,3524,,Provincia Dombrensis,,,,,,,,2,,,,
2547,2547,8,1,114,278,496,,Provincia Dombrensis,,,,Relicta,,,,1,,,,
2548,2548,8,1,114,1296,436,,Provincia Dombrensis,,,,,,,,1,,,,
2549,2549,8,1,114,934,,provincia,Provincia Dombrensis,,,,,,,,33,,,,
2550,2550,8,1,114,934,,oppidum,Provincia Dombrensis,,,,,,,,20,,,,
2551,2551,8,1,114,3554,,,Provincia Dombrensis,,,,,,Vranski priorat (Prioratus Auranae)*,,77,,,,1
2552,2552,8,1,114,3554,,,Provincia Dombrensis,,,,,,Župnik (plebanus),,3,,,,
2553,2553,8,1,114,2119,185,,Provincia Dombrensis,,,,,,,,2,,,,
2554,2554,8,1,114,2485,2208,,Provincia Dombrensis,,,,,,,,1,,,,
2555,2555,8,1,114,2119,3437,,Provincia Dombrensis,,,,,,,,7,,,,
2556,2556,8,1,114,457,115,,Provincia Dombrensis,,,,,,,,3,,,,
2557,2557,8,1,114,2119,280,,Provincia Dombrensis,,,,,,,,2,,,,
2558,2558,8,1,114,434,2002,,Provincia Dombrensis,,,,,,,,7,,,,
2559,2559,8,1,114,2119,607,,Provincia Dombrensis,,,,,,,,2,,,,
2560,2560,8,1,114,921,2078,,Provincia Dombrensis,,,,,,Vicejudex nobilium,,1,,,,
2561,2561,8,1,114,1045,,,Provincia Dombrensis,,,,,,Župnik (plebanus),,2,,,,
2562,2562,8,1,114,1045,1347,,Provincia Dombrensis,,,,,,,,4,,,,
2563,2563,8,1,114,1045,2096,,Provincia Dombrensis,,,,,,,,6,,,,
2564,2564,8,1,114,2558,2096,,Provincia Dombrensis,,,,,,,,16,,,,
2565,2565,8,1,114,2558,1347,,Provincia Dombrensis,,,,,,,,14,,,,
2566,2566,8,1,114,3575,,,Provincia Dombrensis,,,,,,Župnik (plebanus)-St. Martinus,,1,,,,
2567,2567,8,1,114,2265,,,Provincia Dombrensis,,,,,,Župnik (plebanus)-Omnii Sancti,,1,,,,
2568,2568,8,1,114,1296,578,,Provincia Dombrensis,,,,Relicta,,,,2,,,,
2569,2569,8,1,114,1296,2182,,Provincia Dombrensis,,,,,,,,2,,,,
2570,2570,8,1,114,1296,2105,,Provincia Dombrensis,,,,,,,,2,,,,
2571,2571,8,1,114,337,1265,,Provincia Dombrensis,,,,,,,,44,,,,
2572,2572,8,1,114,543,2530,,Provincia Dombrensis,,,,,,,,1,,,,
2573,2573,8,1,114,543,1259,,Provincia Dombrensis,,,,,,,,2,,,,
2574,2574,8,1,114,544,,,Provincia Dombrensis,,,,,,Župnik (plebanus),,1,,,,
2575,2575,8,1,114,1167,2648,,Provincia Dombrensis,,,,,,,,2,,,,
2576,2576,8,1,114,3200,2078,,Provincia Dombrensis,,,,,,,,1,,,,
2577,2577,8,1,114,3200,2873,,Provincia Dombrensis,,,,,,,,3,,,,
2578,2578,8,1,114,2955,3185,,Provincia Dombrensis,,,,,,,,1,,,,
2579,2579,8,1,114,1201,916,,Provincia Dombrensis,,,,,,,,4,,,,
2580,2580,8,1,114,553,3717,,Provincia Dombrensis,,,,,,,,2,,,,
2581,2581,8,1,114,553,1024,,Provincia Dombrensis,,,,,,,,2,,,,
2582,2582,8,1,114,2598,237,,Provincia Dombrensis,,,,,,,,1,,,,
2583,2583,8,1,114,351,4130,,Provincia Dombrensis,,,,,,,,3,,,,
2584,2584,8,1,114,543,3411,,Provincia Dombrensis,,,,,,,,1,,,,
2585,2585,8,1,114,388,2078,,Provincia Dombrensis,,,,,,,,2,,,,
2586,2586,8,1,114,557,3499,,Provincia Dombrensis,,,,,,,,1,,,,
2587,2587,8,1,114,2936,,,Provincia Dombrensis,,,,,,,dicata,5,,,,
2588,2588,8,1,114,2639,2078,,Provincia Dombrensis,,,,,,,,8,,,,
2589,2589,8,1,114,1218,3822,,Provincia Dombrensis,,,,,,,,12,,,,
2590,2590,8,1,114,1218,2078,,Provincia Dombrensis,,,,,,,,12,,,,
2591,2591,8,1,114,1218,3378,,Provincia Dombrensis,,,,,,,,4,,,,
2592,2592,8,1,114,2819,293,,Provincia Dombrensis,,,,Relicta,,,,4,,,,
2593,2593,8,1,114,2817,1332,,Provincia Dombrensis,,,,,,,,6,,,,
2594,2594,8,1,114,2817,2873,,Provincia Dombrensis,,,,,,,,1,,,,
2595,2595,8,1,114,1218,744,,Provincia Dombrensis,,,,,,,,2,,,,
2596,2596,8,1,114,1533,252,,Provincia Dombrensis,,,,,,,,22,,,,
2597,2597,8,1,114,3614,,,Provincia Dombrensis,,,,,,Župnik (plebanus),,1,,,,
2598,2598,8,1,114,3614,279,,Provincia Dombrensis,,,,,,,,4,,,,
2599,2599,8,1,114,1132,,,Provincia Dombrensis,,,,,,Župnik (plebanus),,2,,,,
2600,2600,8,1,114,2820,2078,,Provincia Dombrensis,,,,,,Litteratus,,1,,,,
2601,2601,8,1,114,2820,1814,,Provincia Dombrensis,,,,,,,,1,,,,
2602,2602,8,1,114,2575,2873,,Provincia Dombrensis,,,,,,,,1,,,,
2603,2603,8,1,114,2575,3639,,Provincia Dombrensis,,,,,,,,2,,,,
2604,2604,8,1,114,2575,1725,,Provincia Dombrensis,,,,,,,,2,,,,
2605,2605,8,1,114,2575,4051,,Provincia Dombrensis,,,,,,,,1,,,,
2606,2606,8,1,114,2575,3516,,Provincia Dombrensis,,,,,,Litteratus,,2,,,,
2607,2607,8,1,114,2575,1342,,Provincia Dombrensis,,,,,,,,1,,,,
2608,2608,8,1,114,3110,2529,,Provincia Dombrensis,,,,,,,,5,,,,
2609,2609,8,1,114,1441,3516,,Provincia Dombrensis,,,,,,,,5,,,,
2610,2610,8,1,114,1442,327,,Provincia Dombrensis,,,,Relicta,,,,2,,,,
2611,2611,8,1,114,1157,2404,,Provincia Dombrensis,,,,,,,,4,,,,
2612,2612,8,1,114,2639,2078,,Provincia Dombrensis,,,,Relicta,,,,12,,,,
2613,2613,8,1,114,2369,1871,,Provincia Dombrensis,,,,,,,,1,,,,
2614,2614,8,1,114,2369,124,,Provincia Dombrensis,,,,Relicta,,,,1,,,,
2615,2615,8,1,114,2369,3539,,Provincia Dombrensis,,,,,,,,1,,,,
2616,2616,8,1,114,1442,141,,Provincia Dombrensis,,,,,,,,1,,,,
2617,2617,8,1,114,647,3466,,Provincia Dombrensis,,,,,,,,31,,,,
2618,2618,8,1,114,2096,217,,Provincia Dombrensis,,,,Relicta,,,,9,,,,
2619,2619,8,1,114,3110,1482,,Provincia Dombrensis,,,,,,,,8,,,,
2620,2620,8,1,114,411,1290,,Provincia Dombrensis,,,,Relicta,,,,9,,,,
2621,2621,8,1,114,2717,2500,,Provincia Dombrensis,,,,,,,,38,,,,
2622,2622,8,1,114,2717,3822,,Provincia Dombrensis,,,,,,,,3,,,,
2623,2623,8,1,114,2581,3822,,Provincia Dombrensis,,,,,,,,17,,,,
2624,2624,8,1,114,1157,1623,,Provincia Dombrensis,,,,,,,,3,,,,
2625,2625,8,1,114,1212,1028,,Provincia Dombrensis,,,,,,,,2,,,,
2626,2626,8,1,114,1398,,,Provincia Dombrensis,,,,,,,,25,,,,
2627,2627,8,1,114,1395,,,Provincia Dombrensis,,,,,,Župnik (plebanus),,3,,,,
2628,2628,8,1,114,2026,,,Provincia Dombrensis,,,,,,Župnik (plebanus),,2,,,,
2629,2629,8,1,114,2716,,,Provincia Dombrensis,,,,,,Župnik (plebanus),,1,,,,
2630,2630,8,1,114,2716,1654,,Provincia Dombrensis,,,,,,,,5,,,,
2631,2631,8,1,114,2095,180,,Provincia Dombrensis,,,,,,,,6,,,,
2632,2632,8,1,114,2540,105,,Provincia Dombrensis,,,,,,,,6,,,,
2633,2633,8,1,114,2540,257,,Provincia Dombrensis,,,,,,,,1,,,,
2634,2634,8,1,114,2540,1482,,Provincia Dombrensis,,,,,,,,3,,,,
2635,2635,8,1,114,2540,,,Provincia Dombrensis,,,,,,Hospitalis,,1,,,,
2636,2636,8,1,114,2540,1477,,Provincia Dombrensis,,,,,,Insistor,,1,,,,
2637,2637,8,1,114,3609,,,Provincia Dombrensis,,,,,Dominus,Biskup zagrebački (Episcopus Zagrabiensis),,26,,,,
2638,2638,8,1,114,3609,212,,Provincia Dombrensis,,,,,,Judex nobilium,,5,,,,
2639,2639,8,1,114,3609,2064,,Provincia Dombrensis,,,,,,Vicecomes,,3,,,,
2640,2640,8,1,114,2817,2375,,Provincia Dombrensis,,,,,,,,2,,,,
2641,2641,8,1,114,2817,493,,Provincia Dombrensis,,,,,,,,2,,,,
2642,2642,8,1,114,2817,145,,Provincia Dombrensis,,,,,,,,1,,,,
2643,2643,8,1,114,2817,102,,Provincia Dombrensis,,,,,,,,1,,,,
2644,2644,8,1,114,629,,,Provincia Dombrensis,,,,,,Claustrum Crisiense,,27,,,,
2645,2645,8,1,114,627,,,Provincia Dombrensis,,,,,,,,51,,,,
2646,2646,8,1,114,623,,,Provincia Dombrensis,,,,,,Župnik (plebanus),,9,,,,
2647,2647,8,1,114,2631,3137,,Provincia Dombrensis,,,,,,,,1,,,,
2648,2648,8,1,114,623,,oppidum,Provincia Dombrensis,,,,,,,,101,,,,
2649,2649,8,1,114,846,1869,,Provincia Dombrensis,,,,,,,,1,,,,1
2650,2651,9,1,109,2602,1824,,,,60,,,,,,2,,,,
2651,2652,9,1,109,2602,4018,,,,60,,,,,,4,,,,
2652,2653,9,1,109,2602,4046,,,,60,,,,,,3,,,,
2653,2654,9,1,109,2519,4051,,,,60,,,,,,8,,,,
2654,2655,9,1,109,2602,2732,,,,60,,,Dominus,,,9,,,,
2655,2656,9,1,109,2602,1272,,,,60,,,Domina,,,12,,,,
2656,2657,9,1,109,3205,3355,,,,60,,,,,,6,,,,
2657,2658,9,1,109,2602,,,,,60,,,,Župnik (plebanus),,1,,,,
2658,2659,9,1,109,170,2078,,,,60,,,,,,8,,,,
2659,2660,9,1,109,3205,1663,,,,60,,,,,,19,,,,
2660,2661,9,1,109,812,1619,,,,60,,,,,,1,,,,
2661,2662,9,1,109,2668,,,,,60,,,,,,19,,,,
2662,2663,9,1,109,2667,263,,,,60,,,,Judex nobilium,,28,,,,
2663,2664,9,1,109,2667,,,,,60,,,,Župnik (plebanus),,6,,,,
2664,2665,9,1,109,2667,495,,,,60,,Relicta,,,,18,,,,
2665,2666,9,1,109,2667,,oppidum,,,60,,,,,,66,,,,
2666,2667,9,1,109,3602,3222,,,,60,,,,,,2,,,,
2667,2668,9,1,109,3602,1600,,,,60,,,,,,1,,,,
2668,2669,9,1,109,3602,751,,,,60,,,,,,6,,,,
2669,2670,9,1,109,3602,2119,,,,60,,,,,,2,,,,
2670,2671,9,1,109,3602,3822,,,,60,,Relicta,,,,8,,,,
2671,2672,9,1,109,796,304,,,,60,,Relicta,,Familiaris domini bani,,19,,,,
2672,2673,9,1,109,3540,2732,,,,60,,,Dominus,,,6,,,,
2673,2674,9,1,109,3540,3750,,,,60,,,,,,3,,,,
2674,2675,9,1,109,3540,1726,,,,60,,,,,,1,,,,
2675,2676,9,1,109,1875,1059,,,,60,,,,,,2,,,,
2676,2677,9,1,109,3343,,,,,60,,,,Župnik (plebanus),,12,,,,
2677,2678,9,1,109,3343,,oppidum,,,60,,,,,,63,,,,
2678,2679,9,1,109,3343,,provincia,,,60,,,,,,52,,,,
2679,2680,9,1,109,3346,3068,,,,60,,,,,,89.5,,,,
2680,2681,9,1,109,796,,,,,60,,,,Magister prothonotarius,,6,,,,
2681,2682,9,1,109,1242,,oppidum,,,60,,,,,,139,,,,
2682,2683,9,1,109,1866,,,,,60,,,,,,41,,,,
2683,2684,9,1,109,2283,,,,,60,,,,,,11,,,,
2684,2685,9,1,109,2282,,,,,60,,,,,,28,,,,
2685,2686,9,1,109,2540,1385,,,,60,,,Egregius dominus,,,12,,,,
2686,2687,9,1,109,2853,,,,,60,,,,Župnik (plebanus)-St. Crux,,15,,,,
2687,2688,9,1,109,3483,,,,,60,,,Dominus,Biskup zagrebački (Episcopus Zagrabiensis),,44,,,,
2688,2689,9,1,109,2214,,villicatus,,,60,,,,,,57,,,,
2689,2690,9,1,109,2853,,oppidum,,,60,,,,,,54,,,,
2690,2691,9,1,109,2747,,villicatus,,,60,,,,,,12,,,,
2691,2692,9,1,109,764,,,,,60,,,,,,5,,,,
2692,2693,9,1,109,1253,,,,,60,,,,Župnik (plebanus),,10,,,,
2693,2694,9,1,109,742,,,,,60,,,Dominus,Biskup zagrebački (Episcopus Zagrabiensis),,4,,,,
2694,2695,9,1,109,2265,,,,,60,,,,Župnik (plebanus)-Omnii Sancti,,6,,,,
2695,2696,9,1,109,829,3594,,,,60,,,,Prebendar (prebendarius),,2,,,,
2696,2697,9,1,109,2212,,,,,60,,,,,,6,,,,
2697,2698,9,1,109,2585,2873,,,,60,,,,Litteratus,,3,,,,
2698,2699,9,1,109,2081,1342,,,,60,,,,,Mathias,10,,,,
2699,2700,9,1,109,187,146,,,,60,,,,,,6,,,,
2700,2701,9,1,109,188,4051,,,,60,,Relicta,,,Stephanus,3,,,,
2701,2702,9,1,109,188,1916,,,,60,,Relicta,,,,1,,,,
2702,2703,9,1,109,188,2078,,,,60,,,,,,2,,,,
2703,2704,9,1,109,3656,2810,,,,60,,,,,Ladislaus,3,,,,
2704,2705,9,1,109,1739,1916,,,,60,,,,,,2,,,,
2705,2706,9,1,109,3359,838,,,,60,,,,,,1,,,,
2706,2707,9,1,109,508,1568,,,,60,,,,,,1,,,,
2707,2708,9,1,109,508,1916,,,,60,,,,,,1,,,,
2708,2709,9,1,109,1280,1916,,,,60,,,,,,1,,,,
2709,2710,9,1,109,763,1038,,,,60,,,,,,1,,,,
2710,2711,9,1,109,2719,4011,,,,60,,,,,,1,,,,
2711,2712,9,1,109,2719,2078,,,,60,,,,,,1,,,,
2712,2713,9,1,109,1117,3184,,,,60,,,,,,2,,,,
2713,2714,9,1,109,1117,2683,,,,60,,Relicta,,,,1,,,,
2714,2715,9,1,109,3391,2236,,,,60,,Relicta,,,,6,,,,
2715,2716,9,1,109,3110,400,,,,60,,,,,,3,,,,
2716,2717,9,1,109,1024,1011,,,,60,,,,,,2,,,,
2717,2718,9,1,109,763,565,,,,60,,,,,,2,,,,
2718,2719,9,1,109,3110,1232,,,,60,,,,,,3,,,,
2719,2720,9,1,109,1579,3971,,,,60,,,,,,3,,,,
2720,2721,9,1,109,3691,892,,,,60,,,,,,7,,,,
2721,2722,9,1,109,3108,4048,,,,60,,,,,,1,,,,
2722,2723,9,1,109,3691,4243,,,,60,,,,,,5,,,,
2723,2724,9,1,109,3768,703,,,,60,,,,,,2,,,,
2724,2725,9,1,109,1766,3822,,,,60,,,,,,6,,,,
2725,2726,9,1,109,3363,,,,,60,,,,,,8,,,,
2726,2727,9,1,109,3367,,,,,60,,,Dominus,Biskup zagrebački (Episcopus Zagrabiensis),,26,,,,
2727,2728,9,1,109,1242,,,,,60,,,,Nobiles unius sessionis,,72,,,,
2728,2729,9,1,109,2062,,,,,60,,,,,,258,,,,
2729,2730,9,1,109,3448,,,,,60,,,,,,156,,,,
2730,2731,9,1,109,2061,,,,,60,,,,Župnik (plebanus),,6,,,,
2731,2732,9,1,109,3713,,,,,60,,,,Župnik (plebanus)-Beate Virginis,,7,,,,
2732,2733,9,1,109,2061,,,,,60,,,,Magister hospitalis,,1,,,,
2733,2734,9,1,109,2061,,,,,60,,,,Župnik (plebanus)-Omnii Sancti,,6,,,,
2734,2735,9,1,109,2061,3822,,,,60,,,,Prebendar (prebendarius),,2,,,,
2735,2736,9,1,109,2061,,,,,60,,,,Prebendar (prebendarius) Varalya,,4,,,,
2736,2737,9,1,109,2061,,,,,60,,,,Župnik (plebanus) Varalya,,4,,,,
2737,2738,9,1,109,2061,,,,,60,,,,Župnik (plebanus) Werthlin,,2,,,,
2738,2739,9,1,109,2061,,,,,60,,,Nobiles,Nobiles unius sessionis ad Monozlo,,32,,,,
2739,2740,9,1,109,426,,,,,60,,,Dominus,Prepošt (praepositus),,44,,,,
2740,2741,9,1,109,426,,,,,60,,,,Župnik (plebanus),,5,,,,
2741,2742,9,1,109,1511,3573,,,,60,,,,,,1,,,,
2742,2743,9,1,109,3657,,oppidum,,,60,,,,,,68,,,,
2743,2744,9,1,109,3657,,,,,60,,,,Župnik (plebanus),,7,,,,
2744,2745,9,1,109,2163,,,,,60,,,,Župnik (plebanus),,2,,,,
2745,2746,9,1,109,1863,3846,,,,60,,,,,,5,,,,
2746,2747,9,1,109,3490,1760,,,,60,,,,,,4,,,,
2747,2748,9,1,109,1059,2393,,,,60,,,,,,2,,,,
2748,2749,9,1,109,2856,,,,,60,,,,Župnik (plebanus)-St. Nicolaus,,1,,,,
2749,2750,9,1,109,2857,,,,,60,,,,Župnik (plebanus)-St. Stephanus,,8,,,,
2750,2751,9,1,109,2721,3401,,,,60,,,,,,4,,,,
2751,2752,9,1,109,1929,2655,,,,60,,,,,,2,,,,
2752,2753,9,1,109,852,3516,,,,60,,,,,,1,,,,
2753,2754,9,1,109,2722,3224,,,,60,,,,,,8,,,,
2754,2755,9,1,109,2722,3516,,,,60,,,,,,8,,,,
2755,2756,9,1,109,1820,101,,,,60,,Relicta,,,,11,,,,
2756,2757,9,1,109,1184,352,,,,60,,,,Familiaris domini bani,,2,,,,
2757,2758,9,1,109,1740,838,,,,60,,,,,,3,,,,
2758,2759,9,1,109,1740,1524,,,,60,,,,,,5,,,,
2759,2760,9,1,109,1134,105,,,,60,,,,,,5,,,,
2760,2761,9,1,109,1119,2078,,,,60,,,,,,2,,,,
2761,2762,9,1,109,1119,3986,,,,60,,,,,,1,,,,
2762,2763,9,1,109,1134,444,,,,60,,,,,,1,,,,
2763,2764,9,1,109,3825,2810,,,,60,,,,,,1,,,,
2764,2765,9,1,109,2494,2529,,,,60,,,,,,8,,,,
2765,2766,9,1,109,689,1011,,,,60,,,,,,2,,,,
2766,2767,9,1,109,1719,999,,,,60,,,,,,3,,,,
2767,2768,9,1,109,1719,1249,,,,60,,Relicta,,,,3,,,,
2768,2769,9,1,109,3472,1805,,,,60,,,,,,3,,,,
2769,2770,9,1,109,2041,154,,,,60,,,,,,2,,,,
2770,2771,9,1,109,1373,3799,,,,60,,Relicta,,,,2,,,,
2771,2772,9,1,109,935,326,,,,60,,,,,,2,,,,
2772,2773,9,1,109,3807,2689,,,,60,,,,,,7,,,,
2773,2774,9,1,109,300,179,,,,60,,,,,,2,,,,
2774,2775,9,1,109,998,1568,,,,60,,,,Dicator,,2,,,,
2775,2776,9,1,109,998,4134,,,,60,,,,,,4,,,,
2776,2777,9,1,109,1134,,,,,60,,,,Župnik (plebanus)-St. Georgius,,5,,,,
2777,2778,9,1,109,3858,,,,,60,,,Dominus,Biskup zagrebački (Episcopus Zagrabiensis),,23,,,,
2778,2779,9,1,109,2163,,oppidum,,,60,,,,,,40,,,,
2779,2780,9,1,109,336,,,,,60,,,,,,15,,,,
2780,2781,9,1,109,3713,,,,,60,,,Dominus,Biskup zagrebački (Episcopus Zagrabiensis),,6,,,,
2781,2782,9,1,109,1381,,,,,60,,,,,,12,,,,
2782,2783,9,1,109,1536,310,,,,60,,,,,,6,,,,
2783,2784,9,1,109,1882,2683,,,,60,,,,,,1,,,,
2784,2785,9,1,109,996,1267,,,,60,,,,,Petrus Horwath,3,,,,
2785,2786,9,1,109,478,,oppidum,,,60,,,,,,35,,,,
2786,2787,9,1,109,478,,oppidum,,,60,,,,,,56,,56,combusti fumi,
2787,2788,9,1,109,471,,,,,60,,,,Župnik (plebanus)-Beate Virginis,,6,,,,
2788,2789,9,1,109,478,,,,,60,,,Dominus,Lector Casmensis,,1,,,,
2789,2790,9,1,109,3563,,cantoratus,,,60,,,,Cantor,,3,,,,
2790,2791,9,1,109,478,1568,capitulum,,,60,,,,Magister,,1,,,,
2791,2792,9,1,109,478,,capitulum,,,60,,,Dominus,Custos,,5,,,,
2792,2793,9,1,109,478,3002,capitulum,,,60,,,,Magister,,1,,,,
2793,2794,9,1,109,478,4173,capitulum,,,60,,,,Magister,,2,,,,
2794,2795,9,1,109,478,2873,capitulum,,,60,,,,Magister,,2,,,,
2795,2796,9,1,109,478,,capitulum,,,60,,,Dominus,Organista,,1,,,,
2796,2797,9,1,109,478,4030,capitulum,,,60,,,,Magister,,2,,,,
2797,2798,9,1,109,478,1916,capitulum,,,60,,,,Magister,,2,,,,
2798,2799,9,1,109,478,2078,capitulum,,,60,,,,Magister,,1,,,,
2799,2800,9,1,109,478,3922,capitulum,,,60,,,,Magister,,1,,,,
2800,2801,9,1,109,478,1453,capitulum,,,60,,,,Magister,,1,,,,
2801,2802,9,1,109,478,,capitulum,,,60,,,Dominus,Predicator,,10,,,,
2802,2803,9,1,109,478,,capitulum,,,60,,,,Župnik (plebanus)-Čazma,,4,,,,
2803,2804,9,1,109,478,2529,capitulum,,,60,,,,Prebendar (prebendarius hospitalis),,3,,,,
2804,2805,9,1,109,478,1568,capitulum,,,60,,,,Prebendar (prebendarius hospitalis),,1,,,,
2805,2806,9,1,109,2646,3185,,,,60,,,,Prebendar (prebendarius),,2,,,,
2806,2807,9,1,109,2646,,,,,60,,,,Magister hospitalis,,12,,,,
2807,2808,9,1,109,1799,,,,,60,,,,Fratres,,5,,,,
2808,2809,9,1,109,2840,3822,,,,60,,,,Prebendar (prebendarius),,3,,,,
2809,2810,9,1,109,1194,,,,,60,,,Dominus,Biskup zagrebački (Episcopus Zagrabiensis),,17,,,,
2810,2811,9,1,109,3842,,,,,60,,,Dominus,Biskup zagrebački (Episcopus Zagrabiensis),,25,,,,
2811,2812,9,1,109,478,,provincia,,,60,,,Nobiles,Nobiles unius sessionis provincie Chasmensis,,43,,,,
2812,2813,9,1,109,738,,oppidum,,,60,,,,,,106,,,,
2813,2814,9,1,109,738,,oppidum,,,60,,,,,,2,,2,combusti funditus,
2814,2815,9,1,109,3710,2647,,,,60,,,,,,3,,,,
2815,2816,9,1,109,73,3982,,,,60,,,,,,7,,,,
2816,2817,9,1,109,1141,3822,,,,60,,,,,,3,,,,
2817,2818,9,1,109,1122,721,,,,60,,,,,,6,,,,
2818,2819,9,1,109,2757,,,,,60,,,,Fratres,,6,,,,
2819,2820,9,1,109,2137,518,,,,60,,,,,,1,,,,
2820,2821,9,1,109,2926,3822,,,,60,,,,,,1,,,,
2821,2822,9,1,109,3258,647,,,,60,,Relicta,,,,2,,,,
2822,2823,9,1,109,1439,2880,,,,60,,,,,,1,,,,
2823,2824,9,1,109,1870,166,,,,60,,,,,,1,,,,
2824,2825,9,1,109,281,1864,,,,60,,,,,,3,,,,
2825,2826,9,1,109,282,,,,,60,,,,Župnik (plebanus),,5,,,,
2826,2827,9,1,109,858,3516,,,,60,,,,Magister,,3,,,,
2827,2828,9,1,109,473,,villicatus,,,60,,,,,,11,,,,
2828,2829,9,1,109,2615,,,,,60,,,Dominus,Biskup zagrebački (Episcopus Zagrabiensis),,13,,,,
2829,2830,9,1,109,1927,3594,,,,60,,,,,,2,,,,
2830,2831,9,1,109,585,,,,,60,,,Dominus,Biskup zagrebački (Episcopus Zagrabiensis),,26,,,,
2831,2832,9,1,109,1782,,,,,60,,,,Župnik (plebanus),,7,,,,
2832,2833,9,1,109,1498,322,,,,60,,Relicta,,,,1,,,,
2833,2834,9,1,109,2184,3822,,,,60,,,,,,1,,,,
2834,2835,9,1,109,916,1884,,,,60,,,,,,4,,,,
2835,2836,9,1,109,2746,1524,,,,60,,,,,,5,,,,
2836,2837,9,1,109,525,,,,,60,,,,,,5,,,,
2837,2838,9,1,109,95,3002,,,,60,,,,,,4,,,,
2838,2839,9,1,109,3235,2078,,,,60,,,,,,6,,,,
2839,2840,9,1,109,1482,2078,,,,60,,,,,,4,,,,
2840,2841,9,1,109,3476,2078,,,,60,,,,,,3,,,,
2841,2842,9,1,109,1121,,,,,60,,,Dominus,Biskup zagrebački (Episcopus Zagrabiensis),,8,,,,
2842,2843,9,1,109,2390,2438,,,,60,,,,,,5,,,,
2843,2844,9,1,109,2389,3594,,,,60,,,,,,8,,,,
2844,2845,9,1,109,1927,317,,,,60,,,,,,7,,,,
2845,2846,9,1,109,918,1011,,,,60,,,,,,3,,,,
2846,2847,9,1,109,354,2673,,,,60,,,,,,7,,,,
2847,2848,9,1,109,354,344,,,,60,,,,,,4,,,,
2848,2849,9,1,109,3394,3460,,,,60,,,,,,8,,,,
2849,2850,9,1,109,153,1249,,,,60,,Relicta,,,,1,,,,
2850,2851,9,1,109,1026,396,,,,60,,,,,,5,,,,
2851,2852,9,1,109,1831,,,,,60,,,Dominus,Biskup zagrebački (Episcopus Zagrabiensis),,29,,,,
2852,2853,9,1,109,1116,3629,,,,60,,,,,,3,,,,
2853,2854,9,1,109,3244,119,,,,60,,Relicta,,,,3,,,,
2854,2855,9,1,109,1288,2544,,,,60,,,,,,4,,,,
2855,2856,9,1,109,2766,4160,,,,60,,,,,,5,,,,
2856,2857,9,1,109,2766,873,,,,60,,,,,,1,,,,
2857,2858,9,1,109,1041,2132,,,,60,,,,,,12,,,,
2858,2859,9,1,109,925,119,,,,60,,,,,,5,,,,
2859,2860,9,1,109,1559,3581,,,,60,,,,Judex nobilium,,16,,,,
2860,2861,9,1,109,1041,,,,,60,,,,Župnik (plebanus),,4,,,,
2861,2862,9,1,109,2973,3886,,,,60,,,,Judex nobilium,,3,,,,
2862,2863,9,1,109,3843,,,,,60,,,Dominus,Biskup zagrebački (Episcopus Zagrabiensis),,20,,,,
2863,2864,9,1,109,2051,,,,,60,,,Dominus,Biskup zagrebački (Episcopus Zagrabiensis),,25,,,,
2864,2865,9,1,109,737,,provincia,,,60,,,,Nobiles unius sessionis,,32,,,,
2865,2866,9,1,109,3570,2527,,,,60,,,,,,21,,,,
2866,2867,9,1,109,3569,4211,,,,60,,,Egregius dominus,,,21,,,,
2867,2868,9,1,109,3569,,,,,60,,,,Župnik (plebanus),,1,,,,
2868,2869,9,1,109,3569,,,,,60,,,,Prebendar (prebendarius),,2,,,,
2869,2870,9,1,109,3361,135,,,,60,,Relicta,,,,27,,,,
2870,2871,9,1,109,3365,,,,,60,,,,Župnik (plebanus),,2,,,,
2871,2872,9,1,109,437,,,,,60,,,,Župnik (plebanus),,2,,,,
2872,2873,9,1,109,437,135,,,,60,,Relicta,,,,28,,,,
2873,2874,9,1,109,2760,873,,,,60,,,Dominus,,,16,,,,
2874,2875,9,1,109,486,549,,,,60,,Relicta,,,,4,,,,
2875,2876,9,1,109,1050,1915,,,,60,,,,,,2,,,,
2876,2877,9,1,109,1050,,,,,60,,,Dominus,Protonotharius,,1,,,,
2877,2878,9,1,109,1907,3914,,,,60,,,,Judex nobilium,,4,,,,
2878,2879,9,1,109,1590,4182,,,,60,,,Domina,,,5,,,,
2879,2880,9,1,109,1590,3822,,,,60,,,,,,1,,,,
2880,2881,9,1,109,1590,2798,,,,60,,,Domina,,,1,,,,
2881,2882,9,1,109,1456,869,,,,60,,,Dominus,Dux (knez),,37,,,,
2882,2883,9,1,109,3582,,,,,60,,,Dominus,Biskup zagrebački (Episcopus Zagrabiensis),,27,,,,
2883,2884,9,1,109,911,2078,,,,60,,,,Judex nobilium,,12,,,,
2884,2885,9,1,109,911,1568,,,,60,,,,,,6,,,,
2885,2886,9,1,109,911,2873,,,,60,,,,,,2,,,,
2886,2887,9,1,109,3582,,,,,60,,,,Nobiles unius sessionis,,20,,,,
2887,2888,9,1,109,1400,,,,,60,,,Dominus,Prepošt (praepositus),,26,,,,
2888,2889,9,1,109,1395,,,,,60,,,,Župnik (plebanus),,1,,,,
2889,2890,9,1,109,703,2221,,,,60,,,Dominus,,,36,,,,
2890,2891,9,1,109,703,,,,,60,,,,Župnik (plebanus),,2,,,,
2891,2892,9,1,109,1675,3532,,,,60,,Relicta,,,,45,,,,
2892,2893,9,1,109,1674,,,,,60,,,,Župnik (plebanus),,2,,,,
2893,2894,9,1,109,1674,,,,,60,,,,Prebendar (prebendarius),,2,,,,
2894,2895,9,1,109,1461,315,,,,60,,,,,,10,,,,
2895,2896,9,1,109,2284,,,,,60,,,Dominus,Abbas,,13,,,,
2896,2897,9,1,109,654,2096,,,,60,,,,,,13,,,,
2897,2898,9,1,109,654,1347,,,,60,,,,,,13,,,,
2898,2899,9,1,109,2373,,,,,60,,,,Župnik (plebanus),,3,,,,
2899,2900,9,1,109,278,3516,,,,60,,,,,,2,,,,
2900,2901,9,1,109,278,495,,,,60,,Relicta,,,,1,,,,
2901,2902,9,1,109,970,1568,,,,60,,,,,,6,,,,
2902,2903,9,1,109,970,2438,,,,60,,,,,,2,,,,
2903,2904,9,1,109,2395,946,,,,60,,,,Magister,,1,,,,
2904,2905,9,1,109,2962,2873,,,,60,,,,Litteratus,,1,,,,
2905,2906,9,1,109,3378,2078,,,,60,,,,,,12,,,,
2906,2907,9,1,109,3698,3797,,,,60,,,,,,2,,,,
2907,2908,9,1,109,3367,873,,,,60,,,Dominus,,,3,,,,
2908,2909,9,1,109,1703,,,,,60,,,,Župnik (plebanus),,2,,,,
2909,2910,9,1,109,1619,2734,,,,60,,,,Litteratus,,6,,,,
2910,2911,9,1,109,3316,3002,,,,60,,,,Vicecomes,,2,,,,
2911,2912,9,1,109,3316,2078,,,,60,,,,,,2,,,,
2912,2913,9,1,109,3390,619,,,,60,,,,Vicecomes,,3,,,,
2913,2914,9,1,109,2599,1846,,,,60,,,,,,12,,,,
2914,2915,9,1,109,845,3661,,,,60,,,,Vicejudex nobilium,,1,,,,
2915,2916,9,1,109,847,,,,,60,,,Dominus,Protonotharius,,5,,,,
2916,2917,9,1,109,2632,4107,,,,60,,,,,,2,,,,
2917,2918,9,1,109,2418,,,,,60,,,Dominus,Vicebanus,,12,,,,
2918,2919,9,1,109,1079,,villicatus,,,60,,,Dominus,Vicebanus,,39,,,,
2919,2920,9,1,109,1411,,,,,60,,,Dominus,Vicebanus,,28,,,,
2920,2921,9,1,109,358,,oppidum,,,60,,,Dominus,Vicebanus,,49,,,,
2921,2922,9,1,109,1892,,,,,60,,,Dominus,Vicebanus,,7,,,,
2922,2923,9,1,109,2141,,,,,60,,,,Župnik (plebanus),,2,,,,
2923,2924,9,1,109,2307,1524,,,,60,,,,,,6,,,,
2924,2925,9,1,109,2307,3000,,,,60,,,,,,5,,,,
2925,2926,9,1,109,2317,3580,,,,60,,,,Judex nobilium,,3,,,,
2926,2927,9,1,109,2598,3532,,,,60,,Relicta,,,,4,,,,
2927,2928,9,1,109,1549,3562,,,,60,,,,,Andreas Twrchych,13,,,,
2928,2929,9,1,109,926,,oppidum,,,60,,,Dominus,Prepošt (praepositus),,16,,,,
2929,2930,9,1,109,927,,,,,60,,,Dominus,Prepošt (praepositus),,33,,,,
2930,2931,9,1,109,3513,869,,,,60,,,Dominus,Dux (knez),,70,,,,
2931,2932,9,1,109,3645,,,,,60,,,Dux,Župnik (plebanus),,3,,,,
2932,2933,9,1,109,1045,2096,,,,60,,,,,,6,,,,
2933,2934,9,1,109,1045,1347,,,,60,,,,,,4,,,,
2934,2935,9,1,109,1045,,,,,60,,,,Župnik (plebanus),,1,,,,
2935,2936,9,1,109,456,2179,,,,60,,,Dominus,,,8,,,,
2936,2937,9,1,109,643,,,,,60,,,,,,0,,,,
2937,2938,9,1,109,2559,2095,,,,60,,,,,,15,,,,
2938,2939,9,1,109,2557,1346,,,,60,,,,,,14,,,,
2939,2940,9,1,109,2557,,,,,60,,,,Župnik (plebanus),,20,,,,
2940,2941,9,1,109,337,2459,,,,60,,,Domini,,Dyonysius de Hasad,44,,,,
2941,2942,9,1,109,2557,3839,,,,60,,,,,,1,,,,
2942,2943,9,1,109,2114,3437,,,,60,,,,Litteratus,,8,,,,
2943,2944,9,1,109,259,757,,,,60,,,,,,3,,,,
2944,2945,9,1,109,2647,2078,,,,60,,,,Vicejudex,,1,,,,
2945,2946,9,1,109,2119,,,,,60,,,,Župnik (plebanus),,1,,,,
2946,2947,9,1,109,1484,2209,,,,60,,,,,,1,,,,
2947,2948,9,1,109,2123,4208,,,,60,,,,,,2,,,,
2948,2949,9,1,109,3199,2873,,,,60,,,,,Johannes,3,,,,
2949,2950,9,1,109,1209,2078,,,,60,,,,,,4,,,,
2950,2951,9,1,109,1104,2078,,,,60,,,,,,1,,,,
2951,2952,9,1,109,1104,744,,,,60,,,,,,1,,,,
2952,2953,9,1,109,133,1561,,,,60,,,,,,6,,,,
2953,2954,9,1,109,550,3465,,,,60,,,,,,1,,,,
2954,2955,9,1,109,550,2947,,,,60,,,,,,1,,,,
2955,2956,9,1,109,2582,3516,,,,60,,,,,,1,,,,
2956,2957,9,1,109,2582,2873,,,,60,,,,,,1,,,,
2957,2958,9,1,109,2582,1357,,,,60,,,,,,1,,,,
2958,2959,9,1,109,2582,350,,,,60,,Relicta,,,,2,,,,
2959,2960,9,1,109,2582,3639,,,,60,,,,,,1,,,,
2960,2961,9,1,109,2582,4094,,,,60,,,,,,2,,,,
2961,2962,9,1,109,2955,3238,,,,60,,,,,,1,,,,
2962,2963,9,1,109,548,,,,,60,,,,Župnik (plebanus),,1,,,,
2963,2964,9,1,109,1122,,,,,60,,,,Župnik (plebanus),,3,,,,
2964,2965,9,1,109,1927,124,,,,60,,Relicta,,,,1,,,,
2965,2966,9,1,109,1927,3539,,,,60,,,,,,1,,,,
2966,2967,9,1,109,1443,150,,,,60,,,,,,1,,,,
2967,2968,9,1,109,1442,327,,,,60,,Relicta,,,,2,,,,
2968,2969,9,1,109,1442,3516,,,,60,,,,,,5,,,,
2969,2970,9,1,109,1157,1627,,,,60,,,,,,2,,,,
2970,2971,9,1,109,3466,3329,,,,60,,,,,,3,,,,
2971,2972,9,1,109,3466,4115,,,,60,,,,,,2,,,,
2972,2973,9,1,109,3466,1280,,,,60,,Relicta,,,,2,,,,
2973,2974,9,1,109,3110,2529,,,,60,,,,,,6,,,,
2974,2975,9,1,109,3110,1524,,,,60,,,,,,9,,,,
2975,2976,9,1,109,593,3467,,,,60,,,,,cum 2 plebani in eadem,35,,,,
2976,2977,9,1,109,1534,251,,,,60,,,Domini,,,19,,,,
2977,2978,9,1,109,406,1401,,,,60,,,,,,10,,,,
2978,2979,9,1,109,2572,3822,,,,60,,,,,,10,,,,
2979,2980,9,1,109,1219,3756,,,,60,,,,,Johannes,15,,,,
2980,2981,9,1,109,1218,3185,,,,60,,,,,Michael,4,,,,
2981,2982,9,1,109,1218,744,,,,60,,,,,,2,,,,
2982,2983,9,1,109,2820,1626,,,,60,,,,,,1,,,,
2983,2984,9,1,109,2820,492,,,,60,,,,Vicecomes,,2,,,,
2984,2985,9,1,109,2820,2374,,,,60,,,,,,2,,,,
2985,2986,9,1,109,2820,1568,,,,60,,,,Litteratus,,4,,,,
2986,2987,9,1,109,2823,1321,,,,60,,,,,,7,,,,
2987,2988,9,1,109,2822,2576,,,,60,,,,,Paulus Iwanwschych,3,,,,
2988,2989,9,1,109,2822,1719,,,,60,,,,,,2,,,,
2989,2990,9,1,109,2819,2873,,,,60,,Relicta,,,,2,,,,
2990,2991,9,1,109,2819,129,,,,60,,Relicta,,,,3,,,,
2991,2992,9,1,109,2819,,,,,60,,,,Župnik (plebanus),,1,,,,
2992,2993,9,1,109,221,2078,,,,60,,,,,,2,,,,
2993,2994,9,1,109,2819,3846,,,,60,,,,,,1,,,,
2994,2995,9,1,109,2540,194,,,,60,,,,,,2,,,,
2995,2996,9,1,109,2540,16,,,,60,,,,,,1,,,,
2996,2997,9,1,109,2540,,,,,60,,,,Magister hospitalis,,2,,,,
2997,2998,9,1,109,2540,491,,,,60,,,,,,5,,,,
2998,2999,9,1,109,2540,257,,,,60,,,,,,1,,,,
2999,3000,9,1,109,368,540,,,,60,,,,,,3,,,,
3000,3001,9,1,109,1167,2648,,,,60,,,,,,3,,,,
3001,3002,9,1,109,1167,1256,,,,60,,,,,,2,,,,
3002,3003,9,1,109,548,2531,,,,60,,Relicta,,,Relicta,2,,,,
3003,3004,9,1,109,480,1011,,,,60,,,,,,1,,,,
3004,3005,9,1,109,548,3411,,,,60,,,,,,1,,,,
3005,3006,9,1,109,548,1024,,,,60,,,,Dicator,,2,,,,
3006,3007,9,1,109,3610,,,,,60,,,Dominus,Biskup zagrebački (Episcopus Zagrabiensis),,24,,,,
3007,3008,9,1,109,2639,2172,,,,60,,,,,,8,,,,
3008,3009,9,1,109,3610,212,,,,60,,,,Judex nobilium,,6,,,,
3009,3010,9,1,109,3610,4046,,,,60,,,,,,1,,,,
3010,3011,9,1,109,2371,878,,,,60,,,Dominus,,,2,,,,
3011,3012,9,1,109,2370,184,,,,60,,,,,,1,,,,
3012,3013,9,1,109,2716,1342,,,,60,,Relicta,,,,17,,,,
3013,3014,9,1,109,2716,2499,,,,60,,,,,,17,,,,
3014,3015,9,1,109,2716,3822,,,,60,,,,,,3,,,,
3015,3016,9,1,109,2716,2078,,,,60,,,,,,2,,,,
3016,3017,9,1,109,2096,181,,,,60,,,,,,7,,,,
3017,3018,9,1,109,2096,2078,,,,60,,Relicta,,,,5,,,,
3018,3019,9,1,109,2639,993,,,,60,,,,,,11,,,,
3019,3020,9,1,109,1296,570,,,,60,,,,,,2,,,,
3020,3021,9,1,109,1304,2181,,,,60,,,,,,1,,,,
3021,3022,9,1,109,1304,436,,,,60,,,,,,1,,,,
3022,3023,9,1,109,2716,211,,,,60,,quondam,,Judex nobilium,,1,,,,
3023,3024,9,1,109,628,,,,,60,,,,,,18,,,,
3024,3025,9,1,109,631,,,,,60,,,,,,51,,,,
3025,3026,9,1,109,630,,,,,60,,,,,,84,,,,
3026,3027,9,1,109,623,,,,,60,,,,Župnik (plebanus),,10,,,,
3027,3028,9,1,109,2471,2810,,,,60,,,,,,1,,,,
3028,3029,9,1,109,845,1869,,,,60,,,,,,1,,,,
3029,3030,9,1,109,2493,3136,,,,60,,,,,,1,,,,
3030,3031,9,1,109,,,,,,60,,,,,,,,,,
3031,3032,9,1,117,3477,3236,,,,60,,,,,,13,,,,
3032,3033,9,1,117,222,3236,,,,,,,,,,11,,,,
3033,3034,9,1,117,2808,3236,oppidum,,,,,,,,,15,,,,
3034,3035,9,1,117,2808,,,,,,,,,Župnik (plebanus),,2,,,,
3035,3036,9,1,117,2808,,,,,,,,,Prebendar (prebendarius),,1,,,,
3036,3037,9,1,117,2810,157,,,,,,,,,,16,,,,
3037,3038,9,1,117,2809,157,,,,,,,,,,20,,,,
3038,3039,9,1,117,1526,157,,,,,,,,,,10,,,,
3039,3040,9,1,117,1131,3500,,,,,,,,,,2,,,,
3040,3041,9,1,117,1526,3516,,,,,,,,,,16,,,,
3041,3042,9,1,117,2919,2852,,,,,,,,,,7,,,,
3042,3043,9,1,117,2964,883,,,,,,,Dominus,,,3,,,,
3043,3044,9,1,117,2964,3333,,,,,,,,,,3,,,,
3044,3045,9,1,117,2331,3027,,,,,,,,Vicejudex nobilium,,1,,,,
3045,3046,9,1,117,1526,,,,,,,,,Župnik (plebanus),,1,,,,
3046,3047,9,1,117,673,3516,,,,,,Relicta,,,,1,,,,
3047,3048,9,1,117,1526,2963,,,,,,,,,,2,,,,
3048,3049,9,1,117,2060,685,,,,,,,,,,1,,,,
3049,3050,9,1,117,2060,,,,,,,,,Župnik (plebanus)-St. Crux,,3,,,,
3050,3051,9,1,117,2060,3271,,,,,,,,,,1,,,,
3051,3052,9,1,117,1137,3752,,,,,,,,,,68,,,,
3052,3053,9,1,117,1137,,,,,,,,,Župnik (plebanus),,4,,,,
3053,3054,9,1,117,2274,2716,,,,,,,,,,12,,,,
3054,3055,9,1,117,3708,3836,,,,,,,,,,17,,,,
3055,3056,9,1,117,3708,1385,,,,,,,,,,21,,,,
3056,3057,9,1,117,635,1385,,,,,,,,,,18,,,,
3057,3058,9,1,117,635,3836,,,,,,,,,,4,,,,
3058,3059,9,1,117,1647,,,,,,,,,Župnik (plebanus),,1,,,,
3059,3060,9,1,117,1895,,oppidum,,,,,,,,,43,,,,
3060,3061,9,1,117,1898,,,,,,,,,,,88,,,,
3061,3062,9,1,117,1897,,,,,,,,,,,75,,,,
3062,3063,9,1,117,1643,,,,,,,,,,,10,,,,
3063,3064,9,1,117,1432,2226,,,,,,,,,,15,,,,
3064,3065,9,1,117,474,347,,,,,,,,,,17,,,,
3065,3066,9,1,117,128,3751,,,,,,,,,,51,,,,
3066,3067,9,1,117,128,2680,,,,,,,,Litteratus,,17,,,,
3067,3068,9,1,117,1570,,,,,,,,Dominus,Protonotharius,,10,,,,
3068,3069,9,1,117,2733,1385,,,,,,,,,,51,,,,
3069,3070,9,1,117,2733,2716,,,,,,,,,,59,,,,
3070,3071,9,1,117,2733,3845,,,,,,,,,,50,,,,
3071,3072,9,1,117,2733,,,,,,,,,Župnik (plebanus)-St. Cosma,,1,,,,
3072,3073,9,1,117,829,488,,,,,,Relicta,,,,1,,,,
3073,3074,9,1,117,957,3516,,,,,,,,,,13,,,,
3074,3075,9,1,117,829,2606,,,,,,,,,,3,,,,
3075,3076,9,1,117,829,3716,,,,,,,,,,3,,,,
3076,3077,9,1,117,829,4042,,,,,,,,,,3,,,,
3077,3078,9,1,117,829,1024,,,,,,,,Dicator,,1,,,,
3078,3079,9,1,117,73,639,,,,,,,Domina,,,3,,,,
3079,3080,9,1,117,841,2783,,,,,,,Domina,,,1,,,,
3080,3081,9,1,117,841,3534,,,,,,,,,,1,,,,
3081,3082,9,1,117,841,1944,,,,,,,,,,1,,,,
3082,3083,9,1,117,363,744,,,,,,,,,,1,,,,
3083,3084,9,1,117,3719,2225,,,,,,,,,,13,,,,
3084,3085,9,1,117,3719,3752,,,,,,,,,,10,,,,
3085,3086,9,1,117,3719,2716,,,,,,,,,,10,,,,
3086,3087,9,1,117,727,3726,,,,,,,,,,3,,,,
3087,3088,9,1,117,727,1347,,,,,,,,,,5,,,,
3088,3089,9,1,117,419,,,,,,,,,Kaptol čazmanski (Capitulum Chasmense),,17,,,,
3089,3090,9,1,117,2048,,,,,,,,,Fratres,,5,,,,
3090,3091,9,1,117,2048,3185,,,,,,,,Prebendar (prebendarius),,2,,,,
3091,3092,9,1,117,1328,2880,,,,,,,,,,9,,,,
3092,3093,9,1,117,1328,1357,,,,,,,,,,3,,,,
3093,3094,9,1,117,104,2226,,,,,,,,,,12,,,,
3094,3095,9,1,117,1296,869,,,,,,,Dux,,,6,,,,
3095,3096,9,1,117,556,3101,,,,,,,,,,1,,,,
3096,3097,9,1,117,3444,806,,,,,,,,,,1,,,,
3097,3098,9,1,117,1070,1568,,,,,,,,Dicator,,4,,,,
3098,3099,9,1,117,1423,,,,,,,,,,,68,,,,
3099,3100,9,1,117,1426,,,,,,,,,,,70,,,,
3100,3101,9,1,117,3643,,,,,,,,,,,38,,,,
3101,3102,9,1,117,3465,,,,,,,,,,,40,,,,
3102,3103,9,1,117,2351,,judicatus,,,,,,,,,28,,,,
3103,3104,9,1,117,207,,,,,,,,,,,7,,,,
3104,3105,9,1,117,1421,,,,,,,,,Župnik (plebanus),,12,,,,
3105,3106,9,1,117,2349,,,,,,,,,Župnik (plebanus),,1,,,,
3106,3107,9,1,117,1489,3357,,,,,,,,,,4,,,,
3107,3108,9,1,117,2044,744,,,,,,,,Magister C.R.,,15,,,,
3108,3109,9,1,117,2724,744,,,,,,,,Magister C.R.,,8,,,,
3109,3110,9,1,117,3568,,oppidum,,,,,,,,,36,,,,
3110,3111,9,1,117,3568,,villicatus,,,,,,,,,51,,,,
3111,3112,9,1,117,3582,,villicatus,,,,,,,,,20,,,,
3112,3113,9,1,117,3568,,,,,,,,,Župnik (plebanus),,2,,,,
3113,3114,9,1,117,168,2394,,,,,,,,,,12,,,,
3114,3115,9,1,117,2223,758,,,,,,,,,,12,,,,
3115,3116,9,1,117,1299,1533,,,,,,,,,,15,,,,
3116,3117,9,1,117,658,,,,,,,,,,,15,,,,
3117,3118,9,1,117,182,2180,,,,,,,Magnificus,,,27,,,,
3118,3119,9,1,117,2627,2180,,,,,,,Magnificus,,,25,,,,
3119,3120,9,1,117,3770,2180,,,,,,,Magnificus,,,37,,,,
3120,3121,9,1,117,3802,2180,,,,,,,Magnificus,,,97,,,,
3121,3122,9,1,117,2196,2180,,,,,,,Magnificus,,,4,,,,
3122,3123,9,1,117,2950,2180,,,,,,,Magnificus,,,12,,,,
3123,3124,9,1,117,3589,2180,,,,,,,Magnificus,,,18,,,,
3124,3125,9,1,117,2057,2180,,,,,,,Magnificus,,,33,,,,
3125,3126,9,1,117,3610,2180,oppidum,,,,,,Magnificus,,,33,,,,
3126,3127,9,1,117,986,2180,,,,,,,Magnificus,,,21,,,,
3127,3128,9,1,117,3837,2180,,,,,,,Magnificus,,,20,,,,
3128,3129,9,1,117,1161,2180,,,,,,,Magnificus,,,20,,,,
3129,3130,9,1,117,1332,2180,,,,,,,Magnificus,,,20,,,,
3130,3131,9,1,117,2617,2180,,,,,,,Magnificus,,,150,,,,
3131,3132,9,1,117,1064,1916,,,,,,,,Litteratus,,2,,,,
3132,3133,9,1,117,3816,,,,,,,,,Župnik (plebanus),,3,,,,
3133,3134,9,1,117,3609,,,,,,,,,Župnik (plebanus),,10,,,,
3134,3135,9,1,117,3837,,,,,,,,,Župnik (plebanus),,2,,,,
3135,3136,9,1,117,986,,,,,,,,,Župnik (plebanus),,2,,,,
3136,3137,9,1,117,3770,,,,,,,,,Župnik (plebanus),,1,,,,
3137,3138,9,1,117,2617,3822,,,,,,,,Prebendar (prebendarius),,2,,,,
3138,3139,9,1,117,2617,2078,,,,,,,,Prebendar (prebendarius),,0,,,,
3139,3140,9,1,117,2617,1318,,,,,,,,Prebendar (prebendarius),,0,,,,
3140,3141,9,1,117,2617,3516,,,,,,,,Prebendar (prebendarius),,1,,,,
3141,3142,9,1,117,2617,873,,,,,,,,Prebendar (prebendarius),,22,,,,
3142,3143,9,1,117,1812,744,,,,,,,,Magister,,10,,,,
3143,3144,9,1,117,3512,,,,,,,,,Župnik (plebanus),,8,,,,
3144,3145,9,1,117,77,2597,,,,,,,,,,6,,,,
3145,3146,9,1,117,3028,2538,,,,,,,,,,18,,,,
3146,3147,9,1,117,950,2538,,,,,,,,Predium,,3,,,,
3147,3148,9,1,117,137,3397,,,,,,,,,,2,,,,
3148,3149,9,1,117,3001,1916,,,,,,,,,,6,,,,
3149,3150,9,1,117,3001,2873,,,,,,,,,,5,,,,
3150,3151,9,1,117,231,3014,,,,,,,,,,1,,,,
3151,3152,9,1,117,231,1782,,,,,,,,,,1,,,,
3152,3153,9,1,117,3027,872,,,,,,,,,,1,,,,
3153,3154,9,1,117,2259,3002,,,,,,,,Vicejudex nobilium,,6,,,,
3154,3155,9,1,117,3813,3236,,,,,,,,,,18,,,,
3155,3156,9,1,117,3813,,,,,,,,,Župnik (plebanus),,3,,,,
3156,3157,9,1,117,3813,,,,,,,,,Fratres,,25,,,,
3157,3158,9,1,117,1250,2913,,,,,,,,,,2,,,,
3158,3159,9,1,117,1270,2445,,,,,,,,,,4,,,,
3159,3160,9,1,117,364,,,,,,,,,Magister protonotharius,,12,,,,
3160,3161,9,1,117,1068,2264,,,,,,,,,,12,,,,
3161,3162,9,1,117,859,3002,,,,,,,,Litteratus,,12,,,,
3162,3163,9,1,117,859,2603,,,,,,,,,,7,,,,
3163,3164,9,1,117,859,3178,,,,,,,,,,13,,,,
3164,3165,9,1,117,859,3036,,,,,,,,,,7,,,,
3165,3166,9,1,117,2203,2631,,,,,,,,,,7,,,,
3166,3167,9,1,117,1636,435,,,,,,,,,,6,,,,
3167,3168,9,1,117,3119,3516,,,,,,,,,,3,,,,
3168,3169,9,1,117,1635,1565,,,,,,,,,Bubanych,10,,,,
3169,3170,9,1,117,1635,4,,,,,,,,,,6,,,,
3170,3171,9,1,117,1637,589,,,,,,,,,,8,,,,
3171,3172,9,1,117,1160,,,,,,,,,Župnik (plebanus),,8,,,,
3172,3173,9,1,117,3718,,,,,,,,,Župnik (plebanus),,2,,,,
3173,3174,9,1,117,3718,,,,,,,,,Kaptol čazmanski (Capitulum Chasmense),,41,,,,
3174,3175,9,1,117,2400,1610,,,,,,,,,,22,,,,
3175,3176,9,1,117,2066,2529,,,,,,,,Litteratus,,3,,,,
3176,3177,9,1,117,2067,790,,,,,,,,,,1,,,,
3177,3178,9,1,117,859,,,,,,,,,Biskup kninski (Episcopus Thiniensis),,16,,,,
3178,3179,9,1,117,766,2131,,,,,,,,,,3,,,,
3179,3180,9,1,117,1543,,,,,,,,,Župnik (plebanus),,1,,,,
3180,3181,9,1,117,1621,3882,,,,,,,,,,4,,,,
3181,3182,9,1,117,3660,254,,,,,,,,,,5,,,,
3182,3183,9,1,117,1402,3185,,,,,,,,,,5,,,,
3183,3184,9,1,117,921,1961,,,,,,,,,,5,,,,
3184,3185,9,1,117,1102,3902,,,,,,,,,,64,,,,
3185,3186,9,1,117,1901,4040,,,,,,,,,,7,,,,
3186,3187,9,1,117,1544,2530,,,,,,Relicta,Domina,,,3,,,,
3187,3188,9,1,117,1544,1257,,,,,,,,,,4,,,,
3188,3189,9,1,117,1543,4051,,,,,,,,Litteratus,,6,,,,
3189,3190,9,1,117,1462,,,,,,,,,Župnik (plebanus),,1,,,,
3190,3191,9,1,117,1462,2497,,,,,,,,,,5,,,,
3191,3192,9,1,117,1237,2024,,,,,,,,Familiaris domini bani,,4,,,,
3192,3193,9,1,117,3658,3725,,,,,,,,Litteratus,,15,,,,
3193,3194,9,1,117,3002,1253,,,,,,Relicta,,,,2,,,,
3194,3195,9,1,117,2402,3620,,,,,,,,,,11,,,,
3195,3196,9,1,117,2029,1988,,,,,,,,,,5,,,,
3196,3197,9,1,117,2029,3399,,,,,,,,,,1,,,,
3197,3198,9,1,117,2029,3354,,,,,,,,,,2,,,,
3198,3199,9,1,117,2029,308,,,,,,,,,,2,,,,
3199,3200,9,1,117,2029,2261,,,,,,Relicta,,,,2,,,,
3200,3201,9,1,117,3317,768,,,,,,Relicta,,,,2,,,,
3201,3202,9,1,117,3317,4012,,,,,,,,,,1,,,,
3202,3203,9,1,117,2112,1668,,,,,,,,,,1,,,,
3203,3204,9,1,117,2112,2454,,,,,,,,,,4,,,,
3204,3205,9,1,117,2112,2376,,,,,,,,,,1,,,,
3205,3206,9,1,117,2112,1876,,,,,,,,,,1,,,,
3206,3207,9,1,117,2112,683,,,,,,,,,,1,,,,
3207,3208,9,1,117,825,3185,,,,,,,,Prebendar (prebendarius),,2,,,,
3208,3209,9,1,117,1927,3437,,,,,,,,Litteratus,,5,,,,
3209,3210,9,1,117,1061,2417,,,,,,,,,,2,,,,
3210,3211,9,1,117,1463,2367,,,,,,,,,,3,,,,
3211,3212,9,1,117,2112,3696,,,,,,,,,,1,,,,
3212,3213,9,1,117,2112,2387,,,,,,,,,,1,,,,
3213,3214,9,1,117,2112,2448,,,,,,,,,,1,,,,
3214,3215,9,1,117,2112,957,,,,,,,,,,1,,,,
3215,3216,9,1,117,1462,4069,,,,,,,,,,2,,,,
3216,3217,9,1,117,89,2933,,,,,,,,,,4,,,,
3217,3218,9,1,117,15,1291,,,,,,Relicta,,,,21,,,,
3218,3219,9,1,117,2029,3846,,,,,,,,,,1,,,,
3219,3220,9,1,117,1979,649,,,,,,Relicta,,,,7,,,,
3220,3221,9,1,117,24,2149,,,,,,,,,,8,,,,
3221,3222,9,1,117,2111,167,,,,,,,,,,12,,,,
3222,3223,9,1,117,2112,3554,,,,,,Relicta,,,,2,,,,
3223,3224,9,1,117,2112,1658,,,,,,,,,,1,,,,
3224,3225,9,1,117,2112,2595,,,,,,,,,deputati Hadar wayde,4,,,,
3225,3226,9,1,117,433,3822,,,,,,Relicta,,,,1,,,,
3226,3227,9,1,117,329,3009,,,,,,,,Vicejudex nobilium,,1,,,,
3227,3228,9,1,117,329,3636,,,,,,,,Judex nobilium,,5,,,,
3228,3229,9,1,117,2112,2277,,,,,,,,,,1,,,,
3229,3230,9,1,117,2225,3428,,,,,,,,,,3,,,,
3230,3231,9,1,117,1978,4072,,,,,,,,,,1,,,,
3231,3232,9,1,141,2651,2660,oppidum,,,60,,,Dux,,,42,,,,
3232,3233,9,1,141,2651,2660,provincia,,,60,,,Dux,,,165,,,,
3233,3234,9,1,141,2651,,,,,60,,,,Župnik (plebanus),,27,,,,
3234,3235,9,1,141,2651,1568,,,,60,,,,Prebendar (prebendarius),,2,,,,
3235,3236,9,1,141,3454,1961,,,,60,,,,,,2,,,,
3236,3237,9,1,141,3454,3573,,,,60,,,,,,25,,,,
3237,3238,9,1,141,2119,2660,,,,60,,,Dux,,Plebanus,3,,,,
3238,3239,9,1,141,1054,2920,,,,60,,,,,Bwbanych,6,,,,
3239,3240,9,1,141,994,2184,,,,60,,,,,,40,,,,
3240,3241,9,1,141,994,3570,,,,60,,,,,,46,,,,
3241,3242,9,1,141,994,2063,,,,60,,,,,,55,,,,
3242,3243,9,1,141,994,,,,,60,,,,Župnik (plebanus),,3,,,,
3243,3244,9,1,141,736,1812,,,,60,,,,,,3,,,,
3244,3245,9,1,141,1158,3594,,,,60,,,,,,2,,,,
3245,3246,9,1,141,1158,982,,,,60,,,,,,14,,,,
3246,3247,9,1,141,1158,3030,,,,60,,,,,,1,,,,
3247,3248,9,1,141,1158,,,,,60,,,,Župnik (plebanus),,2,,,,
3248,3249,9,1,141,1256,,,,,60,,,,Eremiti (Fratres heremitae) St. Benedicti,,12,,,,
3249,3250,9,1,141,499,3424,,,,60,,,,,,4,,,,
3250,3251,9,1,141,2332,1469,,,,60,,,,,,12,,,,
3251,3252,9,1,141,1204,2660,,,,60,,,Dux,,,15,,,,
3252,3253,9,1,141,2398,2099,,,,60,,,,,,5,,,,
3253,3254,9,1,141,3670,2267,,,,60,,,,,,26,,,,
3254,3255,9,1,141,2622,,,,,60,,,,Eremiti (Fratres heremitae) St. Anne,,4,,,,
3255,3256,9,1,141,768,1980,,,,60,,,,,,6,,,,
3256,3257,9,1,141,1519,2660,,,,60,,,Dux,,,72,,,,
3257,3258,9,1,141,1086,,,,,60,,,,Župnik (plebanus),,3,,,,
3258,3259,9,1,141,3617,1765,,,,60,,,,,,3,,,,
3259,3260,9,1,141,2927,1346,oppidum,,,60,,,,,,15,,,,
3260,3261,9,1,141,2927,1346,provincia,,,60,,,,,,91,,,,
3261,3262,9,1,141,2927,2095,oppidum,,,60,,,,,,14,,,,
3262,3263,9,1,141,2927,2095,provincia,,,60,,,,,,70,,,,
3263,3264,9,1,141,33,,,,,60,,,,Župnik (plebanus),,5,,,,
3264,3265,9,1,141,33,3002,,,,60,,,,Rector capelle,,6,,,,
3265,3266,9,1,141,875,,,,,60,,,,Župnik (plebanus),,6,,,,
3266,3267,9,1,141,875,,,,,60,,,,Prebendar (prebendarius),,4,,,,
3267,3268,9,1,141,1067,1346,,,,60,,,,,,20,,,,
3268,3269,9,1,141,1067,2095,,,,60,,,,,,35,,,,
3269,3270,9,1,141,1155,,,,,60,,,,Župnik (plebanus),,6,,,,
3270,3271,9,1,141,5,949,oppidum,,,60,,,Dominus,,,55,,,,
3271,3272,9,1,141,5,949,provincia,,,60,,,Dominus,,,311,,,,
3272,3273,9,1,141,2803,949,,,,60,,,Dominus,,,83,,,,
3273,3274,9,1,141,5,,,,,60,,,,Župnik (plebanus),,30,,,,
3274,3275,9,1,141,5,2078,,,,60,,,,Prebendar (prebendarius),,6,,,,
3275,3276,9,1,141,2196,949,,,,60,,,Dominus,,,52,,,,
3276,3277,9,1,141,3033,949,,,,60,,,Dominus,,,40,,,,
3277,3278,9,1,141,5,2660,,,,60,,,,Prebendar (prebendarius),,8,,,,
3278,3279,9,1,141,5,1253,,,,60,,,,Prebendar (prebendarius),,2,,,,
3279,3280,9,1,141,3564,,,,,60,,,,Župnik (plebanus)-Achyna,,3,,,,
3280,3281,9,1,141,754,,,,,60,,,,Župnik (plebanus)-Achyna,,5,,,,
3281,3282,9,1,141,754,,,,,60,,,,Prebendar (prebendarius),,3,,,,
3282,3283,9,1,141,1153,4,,,,60,,,,,,10,,,,
3283,3284,9,1,141,242,713,,,,60,,,,Prebendar (prebendarius),,1,,,,
3284,3285,9,1,141,347,,,,,60,,,,Župnik (plebanus)-Achyna,,7,,,,
3285,3286,9,1,141,347,,,,,60,,,,Župnik (plebanus) St. Cosma,,9,,,,
3286,3287,9,1,141,347,,,,,60,,,,Prebendar (prebendarius) ad Achyna,,3,,,,
3287,3288,9,1,141,1924,1585,,,,60,,,Magnificus dominus,,,46,,,,
3288,3289,9,1,141,1939,2537,praedium,,,60,,,,,,6,,,,
3289,3290,9,1,141,1939,3828,,,,60,,Relicta,,,,5,,,,
3290,3291,9,1,141,1939,56,,,,60,,,,,Plebanus,4,,,,
3291,3292,9,1,141,1939,56,,,,60,,,,,Georgius Dyakoy,2,,,,
3292,3293,9,1,141,3421,,oppidum,,,60,,,,Biskup zagrebački (Episcopus Zagrabiensis),,88,,,,
3293,3294,9,1,141,3421,,provincia,,,60,,,,Biskup zagrebački (Episcopus Zagrabiensis),,120,,,,
3294,3295,9,1,141,3421,,,,,60,,,,Župnik (plebanus),,2,,,,
3295,3296,9,1,141,3421,,,,,60,,,,Župnik (plebanus)-St. Martinus,,2,,,,
3296,3297,9,1,141,1855,,,,,60,,,,Kaptol čazmanski (Capitulum Chasmense),,13,,,,
3297,3298,9,1,141,100,3749,,,,60,,,,,Relicta,48,,,,
3298,3299,9,1,141,100,2680,,,,60,,,,,,78,,,,
3299,3300,9,1,141,100,2529,,,,60,,,,,,51,,,,
3300,3301,9,1,141,100,,,,,60,,,,Župnik (plebanus),,5,,,,
3301,3302,9,1,141,3637,2661,oppidum,,,60,,,,,,15,,,,
3302,3303,9,1,141,3637,2661,provincia,,,60,,,,,,85,,,,
3303,3304,9,1,141,3637,2288,oppidum,,,60,,,,,,16,,,,
3304,3305,9,1,141,3637,,,,,60,,,,Župnik (plebanus),,6,,,,
3305,3306,9,1,141,3637,2689,,,,60,,,,Prebendar (prebendarius),,1,,,,
3306,3307,9,1,141,3637,1568,,,,60,,,,Prebendar (prebendarius),,3,,,,
3307,3308,9,1,141,3637,1011,,,,60,,,,Prebendar (prebendarius),,2,,,,
3308,3309,9,1,141,3637,2078,,,,60,,,,Prebendar (prebendarius),,1,,,,
3309,3310,9,1,141,335,,,,,60,,,,Župnik (plebanus),,7,,,,
3310,3311,9,1,141,674,2661,,,,60,,,,,,75,,,,
3311,3312,9,1,141,678,2288,,,,60,,,,,,75,,,,
3312,3313,9,1,141,675,,,,,60,,,,Župnik (plebanus),,9,,,,
3313,3314,9,1,141,1318,513,,,,60,,,,,Relicta,3,,,,
3314,3315,9,1,141,1318,2017,,,,60,,,,,,9,,,,
3315,3316,9,1,141,1318,3002,,,,60,,,,Litteratus,,6,,,,
3316,3317,9,1,141,1318,2575,,,,60,,,,,,7,,,,
3317,3318,9,1,141,1318,1687,,,,60,,,,,,5,,,,
3318,3319,9,1,141,1318,4087,,,,60,,,,,,3,,,,
3319,3320,9,1,141,1318,2745,,,,60,,,,,,1,,,,
3320,3321,9,1,141,1318,3978,,,,60,,,,,,1,,,,
3321,3322,9,1,141,718,3516,,,,60,,,,,,10,,,,
3322,3323,9,1,141,718,4169,,,,60,,,,Vicejudex nobilium,,4,,,,
3323,3324,9,1,141,3828,2724,,,,60,,,,,,56,,,,
3324,3325,9,1,141,3828,1577,,,,60,,,,,,22,,,,
3325,3326,9,1,141,3828,,,,,60,,,,Župnik (plebanus),,1,,,,
3326,3327,9,1,141,3828,2078,,,,60,,,,Prebendar (prebendarius),,1,,,,
3327,3328,9,1,141,2431,4051,,,,60,,,,,,11,,,,
3328,3329,9,1,141,2431,1435,,,,60,,,,,,2,,,,
3329,3330,9,1,141,2431,4192,,,,60,,,,,,2,,,,
3330,3331,9,1,141,2431,1568,,,,60,,,,,,3,,,,
3331,3332,9,1,141,2431,,,,,60,,,,Župnik (plebanus)-St. Michael,,3,,,,
3332,3333,9,1,141,2431,1916,,,,60,,,,,,1,,,,
3333,3334,9,1,141,2431,3386,,,,60,,,,,,2,,,,
3334,3335,9,1,141,2431,3516,,,,60,,,,,,3,,,,
3335,3336,9,1,141,2431,3185,,,,60,,,,,,3,,,,
3336,3337,9,1,141,3386,2660,,,,60,,,Dux,,,25,,,,
3337,3338,9,1,141,2670,2660,oppidum,,,60,,,Dux,,,56,,,,
3338,3339,9,1,141,2431,2660,,,,60,,,Dux,,,70,,,,
3339,3340,9,1,141,2670,2660,provincia,,,60,,,Dux,,,260,,,,
3340,3341,9,1,141,504,2660,villicatus,,,60,,,Dux,,,90,,,,
3341,3342,9,1,141,2827,2660,,,,60,,,Dux,,,22,,,,
3342,3343,9,1,141,2174,2660,villicatus,,,60,,,Dux,,,24,,,,
3343,3344,9,1,141,1290,2660,oppidum,,,60,,,Dux,,,34,,,,
3344,3345,9,1,141,2670,,,,,60,,,Dux,Magister capelle Laurentii ducis,Laurentius,15,,,,
3345,3346,9,1,141,2753,2660,villicatus,,,60,,,Dux,,,10,,,,
3346,3347,9,1,141,2561,2001,,,,60,,,Dux,,Laurentius,6,,,,
3347,3348,9,1,141,2561,4051,,,,60,,,Dux,Draguljar (gemmifisor),Laurentius,5,,,,
3348,3349,9,1,141,2469,2016,,,,60,,,Dux,Predialis (predijalac),Laurentius,6,,,,
3349,3350,9,1,141,29,3647,,,,60,,,Dux,,Laurentius,2,,,,
3350,3351,9,1,141,1294,2660,,,,60,,,Dux,,,10,,,,
3351,3352,9,1,141,2431,,,,,60,,,Dux,Beate Marie Virginis,Laurentius*,5,,,,1
3352,3353,9,1,141,2670,1568,,,,60,,,Dux,Prebendar (prebendarius Laurentii ducis),Laurentius*,3,,,,1
3353,3354,9,1,141,2670,,,,,60,,,Dux,Župnik (plebanus Laurentii ducis),Laurentius*,13,,,,1
3354,3355,9,1,141,1290,,,,,60,,,Dux,Župnik (plebanus Laurentii ducis),Laurentius*,10,,,,1
3355,3356,9,1,141,1290,2078,,,,60,,,Dux,Prebendar (prebendarius Laurentii ducis),Laurentius*,6,,,,1
3356,3357,9,1,141,1290,1011,,,,60,,,Dux,Prebendar (prebendarius Laurentii ducis),Laurentius*,8,,,,1
3357,3358,9,1,141,1290,4165,,,,60,,,Dux,Prebendar (prebendarius Laurentii ducis),Laurentius*,3,,,,1
3358,3359,9,1,141,1290,2810,,,,60,,,Dux,Prebendar (prebendarius Laurentii ducis),Laurentius*,2,,,,1
3359,3360,9,1,141,1290,864,,,,60,,,Dux,Prebendar (prebendarius Laurentii ducis),Laurentius*,2,,,,1
3360,3361,9,1,141,1290,744,,,,60,,,Dux,Prebendar (prebendarius Laurentii ducis),Laurentius*,1,,,,1
3361,3362,9,1,141,1290,1290,,,,60,,,Dux,Prebendar (prebendarius Laurentii ducis),Laurentius*,1,,,,1
3362,3363,9,1,141,1290,2078,,,,60,,,Dux,Prebendar (prebendarius Laurentii ducis),Laurentius*,1,,,,1
3363,3364,9,1,141,3849,1295,,,,60,,,Dominus,Palatinus,,0,,,,
3364,3365,9,1,141,3851,3822,,,,60,,,,Vojvoda,,350,,,,
3365,3366,9,1,141,3851,1281,,,,60,,,,Vojvoda,,350,,,,
3366,3367,9,1,141,3850,1295,,,,60,,,,Prepošt (praepositus) domini palatini,,75,,,,
3367,3368,9,1,141,3850,1295,,,,60,,,,Župnik (plebanus) domini palatini,,10,,,,
3368,3369,9,1,141,1970,1295,,,,60,,,,Župnik (plebanus) domini palatini,,10,,,,
3369,3370,9,1,141,2091,,,,,60,,,,Župnik (plebanus)-Zylagh,,8,,,,
3370,3371,9,1,141,3172,2660,oppidum,,,60,,,Dux,,,21,,,,
3371,3372,9,1,141,3172,2660,provincia,,,60,,,Dux,,,124,,,,
3372,3373,9,1,141,2064,,,,,60,,,,Kaptol pećuški (Capitulum Quinqueecclesiense),,256,,,,
3373,3374,9,1,141,3418,2723,,,,60,,,,,,98,,,,
3374,3375,9,1,141,3418,1921,,,,60,,,,,,35,,,,
3375,3376,9,1,141,3785,2288,,,,60,,,,,,29,,,,
3376,3377,9,1,141,3785,2661,,,,60,,,,,,29,,,,
3377,3378,9,1,141,3845,2684,,,,60,,,,,,37,,,,
3378,3379,9,1,141,3845,3757,,,,60,,Relicta,,,,27,,,,
3379,3380,9,1,141,2587,2078,,,,60,,,,,,74,,,,
3380,3381,9,1,141,3758,,,,,60,,,,Biskup zagrebački (Episcopus Zagrabiensis),,70,,,,
3381,3382,9,1,141,3186,,,,,60,,,,Biskup zagrebački (Episcopus Zagrabiensis),,51,,,,
3382,3383,9,1,141,3189,,,,,60,,,,Prepošt (praepositus),,15,,,,
3383,3384,9,1,141,3187,,,,,60,,,,Prepošt (praepositus),,40,,,,
3384,3385,9,1,141,2082,,,,,60,,,,Prepošt (praepositus),,41,,,,
3385,3386,9,1,141,2092,,,,,60,,,,Župnik (plebanus),,1,,,,
3386,3387,9,1,141,694,,,,,60,,,,Prepošt (praepositus),,5,,,,
3387,3388,9,1,141,3190,,,,,60,,,,Župnik (plebanus),,1,,,,
3388,3389,9,1,141,2196,953,,,,60,,,,,Plebanus,1,,,,
3389,3390,9,1,141,642,,,,,60,,,,Župnik (plebanus),,1,,,,
3390,3391,9,1,141,3543,2660,provincia,,,60,,,Dux,,,61,,,,
3391,3392,9,1,141,3543,2660,oppidum,,,60,,,Dux,,,36,,,,
3392,3393,9,1,141,855,1259,praedium,,,60,,,,Predialis (predijalac),Biskup zagrebački (Episcopus Zagrabiensis),9,,,,
3393,3394,9,1,141,855,2936,praedium,,,60,,,,Predialis (predijalac),Biskup zagrebački (Episcopus Zagrabiensis),10,,,,
3394,3395,9,1,141,855,831,praedium,,,60,,,,Predialis (predijalac),Biskup zagrebački (Episcopus Zagrabiensis),5,,,,
3395,3396,9,1,141,3543,3437,,,,60,,,,Prebendar (prebendarius Laurentii ducis),Laurentius Dux (knez),2,,,,
3396,3397,9,1,141,3543,2078,,,,60,,,,Prebendar (prebendarius Laurentii ducis),Laurentius Dux (knez),2,,,,
3397,3398,9,1,141,3543,,,,,60,,,,Župnik (plebanus Laurentii ducis),Laurentius Dux (knez),5,,,,
3398,3399,9,1,141,3543,2496,praedium,,,60,,,,Predialis (predijalac),Biskup zagrebački (Episcopus Zagrabiensis),8,,,,
3399,3400,9,1,141,1242,1385,,,,60,,,,,,55,,,,
3400,3401,9,1,141,219,2660,oppidum,,,60,,,Dux,,,25,,,,
3401,3402,9,1,141,218,2660,,,,60,,,Dux,,,151,,,,
3402,3403,9,1,141,1242,2660,villicatus,,,60,,,Dux,,,15,,,,
3403,3404,9,1,141,3139,2660,villicatus,,,60,,,Dux,,,42,,,,
3404,3405,9,1,141,830,2660,villicatus,,,60,,,Dux,,,35,,,,
3405,3406,9,1,141,3611,2660,villicatus,,,60,,,Dux,,,58,,,,
3406,3407,9,1,141,1244,,,,,60,,,Dux,Župnik (plebanus Laurentii ducis),Laurentius,10,,,,
3407,3408,9,1,141,3612,,,,,60,,,Dux,Župnik (plebanus Laurentii ducis),Laurentius,15,,,,
3408,3409,9,1,141,706,,,,,60,,,Dux,Župnik (plebanus Laurentii ducis),Laurentius,2,,,,
3409,3410,9,1,141,830,,,,,60,,,Dux,Župnik (plebanus Laurentii ducis),Laurentius,3,,,,
3410,3411,9,1,141,954,838,,,,60,,,,Magister,,45,,,,
3411,3412,9,1,141,954,3516,,,,60,,,,,,62,,,,
3412,3413,9,1,141,954,3185,,,,60,,Relicta,,,,11,,,,
3413,3414,9,1,141,954,1342,,,,60,,,,,,28,,,,
3414,3415,9,1,141,954,,,,,60,,,,Župnik (plebanus),,2,,,,
3415,3416,9,1,141,569,3578,,,,60,,,,,,3,,,,
3416,3417,9,1,141,569,4160,,,,60,,,,,,21,,,,
3417,3418,9,1,141,441,247,,,,60,,,,,,11,,,,
3418,3419,9,1,141,1529,1807,,,,60,,,,,,2,,,,
3419,3420,9,1,141,1529,982,,,,60,,,,,,11,,,,
3420,3421,9,1,141,1529,3593,,,,60,,,,,,8,,,,
3421,3422,9,1,141,159,3307,,,,60,,,,,,30,,,,
3422,3423,9,1,141,159,3622,,,,60,,,,,,12,,,,
3423,3424,9,1,141,2490,705,,,,60,,,,,,6,,,,
3424,3425,9,1,141,2490,2153,,,,60,,,,,,2,,,,
3425,3426,9,1,141,983,2395,,,,60,,,,,,42,,,,
3426,3427,9,1,141,985,2395,,,,60,,,,,,75,,,,
3427,3428,9,1,141,2119,1913,,,,60,,,,,,11,,,,
3428,3429,9,1,141,2118,2636,,,,60,,,,,,9,,,,
3429,3430,9,1,141,2119,1524,,,,60,,,,,"Emericus Vythez, Paulus Bubanych",14,,,,
3430,3431,9,1,141,2173,,,,,60,,,,Capitulum Albense,,29,,,,
3431,3432,9,1,141,2045,838,,,,60,,,,,,5,,,,
3432,3433,9,1,141,2045,3507,,,,60,,,,,,6,,,,
3433,3434,9,1,141,2045,2873,,,,60,,,,,,4,,,,
3434,3435,9,1,141,981,571,,,,60,,,,Fratres,,4,,,,
3435,3436,9,1,141,392,3015,,,,60,,,,,,2,,,,
3436,3437,9,1,141,392,758,,,,60,,,,,,7,,,,
3437,3438,9,1,141,3194,1056,,,,60,,,,Biskup kninski (Episcopus Thiniensis)*,,16,,,,1
3438,3439,9,1,141,565,3634,,,,60,,,,,,8,,,,
3439,3440,9,1,141,489,247,,,,60,,,,,,21,,,,
3440,3441,9,1,141,489,1620,,,,60,,,,,,6,,,,
3441,3442,9,1,141,3096,247,,,,60,,,,,,10,,,,
3442,3443,9,1,141,1325,2873,,,,60,,,,,,2,,,,
3443,3444,9,1,141,2070,522,,,,60,,,,,,58,,,,
3444,3445,9,1,141,2069,,,,,60,,,,Župnik (plebanus),,2,,,,
3445,3446,9,1,141,2618,1033,,,,60,,,,,,28,,,,
3446,3447,9,1,141,2618,,,,,60,,,,Župnik (plebanus),,3,,,,
3447,3448,9,1,141,2498,2395,,,,60,,,,,,23,,,,
3448,3449,9,1,141,867,2660,,,,60,,,Dux,,,24,,,,
3449,3450,9,1,141,744,1316,,,,60,,,,,,9,,,,
3450,3451,9,1,141,2178,1011,,,,60,,,,Vicejudex nobilium,,2,,,,
3451,3452,9,1,141,3470,4169,,,,60,,,,Judex nobilium,,10,,,,
3452,3453,9,1,141,1014,2693,,,,60,,,,,,2,,,,
3453,3454,9,1,141,2655,2395,,,,60,,,,,,35,,,,
3454,3455,9,1,141,2659,,,,,60,,,,Župnik (plebanus),,1,,,,
3455,3456,9,1,141,2393,1779,,,,60,,,,,,8,,,,
3456,3457,9,1,141,3527,3238,,,,60,,,,,,32,,,,
3457,3458,9,1,141,2381,2308,,,,60,,,,,,21,,,,
3458,3459,9,1,141,1476,,,,,60,,,,Kaptol čazmanski (Capitulum Chasmense),,15,,,,
3459,3460,9,1,141,1150,,,,,60,,,,Kaptol čazmanski (Capitulum Chasmense),,19,,,,
3460,3461,9,1,141,416,,,,,60,,,,Kaptol čazmanski (Capitulum Chasmense),,20,,,,
3461,3462,9,1,141,2380,201,,,,60,,Relicta,,,,3,,,,
3462,3463,9,1,141,2380,3807,,,,60,,,,Vicejudex nobilium,,2,,,,
3463,3464,9,1,141,2380,2273,,,,60,,,,,,1,,,,
3464,3465,9,1,141,1906,1568,,,,60,,,,,,5,,,,
3465,3466,9,1,141,2380,2405,,,,60,,Relicta,,,,3,,,,
3466,3467,9,1,141,2380,3185,,,,60,,,,Litteratus,,2,,,,
3467,3468,9,1,141,2380,,,,,60,,,,Župnik (plebanus),,4,,,,
3468,3469,9,1,141,481,1473,,,,60,,,,,,13,,,,
3469,3470,9,1,141,481,3300,,,,60,,,,,,7,,,,
3470,3471,9,1,141,371,3611,,,,60,,,,,,2,,,,
3471,3472,9,1,141,481,3934,,,,60,,,,,,1,,,,
3472,3473,9,1,141,481,3062,,,,60,,,,Vicejudex nobilium,,3,,,,
3473,3474,9,1,141,416,838,,,,60,,,,Magister,,22,,,,
3474,3475,9,1,141,420,1056,,,,60,,,,Biskup kninski (Episcopus Thiniensis)*,,6,,,,1
3475,3476,9,1,141,416,708,,,,60,,,,,,11,,,,
3476,3477,9,1,141,416,2873,,,,60,,,,,,7,,,,
3477,3478,9,1,141,416,2153,,,,60,,,,,,2,,,,
3478,3479,9,1,141,1742,3355,,,,60,,,,,,3,,,,
3479,3480,9,1,141,1742,1234,,,,60,,,,,,2,,,,
3480,3481,9,1,141,1742,1272,,,,60,,Relicta,,,,3,,,,
3481,3482,9,1,141,1742,198,,,,60,,Relicta,,,,3,,,,
3482,3483,9,1,141,2775,2873,,,,60,,,,,,4,,,,
3483,3484,9,1,141,2775,677,,,,60,,,,,,3,,,,
3484,3485,9,1,141,2295,2095,,,,60,,,,,,35,,,,
3485,3486,9,1,141,2295,1347,,,,60,,,,,,44,,,,
3486,3487,9,1,141,3451,708,,,,60,,,,,,4,,,,
3487,3488,9,1,141,2000,,,,,60,,,,Župnik (plebanus),,1,,,,
3488,3489,9,1,141,2006,993,,,,60,,,,,,35,,,,
3489,3490,9,1,141,2006,2881,,,,60,,,,,,35,,,,
3490,3491,9,1,141,2006,3441,,,,60,,,,,,4,,,,
3491,3492,9,1,141,2006,3822,,,,60,,,,,,10,,,,
3492,3493,9,1,141,2006,3728,,,,60,,,,Litteratus,,1,,,,
3493,3494,9,2,135,1490,2732,,,,,,,Dominus,,Fratres-Varasd,28,,,,
3494,3495,9,2,135,3039,2732,,,,,,,Dominus,,,20,,,,
3495,3496,9,2,135,3530,2732,,,,,,,Dominus,,Plebanus domini Marchionis,2,,,,
3496,3497,9,2,135,2826,,,,,,,,,Varasd-cives civitatis,,19,,,,
3497,3498,9,2,135,2944,993,,,,,,,"Dominus, comes",,,29,,,,
3498,3499,9,2,135,836,1197,,,,,,,,,,10,,,,
3499,3500,9,2,135,1940,2226,,,,,,,,,,22,,,,
3500,3501,9,2,135,1940,256,,,,,,,,,Plebanus,2,,,,
3501,3502,9,2,135,3157,254,,,,,,,,,,25,,,,
3502,3503,9,2,135,3831,3958,,,,,,,,,,2,,,,
3503,3504,9,2,135,3831,2303,,,,,,,,,,10,,,,
3504,3505,9,2,135,3831,1232,,,,,,,,,,6,,,,
3505,3506,9,2,135,3831,2683,,,,,,,,,,3,,,,
3506,3507,9,2,135,3831,480,,,,,,,,,,1,,,,
3507,3508,9,2,135,3831,3710,,,,,,,,Dicator,,2,,,,
3508,3509,9,2,135,3831,3822,,,,,,Fillius Laurentii,,,,4,,,,
3509,3510,9,2,135,3455,3910,,,,,,,,,,6,,,,
3510,3511,9,2,135,3461,1678,,,,,,,,,,6,,,,
3511,3512,9,2,135,2829,1011,,,,,,,,,,4,,,,
3512,3513,9,2,135,3561,,,,,,,,,Župnik (plebanus),,2,,,,
3513,3514,9,2,135,3460,1011,,,,,,,,Litteratus,,2,,,,
3514,3515,9,2,135,3452,1011,,,,,,,,,,2,,,,
3515,3516,9,2,135,3558,,,,,,,,,Župnik (plebanus),,1,,,,
3516,3517,9,2,135,3460,4051,,,,,,,,Litteratus,,3,,,,
3517,3518,9,2,135,2546,,,,,,,,,Župnik (plebanus),,1,,,,
3518,3519,9,2,135,2546,330,,,,,,,,,,2,,,,
3519,3520,9,2,135,2546,2020,,,,,,,,,,2,,,,
3520,3521,9,2,135,2546,3437,,,,,,,,,,1,,,,
3521,3522,9,2,135,1776,3822,,,,,,,,Judex nobilium,,9,,,,
3522,3523,9,2,135,3615,879,,,,,,,Dominus,,,16,,,,
3523,3524,9,2,135,840,,,,,,,,,Kaptol zagrebački (Capitulum Zagrabiense),,10,,,,
3524,3525,9,2,135,3066,,oppidum,,,,,,,,,20,,,,
3525,3526,9,2,135,3066,,,,,,,,,Župnik (plebanus),,5,,,,
3526,3527,9,2,135,3066,,provincia,,,,,,,,,107,,,,
3527,3528,9,2,135,2523,2732,,,,,,,Dominus,,,10,,,,
3528,3529,9,2,135,3129,,,,,,,,,Varasd-civitas,,260,,,,
3529,3530,9,2,135,3127,,,,,,,,,Župnik (plebanus),,1,,,,
3530,3531,9,2,135,3127,1232,,,,,,,,Prebendar (prebendarius),,1,,,,
3531,3532,9,2,135,3127,2078,,,,,,,,Prebendar (prebendarius),,4,,,,
3532,3533,9,2,135,3127,,,,,,,,,Fratres,,6,,,,
3533,3534,9,2,13,1475,,,,,,,,,Varasd-cives,,29,,,,
3534,3535,9,2,13,445,1708,,,,,,,,Dicator,,31,,,,
3535,3536,9,2,13,445,3914,,,,,,,,Judex nobilium,,4,,,,
3536,3537,9,2,13,160,873,,,,,,,Dominus,,,23,,,,
3537,3538,9,2,13,617,946,,,,,,,,,,1,,,,
3538,3539,9,2,13,3039,1155,,,,,,,,,,3,,,,
3539,3540,9,2,13,195,222,,,,,,,,Vicecomes,,10,,,,
3540,3541,9,2,13,518,1679,,,,,,,,,,6,,,,
3541,3542,9,2,13,3433,873,,,,,,,Dominus,,,37,,,,
3542,3543,9,2,13,164,1708,,,,,,,,Dicator,,5,,,,
3543,3544,9,2,13,3591,3911,,,,,,,,,,15,,,,
3544,3545,9,2,13,3591,,,,,,,,,Župnik (plebanus),,1,,,,
3545,3546,9,2,13,3593,838,,,,,,,,Litteratus,,4,,,,
3546,3547,9,2,13,3005,954,,,,,,,,Judex nobilium,,8,,,,
3547,3548,9,2,13,1934,3710,,,,,,,,Dicator,,20,,,,
3548,3549,9,2,13,1933,,,,,,,,,Župnik (plebanus),,2,,,,
3549,3550,9,2,13,1118,973,,,,,,,,,,11,,,,
3550,3551,9,2,13,496,3476,,,,,,,,,,2,,,,
3551,3552,9,2,13,496,3042,,,,,,,,,,4,,,,
3552,3553,9,2,13,777,2078,,,,,,,,,,5,,,,
3553,3554,9,2,13,1565,,,,,,,,,,,1,,,,
3554,3555,9,2,13,518,2660,,,,,,,,Prebendar (prebendarius),,1,,,,
3555,3556,9,2,13,1920,3481,,,,,,,,,Relicta Spyranchych,6,,,,
3556,3557,9,2,13,1563,2593,,,,,,,,Dicator,,4,,,,
3557,3558,9,2,13,3376,2220,castrum,,,,,,Dominus,,,110,,,,
3558,3559,9,2,49,3081,2221,,,,,,,Dominus,,,105,,,,
3559,3560,9,2,49,1760,,,,,,,,,Eremiti (Fratres heremitae),,60,,,,
3560,3561,9,2,49,1797,1354,oppidum,,,,,,,,,22,,,,
3561,3562,9,2,49,1797,1354,provincia,,,,,,,,,69,,,,
3562,3563,9,2,49,1797,,,,,,,,,Župnik (plebanus),,2,,,,
3563,3564,9,2,49,2338,2031,,,,,,,,,,69,,,,
3564,3565,9,2,49,2337,,,,,,,,,Župnik (plebanus),,4,,,,
3565,3566,9,2,49,952,125,,,,,,,,,,6,,,,
3566,3567,9,2,49,2445,3516,,,,,,,,Litteratus,,5,,,,
3567,3568,9,2,49,155,993,castrum,,,,,,Dominus comes,,,35,,,,
3568,3569,9,2,49,155,,,,,,,,,Župnik (plebanus),,2,,,,
3569,3570,9,2,49,3491,3624,,,,,,,,,,20,,,,
3570,3571,9,2,49,3491,,,,,,,,,Župnik (plebanus),,2,,,,
3571,3572,9,2,49,3453,1677,,,,,,,,,,8,,,,
3572,3573,9,2,49,3453,3909,,,,,,,,,,7,,,,
3573,3574,9,2,49,3453,,,,,,,,,Župnik (plebanus),,1,,,,
3574,3575,9,2,49,3692,2516,,,,,,,Domina,,,5,,,,
3575,3576,9,2,49,2812,928,,,,,,,,"Litteratus, dicator",,4,,,,
3576,3577,9,2,49,117,2035,,,,,,,,,,20,,,,
3577,3578,9,2,49,1878,490,,,,,,,,Vicejudex nobilium,,7,,,,
3578,3579,9,2,49,1923,1011,,,,,,,,,,1,,,,
3579,3580,9,2,49,901,838,,,,,,,,,,7,,,,
3580,3581,9,2,49,3450,333,,,,,,,,,,1,,,,
3581,3582,9,2,49,503,2660,,,,,,,,,,4,,,,
3582,3583,9,2,49,515,3470,,,,,,,,,,1,,,,
3583,3584,9,2,49,515,2050,,,,,,,,,,1,,,,
3584,3585,9,2,49,945,,,,,,,,,Magister protonotharius,,4,,,,
3585,3586,9,2,49,945,2078,,,,,,,,,,7,,,,
3586,3587,9,2,49,149,,,,,,,,,,,91,,,,
3587,3588,9,2,49,913,2078,,,,,,,,Judex nobilium,,11,,,,
3588,3589,9,2,125,1625,2732,oppidum,,,,,,Dominus,,,30,,,,
3589,3590,9,2,125,615,,provincia,,,,,,,,,100,,,,
3590,3591,9,2,125,1707,2732,,,,,,,Dominus,,,20,,,,
3591,3592,9,2,125,615,,,,,,,,,Župnik (plebanus),,16,,,,
3592,3593,9,2,125,615,1338,,,,,,,,Prebendar (prebendarius),,3,,,,
3593,3594,9,2,125,615,2678,,,,,,,,Prebendar (prebendarius),,6,,,,
3594,3595,9,2,125,615,1916,,,,,,,,Prebendar (prebendarius),,10,,,,
3595,3596,9,2,125,3587,,,,,,,,,Župnik (plebanus),,6,,,,
3596,3597,9,2,125,3583,,,,,,,,,Župnik (plebanus),,2,,,,
3597,3598,9,2,125,3576,130,,,,,,,,,,1,,,,
3598,3599,9,2,125,2702,686,,,,,,,,,,5,,,,
3599,3600,9,2,125,410,2732,,,,,,,Dominus,,,10,,,,
3600,3601,9,2,125,3161,2732,,,,,,,Dominus,,,65,,,,
3601,3602,9,2,125,1611,,castrum,,,,,,,,,114,,,,
3602,3603,9,2,125,3010,973,,,,,,,,,,125,,,,
3603,3604,9,2,125,3066,3998,,,,,,,,,,2,,,,
3604,3605,9,2,125,497,,castrum,,,,,,,,,900,,,,
3605,3606,9,2,125,1062,4189,,,,,,,,Litteratus,,1,,,,
3606,3607,9,2,125,3398,1237,,,,,,,,Vicejudex nobilium,,11,,,,
3607,3608,9,2,125,1099,3002,,,,,,,,,,3,,,,
3608,3609,9,2,125,640,1829,,,,,,,,,,4,,,,
3609,3610,9,2,125,640,3109,,,,,,,,,,8,,,,
3610,3611,9,2,125,2126,2078,,,,,,,,,Andreas,5,,,,
3611,3612,9,2,125,2126,2251,,,,,,,,,,4,,,,
3612,3613,9,2,125,2126,3822,,,,,,,,,,1,,,,
3613,3614,9,2,125,2322,764,,,,,,,,,,16,,,,
3614,3615,9,2,125,3409,602,,,,,,Relicta,,,,2,,,,
3615,3616,9,2,125,3565,2732,,,,,,,Dominus,,Plebanus,2,,,,
3616,3617,9,2,125,3066,2732,,,,,,,Dominus,,Plebanus,2,,,,
3617,3618,9,2,125,1950,1524,,,,,,,,,,2,,,,
3618,3619,9,2,125,3398,3775,,,,,,,,Judex nobilium,,13,,,,
3619,3620,9,2,125,3840,2199,,,,,,,,Vicecomes,,50,,,,
3620,3621,9,2,125,3398,2094,,,,,,,,,,3,,,,
3621,3622,9,3,12,684,882,,,,60,,,Dominus,,,15,,,,
3622,3623,9,3,12,684,2494,,,,60,,,,,,15,,4,desolatus,
3623,3624,9,3,12,3605,3305,,,,60,,,,,,8,,,,
3624,3625,9,3,12,3604,1584,,,,60,,,,,,8,,2,desolatus,
3625,3626,9,3,12,3605,3186,,,,60,,,,,,10,,3,desolatus,
3626,3627,9,3,12,3475,2494,,,,60,,,,,,6,,,,
3627,3628,9,3,12,328,2660,,,,60,,,Dominus dux,,,6,,,,
3628,3629,9,3,12,2700,,,,,60,,,Dominus,Ostrogonski nadbiskup (Archiepiscopus strigoniensis),,20,,,,
3629,3630,9,3,12,2449,3930,,,,60,,,,,,6,,1,desolatus,
3630,3631,9,3,12,2567,3024,,,,60,,,,,,2,,,,
3631,3632,9,3,12,2567,223,,,,60,,,,,,3,,,,
3632,3633,9,3,12,2321,1400,,,,60,,,,,,6,,1,desolatus,
3633,3634,9,3,12,2321,1763,,,,60,,,,,,6,,,,
3634,3635,9,3,12,2297,3928,,,,60,,,,,,5,,,,
3635,3636,9,3,12,3272,140,,,,60,,Relicta,,,,9,,,,
3636,3637,9,3,12,3277,4171,,,,60,,Relicta,,,,6,,,,
3637,3638,9,3,12,3270,2517,,,,60,,,,,,2,,,,
3638,3639,9,3,12,3270,1682,,,,60,,,,,,1,,1,desolatus,
3639,3640,9,3,12,3281,2309,,,,60,,,,,,2,,2,desolatus,
3640,3641,9,3,12,3271,3312,,,,60,,,,,,2,,,,
3641,3642,9,3,12,2450,,,,,60,,,,Fratres St. Anne,,2,,,,
3642,3643,9,3,12,999,1772,,,,60,,,,Judex nobilium,,2,,,,
3643,3644,9,3,12,592,2660,,,,60,,,Dux,,,4,,,,
3644,3645,9,3,12,372,,,,,60,,,,Fratres St. Anne,,5,,,,
3645,3646,9,3,12,1222,1413,,,,60,,,,,,10,,,,
3646,3647,9,3,12,1222,3186,,,,60,,,,,,10,,,,
3647,3648,9,3,12,1222,3307,,,,60,,,,,,11,,1,desolatus,
3648,3649,9,3,12,2971,2690,,,,60,,,,,,3,,,,
3649,3650,9,3,12,2971,1778,,,,60,,,,,,2,,,,
3650,3651,9,3,12,2971,3611,,,,60,,,,,,2,,,,
3651,3652,9,3,12,2971,832,,,,60,,Relicta,,,,3,,,,
3652,3653,9,3,12,2971,2078,,,,60,,,,Litteratus,,5,,3,desolatus,
3653,3654,9,3,12,1523,,,,,60,,,,Župnik (plebanus),,3,,,,
3654,3655,9,3,12,527,3312,,,,60,,,,,,2,,,,
3655,3656,9,3,12,2436,,,,,60,,,,Fratres St. Anne,,3,,,,
3656,3657,9,3,12,527,3405,,,,60,,,,,,2,,,,
3657,3658,9,3,12,1520,2660,,,,60,,,Dux,,,66,,,,
3658,3659,9,3,12,1522,,,,,60,,,,Župnik (plebanus),,12,,,,
3659,3660,9,3,12,1690,3437,,,,60,,,,,,1,,,,
3660,3661,9,3,12,1453,3653,,,,60,,,,Judex nobilium,,15,,,,
3661,3662,9,3,12,912,1682,,,,60,,,,,,11,,1,desolatus,
3662,3663,9,3,12,3013,2096,,,,60,,,,,,15,,,,
3663,3664,9,3,12,3013,1347,,,,60,,,,,,19,,4,combustus,
3664,3665,9,3,12,2115,1568,,,,60,,,,,,5,,2,desolatus,
3665,3666,9,3,12,1876,,,,,60,,,,Župnik (plebanus),,1,,,,
3666,3667,9,3,12,1876,1347,,,,60,,,,,,5,,1,desolatus,
3667,3668,9,3,12,1876,2096,,,,60,,,,,,4,,,,
3668,3669,9,3,12,1876,,,,,60,,,,Magister hospitalis de Wereucze,,6,,,,
3669,3670,9,3,12,2436,,,,,60,,,,Eremiti (Fratres heremitae) St. Benedicti,,7,,,,
3670,3671,9,3,12,21,,,,,60,,,,Župnik (plebanus),,5,,,,
3671,3672,9,3,12,21,2660,,,,60,,,Dux,,,60,,,,
3672,3673,9,3,12,3531,1249,,,,60,,,,,,32,,,,
3673,3674,9,3,12,3531,1342,,,,60,,,,,,18,,,,
3674,3675,9,3,12,3531,,,,,60,,,,Župnik (plebanus),,3,,,,
3675,3676,9,3,12,895,2660,,,,60,,,Dux,,,14,,,,
3676,3677,9,3,12,3677,1433,,,,60,,,,,,3,,,,
3677,3678,9,3,12,1701,2184,,,,60,,,,,,8,,2,desolatus,
3678,3679,9,3,12,1701,3570,,,,60,,,,,,10,,,,
3679,3680,9,3,12,2117,2529,,,,60,,,,,,6,,,,
3680,3681,9,3,12,1955,2096,,,,60,,,,,,5,,3,desolatus,
3681,3682,9,3,12,3304,2243,,,,60,,,,,,1,,1,alia vero deserta,
3682,3683,9,3,12,3305,965,,,,60,,,,,,1,,,,
3683,3684,9,3,12,3305,2925,,,,60,,,,,,1,,,,
3684,3685,9,3,12,2327,2078,,,,60,,,,"Litteratus, dicator",,1,,,,
3685,3686,9,3,12,2148,838,,,,60,,,,,,1,,,,
3686,3687,9,3,12,2148,2287,,,,60,,Relicta,,,Farkasy,1,,,,
3687,3688,9,3,12,3222,,oppidum,,,60,,,,Fratres predicatorum,,10,,,,
3688,3689,9,3,12,3222,,,,,60,,,,Fratres St. Francisci,,6,,,,
3689,3690,9,3,12,704,1347,,,,60,,,,,,6,,2,desolatus,
3690,3691,9,3,12,704,2096,,,,60,,,,,,4,,,,
3691,3692,9,3,12,3222,2096,oppidum,,,60,,,Dominus,,,38,,17,igne combustus,
3692,3693,9,3,12,3222,1347,oppidum,,,60,,,,,,50,,7,combustus-igne,
3693,3694,9,3,12,408,2096,,,,60,,,,,,14,,,,
3694,3695,9,3,12,408,1347,,,,60,,,,,,13,,,,
3695,3696,9,3,12,3223,2096,provincia,,,60,,,,,,69,,,,
3696,3697,9,3,12,3223,1347,provincia,,,60,,,,,,79,,,,
3697,3698,9,3,12,391,,,,,60,,,,Magister hospitalis de Wereucze,,3,,3,desolatus,
3698,3700,11,,,,,,,,,,,,,,,,,,
3699,3701,10,1,35,2759,214,,,,50,,Fratres sub Garygh,,,,18,,,,
3700,3702,10,1,35,2697,537,,,,50,,Relicta,,,,5,,,,
3701,3703,10,1,35,958,,,,,50,,,,Župnik (plebanus),,12,,,,
3702,3704,10,1,35,871,3563,,,,50,,,Magnificus,,,10,,,,
3703,3705,10,1,35,27,3563,,,,50,,,Magnificus,,,36,,,,
3704,3706,10,1,35,3474,3563,,,,50,,,Magnificus,,,32,,,,
3705,3707,10,1,35,3018,744,,,,50,,,,,,4,,,,
3706,3708,10,1,35,1156,604,,,,50,,Relicta,,,,1,,,,
3707,3709,10,1,35,1156,3274,,,,50,,,,,,4,,,,
3708,3710,10,1,35,1156,644,,,,50,,,,,,2,,,,
3709,3711,10,1,35,1156,1365,,,,50,,,,,,2,,,,
3710,3712,10,1,35,1156,1453,,,,50,,,,,,4,,,,
3711,3713,10,1,35,1156,1232,,,,50,,,,,,2,,,,
3712,3714,10,1,35,1156,3002,,,,50,,,,"Litteratus, Vicejudex nobilium",,1,,,,
3713,3715,10,1,35,1769,1342,,,,50,,,,,,3,,,,
3714,3716,10,1,35,1769,2529,,,,50,,,,,,1,,,,
3715,3717,10,1,35,1769,3809,,,,50,,,,,,6,,,,
3716,3718,10,1,35,1694,3363,,,,50,,,,,,6,,,,
3717,3719,10,1,35,1430,3563,,,,50,,,,,,20,,,,
3718,3720,10,1,35,1694,3563,oppidum,,,50,,,,,,20,,,,
3719,3721,10,1,35,1694,3563,provincia,,,50,,,,,,65,,,,
3720,3722,10,1,35,1694,3249,,,,50,,,,,,5,,,,
3721,3723,10,1,35,1694,829,,,,50,,,Domina,,,42,,,,
3722,3724,10,1,35,1735,873,,,,50,,,Dominus,,,40,,,,
3723,3725,10,1,35,102,1413,,,,50,,,,,,5,,,,
3724,3726,10,1,35,102,3307,,,,50,,,,,,8,,,,
3725,3727,10,1,35,102,4,,,,50,,Relicta,,,,8,,,,
3726,3728,10,1,35,879,1354,,,,50,,,,,,51,,,,
3727,3729,10,1,35,36,1354,,,,50,,,,,,55,,,,
3728,3730,10,1,35,3213,2578,oppidum,,,50,,,,,,70,,,,
3729,3731,10,1,35,3213,,provincia,,,50,,,,,,325,,,,
3730,3732,10,1,35,3215,,,,,50,,,,,,96,,,,
3731,3733,10,1,35,849,2028,,,,50,,,,,,5,,,,
3732,3734,10,1,35,849,2078,,,,50,,Relicta,,Vicecomes,,6,,,,
3733,3735,10,1,35,849,1421,,,,50,,,,,,7,,,,
3734,3736,10,1,35,849,2553,,,,50,,,,,,15,,,,
3735,3737,10,1,35,849,2498,,,,50,,,,,,7,,,,
3736,3738,10,1,35,849,135,,,,50,,Relicta,,,,11,,,,
3737,3739,10,1,35,3191,2578,oppidum,,,50,,,,,,42,,,,
3738,3740,10,1,35,3192,627,,,,50,,Relicta,,,,1,,,,
3739,3741,10,1,35,2010,,,,,50,,,,Magister hospitalis,,3,,,,
3740,3742,10,1,35,2010,,,,,50,,,,Župnik (plebanus),,2,,,,
3741,3743,10,1,35,3191,2578,provincia,,,50,,,,,,60,,,,
3742,3744,10,1,35,3191,2056,provincia,,,50,,,,,,1,,,,
3743,3745,10,1,35,2047,2529,,,,50,,,,,,1,,,,
3744,3746,10,1,35,3620,4,,,,50,,Relicta,,,,61,,,,
3745,3747,10,1,35,3620,134,,,,50,,,,,,17,,,,
3746,3748,10,1,35,3356,4,,,,50,,Relicta,,,,31,,,,
3747,3749,10,1,35,3657,2578,oppidum,,,50,,,,,,23,,,,
3748,3750,10,1,35,3657,,provincia,,,50,,,,,,90,,,,
3749,3751,10,1,35,3657,,,,,50,,,,Župnik (plebanus),,2,,,,
3750,3752,10,1,35,3657,,,,,50,,,,Fratres St. Augustini,,23,,,,
3751,3753,10,1,35,3657,3061,,,,50,,,,,,1,,,,
3752,3754,10,1,35,614,2529,,,,50,,,,,,1,,,,
3753,3755,10,1,35,821,2625,,,,50,,,,,,1,,,,
3754,3756,10,1,35,2085,,,,,50,,,,Župnik (plebanus),,1,,,,
3755,3757,10,1,35,2461,2686,,,,50,,,,,,42,,,,
3756,3758,10,1,35,2461,3356,,,,50,,,,,,31,,,,
3757,3759,10,1,35,2461,1408,,,,50,,,,,,45,,,,
3758,3760,10,1,35,2461,3969,,,,50,,,,,,30,,,,
3759,3761,10,1,35,2461,,,,,50,,,,Župnik (plebanus),,2,,,,
3760,3762,10,1,35,2461,1272,,,,50,,,Domina,,,5,,,,
3761,3763,10,1,35,857,1758,,,,50,,,,Judex nobilium,,6,,,,
3762,3764,10,1,35,423,,,,,50,,,,Abbatia bellensis,,14,,,,
3763,3765,10,1,35,423,,,,,50,,,,Župnik (plebanus),,2,,,,
3764,3766,10,1,35,423,3706,,,,50,,,,,,2,,,,
3765,3767,10,1,35,423,3712,,,,50,,,,,,4,,,,
3766,3768,10,1,35,423,139,,,,50,,Relicta,,,nunc consortis Johannes,2,,,,
3767,3769,10,1,35,3507,3318,,,,50,,,,,,2,,,,
3768,3770,10,1,35,178,1272,,,,50,,Relicta,,,,1,,,,
3769,3771,10,1,35,178,3822,,,,50,,Relicta,,,,1,,,,
3770,3772,10,1,35,16,3560,,,,50,,,,,,3,,,,
3771,3773,10,1,35,16,2817,,,,50,,quondam,,,,1,,,,
3772,3774,10,1,35,16,3598,,,,50,,,,,,2,,,,
3773,3775,10,1,35,883,3185,,,,50,,,,,,65,,,,
3774,3776,10,1,35,42,3185,,,,50,,,,,,72,,,,
3775,3777,10,1,35,2414,3185,,,,50,,,,,,19,,,,
3776,3778,10,1,35,1695,4023,,,,50,,,,,,10,,,,
3777,3779,10,1,35,883,4023,,,,50,,,,,,52,,,,
3778,3780,10,1,35,42,4023,,,,50,,,,,,59,,,,
3779,3781,10,1,35,3508,1568,,,,50,,,,,cessit Nicolaus,14,,,,
3780,3782,10,1,35,3507,2078,,,,50,,,,Aurifaber (zlatar),,1,,,,
3781,3783,10,1,35,3722,,,,,50,,,,Župnik (plebanus),,2,,,,
3782,3784,10,1,35,2119,,,,,50,,,,Župnik (plebanus),,1,,,,
3783,3785,10,1,35,3538,,,,,50,,,,Župnik (plebanus),,3,,,,
3784,3786,10,1,35,3538,,,,,50,,,,Prebendar (prebendarius),,2,,,,
3785,3787,10,1,35,1983,1354,,,,50,,,,,,24,,,,
3786,3788,10,1,35,3035,1354,,,,50,,,,,,9,,,,
3787,3789,10,1,35,1983,,,,,50,,,,Župnik (plebanus),,1,,,,
3788,3790,10,1,35,3057,2529,,,,50,,,,,,26,,,,
3789,3791,10,1,35,747,,,,,50,,,,Abbatia bellensis,,19,,,,
3790,3792,10,1,35,747,3822,,,,50,,,,Prebendar (prebendarius),,3,,,,
3791,3793,10,1,35,2804,134,,,,50,,Relicta,,,,22,,,,
3792,3794,10,1,35,2804,2586,,,,50,,,,,,4,,,,
3793,3795,10,1,35,2804,3941,,,,50,,,,,,3,,,,
3794,3796,10,1,35,2878,1834,,,,50,,,,,,32,,,,
3795,3797,10,1,35,2878,2333,,,,50,,,,,,25,,,,
3796,3798,10,1,35,906,1354,,,,50,,,,,,250,,,,
3797,3799,10,1,35,70,,,,,50,,,Dominus,Abbatia bellensis*,,35,,,,1
3798,3800,10,1,35,2528,3093,,,,50,,,,,,1,,,,
3799,3801,10,1,35,2528,3668,,,,50,,,,,,1,,,,
3800,3802,10,1,35,1781,3099,,,,50,,,,,,2,,,,
3801,3803,10,1,35,1281,2925,,,,50,,,,,,4,,,,
3802,3804,10,1,35,93,2440,,,,50,,,Vojvoda,Vojvoda-Transilvanija (Erdelj),,72,,,,
3803,3805,10,1,35,93,,,,,50,,,,Župnik (plebanus),,3,,,,
3804,3806,10,1,35,1630,1406,,,,50,,,,,,19,,,,
3805,3807,10,1,35,1630,3246,,,,50,,,,,,8,,,,
3806,3808,10,1,35,1630,3239,,,,50,,,,,,8,,,,
3807,3809,10,1,35,1164,2078,,,,50,,Relicta,,,,16,,,,
3808,3810,10,1,35,3854,134,,,,50,,Relicta,,,,35,,,,
3809,3811,10,1,35,3854,1835,,,,50,,,,,,12,,,,
3810,3812,10,1,35,3854,4,,,,50,,Relicta,,,,35,,,,
3811,3813,10,1,35,139,,oppidum,,,50,,,,,,12,,,,
3812,3814,10,1,35,139,,provincia,,,50,,,,,,80,,,,
3813,3815,10,1,35,139,,,,,50,,,,Župnik (plebanus),,1,,,,
3814,3816,10,1,35,1374,,,,,50,,,,Abbatia bellensis*,,30,,,,1
3815,3817,10,1,35,113,2810,,,,50,,,,,,2,,,,
3816,3818,10,1,35,113,3777,,,,50,,,,,,2,,,,
3817,3819,10,1,35,701,603,,,,50,,,,,,2,,,,
3818,3820,10,1,35,2552,1041,,,,50,,,,,,2,,,,
3819,3821,10,1,35,1089,1015,,,,50,,,,,,2,,,,
3820,3822,10,1,35,3778,2925,,,,50,,,,,,3,,,,
3821,3823,10,1,35,492,3516,,,,50,,,,,,3,,,,
3822,3824,10,1,35,1252,1568,,,,50,,,,,,2,,,,
3823,3825,10,1,35,1149,139,,,,50,,,,,,6,,,,
3824,3826,10,1,35,167,1568,,,,50,,,,,,1,,,,
3825,3827,10,1,35,3355,3516,,,,50,,,,Litteratus,,3,,,,
3826,3828,10,1,35,3355,246,,,,50,,,,,,3,,,,
3827,3829,10,1,35,3355,2429,,,,50,,,,,,2,,,,
3828,3830,10,1,35,3413,343,,,,50,,,,,,5,,,,
3829,3831,10,1,35,3413,3585,,,,50,,,,,,3,,,,
3830,3832,10,1,35,538,3002,,,,50,,,,,,3,,,,
3831,3833,10,1,35,715,3405,oppidum,,,50,,,,,,10,,,,
3832,3834,10,1,35,715,,provincia,,,50,,,,,,100,,,,
3833,3835,10,1,35,715,415,,,,50,,,,,,16,,,,
3834,3836,10,1,35,3574,,,,,50,,,,Župnik (plebanus),,1,,,,
3835,3837,10,1,35,67,3822,,,,50,,Relicta,,,,2,,,,
3836,3838,10,1,35,1672,2078,,,,50,,,,,,4,,,,
3837,3839,10,1,35,572,606,,,,50,,,,,,2,,,,
3838,3840,10,1,35,827,4,,,,50,,,,,,12,,,,
3839,3841,10,1,35,827,134,,,,50,,Relicta,,,,22,,,,
3840,3842,10,1,35,1984,415,,,,50,,,,,,12,,,,
3841,3843,10,1,35,638,873,oppidum,,,50,,,Dominus,,,20,,,,
3842,3844,10,1,35,638,873,provincia,,,50,,,Dominus,,,50,,,,
3843,3845,10,1,35,3183,873,,,,50,,,Dominus,,,20,,,,
3844,3846,10,1,35,3183,714,,,,50,,,,,,2,,,,
3845,3847,10,1,35,3183,4045,,,,50,,,,,,5,,,,
3846,3848,10,1,35,1330,3775,,,,50,,,,,,3,,,,
3847,3849,10,1,35,979,1351,,,,50,,,,,,13,,,,
3848,3850,10,1,35,2403,3405,,,,50,,,,,,13,,,,
3849,3851,10,1,35,2719,2533,,,,50,,,,,,2,,,,
3850,3852,10,1,35,979,2529,,,,50,,,,,,11,,,,
3851,3853,10,1,35,3323,3505,,,,50,,,,,,1,,,,
3852,3854,10,1,35,3323,926,,,,50,,,,,,1,,,,
3853,3855,10,1,35,2404,3312,,,,50,,,,,,2,,,,
3854,3856,10,1,35,3314,139,,,,50,,,,,,22,,,,
3855,3857,10,1,35,363,,,,,50,,,,Župnik (plebanus),,1,,,,
3856,3858,10,1,35,1204,4134,,,,50,,,,,,1,,,,
3857,3859,10,1,35,2119,2529,,,,50,,,,,,8,,,,
3858,3860,10,1,35,2119,4116,,,,50,,,,,,7,,,,
3859,3861,10,1,35,3323,1361,,,,50,,,,,,3,,,,
3860,3862,10,1,35,183,288,,,,50,,,,,,3,,,,
3861,3863,10,1,35,2843,,,,,50,,,,Eremiti (Fratres heremitae),,8,,,,
3862,3864,10,1,35,1204,506,,,,50,,,,,,2,,,,
3863,3865,10,1,35,2566,1259,,,,50,,,,,Gasparus,3,,,,
3864,3866,10,1,35,641,554,,,,50,,,,,,1,,,,
3865,3867,10,1,35,1330,139,,,,50,,,,,Georgius Persych-nunc,2,,,,
3866,3868,10,1,35,2119,1342,,,,50,,,,,,8,,,,
3867,3869,10,1,35,3549,1823,,,,50,,,,,,4,,,,
3868,3870,10,1,35,3549,3692,,,,50,,,,,,2,,,,
3869,3871,10,1,35,524,301,,,,50,,Relicta,,,,12,,,,
3870,3872,10,1,35,524,302,,,,50,,Relicta,,,,2,,,,
3871,3873,10,1,35,2288,1057,,,,50,,,,Biskup kninski (Episcopus Thiniensis),,6,,,,
3872,3874,10,1,35,824,3563,,,,50,,,,,,23,,,,
3873,3875,10,1,35,824,829,,,,50,,,Domina,,,4,,,,
3874,3876,10,1,35,562,3574,,,,50,,,,Judex nobilium,,5,,,,
3875,3877,10,1,35,3554,1253,,,,50,,,,,,11,,,,
3876,3878,10,1,35,3554,1640,,,,50,,,,,,9,,,,
3877,3879,10,1,35,3554,1116,,,,50,,Relicta,,,,3,,,,
3878,3880,10,1,35,3554,3185,,,,50,,,,,,7,,,,
3879,3881,10,1,35,3554,3002,,,,50,,,,,,14,,,,
3880,3882,10,1,35,692,2447,,,,50,,,,,,40,,,,
3881,3883,10,1,35,692,1273,,,,50,,Relicta-Thomas Capitanffy,Domina,,,7,,,,
3882,3884,10,1,35,3034,882,,,,50,,,Dominus,,,37,,,,
3883,3885,10,1,35,224,1413,,,,50,,,,,,15,,,,
3884,3886,10,1,35,224,3305,,,,50,,,,,,12,,,,
3885,3887,10,1,35,224,4,,,,50,,,,,,13,,,,
3886,3888,10,1,35,1112,829,,,,50,,,Domina,,,3,,,,
3887,3889,10,1,35,1112,3369,,,,50,,,,,,8,,,,
3888,3890,10,1,35,370,2028,,,,50,,,,,,1,,,,
3889,3891,10,1,35,3717,2210,,,,50,,,,,,1,,,,
3890,3892,10,1,35,682,3563,,,,50,,,,,,23,,,,
3891,3893,10,1,35,682,829,,,,50,,,Domina,,,6,,,,
3892,3894,10,1,35,2494,4,,,,50,,Relicta,,,,22,,,,
3893,3895,10,1,35,2494,3372,,,,50,,,,,,6,,,,
3894,3896,10,1,35,1200,3551,,,,50,,,,,,1,,,,
3895,3897,10,1,35,1902,2734,,,,50,,,,,,1,,,,
3896,3898,10,1,35,2494,134,,,,50,,Relicta,,,,16,,,,
3897,3899,10,1,35,137,,,,,50,,,,Fratres,,7,,,,
3898,3900,10,1,35,2553,829,,,,50,,Relicta,,,,1,,,,
3899,3901,10,1,35,2553,2078,,,,50,,Relicta,,,,4,,,,
3900,3902,10,1,35,3421,3002,,,,50,,Relicta,,,,2,,,,
3901,3903,10,1,35,3421,1568,,,,50,,,,,,10,,,,
3902,3904,10,1,35,2996,519,,,,50,,,,,,4,,,,
3903,3905,10,1,35,3557,717,,,,50,,,,,,1,,,,
3904,3906,10,1,35,3557,,,,,50,,,,Župnik (plebanus exactoris),,1,,,,
3905,3907,10,1,35,1114,707,,,,50,,,,,,1,,,,
3906,3908,10,1,35,1114,2498,,,,50,,,,,,2,,,,
3907,3909,10,1,35,2553,2236,,,,50,,,,,,1,,,,
3908,3910,10,1,35,1405,829,,,,50,,Relicta Mathias,,,,4,,,,
3909,3911,10,1,35,1246,2431,,,,50,,,,Vicecomes,,3,,,,
3910,3912,10,1,35,1246,3185,,,,50,,,,,,5,,,,
3911,3913,10,1,35,3071,1524,,,,50,,,,,,1,,,,
3912,3914,10,1,35,3071,2525,,,,50,,,,,,1,,,,
3913,3915,10,1,35,992,1568,,,,50,,,,Litteratus,,2,,,,
3914,3916,10,1,35,8,2399,,,,50,,Relicta,,,,2,,,,
3915,3917,10,1,35,3338,2078,,,,50,,,,,,1,,,,
3916,3918,10,1,35,992,3184,,,,50,,,,,,9,,,,
3917,3919,10,1,35,2496,1916,,,,50,,,,Prebendar (prebendarius),,1,,,,
3918,3920,10,1,35,2496,2810,,,,50,,,,Prebendar (prebendarius),,1,,,,
3919,3921,10,1,35,2496,2689,,,,50,,,,Prebendar (prebendarius),,1,,,,
3920,3922,10,1,35,2494,,,,,50,,,,Župnik (plebanus),,4,,,,
3921,3923,10,1,35,481,556,oppidum,,,50,,,,,,25,,,,
3922,3924,10,1,35,481,,provincia,,,50,,,,,,153,,,,
3923,3925,10,1,35,481,,,,,50,,,,Župnik (plebanus),,2,,,,
3924,3926,10,1,35,940,882,,,,50,,,Dominus,,,35,,,,
3925,3927,10,1,35,940,,,,,50,,,Dominus,Župnik (plebanus),,1,,,,
3926,3928,10,1,35,3387,880,,,,50,,,Dominus,,,50,,,,
3927,3929,10,1,35,3387,,,,,50,,,,Župnik (plebanus),,1,,,,
3928,3930,10,1,35,3524,873,,,,50,,,Dominus,,,15,,,,
3929,3931,10,1,35,2544,,,,,50,,,,Kaptol Čazmanski,,25,,,,
3930,3932,10,1,35,91,,,,,50,,,,Kaptol Čazmanski,,22,,,,
3931,3933,10,1,35,1884,2744,,,,50,,,,,,1,,,,
3932,3934,10,1,35,1884,3740,,,,50,,,,,,2,,,,
3933,3935,10,1,35,2014,2744,,,,50,,,,,,1,,,,
3934,3936,10,1,35,1885,1850,,,,50,,,,,,2,,,,
3935,3937,10,1,35,2377,2307,,,,50,,,,,,16,,,,
3936,3938,10,1,35,2013,1758,,,,50,,,,Judex nobilium,,4,,,,
3937,3939,10,1,35,3177,243,,,,50,,,,Vicejudex nobilium,,1,,,,
3938,3940,10,1,35,3201,600,,,,50,,Relicta,,,,1,,,,
3939,3941,10,1,35,3845,1640,,,,50,,,,,,6,,,,
3940,3942,10,1,35,3845,3806,,,,50,,Relicta,,,,6,,,,
3941,3943,10,1,35,1221,,oppidum,,,50,,,,,,53,,,,
3942,3944,10,1,35,1221,,provincia,,,50,,,,,,82,,,,
3943,3945,10,1,35,872,1583,,,,50,,,,,,18,,,,
3944,3946,10,1,35,3640,1583,oppidum,,,50,,,,,,4,,,,
3945,3947,10,1,35,297,1583,,,,50,,,,,,7,,,,
3946,3948,10,1,35,1221,946,,,,50,,,,Prebendar (prebendarius),,4,,,,
3947,3949,10,1,35,1221,,,,,50,,,,Župnik (plebanus),,5,,,,
3948,3950,10,1,35,3589,,oppidum,,,50,,,,Župnik (plebanus),,3,,,,
3949,3951,10,1,35,872,,,,,50,,,,Župnik (plebanus),,2,,,,
3950,3952,10,1,35,1221,3516,,,,50,,,,Predialis (predijalac),,2,,,,
3951,3953,10,1,42,2651,2660,oppidum,,,50,,,Dux,,,42,,4,desolatus-per mortem,
3952,3954,10,1,42,2651,2660,provincia,,,50,,,Dux,,,158,,5,desolatus-per mortem,
3953,3955,10,1,42,2651,,,,,50,,,,Župnik (plebanus),,31,,,,
3954,3956,10,1,42,2651,1568,,,,50,,,,Prezbiter (presbiterus),,2,,,,
3955,3957,10,1,42,3454,414,,,,50,,,,,,3,,,,
3956,3958,10,1,42,2122,,,,,50,,,,Župnik (plebanus),,5,,,,
3957,3959,10,1,42,3454,3573,,,,50,,,,Judex nobilium,,26,,,,
3958,3960,10,1,42,939,2184,,,,50,,,,,,41,,,,
3959,3961,10,1,42,939,3570,,,,50,,,,,,41,,5,prenotati deserta,
3960,3962,10,1,42,939,1342,,,,50,,sin Nicolaus,,,,30,,,,
3961,3963,10,1,42,939,1342,,,,50,,sin Benedictus,,,,22,,,,
3962,3964,10,1,42,939,,,,,50,,,,Župnik (plebanus),,4,,,,
3963,3965,10,1,42,734,1812,,,,50,,,,,,3,,,,
3964,3966,10,1,42,1158,3594,,,,50,,sin,,,,6,,,,
3965,3967,10,1,42,1158,,,,,50,,,,Župnik (plebanus),,2,,,,
3966,3968,10,1,42,1158,985,,,,50,,,,,,11,,2,mortui,
3967,3969,10,1,42,115,2305,,,,50,,,,,,2,,,,
3968,3970,10,1,42,944,2821,,,,50,,,,,,2,,,,
3969,3971,10,1,42,944,3847,,,,50,,,,,,1,,,,
3970,3972,10,1,42,944,854,,,,50,,,,,,1,,,,
3971,3973,10,1,42,944,1568,,,,50,,,,,,1,,,,
3972,3974,10,1,42,1201,2660,,,,50,,,Dux,,,15,,1,mortuus,
3973,3975,10,1,42,1256,,,,,50,,,,Eremiti (Fratres heremitae) St. Benedicti,,8,,5,desolatus-per mortem,
3974,3976,10,1,42,3617,855,,,,50,,,,,,3,,,,
3975,3977,10,1,42,2398,2102,,,,50,,,,,,3,,3,per mortem desolatus,
3976,3978,10,1,42,2328,1469,,,,50,,,,,,11,,,,
3977,3979,10,1,42,3511,2266,,,,50,,,,,,26,,,,
3978,3980,10,1,42,765,4007,,,,50,,,,,,2,,,,
3979,3981,10,1,42,495,3429,,,,50,,,,,,5,,,,
3980,3982,10,1,42,2622,,,,,50,,,,Eremiti (Fratres heremitae) Beate Anne,,5,,,,
3981,3983,10,1,42,1519,2660,,,,50,,,Dux,,,70,,,,
3982,3984,10,1,42,1519,,,,,50,,,,Župnik (plebanus),,3,,,,
3983,3985,10,1,42,2927,2095,oppidum,,,50,,,,,,14,,1,mortus,
3984,3986,10,1,42,2927,,provincia,,,50,,,,,,70,,4,mortus,
3985,3987,10,1,42,33,,,,,50,,,,Župnik (plebanus),,3,,1,mortuus,
3986,3988,10,1,42,33,,,,,50,,,,Rector capelle,,6,,1,mortus,
3987,3989,10,1,42,875,,,,,50,,,,Župnik (plebanus),,4,,,,
3988,3990,10,1,42,875,,,,,50,,,,Prebendar (prebendarius),,4,,,,
3989,3991,10,1,42,1080,2096,,,,50,,,,,,20,,,,
3990,3992,10,1,42,2927,1347,oppidum,,,50,,,,,,15,,,,
3991,3993,10,1,42,2927,1347,provincia,,,50,,,,,,70,,4,mortui,
3992,3994,10,1,42,1080,1347,,,,50,,,,,,25,,3,desolatus-per mortem,
3993,3995,10,1,42,1210,,,,,50,,,,Župnik (plebanus),,5,,,,
3994,3996,10,1,42,1210,4,,,,50,,Relicta,,,,11,,,,
3995,3997,10,1,42,5,952,oppidum,,,50,,,,,,55,,3,mortui,
3996,3998,10,1,42,5,952,provincia,,,50,,,,,,306,,,,
3997,3999,10,1,42,2803,952,,,,50,,,,,,83,,,,
3998,4000,10,1,42,2196,952,,,,50,,,,,,52,,,,
3999,4001,10,1,42,3032,952,,,,50,,,,,,40,,,,
4000,4002,10,1,42,5,,,,,50,,,,Župnik (plebanus),,50,,,,
4001,4003,10,1,42,5,2660,,,,50,,,,Prebendar (prebendarius),,9,,4,mortui,
4002,4004,10,1,42,5,3002,,,,50,,,,Prebendar (prebendarius),,3,,,,
4003,4005,10,1,42,3566,,,,,50,,,,Župnik (plebanus),,3,,,,
4004,4006,10,1,42,756,,,,,50,,,,Prebendar (prebendarius),,2,,1,mortuus,
4005,4007,10,1,42,243,,,,,50,,,,Prebendar (prebendarius),,4,,,,
4006,4008,10,1,42,346,,,,,50,,,,Župnik (plebanus),,7,,,,
4007,4009,10,1,42,2847,,,,,50,,,,Župnik (plebanus),,11,,,,
4008,4010,10,1,42,2200,,,,,50,,,,Župnik (plebanus),,4,,,,
4009,4011,10,1,42,346,,,,,50,,,,Prebendar (prebendarius),,3,,,,
4010,4012,10,1,42,3101,2078,praedium,,,50,,,,"Litteratus, Predialis (predijalac)",,5,,,,
4011,4013,10,1,42,3102,2078,,,,50,,,,Prebendar (prebendarius),,6,,,,
4012,4014,10,1,42,755,,,,,50,,,,Prebendar (prebendarius),,5,,2,mortui,
4013,4015,10,1,42,1939,1584,,,,50,,,,,,48,,,,
4014,4016,10,1,42,1936,,,,,50,,,,Župnik (plebanus),,4,,,,
4015,4017,10,1,42,1939,2078,,,,50,,,,Predialis (predijalac),,5,,,,
4016,4018,10,1,42,1939,1641,,,,50,,,,,,2,,,,
4017,4019,10,1,42,1939,2570,,,,50,,,,,,6,,,,
4018,4020,10,1,42,1855,,,,,50,,,,Kaptol čazmanski (Capitulum Chasmense),,12,,1,desolatus per mortem,
4019,4021,10,1,42,3690,,oppidum,,,50,,,,,,87,,,,
4020,4022,10,1,42,3690,,provincia,,,50,,,,,,118,,5,desolatus-per mortem,
4021,4023,10,1,42,2849,,,,,50,,,,Župnik (plebanus),,2,,,,
4022,4024,10,1,42,3186,,,,,50,,,,Biskup zagrebački (Episcopus Zagrabiensis),,51,,,,
4023,4025,10,1,42,855,1266,praedium,,,50,,,,Predialis (predijalac),,11,,,,
4024,4026,10,1,42,855,2937,praedium,,,50,,,,Predialis (predijalac),,11,,,,
4025,4027,10,1,42,855,2495,praedium,,,50,,,,Predialis (predijalac),,11,,,,
4026,4028,10,1,42,1241,1385,,,,50,,Relicta,,,,50,,,,
4027,4029,10,1,42,3836,,,,,50,,,,Biskup zagrebački (Episcopus Zagrabiensis),,70,,,,
4028,4030,10,1,42,3189,,praedium,,,50,,,,Prepošt (praepositus),,15,,,,
4029,4031,10,1,42,3421,,,,,50,,,,Župnik (plebanus),,2,,,,
4030,4032,10,1,42,100,3749,,,,50,,Relicta,,,,47,,2,desolatus-per mortem,
4031,4033,10,1,42,100,2682,,,,50,,,,,,75,,,,
4032,4034,10,1,42,100,2529,,,,50,,,,,,51,,,,
4033,4035,10,1,42,100,,,,,50,,,,Župnik (plebanus),,6,,,,
4034,4036,10,1,42,675,,,,,50,,,,Župnik (plebanus),,9,,2,desolatus-per mortem,
4035,4037,10,1,42,3637,2662,provincia,,,50,,,,,,85,,,,
4036,4038,10,1,42,3637,2662,oppidum,,,50,,,,,,15,,,,
4037,4039,10,1,42,679,2662,,,,50,,,,,,75,,4,desolatus-per mortem,
4038,4040,10,1,42,3785,2662,,,,50,,,,,,29,,,,
4039,4041,10,1,42,3637,340,oppidum,,,50,,Relicta,,,,16,,4,desolatus-per mortem,
4040,4042,10,1,42,677,340,,,,50,,Relicta,,,,75,,,,
4041,4043,10,1,42,3637,,,,,50,,,,Župnik (plebanus),,1,,2,desolatus-per mortem,
4042,4044,10,1,42,3637,2689,,,,50,,,,Prebendar (prebendarius),,1,,,,
4043,4045,10,1,42,3637,946,,,,50,,,,Prebendar (prebendarius),,3,,,,
4044,4046,10,1,42,3637,1011,,,,50,,,,Prebendar (prebendarius),,2,,,,
4045,4047,10,1,42,335,,,,,50,,,,Župnik (plebanus),,7,,,,
4046,4048,10,1,42,3785,340,,,,50,,Relicta,,,,29,,,,
4047,4049,10,1,42,2432,4051,,,,50,,,,,,6,,3,desolatus-per mortem,
4048,4050,10,1,42,2432,1434,,,,50,,,,,,2,,,,
4049,4051,10,1,42,2432,4190,,,,50,,,,,,2,,,,
4050,4052,10,1,42,2432,1568,,,,50,,,,,,3,,,,
4051,4053,10,1,42,2432,,,,,50,,,,Župnik (plebanus)-St. Michael,,3,,,,
4052,4054,10,1,42,2432,1916,,,,50,,,,,,1,,,,
4053,4055,10,1,42,2432,3386,,,,50,,,,,,2,,,,
4054,4056,10,1,42,2432,3516,,,,50,,,,,,3,,,,
4055,4057,10,1,42,2432,3185,,,,50,,,,,,2,,,,
4056,4058,10,1,42,2670,2660,oppidum,,,50,,,Dux,,,50,,,,
4057,4059,10,1,42,2432,2660,,,,50,,,Dux,,,60,,5,desolatus-per mortem,
4058,4060,10,1,42,2670,,provincia,,,50,,,,,,216,,,,
4059,4061,10,1,42,505,,villicatus,,,50,,,,,,87,,,,
4060,4062,10,1,42,2827,2660,,,,50,,,Dux,,,21,,,,
4061,4063,10,1,42,2171,,villicatus,,,50,,,,,,21,,,,
4062,4064,10,1,42,1290,2675,oppidum,,,50,,,Dux,,,33,,,,1
4063,4065,10,1,42,2670,,,,,50,,,,Magister capelle,,15,,,,
4064,4066,10,1,42,2501,2529,praedium,,,50,,,,Predialis (predijalac),,6,,,,
4065,4067,10,1,42,2501,4051,,,,50,,,,Draguljar (gemmifisor),,5,,,,
4066,4068,10,1,42,922,,praedium,,,50,,,,,,4,,,,
4067,4069,10,1,42,29,3516,,,,50,,,,Predialis (predijalac),,3,,,,
4068,4070,10,1,42,1294,,,,,50,,,Dominus dux,,,8,,,,
4069,4071,10,1,42,1290,,,,,50,,,,Župnik (plebanus)- Beate Marie Virginis,,4,,,,
4070,4072,10,1,42,2669,1568,,,,50,,,,Prebendar (prebendarius),,3,,,,
4071,4073,10,1,42,2669,,,,,50,,,,Župnik (plebanus),,11,,2,desolatus-per mortem,
4072,4074,10,1,42,1290,2078,,,,50,,,,Prebendar (prebendarius),,5,,,,
4073,4075,10,1,42,1290,1011,,,,50,,,,Prebendar (prebendarius),,7,,,,
4074,4076,10,1,42,1290,1897,,,,50,,,,Prebendar (prebendarius),,2,,,,
4075,4077,10,1,42,1290,2810,,,,50,,,,Prebendar (prebendarius),,3,,,,
4076,4078,10,1,42,1290,1659,,,,50,,,,Glagoljaš (glagolyhta),,3,,,,
4077,4079,10,1,42,1290,744,,,,50,,,,Prebendar (prebendarius),,1,,,,
4078,4080,10,1,42,1290,3437,,,,50,,,,Prebendar (prebendarius),,1,,,,
4079,4081,10,1,42,1290,1290,,,,50,,,,Prebendar (prebendarius),,1,,,,
4080,4082,10,1,42,1290,,,,,50,,,,Župnik (plebanus),,9,,,,
4081,4083,10,1,42,2431,208,,,,50,,Relicta,,,,11,,,,
4082,4084,10,1,42,2753,2660,villicatus,,,50,,,Dux,,,11,,,,
4083,4085,10,1,42,3260,2660,oppidum,,,50,,,Dux,,,21,,3,deolati per mortem,
4084,4086,10,1,42,3260,2660,provincia,,,50,,,Dux,,,124,,,,
4085,4087,10,1,42,3260,,,,,50,,,,Župnik (plebanus),,9,,,,
4086,4088,10,1,42,3386,2660,,,,50,,,Dominus dux,,,19,,,,
4087,4089,10,1,42,1320,512,,,,50,,Relicta,,,,4,,,,
4088,4090,10,1,42,1320,2018,,,,50,,,,,,9,,,,
4089,4091,10,1,42,1320,3002,,,,50,,,,Litteratus,,3,,,,
4090,4092,10,1,42,1320,2624,,,,50,,,,,,5,,3,desolatus-per mortem,
4091,4093,10,1,42,1320,1827,,,,50,,,,,,5,,,,
4092,4094,10,1,42,1320,4051,,,,50,,,,Vicejudex nobilium,,7,,,,
4093,4095,10,1,42,1320,3241,,,,50,,,,,,11,,,,
4094,4096,10,1,42,717,4169,,,,50,,Relicta,,,,5,,,,
4095,4097,10,1,42,717,3979,,,,50,,,,,,1,,,,
4096,4098,10,1,42,3829,2725,,,,50,,,,,,56,,,,
4097,4099,10,1,42,3828,1580,,,,50,,,,Dicator,,20,,,,
4098,4100,10,1,42,3828,,,,,50,,,,Župnik (plebanus),,1,,1,desolatus-per mortem,
4099,4101,10,1,42,3828,,,,,50,,,,Prebendar (prebendarius),,1,,,,
4100,4102,10,1,42,3828,1921,,,,50,,,,Dicator,,30,,2,vatrom spaljeno,
4101,4103,10,1,42,3417,2725,,,,50,,,,,,88,,4,vatrom spaljeno,
4102,4104,10,1,42,2063,,,,,50,,,,Kaptol pećuški (Capitulum Quinqueecclesiense),,253,,,,
4103,4105,10,1,42,3849,1314,,,,50,,,Dominus,Palatinus,,0,,,,
4104,4106,10,1,42,3852,2886,,,,50,,,,Vojvoda,,400,,,,
4105,4107,10,1,42,3853,2974,,,,50,,,,Vojvoda,,350,,,,
4106,4108,10,1,42,3610,,,,,50,,,,Župnik (plebanus),,11,,,,
4107,4109,10,1,42,3549,,,,,50,,,,Prepošt (praepositus),,85,,,,
4108,4110,10,1,42,1970,,,,,50,,,,Župnik (plebanus -Zylag,,12,,,,
4109,4111,10,1,42,3849,,,,,50,,,,Župnik (plebanus)-Miholancz,,8,,,,
4110,4112,10,1,42,2586,1295,,,,50,,,Dominus,Palatinus,,85,,,,
4111,4113,10,1,42,3845,2681,,,,50,,,,,,30,,,,
4112,4114,10,1,42,3845,2535,,,,50,,,,,,30,,,,
4113,4115,10,1,42,3845,3749,,,,50,,Relicta,,,,23,,,,
4114,4116,10,1,42,3188,,,,,50,,,,Prepošt (praepositus),,51,,,,
4115,4117,10,1,42,2091,,,,,50,,,,Prepošt (praepositus)-Galgoncza,,37,,6,desolatus-per mortem,
4116,4118,10,1,42,2084,,,,,50,,,,Župnik (plebanus),,1,,,,
4117,4119,10,1,42,3607,,provincia,,,50,,,,,,65,,,,
4118,4120,10,1,42,3607,,oppidum,,,50,,,,,,37,,,,
4119,4121,10,1,42,3607,2078,,,,50,,,,Prebendar (prebendarius),,3,,,,
4120,4122,10,1,42,3607,3437,,,,50,,,,Prebendar (prebendarius),,2,,,,
4121,4123,10,1,42,3607,,,,,50,,,,Župnik (plebanus),,6,,,,
4122,4124,10,1,42,219,2660,oppidum,,,50,,,Dux,,,25,,,,
4123,4125,10,1,42,220,2660,,,,50,,,Dux,,,151,,8,desolatus-per mortem,
4124,4126,10,1,42,1243,2660,,,,50,,,Dux,,,16,,,,
4125,4127,10,1,42,3550,,villicatus,,,50,,,,,,55,,3,desolatus-per mortem,
4126,4128,10,1,42,3241,2660,villicatus,,,50,,,Dominus dux,,,41,,,,
4127,4129,10,1,42,2220,2660,villicatus,,,50,,,Dominus dux,,,31,,3,desolatus-per mortem,
4128,4130,10,1,42,1242,,,,,50,,,,Župnik (plebanus)-Berzewcze,,10,,,,
4129,4131,10,1,42,3610,,,,,50,,,,Župnik (plebanus)-Berzewcze,,10,,3,desolatus-per mortem,
4130,4132,10,1,42,790,,,,,50,,,,Župnik (plebanus)-Berzewcze,,5,,,,
4131,4133,10,1,42,2220,,,,,50,,,,Župnik (plebanus)-Berzewcze,,4,,2,desolatus-per mortem,
4132,4134,10,1,42,1322,,,,,50,,,,Župnik (plebanus)-Berzewcze,,2,,,,
4133,4135,10,1,42,954,838,,,,50,,Relicta,,Magister,,22,,3,desolatus-per mortem,
4134,4136,10,1,42,954,3584,,,,50,,,,,,73,,3,desolatus-per mortem,
4135,4137,10,1,42,954,2873,,,,50,,,,,,24,,1,desolatus,
4136,4138,10,1,42,954,1342,,,,50,,,,,,20,,2,desolatus-per mortem,
4137,4139,10,1,42,954,,,,,50,,,,Župnik (plebanus),,2,,,,
4138,4140,10,1,42,568,3579,,,,50,,,,,,3,,1,desolatus-per mortem,
4139,4141,10,1,42,569,4160,,,,50,,,,,,20,,,,
4140,4142,10,1,42,569,1241,,,,50,,,,Vicejudex,,3,,,,
4141,4143,10,1,42,1529,999,,,,50,,,,,,3,,,,
4142,4144,10,1,42,1532,978,,,,50,,,,,,15,,3,desolatus-per mortem,
4143,4145,10,1,42,441,2002,,,,50,,,Dominus,,,10,,,,
4144,4146,10,1,42,1532,3516,,,,50,,Relicta,,,,7,,1,desolatus-per mortem,
4145,4147,10,1,42,168,3307,,,,50,,,,,,30,,,,
4146,4148,10,1,42,168,3622,,,,50,,,,,,11,,,,
4147,4149,10,1,42,2489,688,,,,50,,,,,,11,,,,
4148,4150,10,1,42,2491,2152,,,,50,,,,,,11,,3,desolatus-per mortem,
4149,4151,10,1,42,982,2395,,,,50,,,,,,40,,9,desolatus-per mortem,
4150,4152,10,1,42,984,,,,,50,,,,,,50,,,,
4151,4153,10,1,42,2124,2629,,,,50,,,,,,8,,,,
4152,4154,10,1,42,2119,1563,,,,50,,,,,,11,,,,
4153,4155,10,1,42,2119,3441,,,,50,,,,,,3,,,,
4154,4156,10,1,42,2046,838,,,,50,,,,,,4,,2,desolatus,
4155,4157,10,1,42,2046,3002,,,,50,,,,,,1,,,,
4156,4158,10,1,42,2046,3434,,,,50,,,,,,5,,,,
4157,4159,10,1,42,2046,2873,,,,50,,,,,,5,,,,
4158,4160,10,1,42,981,,,,,50,,,,Fratres,,4,,2,desolatus-per mortem,
4159,4161,10,1,42,2620,3822,,,,50,,,,,,27,,5,desolatus-per mortem,
4160,4162,10,1,42,2620,,,,,50,,,,Župnik (plebanus),,2,,,,
4161,4163,10,1,42,3084,3632,,,,50,,,,,,6,,,,
4162,4164,10,1,42,2494,2395,,,,50,,,,,,10,,8,desolatus-per mortem,
4163,4165,10,1,42,3242,,,,,50,,,,Capitulum Albensis,,27,,9,desolatus-per mortem,
4164,4166,10,1,42,3196,,,,,50,,,,Biskup kninski (Episcopus Thiniensis),,14,,2,desolatus-per mortem,
4165,4167,10,1,42,392,757,,,,50,,,,,,9,,1,desolatus-per mortem,
4166,4168,10,1,42,392,3002,,,,50,,,,,,12,,1,desolatus-per mortem,
4167,4169,10,1,42,3096,2002,,,,50,,,,,,10,,2,desolatus-per mortem,
4168,4170,10,1,42,489,2002,,,,50,,,,,,25,,1,desolatus per mortem,
4169,4171,10,1,42,2069,3737,,,,50,,Filius,,,,50,,,,
4170,4172,10,1,42,744,1295,,,,50,,,,,,6,,2,desolatus-per mortem,
4171,4173,10,1,42,867,2660,,,,50,,,Dux,,,25,,,,
4172,4174,10,1,42,1014,240,,,,50,,,,,,2,,,,
4173,4175,10,1,42,2176,1011,,,,50,,Relicta,,,,1,,,,
4174,4176,10,1,42,2068,,,,,50,,,,Župnik (plebanus),,1,,,,
4175,4177,10,1,42,416,844,,,,50,,Relicta,,Magister,,23,,,,
4176,4178,10,1,42,416,1057,,,,50,,,,Biskup kninski (Episcopus Thiniensis)*,,7,,,,1
4177,4179,10,1,42,3470,4172,,,,50,,,,,,10,,1,desolatus-per mortem,
4178,4180,10,1,42,1476,,,,,50,,,,Kaptol čazmanski (Capitulum Chasmense),,15,,,,
4179,4181,10,1,42,1906,1881,,,,50,,,,,,5,,,,
4180,4182,10,1,42,1143,,,,,50,,,,Kaptol čazmanski (Capitulum Chasmense),,19,,,,
4181,4183,10,1,42,416,,,,,50,,,,Kaptol čazmanski (Capitulum Chasmense),,19,,,,
4182,4184,10,1,42,482,3612,,,,50,,,,,,3,,,,
4183,4185,10,1,42,2393,1780,,,,50,,,,,,6,,,,
4184,4186,10,1,42,416,3407,,,,50,,,,,,1,,,,
4185,4187,10,1,42,416,2153,,,,50,,,,,,2,,,,
4186,4188,10,1,42,416,2873,,,,50,,,,,,1,,,,
4187,4189,10,1,42,416,3147,,,,50,,,,,,2,,,,
4188,4190,10,1,42,416,3432,,,,50,,,,,,2,,,,
4189,4191,10,1,42,3596,3238,,,,50,,,,,,30,,,,
4190,4192,10,1,42,1742,3864,,,,50,,,,Vicecomes,,1,,,,
4191,4193,10,1,42,1742,196,,,,50,,,,,,1,,,,
4192,4194,10,1,42,1742,1272,,,,50,,Relicta,,,,1,,,,
4193,4195,10,1,42,1742,996,,,,50,,Relicta,,,,3,,,,
4194,4196,10,1,42,481,1472,,,,50,,,,,,2,,,,
4195,4197,10,1,42,481,1473,,,,50,,,,,,8,,,,
4196,4198,10,1,42,2653,2395,,,,50,,,,,,20,,10,desolatus-per mortem,
4197,4199,10,1,42,2653,,,,,50,,,,Župnik (plebanus),,1,,,,
4198,4200,10,1,42,481,2518,,,,50,,,,,,1,,,,
4199,4201,10,1,42,481,3301,,,,50,,Relicta,,,,5,,,,
4200,4202,10,1,42,481,4160,,,,50,,,,,,1,,,,
4201,4203,10,1,42,481,3516,,,,50,,,,Magister protonotharius,,2,,,,
4202,4204,10,1,42,481,3062,,,,50,,,,Vicejudex nobilium,,3,,,,
4203,4205,10,1,42,2378,,,,,50,,,,Župnik (plebanus),,2,,,,
4204,4206,10,1,42,2378,3185,,,,50,,,,Litteratus,,5,,,,
4205,4207,10,1,42,2378,202,,,,50,,Relicta,,,,3,,,,
4206,4208,10,1,42,2378,2275,,,,50,,,,,,1,,,,
4207,4209,10,1,42,2377,4247,,,,50,,,,Vicejudex nobilium,,2,,,,
4208,4210,10,1,42,2378,3547,,,,50,,,,,,1,,,,
4209,4211,10,1,42,2378,587,,,,50,,Relicta,,,,2,,,,
4210,4212,10,1,42,2378,2308,,,,50,,,,VIcecomes,,15,,,,
4211,4213,10,1,42,416,3124,,,,50,,,,,,10,,,,
4212,4214,10,1,42,3446,3124,,,,50,,,,,,4,,,,
4213,4215,10,1,42,2000,,,,,50,,,,Župnik (plebanus),,1,,,,
4214,4216,10,1,42,2775,4051,,,,50,,,,Litteratus,,3,,,,
4215,4217,10,1,42,2775,677,,,,50,,Relicta,,,,1,,,,
4216,4218,10,1,42,2295,2096,,,,50,,,,,,35,,6,desolatus-per mortem,
4217,4219,10,1,42,2295,1347,,,,50,,,,,,35,,5,desolatus-per mortem,
4218,4220,10,1,42,2003,3444,,,,50,,,,,,1,,2,desolatus-per mortem,
4219,4221,10,1,42,2003,1288,,,,50,,Relicta,,,,17,,7,per mortem desolatus,
4220,4222,10,1,42,2003,829,,,,50,,Relicta-Mathias,,,,36,,3,desolatus-per mortem,
4221,4223,10,1,42,2003,2078,,,,50,,,,Magister,,20,,2,desolatus-per mortem,
4222,4224,10,1,42,2003,1482,,,,50,,,,,,4,,,,
4223,4225,10,4,106,3736,,,,,50,,,,,,158,,,,
4224,4226,10,4,106,2019,,,,,50,,,,Eremiti-Lepoglava,,4,,,,
4225,4227,10,4,106,46,2894,,,,50,,,"Dominus, comes",,,63,,,,
4226,4228,10,4,106,45,,,,,50,,,,Župnik,,7,,,,
4227,4229,10,4,106,894,2053,,,,50,,Relicta,,,,11,,,,
4228,4230,10,4,106,894,2485,,,,50,,Relicta,,,,12,,,,
4229,4231,10,4,106,894,2848,,,,50,,,,,,17,,,,
4230,4232,10,4,106,894,1042,,,,50,,,,,,5,,,,
4231,4233,10,4,106,894,3824,,,,50,,,Dominus,,,2,,,,
4232,4234,10,4,106,894,524,,,,50,,Relicta,,,David de Dwlebzka,5,,,,
4233,4235,10,4,106,894,4050,,,,50,,,,,,4,,,,
4234,4236,10,4,106,894,3431,,,,50,,,,,,2,,,,
4235,4237,10,4,106,894,3594,,,,50,,,,,,4,,,,
4236,4238,10,4,106,894,2855,,,,50,,,,,,1,,,,
4237,4239,10,4,106,894,1823,,,,50,,,,,,3,,,,
4238,4240,10,4,106,894,859,,,,50,,,,,,2,,,,
4239,4241,10,4,106,3803,4016,,,,50,,,,,,1,,,,
4240,4242,10,4,106,3326,,,,,50,,,,Prepošt (Prepositus Maior-Zagrabia),,7,,,,
4241,4243,10,4,78,461,101,,,,50,,,Domini,,,52,,,,
4242,4244,10,4,78,2995,1682,,,,50,,,,,,7,,,,
4243,4245,10,4,78,2934,3623,,,,50,,,,,,5,,,,
4244,4246,10,4,78,971,3674,,,,50,,,,,,1,,,,
4245,4247,10,4,78,971,2898,,,,50,,,,,,1,,,,
4246,4248,10,4,78,971,3354,,,,50,,,,,,1,,,,
4247,4249,10,4,78,971,2765,,,,50,,,,Vicejudex nobilium,,1,,,,
4248,4250,10,4,78,1173,,,,,50,,,,Greben,,56,,,,
4249,4251,10,4,78,1154,3913,,,,50,,Relicta,,,,23,,,,
4250,4252,10,4,78,225,2234,,,,50,,,,,,25,,,,
4251,4253,10,4,78,2201,2158,,,,50,,,,,,1,,,,
4252,4254,10,4,78,3076,1542,,,,50,,,,,,4,,,,
4253,4255,10,4,78,122,1788,,,,50,,,,,,2,,,,
4254,4256,10,4,78,173,1201,,,,50,,,,,,1,,,,
4255,4257,10,4,78,173,1849,,,,50,,,,Vicejudex nobilium,,1,,,,
4256,4258,10,4,78,122,2176,,,,50,,Relicta,,,,7,,,,
4257,4259,10,4,78,122,734,,,,50,,,,,,12,,,,
4258,4260,10,4,78,2976,2008,,,,50,,soror-magister Franciscus,Domina,,,8,,,,
4259,4261,10,4,78,2976,2199,,,,50,,,,,,4,,,,
4260,4262,10,4,78,3082,829,,,,50,,Relicta-Matheus Litteratus de Threm,,,,4,,,,
4261,4263,10,4,78,2595,2487,,,,50,,,,,,1,,,,
4262,4264,10,4,78,2595,3299,,,,50,,,,,,1,,,,
4263,4265,10,4,78,2595,1696,,,,50,,,,,,1,,,,
4264,4266,10,4,78,2595,4174,,,,50,,,,,Georgius Sygrych de Kalyn,1,,,,
4265,4267,10,4,78,563,4070,,,,50,,,,,,1,,,,
4266,4268,10,4,78,3555,,,,,50,,,,Župnik,,1,,,,
4267,4269,10,4,78,215,,,,,50,,,,Nobiles de Beryzlawcz,,5,,,,
4268,4270,10,4,78,1915,1226,,,,50,,,,,,2,,,,
4269,4271,10,4,78,1915,334,,,,50,,Relicta,,,,1,,,,
4270,4272,10,4,78,450,,,,,50,,,,Biskup zagrebački (Episcopus Zagrabiensis),,14,,,,
4271,4273,10,4,78,3504,,,,,50,,,Dominus,Vojvoda,,60,,,,
4272,4274,10,4,78,2649,2362,,,,50,,,Dominus,,,50,,,,
4273,4275,10,4,78,2649,3365,,,,50,,,,,,23,,,,
4274,4276,10,4,78,3580,1442,,,,50,,,,,,16,,,,
4275,4277,10,4,78,3580,2733,,,,50,,,Dominus,,,18,,,,
4276,4278,10,4,106,967,2733,,,,50,,,Dominus,,,14,,,,
4277,4279,10,4,106,967,2272,,,,50,,,,,,2,,,,
4278,4280,10,4,106,2140,715,,,,50,,,,,,1,,,,
4279,4281,10,4,106,2140,3361,,,,50,,,,,,1,,,,
4280,4282,10,4,106,775,3858,,,,50,,Relicta,,,,2,,,,
4281,4283,10,4,106,775,476,,,,50,,,,,,1,,,,
4282,4284,10,4,106,2272,3286,,,,50,,,,,,1,,,,
4283,4285,10,4,106,2271,2315,,,,50,,,,,,1,,,,
4284,4286,10,4,106,217,827,,,,50,,,,Litteratus,,8,,,,
4285,4287,10,4,106,9,2329,,,,50,,,,Scriptor in dicatione,,1,,,,
4286,4288,10,4,106,9,4084,,,,50,,,,,,2,,,,
4287,4289,10,4,106,9,3538,,,,50,,Relicta,,,,1,,,,
4288,4290,10,4,106,9,2665,,,,50,,,,,,1,,,,
4289,4291,10,4,106,9,2366,,,,50,,,,,,2,,,,
4290,4292,10,4,106,1387,1579,,,,50,,,,,,1,,,,
4291,4293,10,4,106,1387,2116,,,,50,,,,,,2,,,,
4292,4294,10,4,106,1387,3808,,,,50,,,,,,1,,,,
4293,4295,10,4,106,967,3022,,,,50,,,,,,6,,,,
4294,4296,10,4,106,967,503,,,,50,,Relicta,,,,2,,,,
4295,4297,10,4,106,967,1707,,,,50,,,,,,1,,,,
4296,4298,10,4,106,967,,,,,50,,,,Župnik (plebanus)-St. Trinitas,,1,,,,
4297,4299,10,4,106,967,1813,,,,50,,,,Vicejudex nobilium,,2,,,,
4298,4300,10,4,106,967,638,,,,50,,Relicta,,,,2,,,,
4299,4301,10,4,106,2180,3437,,,,50,,,,Litteratus,,2,,,,
4300,4302,10,4,106,1726,101,,,,50,,,Domini,,,50,,,,
4301,4303,10,4,106,311,,,,,50,,,Dominus,,Banus,250,,,,
4302,4304,10,4,106,661,,villicatus,,,50,,,Dominus,Biskup zagrebački (Episcopus Zagrabiensis),,38,,,,
4303,4305,10,4,106,2833,,,,,50,,,Dominus,Biskup zagrebački (Episcopus Zagrabiensis),,6,,,,
4304,4306,10,4,106,3167,,,,,50,,,Dominus,Biskup zagrebački (Episcopus Zagrabiensis),,6,,,,
4305,4307,10,4,106,2473,,,,,50,,,Dominus,Dux,,17,,,,
4306,4308,10,4,106,236,,,,,50,,,Dominus,Biskup zagrebački (Episcopus Zagrabiensis),,6,,,,
4307,4309,10,4,106,3256,,,,,50,,,Dominus,Biskup zagrebački (Episcopus Zagrabiensis),,45,,,,
4308,4310,10,4,106,3038,,,,,50,,,Dominus,Biskup zagrebački (Episcopus Zagrabiensis),,26,,,,
4309,4311,10,4,106,255,,,,,50,,,,Eremiti (Fratres heremitae) sub Medwe,,16,,,,
4310,4312,10,4,106,2028,2860,,,,50,,,,,,4,,,,
4311,4313,10,4,106,671,,,,,50,,,Dominus,Biskup zagrebački (Episcopus Zagrabiensis),,17,,,,
4312,4314,10,4,106,3141,,,,,50,,,Dominus,Biskup zagrebački (Episcopus Zagrabiensis),,7,,,,
4313,4315,10,4,106,2488,101,,,,50,,,Domini,,,6,,,,
4314,4316,10,4,106,2488,1884,,,,50,,,,,,2,,,,
4315,4317,10,4,106,2488,1514,,,,50,,,,,,2,,,,
4316,4318,10,4,106,2488,2858,,,,50,,,,,,5,,,,
4317,4319,10,4,106,1996,2733,,,,50,,,Dominus,,,48,,,,
4318,4320,10,4,106,594,,,,,50,,,,Gradec (Civitas Montis Grecensis Zagrabiensis),,450,,,,
4319,4321,10,4,106,1039,1295,,,,50,,,,Litteratus,,2,,,,
4320,4322,10,4,106,2343,,,,,50,,,,Prepošt-Prepositus Beate Virginis Marie in Area Capitulari,,6,,,,
4321,4323,10,4,106,71,,,,,50,,,,Prepošt-Prepositus Beate Virginis Marie in Area Capitulari,,6,,,,
4322,4324,10,4,106,833,,districtus,,,50,,,,Kaptol zagrebački (Capitulum Zagrabiense),,319,,,,
4323,4325,10,4,116,1285,874,,,,50,,,,,"Judex 1, preco 1, wayvode 2, pistator 1, faber 1, deserti fumi noviter 3, pauperes ad juramentum judicis relaxati 9, nobiles unius sessionis in Maryncz 3",20,,,,
4324,4326,10,4,116,2459,,,,,50,,,,Eremiti (Fratres heremitae),"Judex 1, preco 1, pastor porcorum 1, pistator 1, deserti noviter fumi 2, pauperes ad juramentum relaxati 3",14,,,,
4325,4327,10,4,116,1574,,,,,50,,,,Kaptol zagrebački,"Judex 1, preco 1, woyvode 3, pistatores penes Zawam commorantes 3, nobiles ac prediales unius sessionis ac portatores litterarum ipsorum dominorum 4, pauperes ad juramentum judicis relaxati 12",26,,,,
4326,4328,10,4,116,2887,3106,,,,50,,,,,"Inquilinus 1, molendinator 1, deserta per mortem 1, pauperes ad juramentum judicis relaxati 4, deserte noviter post dicam preteritam 2",4,,,,
4327,4329,10,4,116,2887,1568,,,,50,,,,,"Inquilinus 1, molendinator 1, noviter deserti post dicam preteritam 3, pauperes ad juramentum judicis relaxati 3",2,,,,
4328,4330,10,4,116,1583,2370,,,,50,,,,,Post dicam preteritam deserti fumi 2,0,,2,,
4329,4331,10,4,116,530,2371,,,,50,,,,Vicecomes,"Deserti noviter 2, pauperes ad juramentum judicis relaxati 1, nobiles unius sessionis: relicta Frankoych",2,,,,
4330,4332,10,4,116,2343,1253,,,,50,,,Dominus,Prepošt (praepositus minor),"Deserta noviter 1, Pauperes ad juramentum judicis relaxati 2",5,,,,
4331,4333,10,4,116,2892,2852,,,,50,,,Comes,Comes,"Judices 4, precones 4, woyvode 4, pistatores 3, molendinatores 3, vigilatores ad castrum 2, pastores porcorum et bouum 6, deserti fumi post preteritam dicam 16, pauperes ad juramentum judicis relaxati 39",100,,,,
4332,4334,10,4,116,2504,1271,,,,50,,,Domina,,"Judex 1, precones 2, molendinator 1, pistator 1, pastor porcorum 1, deserti noviter 3, pauperes juramentum judicis relaxati 3",15,,,,
4333,4335,10,4,116,1659,1504,,,,50,,,,,"Judex 1, preco 1, woyvoda 1, allodiator 1, pistator 1, familiares proprii 3, deserti fumi 2, pauperes ad juramentum relaxati 4",10,,,,
4334,4336,10,4,116,3860,,oppidum,,,50,,,Dominus,Kaptol zagrebački (Capitulum Zagrabiense),"Judex 1, precones 2, faber 1, cives jurati liberi 4, navigator 1",39,,,,
4335,4337,10,4,116,3860,,provincia,,,50,,,Dominus,Kaptol zagrebački (Capitulum Zagrabiense),"Judices 2, precones 2, wayvode atque custodes silvarum 4, carpentarii 4, pastores porcorum 3, navigatores 2, pistatores 4, cursores atque portatores litterarum liberi 6, deserti fumi 11, pauperes ad juramentum judicis relaxati 37",140,,,,
4336,4338,10,4,116,1006,,,,,50,,,Reverendissimus dominus,Kardinal,"Judex 1, wayvoda 1, deserti noviter per mortem 2, pauperes ad juramentum relaxati 4",14,,,,
4337,4339,10,4,116,362,,,,,50,,,Reverendissimus dominus,Kardinal,"Judex 1, Inquilini 2, deserti noviter post dicam preteritam, per Turcas recepti fumi 8, pauperes ad juramentum relaxati 4",6,,,,
4338,4340,10,4,116,2644,,,,,50,,,Reverendissimus dominus,Kardinal,"Judex 1, preco 1, wayvode2, navigator 1, molendinator 1, deserta noviter villa una per Turcos recepti fumi 8, deserti fumi 2, pauperes ad juramentum relaxati 14",39,,,,
4339,4341,10,4,116,2866,,,,,50,,,Dominus,Biskup zagrebački (Episcopus Zagrabiensis),"Judex 1, inquilinus 1, deserti fumi 2, pauperes relaxati ad juramentum 2",9,,,,
4340,4342,10,4,116,2866,,,,,50,,,,Župnik (plebanus),,1,,1,,
4341,4343,10,4,116,1890,,,,,50,,,Dominus,Biskup zagrebački (Episcopus Zagrabiensis),"Judex 1, preco 1, pastor porcorum 1, pistator 1, navigatores per Kwppam 2, deserti fumi 7, pauperes ad juramentum relaxati 9,",34,,,,
4342,4344,10,4,116,713,,,,,50,,,,,,0,,7,desolatus,
4343,4345,10,4,116,2083,1995,,,,50,,,,,"Inquilini 2, deserti 2, pauperes ad juramentum relaxati 3",2,,,,
4344,4346,10,4,116,2083,2480,,,,50,,,,,"Inquilini 2, deserti fumi 2, per mortem deserta 1",2,,,,
4345,4347,10,4,116,3335,874,,,,50,,,,,"Judex 1, preco 1, inquilini 2, navigator in Kwppa 1, deserti propter famem noviter 7, pauperes ad juramentum relaxati 6",10,,,,
4346,4348,10,4,116,202,,,,,50,,,Dominus,Nadbiskup ostrogonski (Archiepiscopus Strigoninesis),"Judex 1, inquilini 3, preco 1, deserte noviter propter famem exierunt 4, pauperes ad juramentum relaxati 8, ibidem prediales unius sessionis 3",14,,,,
4347,4349,10,4,116,2869,1230,,,,50,,Relicta,Domina,,"Judex 1, inquilini 2, alodiator 1, deserti propter famem exierunt 2",4,,,,
4348,4350,10,4,116,2868,1282,,,,50,,Relicta,Domina,,"Judex 1, inquilini 2, alodiator 1, pauperes relaxati ad juramentum 2",5,,,,
4349,4351,10,4,116,2534,,,,,50,,,Dominus,Nadbiskup ostrogonski (Archiepiscopus Strigoninesis),"Judex 1, woyvode 2, carpentarii 2, navigator 1, alodiatores 2, faber 1, deserti noviter propter famem exierunt 8, pauperes ad juramentum relaxati 21, servitores proprii ad castellum 4, vigilatores 3",60,,,,
4350,4352,10,4,116,1207,2852,,,,50,,,,Litteratus,"Inquilinus 1, deserti noviter propter famem exierunt 3, pauperes ad juramentum relaxati 4",3,,,,
4351,4353,10,4,116,1207,3603,,,,50,,,,,"Inquilini 2, allodiator 1, deserti 2, pauperes ad juramentum relaxati 5",2,,,,
4352,4354,10,4,116,1207,3185,,,,50,,,,Litteratus,"Inquilini 2, allodiator 1, deserti noviter propter famem exierunt 4, per mortem deserta sessio 1, pauperes relaxati ad juramentum 6",3,,,,
4353,4355,10,4,116,294,4051,,,,50,,,,,"Inquilinus 1, deserta 1, pauperes ad juramentum relaxati 2",4,,,,
4354,4356,10,4,116,427,1568,,,,50,,,,,"Inquilinus 1, deserti propter famem exierunt 2, pauperes relaxati ad juramentum 2",3,,,,
4355,4357,10,4,116,1631,2873,,,,50,,,"Dominus, comes",,"Judex 1, precones 2, woyvode 4, faber 1, carpentarii 3, molendinator 1, deserti noviter hoc anno per mortem 8, deserti fumi ante et post dicam preteritam 28, pauperes relaxati ad juramentum judicis 34",40,,,,
4356,4358,10,4,116,3285,874,,,,50,,,,,"Judex 1, precones 2, woyvode 2, molendinator 1, alodiator 1, pastor porcorum 1, deserti fumi 7, pauperes ad juramentum relaxati 36",22,,,,
4357,4359,10,4,116,2222,877,,,,50,,,,,"Judex 1, precones 2, molendinator 1, navigator in Zawa 1, deserti fumi noviter 3, pauperes ad juramentum relaxati 6",23,,,,
4358,4360,10,4,116,672,874,,,,50,,,,,"Judex 1, preco 1, pistator 1, deserti fumi 3, pauperes ad juramentum relaxati 5",16,,,,
4359,4361,10,4,116,1666,874,,,,50,,,,,"Judex 1, pastor porcorum 1, woyvode 1, deserti noviter 3, pauperes relaxati ad juramentum 6, ibidem nobiles unius sessionis 6",10,,,,
4360,4362,10,4,116,1861,,,,,50,,,,,"Nobiles unius sessionis non jobagiones 42. Nobiles unius sessionis in Campo Zagrabiensi sunt 64, ex quibus sunt octo suspensi ad patibulum, alii vero omnino desolati et etiam jobagiones ipsorum, quorum et domos combusserunt officiales domini Marchionis",0,,,,
4361,4363,10,4,116,1816,3360,,,,50,,,Nobiles campi Zagrabiensis,,,2,,2,,
4362,4364,10,4,116,1816,3181,,,,50,,,Nobiles campi Zagrabiensis,,,1,,,,
4363,4365,10,4,116,1816,1982,,,,50,,,Nobiles campi Zagrabiensis,,,1,,,,
4364,4366,10,4,116,2684,3002,,,,50,,,Nobiles campi Zagrabiensis,Prezbiter (presbiterus prebendae),,1,,1,"Deserta , pauper",
4365,4367,10,4,116,2674,779,,,,50,,,Nobiles campi Zagrabiensis,,,1,,,,
4366,4368,10,4,116,2477,1970,,,,50,,,Nobiles campi Zagrabiensis,,,2,,1,"Pauper , deserta",
4367,4369,10,4,116,2477,2853,,,,50,,,Nobiles campi Zagrabiensis,,,1,,,,
4368,4370,10,4,116,2035,2289,,,,50,,,Nobiles campi Zagrabiensis,,,1,,,,
4369,4371,10,4,116,2035,3628,,,,50,,,Nobiles campi Zagrabiensis,,,1,,,,
4370,4372,10,4,116,1553,990,,,,50,,,Nobiles campi Zagrabiensis,,,1,,,,
4371,4373,10,4,116,1553,125,,,,50,,Relicta domina,Nobiles campi Zagrabiensis,,,2,,,,
4372,4374,10,4,116,1658,3599,,,,50,,,Nobiles campi Zagrabiensis,,,1,,,,
4373,4375,10,4,116,2038,1594,,,,50,,,,,"Judex 1, preco 1, inquilini 3, allodiatores 2, pastor porcorum 1, familiares proprii 4, deserti fumi 6, pauperes ad juramentum judicis relaxati 22",15,,,,
4374,4376,10,4,116,1190,1253,,,,50,,,,Prepošt (praepositus major),"Deserti fumi 3, pauperes ad juramentum judicis relaxati 2",1,,,,
4375,4377,10,4,116,3806,2852,,,,50,,,"Dominus, comes",,"Judex 1, preco 1, pauperes 6, deserte 4",20,,,,
4376,4378,10,4,116,834,1593,,,,50,,,,,"Judex 1, preco 1, allodiator 1, pastor porcorum 1, pauperes ad juramentum judicis relaxati 6",15,,,,
4377,4379,10,4,116,3440,1282,oppidum,,,50,,,Domina,,"Judex 1, precones 2, vigilatores 4, allodiatores 2, faber 1, familiares ad castrum 6, deserti fumi qui exierunt ad partes Alemanorum 11, deserti noviter post dicam preteritam per mortem prestito juramento judicis super eo 13, pauperes ad juramentum judicis relaxati 18",52,,,,
4378,4380,10,4,116,3440,1282,provincia,,,50,,,Domina,,"Judices 4, precones 6, sutores 2, ortulani 2, molendinatores 2, faber 1, deserti noviter per mortem pestilentem post dicam preteritam prestito juramento judicis super eo 33, deserti fumi qui ad partes Alemanorum discesserunt 23, pauperes ad juramentum judicis relaxati 26",56,,,,
4379,4381,10,4,116,2839,1253,,,,50,,,,Prepošt (praepositus),,1,,,,
4380,4382,10,4,116,269,,,,,50,,,,,,2,,,,
4381,4383,10,4,116,3054,,judicatus,,,50,,,Dominus,Nadbiskup ostrogonski (Archiepiscopus Strigoninesis),"Judex 1, precones 2, allodiator 1, woyvode 4, sutor 1, molendinator 1, vigilatores 4, inquilini qui cottidie ad castrum serviunt 11, deserte noviter per mortem 6, pauperes ad juramentum judicis relaxati 11",46,,,,
4382,4384,10,4,116,3783,,judicatus,,,50,,,,Nadbiskup ostrogonski (Archiepiscopus Strigoninesis)*,"Judex 1, preco 1, faber 1, deserti fumi 7, pauperes ad juramentum judicis relaxati 7",23,,,,1
4383,4385,10,4,116,2055,,judicatus,,,50,,,,Nadbiskup ostrogonski (Archiepiscopus Strigoninesis)*,"Judex 1, preco 1, pastor porcorum 1, allodiatores 2, woyvode 3, ortulanus 1, deserti fumi noviter 3, pauperes ad juramentum judicis relaxati 28",63,,,,1
4384,4386,10,4,116,666,,,,,50,,,,Nadbiskup ostrogonski (Archiepiscopus Strigoninesis)*,"Judex 1, preco 1, woyvode 2, deserti fumi noviter 3, pauperes ad juramentum relaxati 18",35,,,,1
4385,4387,10,4,116,749,,judicatus,,,50,,,,Nadbiskup ostrogonski (Archiepiscopus Strigoninesis)*,"Judex 1, preco 1, woyvode 3, faber 1, magistri ferrarii 2, carpentarii 4, molendinator 1, deserti noviter 6, pauperes ad juramentum relaxati 16",92,,,,1
4386,4388,10,4,116,1667,,judicatus,,,50,,,,Nadbiskup ostrogonski (Archiepiscopus Strigoninesis)*,"Judex 1, preco 1, deserti fumi 4, pauperes ad juramentum judicis relaxati 12",24,,,,1
4387,4389,10,4,116,1343,4111,,,,50,,,,,"Judices 4, precones 4, woyvode 4, vigilatores 4, sutores 2, fabri 2, carpentarii 2, lapicida 1, molendinatores 2, ortulani 2, servitores atque pportarii castri liberi 6, deserti fumi qui exierunt propter famem 16, per mortem deserti hoc anno ibidem 18, pauperes ad juramentum judicis relaxati 46",82,,,,
4388,4390,10,4,116,862,3787,,,,50,,Relicta,,,"Judex 1, preco 1, deserti fumi noviter 3, pauperes ad juramentum relaxati 6",3,,,,
4389,4391,10,4,116,862,3314,,,,50,,,,,"Judex 1, preco 1, deserti fumi noviter 3, pauperes ad juramentum relaxati 6",10,,,,
4390,4392,10,4,116,3700,2762,,,,50,,,,,"Judex 1, preco 1, inquilini 2, pauperes ad juramentum relaxati 7",20,,,,
4391,4393,10,4,116,2727,2865,,,,50,,,,,"pauperes 2, deserte 1",2,,,,
4392,4394,10,4,116,2453,,,,,50,,,,Kaptol zagrebački,"Judex 1, preco 1, molendinator 1, deserti noviter 4, pauperes ad juramentum relaxati 16",12,,,,
4393,4395,10,4,116,3793,3829,,,,50,,,,,"Judex 1, preco 1, pastor porcorum 1, allodiator 1, deserti 3, pauperes ad juramentum judicis relaxati 6",16,,,,
4394,4396,10,4,116,721,1657,,,,50,,,,,"pauper 1, deserte 2, Nobiles unius sessionis in Prisoych 16",3,,,,
4395,4397,10,4,116,2745,2577,,,,50,,,,,"Judex 1, precones 2, pastores porcorum 2, navigator 1, carpentarii 2, deserti noviter post dicam preteritam 6, pauperes ad juramentum judicis relaxati 9",22,,,,
4396,4398,10,4,116,3426,2284,,,,50,,,,,"Judex 1, pastor porcorum 1, deserti noviter 3, pauperes ad juramentum relaxati 6",5,,,,
4397,4399,10,4,116,249,2284,,,,50,,,,,"Alodiator 1, molendiator 1, deserti 2, pauperes ad juramentum relaxati 2",3,,,,
4398,4400,10,4,116,2983,931,,,,50,,,,,"Judex 1, pastor porcorum 1, molendinator 1, deserti fumi 2, pauperes ad juramentum judicis relaxati 4",9,,,,
4399,4401,10,4,116,1314,2246,,,,50,,,,,"Judex 1, pastor porcorum 1, inquilini 2, deserti noviter 3, pauperes ad juramentum judicis relaxati 6",8,,,,
4400,4402,10,4,116,1314,3607,,,,50,,,,Judex nobilium,"Judex 1, preco 1, woyvode 2, molendinator 1, pauperes relaxati 4",20,,,,
4401,4403,10,4,116,357,2168,,,,50,,,,,"Judex 1, precones 2, woyvode ??, pastores porcorum et bouum 3, vigilator 1, familiarii proprii 3, molendinator 1, deserti 6, pauperes ad juramnetum relaxati 16",15,,,,
4402,4404,10,4,116,3388,991,,,,50,,,"Dominus, comes",,,650,,,,
4403,4406,10,3,137,690,883,,,,50,,,Dominus,,,15,,,,
4404,4407,10,3,137,690,2494,,,,50,,,,,,15,,,,
4405,4408,10,3,137,3604,3307,,,,50,,,,,,6,,,,
4406,4409,10,3,137,3604,1582,,,,50,,,,,,5,,,,
4407,4410,10,3,137,3604,3186,,,,50,,Relicta,,,,9,,,,
4408,4411,10,3,137,3475,2494,,,,50,,,,,,6,,,,
4409,4412,10,3,137,328,2660,,,,50,,,"Dux, dominus",,,8,,,,
4410,4413,10,3,137,2384,,,,,50,,,,Nadbiskup ostrogonski (Archiepiscopus Strigoninesis),,18,,,,
4411,4414,10,3,137,2447,2248,,,,50,,,,,,7,,,,
4412,4415,10,3,137,2565,3024,,,,50,,,,,,2,,,,
4413,4416,10,3,137,2319,2320,,,,50,,,,,,5,,,,
4414,4417,10,3,137,2319,1767,,,,50,,Relicta,,,,5,,,,
4415,4418,10,3,137,2309,3928,,,,50,,,,,,6,,,,
4416,4419,10,3,137,3272,1363,,,,50,,,,,,8,,,,
4417,4420,10,3,137,3274,4177,,,,50,,Relicta,,,,2,,,,
4418,4421,10,3,137,3270,2519,,,,50,,,,,,2,,,,
4419,4422,10,3,137,3270,1682,,,,50,,,,,,2,,,,
4420,4423,10,3,137,3276,2309,,,,50,,Relicta,,,,4,,,,
4421,4424,10,3,137,3269,3312,,,,50,,,,,,2,,,,
4422,4425,10,3,137,2450,,,,,50,,,,Fratres Sancte Anne,,2,,,,
4423,4426,10,3,137,589,2660,,,,50,,,"Dux, dominus",,,4,,,,
4424,4427,10,3,137,369,,,,,50,,,,Fratres Sancte Anne,,6,,,,
4425,4428,10,3,137,1222,1413,,,,50,,,,,,10,,,,
4426,4429,10,3,137,1222,3188,,,,50,,Relicta,,,,10,,,,
4427,4430,10,3,137,1222,3307,,,,50,,,,,,10,,,,
4428,4431,10,3,137,2922,2078,,,,50,,,,Litteratus,,1,,,,
4429,4432,10,3,137,2922,2249,,,,50,,,,,,10,,,,
4430,4433,10,3,137,2922,,,,,50,,,,posta,,2,,,,
4431,4434,10,3,137,2922,2691,,,,50,,Relicta,,,,2,,,,
4432,4435,10,3,137,526,3312,,,,50,,,,,,1,,,,
4433,4436,10,3,137,1516,,,,,50,,,,Župnik (plebanus),,2,,,,
4434,4437,10,3,137,2436,,,,,50,,,,Fratres St. Anne,,4,,,,
4435,4438,10,3,137,527,3405,,,,50,,,,,,2,,,,
4436,4439,10,3,137,1524,2660,,,,50,,,"Dux, dominus",,,58,,,,
4437,4440,10,3,137,1517,,,,,50,,,,Župnik (plebanus),,10,,,,
4438,4441,10,3,137,1689,3437,,,,50,,,,,,1,,,,
4439,4442,10,3,137,1453,3185,,,,50,,,,"Judex nobilium, litteratus",,5,,,,
4440,4443,10,3,137,912,2201,,,,50,,,,,,14,,,,
4441,4444,10,3,137,3013,2096,,,,50,,,,,,15,,,,
4442,4445,10,3,137,3013,1347,,,,50,,,,,,17,,,,
4443,4446,10,3,137,3013,,,,,50,,,,Nadbiskup ostrogonski (Archiepiscopus Strigoninesis),,1,,,,
4444,4447,10,3,137,2115,838,,,,50,,,,,,5,,,,
4445,4448,10,3,137,1876,1347,,,,50,,,,,,5,,,,
4446,4449,10,3,137,1876,2096,,,,50,,,,,,4,,,,
4447,4450,10,3,137,1876,,,,,50,,,,Magister hospitalis de oppido Werewcze,,6,,,,
4448,4451,10,3,137,2435,,,,,50,,,,Eremiti (Fratres heremitae) St. Benedicti,,5,,,,
4449,4452,10,3,137,21,,,,,50,,,,Župnik (plebanus),,5,,,,
4450,4453,10,3,137,21,2660,,,,50,,,"Dux, dominus",,,46,,,,
4451,4454,10,3,137,3531,1251,,,,50,,,,,,54,,,,
4452,4455,10,3,137,3531,1342,,,,50,,Relicta,,,,7,,,,
4453,4456,10,3,137,3531,,,,,50,,,,Župnik (plebanus),,2,,,,
4454,4457,10,3,137,868,2660,,,,50,,,"Dux, dominus",,,8,,,,
4455,4458,10,3,137,3678,1433,,,,50,,,,,,3,,,,
4456,4459,10,3,137,1702,2184,,,,50,,,,,,9,,,,
4457,4460,10,3,137,2116,2604,,,,50,,,,,,5,,,,
4458,4461,10,3,137,1955,2096,,,,50,,,,,,5,,,,
4459,4462,10,3,137,3305,2925,,,,50,,,,,,1,,,,
4460,4463,10,3,137,3305,2243,,,,50,,,,Judex nobilium,,3,,,,
4461,4464,10,3,137,3305,1952,,,,50,,,,,,1,,,,
4462,4465,10,3,137,2327,2078,,,,50,,,,"Litteratus, dicator",,1,,,,
4463,4466,10,3,137,2155,851,,,,50,,,,,,1,,,,
4464,4467,10,3,137,2155,2262,,,,50,,Relicta,,,,2,,,,
4465,4468,10,3,137,2292,,,,,50,,,,Fratrum predicatorum de Wereucze,,10,,,,
4466,4469,10,3,137,3347,,,,,50,,,,Fratres St. Francisci,,2,,,,
4467,4470,10,3,137,704,2096,,,,50,,,,,,7,,,,
4468,4471,10,3,137,704,1347,,,,50,,,,,,7,,,,
4469,4472,10,3,137,3225,1347,oppidum,,,50,,,,,,50,,,,
4470,4473,10,3,137,3225,2096,oppidum,,,50,,,,,,25,,,,
4471,4474,10,3,137,409,2096,,,,50,,,,,,11,,,,
4472,4475,10,3,137,409,1347,,,,50,,,,,,10,,,,
4473,4476,10,3,137,409,,,,,50,,,,Župnik (plebanus),,2,,,,
4474,4477,10,3,137,3225,2096,provincia,,,50,,,,,,36,,,,
4475,4478,10,3,137,3226,1347,provincia,,,50,,,,,,50,,,,
4476,4479,10,3,137,393,,,,,50,,,,Magister hospitalis de Werewcze,,3,,,,
4477,4481,12,4,63,291,,,,,,,,,Župnik (plebanus),,4,,,,
4478,4482,12,4,63,2569,2786,,,,,,Relicta,Domina,,,6,,,,
4479,4483,12,4,63,3757,,,,,,,,,Kralj (rex),,86,,,,
4480,4484,12,4,63,193,,,,,,,,,,Croatii novitii,20,,,,
4481,4485,12,4,63,192,,,,,,,,,Župnik (plebanus),,1,,,,
4482,4486,12,4,63,3638,,,,,,,,,Župnik (plebanus),,2,,,,
4483,4487,12,4,63,459,2873,,,,,,,,Prezbiter (presbiterus),,5,,,,
4484,4488,12,4,63,2020,,,,,,,,,Fratres Eremiti (Fratres heremitae)-Lepoglava,,4,,,,
4485,4489,12,4,63,2641,,,,,,,,,Župnik (plebanus),,4,,,,
4486,4490,12,4,63,58,2786,,,,,,Relicta,Domina,,,65,,,,
4487,4491,12,4,63,60,,,,,,,,,Župnik (plebanus),,3,,,,
4488,4492,12,4,63,59,1568,,,,,,,,Kaštelan (castellanus),,1,,,,
4489,4493,12,4,63,885,3594,,,,,,Relicta,,,,4,,,,
4490,4494,12,4,63,885,2810,,,,,,,,,,8,,,,
4491,4495,12,4,63,885,1237,,,,,,,,,,10,,,,
4492,4496,12,4,63,885,1014,,,,,,,,,,1,,,,
4493,4497,12,4,63,885,2879,,,,,,,,,,1,,,,
4494,4498,12,4,63,885,3434,,,,,,,,,,2,,,,
4495,4499,12,4,63,885,3750,,,,,,,,,,3,,,,
4496,4500,12,4,63,885,2162,,,,,,Relicta,,,,8,,,,
4497,4501,12,4,63,885,1250,,,,,,Relicta,,,,6,,,,
4498,4502,12,4,63,885,1852,,,,,,,,,,1,,,,
4499,4503,12,4,63,885,4017,,,,,,,,,,1,,,,
4500,4504,12,4,63,775,4054,,,,,,,,,,1,,,,
4501,4505,12,4,63,775,3336,,,,,,,,,,2,,,,
4502,4506,12,4,63,2182,3486,,,,,,,,Litteratus,,1,,,,
4503,4507,12,4,63,2182,2263,,,,,,,,,,1,,,,
4504,4508,12,4,63,2182,2316,,,,,,,,,,1,,,,
4505,4509,12,4,63,2263,3368,,,,,,,,,,1,,,,
4506,4510,12,4,63,2140,715,,,,,,,,,,1,,,,
4507,4511,12,4,63,9,2512,,,,,,,,,,1,,,,
4508,4512,12,4,63,9,3807,,,,,,,,,,1,,,,
4509,4513,12,4,63,9,2367,,,,,,,,,,1,,,,
4510,4514,12,4,63,9,4084,,,,,,,,,,1,,,,
4511,4515,12,4,63,9,2328,,,,,,,,,,1,,,,
4512,4516,12,4,63,9,353,,,,,,Relicta,,,,1,,,,
4513,4517,12,4,63,955,2328,,,,,,,,Judex nobilium,,1,,,,
4514,4518,12,4,63,215,744,,,,,,Relicta,,Litteratus,,2,,,,
4515,4519,12,4,63,377,1977,,,,,,,,Vicejudex nobilium,,2,,,,
4516,4520,12,4,63,967,3025,,,,,,,,,,2,,,,
4517,4521,12,4,63,967,1546,,,,,,,,,,1,,,,
4518,4522,12,4,63,967,,,,,,,,Dominus,Vojvoda-Transilvanija (Erdelj),,6,,,,
4519,4523,12,4,63,967,299,,,,,,Relicta,,,,2,,,,
4520,4524,12,4,63,967,2732,,,,,,,Dominus,,,13,,,,
4521,4525,12,4,63,1336,1578,,,,,,,,,,1,,,,
4522,4526,12,4,63,1336,1590,,,,,,,,,,2,,,,
4523,4527,12,4,63,1722,1297,,,,,,,Dominus,Vicebanus,Bradach-filii,50,,,,
4524,4528,12,4,63,1721,1855,,,,,,,,,,4,,,,
4525,4529,12,4,63,2835,,,,,,,,Dominus,Biskup zagrebački (Episcopus Zagrabiensis),,6,,,,
4526,4530,12,4,63,2917,,,,,,,,Dominus,Biskup zagrebački (Episcopus Zagrabiensis),,33,,,,
4527,4531,12,4,63,3350,,,,,,,,Dominus,Biskup zagrebački (Episcopus Zagrabiensis),,7,,,,
4528,4532,12,4,63,237,,,,,,,,Dominus,Biskup zagrebački (Episcopus Zagrabiensis),,5,,,,
4529,4533,12,4,63,3245,,,,,,,,Dominus,Biskup zagrebački (Episcopus Zagrabiensis),,41,,,,
4530,4534,12,4,63,668,,,,,,,,Dominus,Biskup zagrebački (Episcopus Zagrabiensis),,19,,,,
4531,4535,12,4,63,3141,,,,,,,,,Biskup zagrebački (Episcopus Zagrabiensis),ad curiam servuientium,5,,,,
4532,4536,12,4,63,2474,,,,,,,,,Prepošt (praepositus)-Olkoncza,,22,,,,
4533,4537,12,4,63,3342,,,,,,,,,Kaptol zagrebački (Capitulum Zagrabiense),,250,,,,
4534,4538,12,4,63,256,,,,,,,,,Eremiti (Fratres heremitae),,12,,,,
4535,4539,12,4,63,257,1295,,,,,,,,"Litteratus, civis Zagrabiensis",,10,,,,
4536,4540,12,4,63,2761,,,,,,,,,Eremiti (Fratres heremitae) sub Medwewar,,3,,,,
4537,4541,12,4,63,1995,2732,,,,,,,Dominus,,,90,,,,
4538,4542,12,4,63,2888,1342,,,,,,,,Prebendar (prebendarius),,5,,,,
4539,4543,12,4,63,2099,2923,,,,,,,,,,6,,,,
4540,4544,12,4,63,2486,1547,,,,,,,,,,2,,,,
4541,4545,12,4,63,2486,1892,,,,,,,,,,1,,,,
4542,4546,12,4,63,2486,101,,,,,,Filius,,,,5,,,,
4543,4547,12,4,63,2486,384,,,,,,,,,Hieronimus,5,,,,
4544,4548,12,4,63,2842,,,,,,,,,Prepošt (Vicus prepositure de area in plebanatu Sancte Marie Zagrabiensis),,8,,,,
4545,4549,12,4,63,2838,,,,,,,,,Prepošt (praepositus) de Area prope Zawam in Sancta Clara,,9,,,,
4546,4550,12,4,63,594,,,,,,,,,,,460,,,,
4547,4551,12,4,8,468,101,,,,,,Filius,,,,51,,,,
4548,4552,12,4,8,2933,3623,,,,,,,,,,4,,,,
4549,4553,12,4,8,318,,,,,,,,,Vranski priorat (Prioratus Auranae),,265,,,,
4550,4554,12,4,8,973,3354,,,,,,,,,,1,,,,
4551,4555,12,4,8,973,3367,,,,,,,,Vicejudex nobilium,,1,,,,
4552,4556,12,4,8,973,2873,,,,,,,,Litteratus,,1,,,,
4553,4557,12,4,8,1172,915,,,,,,,Domini,,,65,,22,Croati novi sessiones,
4554,4558,12,4,8,1154,3914,,,,,,Relicta,,,,25,,,,
4555,4559,12,4,8,431,2139,,,,,,,Dominus,,,20,,,,
4556,4560,12,4,8,2201,2160,,,,,,,,,,1,,,,
4557,4561,12,4,8,134,733,,,,,,,,,,10,,,,
4558,4562,12,4,8,134,2173,,,,,,,,,,4,,,,
4559,4563,12,4,8,134,3497,,,,,,,,,,1,,,,
4560,4564,12,4,8,134,3869,,,,,,Relicta,,,,2,,,,
4561,4565,12,4,8,2993,1936,,,,,,,,,,9,,,,
4562,4566,12,4,8,3024,1562,,,,,,,,,,4,,,,
4563,4567,12,4,8,173,1134,,,,,,,,,,1,,,,
4564,4568,12,4,8,173,2946,,,,,,,,,,1,,,,
4565,4569,12,4,8,2976,3255,,,,,,,,,,4,,,,
4566,4570,12,4,8,2976,1282,,,,,,Relicta,Domina,,,5,,,,
4567,4571,12,4,8,3085,2873,,,,,,Relicta,,Litteratus,,4,,,,
4568,4572,12,4,8,3486,,,,,,,,Dominus,Vojvoda-Transilvanija (Erdelj),,55,,,,
4569,4573,12,4,8,1055,4071,,,,,,,,,,1,,,,
4570,4574,12,4,8,215,1296,,,,,,,,,,1,,,,
4571,4575,12,4,8,215,4173,,,,,,Relicta,,,,1,,,,
4572,4576,12,4,8,215,2734,,,,,,,,Litteratus,,1,,,,
4573,4577,12,4,8,215,2862,,,,,,,,,,1,,,,
4574,4578,12,4,8,1917,1135,,,,,,,,,Marcus Wrasych,1,,,,
4575,4579,12,4,8,3555,,,,,,,,,Župnik (plebanus),,1,,,,
4576,4580,12,4,8,2597,3614,,,,,,,,,Johannes de Kalym,1,,,,
4577,4581,12,4,8,2597,3298,,,,,,,,,,1,,,,
4578,4582,12,4,8,1401,1568,,,,,,generis Zykrowych,,,,1,,,,
4579,4583,12,4,8,1401,1895,,,,,,,,,,1,,,,
4580,4584,12,4,8,2466,3359,,,,,,,,,,11,,,,
4581,4585,12,4,8,2466,3437,,,,,,,,Litteratus,,7,,,,
4582,4586,12,4,8,443,,,,,,,,Dominus,Biskup zagrebački (Episcopus Zagrabiensis),,12,,,,
4583,4587,12,4,8,3585,2186,,,,,,,,,,12,,,,
4584,4588,12,4,8,3585,2732,,,,,,,Dominus,,,17,,,,
4585,4589,12,4,77,2093,911,,,,,,,,,,0,,,,
4586,4590,12,4,77,1284,,,,,,,,,Župnik (plebanus)-St. Marcus,,1,,,,
4587,4591,12,4,77,2442,,,,,,,,,Fratres Eremiti (Fratres heremitae),,10,,,,
4588,4592,12,4,77,1582,,,,,,,,Domini,Kaptol zagrebački (Capitulum Zagrabiense),,22,,,,
4589,4593,12,4,77,1583,526,,,,,,,,,,0,,,deserta,
4590,4594,12,4,77,2886,3002,,,,,,,,Judex nobilium,,4,,,,
4591,4595,12,4,77,2886,1568,,,,,,,,,,0,,,,
4592,4596,12,4,77,521,2078,,,,,,Relicta i sinovi,,,,3,,,,
4593,4597,12,4,77,2886,2372,,,,,,,,Judex nobilium,,2,,,,
4594,4598,12,4,77,2890,,,,,,,,,Kralj (rex),,100,,,,
4595,4599,12,4,77,874,43,judicatus,,,,,Relicta,,,,28,,,,
4596,4600,12,4,77,1661,1547,,,,,,,,,,10,,,,
4597,4601,12,4,77,2426,,,,,,,,,Župnik (plebanus),,0,,1,deserta,
4598,4602,12,4,77,1749,2732,,,,,,,Dominus,,,5,,,,
4599,4603,12,4,77,3673,,oppidum,,,,,,Domini,Kaptol zagrebački (Capitulum Zagrabiense),,41,,,,
4600,4604,12,4,77,3673,,provincia,,,,,,Domini,Kaptol zagrebački (Capitulum Zagrabiense),,150,,,,
4601,4605,12,4,77,1010,,,,,,,,Reverendissimus dominus,Biskup zagrebački (Episcopus Zagrabiensis),,12,,,,
4602,4606,12,4,77,2643,,,,,,,,,Biskup zagrebački (Episcopus Zagrabiensis),,45,,,,
4603,4607,12,4,77,2863,2165,,,,,,,,,,2,,,,
4604,4608,12,4,77,2863,2058,,,,,,,,,,5,,,,
4605,4609,12,4,77,2862,,,,,,,,,Župnik (plebanus),,0,,1,deserta,
4606,4610,12,4,77,1891,654,,,,,,Filius,,,,43.5,,,,
4607,4611,12,4,77,712,,,,,,,,,,,0,,9,omnino est desolata-et per comitem condam Mathhiam Groff (comes de Frangepanibus*),1
4608,4612,12,4,77,2090,3387,,,,,,,,,,0,,,,
4609,4613,12,4,77,2090,2977,,,,,,,,,,0,,,,
4610,4614,12,4,77,3319,912,,,,,,,,,,10,,,,
4611,4615,12,4,77,203,,,,,,,,Dominus,Nadbiskup ostrogonski (Archiepiscopus strigoniensis),,50,,,,
4612,4616,12,4,77,1206,2873,,,,,,,,Litteratus,,2,,,,
4613,4617,12,4,77,1206,3287,,,,,,,,,,4,,,,
4614,4618,12,4,77,1206,3602,,,,,,,,,,2,,,,
4615,4619,12,4,77,2861,3992,,,,,,,,Predialis (predijalac),,3,,,,
4616,4620,12,4,77,2861,1230,,,,,,Relicta,Domina,,,4,,,,
4617,4621,12,4,77,116,4051,,,,,,,,,,1,,,,
4618,4622,12,4,77,1632,,,,,,,,,Kralj (rex),,52,,,,
4619,4623,12,4,77,3150,910,,,,,,,,,,20,,,,
4620,4624,12,4,77,1811,2732,,,,,,,Illustrisimus dominus,,,61,,,"Ville per homines ... Marchionis desolate sunt omnino Naghmlaka, Plezo, Kobylychy, Gorycza, Rakarye, Chwchye, Nyrazlyn, Mwsewczy, Rachythowcz, Chwskaczy, Kys Obres et sunt in numero tam nobiles quam jobagiones earundem, qui extra domus ipsorum latitant de penuria propter metum domini marchionis",
4621,4625,12,4,77,2073,989,,,,,,,,,,1,,,,
4622,4626,12,4,77,2656,4124,,,,,,,,,,2,,,,
4623,4627,12,4,77,1190,4093,,,,,,,,,,1,,,,
4624,4628,12,4,77,1548,4114,,,,,,,,,,2,,,,
4625,4629,12,4,77,1485,778,,,,,,,,,,1,,,,
4626,4630,12,4,77,1660,3603,,,,,,,,,,1,,,,
4627,4631,12,4,77,1660,1931,,,,,,,,,,1,,,,
4628,4632,12,4,77,1867,3450,,,,,,,,,,1,,,,
4629,4633,12,4,77,3212,2281,,,,,,,,,,1,,,,
4630,4634,12,4,77,3212,940,,,,,,,,,,1,,,,
4631,4635,12,4,77,2477,2098,,,,,,,,,,1,,,,
4632,4636,12,4,77,2477,2876,,,,,,,,,,1,,,,
4633,4637,12,4,77,2217,875,,,,,,,,,,24,,,,
4634,4638,12,4,77,3805,,,,,,,,,Kralj (rex),,19,,,,
4635,4639,12,4,77,1359,1592,,,,,,,,,,16,,,,
4636,4640,12,4,77,3440,1283,oppidum,,,,,,Domina,,,50,,,,
4637,4641,12,4,77,3440,,provincia,,,,,,,,,56,,,,
4638,4642,12,4,77,274,,,,,,,,,,,5,,,,
4639,4643,12,4,77,2056,,,,,,,,Dominus,Nadbiskup ostrogonski (Archiepiscopus strigoniensis),,22,,32,per gentes domini Bernardini Groff omnino desolate sessiones,
4640,4644,12,4,77,3784,,,,,,,,Dominus,Nadbiskup ostrogonski (Archiepiscopus strigoniensis),,7,,10,per gentes domini Bernardini Groff omnino desolate sessiones,
4641,4645,12,4,77,1668,,,,,,,,Dominus,Nadbiskup ostrogonski (Archiepiscopus strigoniensis),,4,,27,per gentes domini Bernardini omnino desolate sessiones,
4642,4646,12,4,77,667,,,,,,,,Dominus,Nadbiskup ostrogonski (Archiepiscopus strigoniensis),,13,,28,per gentes domini Bernardini omnino desolate sessiones,
4643,4647,12,4,77,757,,,,,,,,Dominus,Nadbiskup ostrogonski (Archiepiscopus strigoniensis),,33,,43,per gentes domini Bernardini desertate sessiones,
4644,4648,12,4,77,3055,,,,,,,,Dominus,Nadbiskup ostrogonski (Archiepiscopus strigoniensis),,21,,27,per gentes domini Bernardini desertate sessiones,
4645,4649,12,4,77,2439,,,,,,,,Domini,Kaptol zagrebački (Capitulum Zagrabiense),,8,,,,
4646,4650,12,4,77,1341,,,,,,,,Dominus,Nadbiskup ostrogonski (Archiepiscopus strigoniensis),,85,,47,desolate sunt per gentes domini Bernardini sessiones,
4647,4651,12,4,77,881,3314,,,,,,,,,,10,,22,desertate sessiones per gentes comitis Bernardini,
4648,4652,12,4,77,881,3785,,,,,,Relicta,Dominus,,,2,,,,
4649,4653,12,4,77,3699,2762,,,,,,Relicta,Dominus,,,16,,,,
4650,4654,12,4,77,743,936,,,,,,,,,,4,,,,
4651,4655,12,4,77,743,3829,,,,,,,,,,17,,,,
4652,4656,12,4,77,3065,1268,,,,,,Relicta,,,,2,,,,
4653,4657,12,4,77,2621,,,,,,,,,Nobiles unius sessionis,,12,,,,
4654,4658,12,4,77,732,4173,,,,,,,,Vicejudex nobilum,,1,,,,
4655,4659,12,4,77,2771,296,,,,,,,Dominus,,,28,,,,
4656,4660,12,4,77,2770,2893,,,,,,,,,,3,,,,
4657,4661,12,4,77,2770,2727,,,,,,,Domina,,,5,,,,
4658,4662,12,4,77,2770,,,,,,,,,Fratres de Kamennye,,1,,,,
4659,4663,12,4,77,1666,913,,,,,,,,,,12,,,,
4660,4664,12,4,77,1311,3606,,,,,,,,,,5,,,,
4661,4665,12,4,77,1311,2529,,,,,,,,,,4,,,,
4662,4666,12,4,77,1311,2245,,,,,,,,Vicecomes,,7,,,,
4663,4667,12,4,77,1851,297,,,,,,,Dominus,,,17,,,,
4664,4668,12,4,77,1844,,,,,,,,,Župnik (plebanus),,1,,,,
4665,4669,12,4,77,3429,2284,,,,,,,,,,5,,,,
4666,4670,12,4,77,2983,930,,,,,,,,,,9,,,,
4667,4671,12,4,77,360,2166,,,,,,,,,,14,,,,
4668,4672,12,4,77,1706,1594,,,,,,,,,,13,,,,
4669,4673,12,4,77,1175,2873,,,,,,,,Vicejudex nobilum,,2,,,,
4670,4674,12,4,77,3389,993,,,,,,,Comes,,,775,,,,
4671,4675,12,1,109,487,3983,,,,50,,,,,,3,,,,
4672,4676,12,1,109,3383,3131,,,,50,,,,,,1,,,,
4673,4677,12,1,109,3383,579,,,,50,,Relicta,,,,1,,,,
4674,4678,12,1,109,3383,2078,,,,50,,,,,,1,,,,
4675,4679,12,1,109,2601,561,,,,50,,,,,,7,,,,
4676,4680,12,1,109,2601,1024,,,,50,,,,,,1,,,,
4677,4681,12,1,109,2601,564,,,,50,,,,,,1,,,,
4678,4682,12,1,109,2601,319,,,,50,,,,,,1,,,,
4679,4683,12,1,109,2601,803,,,,50,,,,,,1,,,,
4680,4684,12,1,109,1607,2499,,,,50,,,,,,4,,,,
4681,4685,12,1,109,1608,3002,,,,50,,,,,,6,,,,
4682,4686,12,1,109,1608,642,,,,50,,,,,,1,,,,
4683,4687,12,1,109,1708,869,,,,50,,,Dominus dux Sancte Sabe,,Kralj (ad rationem regie Maiestatis),25,,,,
4684,4688,12,1,109,1914,,,,,50,,,,Župnik (plebanus),,4,,,,
4685,4689,12,1,109,1912,3250,,,,50,,,,,,1,,,,
4686,4690,12,1,109,3636,,,,,50,,,Dominus,Biskup zagrebački (Episcopus Zagrabiensis),,25,,,,
4687,4691,12,1,109,1238,909,,,,50,,,,,,1,,,,
4688,4692,12,1,109,915,3185,,,,50,,,,,,8,,,,
4689,4693,12,1,109,915,1568,,,,50,,,,,,5,,,,
4690,4694,12,1,109,915,2873,,,,50,,Relicta,,,,2,,,,
4691,4695,12,1,109,3279,3516,,,,50,,,,,,2,,,,
4692,4696,12,1,109,970,1568,,,,50,,,,,,3,,,,
4693,4697,12,1,109,972,3516,,,,50,,,,Judex nobilium,,7,,,,
4694,4698,12,1,109,970,641,,,,50,,Relicta,,,,2,,,,
4695,4699,12,1,109,366,153,,,,50,,,,,,2,,,,
4696,4700,12,1,109,703,2221,,,,50,,Relicta,,,,40,,,,
4697,4701,12,1,109,703,,,,,50,,,,Župnik (plebanus),,1,,,,
4698,4702,12,1,109,1397,,,,,50,,,,,,28,,,,
4699,4703,12,1,109,1397,,,,,50,,,,Župnik (plebanus),,3,,,,
4700,4704,12,1,109,2633,4107,,,,50,,,,,,2,,,,
4701,4705,12,1,109,2633,3580,,,,50,,,,,Thomas,4,,,,
4702,4706,12,1,109,845,624,,,,50,,,,,,3,,,,
4703,4707,12,1,109,845,3660,,,,50,,,,,,1,,,,
4704,4708,12,1,109,845,955,,,,50,,,,,,1,,,,
4705,4709,12,1,109,1684,82,,,,50,,Relicta,,,,36,,,,
4706,4710,12,1,109,1683,,,,,50,,,,Župnik (plebanus),,2,,,,
4707,4711,12,1,109,1683,,,,,50,,,,Prebendari (prebendari),,1,,,,
4708,4712,12,1,109,2307,1568,,,,50,,,,,,3,,,,
4709,4713,12,1,109,2307,909,,,,50,,,,,,5,,,,
4710,4714,12,1,109,2307,2996,,,,50,,,,,,4,,,,
4711,4715,12,1,109,3496,3516,,,,50,,,,Litteratus,,3,,,,
4712,4716,12,1,109,2307,1524,,,,50,,,,,,7,,,,
4713,4717,12,1,109,3497,2873,,,,50,,,,Litteratus,,2,,,,
4714,4718,12,1,109,2396,3185,,,,50,,,,Vicejudex nobilium,,2,,,,
4715,4719,12,1,109,3436,744,,,,50,,,,,,1,,,,
4716,4720,12,1,109,2307,317,,,,50,,,,,,14,,,,
4717,4721,12,1,109,2307,3580,,,,50,,,,Judex nobilium,,5,,,,
4718,4722,12,1,109,1549,3568,,,,50,,,,,,14,,,,
4719,4723,12,1,109,1296,2626,,,,50,,,,,,1,,,,
4720,4724,12,1,109,1296,436,,,,50,,,,Vicecomes,,1,,,,
4721,4725,12,1,109,1296,453,,,,50,,,,,,1,,,,
4722,4726,12,1,109,1296,515,,,,50,,,,,,1,,,,
4723,4727,12,1,109,1296,647,,,,50,,,,,,1,,,,
4724,4728,12,1,109,928,,oppidum,,,50,,,Dominus,Prepošt (praepositus)-Galgoncza,,16,,,,
4725,4729,12,1,109,931,,,,,50,,,,,,34,,,,
4726,4730,12,1,109,693,3753,,,,50,,,,,,4,,,,
4727,4731,12,1,109,655,1346,,,,50,,,,,,14,,,,
4728,4732,12,1,109,69,,,,,50,,,,Abbas,,16,,,,
4729,4733,12,1,109,655,2095,,,,50,,,,,,13,,,,
4730,4734,12,1,109,2376,,,,,50,,,,Župnik (plebanus),,4,,,,
4731,4735,12,1,109,1074,,,,,50,,,,,,32,,,,
4732,4736,12,1,109,1407,,,,,50,,,,,,20,,,,
4733,4737,12,1,109,359,,oppidum,,,50,,,,,,36,,,,
4734,4738,12,1,109,2151,,,,,50,,,,Župnik (plebanus),,2,,,,
4735,4739,12,1,109,1893,,,,,50,,,,,,5,,,,
4736,4740,12,1,109,2658,,,,,50,,,,,,8,,,,
4737,4741,12,1,109,3556,,,,,50,,,,,,50,,,,
4738,4742,12,1,109,3556,,,,,50,,,,Župnik (plebanus),,5,,,,
4739,4743,12,1,109,1741,,,,,50,,,,Župnik (plebanus)-Ludbreg,,3,,,,
4740,4744,12,1,109,1045,2095,,,,50,,,,,,7,,,,
4741,4745,12,1,109,1045,1346,,,,50,,,,,,6,,,,
4742,4746,12,1,109,1045,,,,,50,,,,Župnik (plebanus),,4,,,,
4743,4747,12,1,109,921,216,,,,50,,,,,,1,,,,
4744,4748,12,1,109,2562,2095,,,,50,,,,,,18,,,,
4745,4749,12,1,109,2562,1346,,,,50,,,,,,17,,,,
4746,4750,12,1,109,2562,,,,,50,,,,Župnik (plebanus),,1,,,,
4747,4751,12,1,109,2562,3839,,,,50,,,,,,1,,,,
4748,4752,12,1,109,1043,253,,,,50,,,Domini,,,37,,,,
4749,4753,12,1,109,3133,3002,,,,50,,,,,,1,,,,
4750,4754,12,1,109,3133,2078,,,,50,,,,,,1,,,,
4751,4755,12,1,109,1201,2397,,,,50,,,,,,3,,,,
4752,4756,12,1,109,662,3716,,,,50,,,,,,2,,,,
4753,4757,12,1,109,1174,1604,,,,50,,,,,,1,,,,
4754,4758,12,1,109,1174,625,,,,50,,,,,,2,,,,
4755,4759,12,1,109,1174,2648,,,,50,,,,,,1,,,,
4756,4760,12,1,109,547,1259,,,,50,,,,,,2,,,,
4757,4761,12,1,109,547,1021,,,,50,,,,Vicejudex nobilium,,4,,,,
4758,4762,12,1,109,547,1027,,,,50,,,,,,1,,,,
4759,4763,12,1,109,366,1944,,,,50,,,,,,1,,,,
4760,4764,12,1,109,366,3244,,,,50,,,,,,1,,,,
4761,4765,12,1,109,2119,3437,,,,50,,,,Litteratus,,6,,,,
4762,4766,12,1,109,2119,1321,,,,50,,,,,,3,,,,
4763,4767,12,1,109,260,757,,,,50,,,,,,2,,,,
4764,4768,12,1,109,1488,2217,,,,50,,,,,,2,,,,
4765,4769,12,1,109,2119,1,,,,50,,Relicta,,,,2,,,,
4766,4770,12,1,109,2119,633,,,,50,,Relicta,,,,1,,,,
4767,4771,12,1,109,2119,615,,,,50,,,,,,2,,,,
4768,4772,12,1,109,2119,429,,,,50,,,,,,1,,,,
4769,4773,12,1,109,1104,744,,,,50,,,,,,1,,,,
4770,4774,12,1,109,1104,2078,,,,50,,,,,,1,,,,
4771,4775,12,1,109,2119,4076,,,,50,,,,,,1,,,,
4772,4776,12,1,109,662,,,,,50,,,,Župnik (plebanus),,1,,,,
4773,4777,12,1,109,662,3464,,,,50,,,,,,1,,,,
4774,4778,12,1,109,3236,1568,,,,50,,,,,,1,,,,
4775,4779,12,1,109,1444,3185,,,,50,,,,Litteratus,,5,,,,
4776,4780,12,1,109,1444,328,,,,50,,Relicta,,,,2,,,,
4777,4781,12,1,109,1444,3604,,,,50,,,,,,1,,,,
4778,4782,12,1,109,1444,1017,,,,50,,,,,,1,,,,
4779,4783,12,1,109,1927,3035,,,,50,,Relicta,,,,1,,,,
4780,4784,12,1,109,1145,3006,,,,50,,,,,,1,,,,
4781,4785,12,1,109,2820,3462,,,,50,,,,,Johannes,2,,,,
4782,4786,12,1,109,2820,1719,,,,50,,,,,,1,,,,
4783,4787,12,1,109,2820,839,,,,50,,,,,,2,,,,
4784,4788,12,1,109,2825,,,,,50,,,Dominus,Protonotharius,,8,,,,
4785,4789,12,1,109,2825,2873,,,,50,,Relicta,,,,8,,,,
4786,4790,12,1,109,1218,3122,,,,50,,,,Judex nobilium,,7,,,,
4787,4791,12,1,109,1218,2244,,,,50,,,,,,4,,,,
4788,4792,12,1,109,1218,3927,,,,50,,,,,,3,,,,
4789,4793,12,1,109,1218,744,,,,50,,,,,,7,,,,
4790,4794,12,1,109,2821,294,,,,50,,Relicta,,,,3,,,,
4791,4795,12,1,109,2821,2078,,,,50,,,,Litteratus,,1,,,,
4792,4796,12,1,109,2545,1812,,,,50,,,,,,1,,,,
4793,4797,12,1,109,2545,1560,,,,50,,,,,,1,,,,
4794,4798,12,1,109,132,2948,,,,50,,,,,,1,,,,
4795,4799,12,1,109,132,2396,,,,50,,,,,,1,,,,
4796,4800,12,1,109,132,484,,,,50,,,,,,1,,,,
4797,4801,12,1,109,1550,585,,,,50,,Relicta,,,,2,,,,
4798,4802,12,1,109,2955,3237,,,,50,,,Dominus,Vicebanus,,1,,,,
4799,4803,12,1,109,2820,2052,,,,50,,,,Vicecomes,,4,,,,
4800,4804,12,1,109,1537,254,,,,50,,,,,,17,,,,
4801,4805,12,1,109,2824,316,,,,50,,,,,,32,,,,
4802,4806,12,1,109,2576,1675,,,,50,,,,,,2,,,,
4803,4807,12,1,109,132,1376,,,,50,,,,,,1,,,,
4804,4808,12,1,109,132,3108,,,,50,,,,,,3,,,,
4805,4809,12,1,109,2576,2873,,,,50,,,,,,1,,,,
4806,4810,12,1,109,132,405,,,,50,,,,,,1,,,,
4807,4811,12,1,109,2576,3516,,,,50,,,,,,1,,,,
4808,4812,12,1,109,2576,1357,,,,50,,,,,,1,,,,
4809,4813,12,1,109,2372,881,,,,50,,,Dominus,,,3,,,,
4810,4814,12,1,109,2370,958,,,,50,,,,,,1,,,,
4811,4815,12,1,109,221,2078,,,,50,,,,,,2,,,,
4812,4816,12,1,109,1157,590,,,,50,,,,,,5,,,,
4813,4817,12,1,109,2579,3822,,,,50,,,,,,10,,,,
4814,4818,12,1,109,3110,1524,,,,50,,,,,,14,,,,
4815,4819,12,1,109,3110,3545,,,,50,,,,,,7,,,,
4816,4820,12,1,109,1208,96,,,,50,,Relicta,,,,10,,,,
4817,4821,12,1,109,2723,156,,,,50,,Relicta,,,,1,,,,
4818,4822,12,1,109,132,3639,,,,50,,,,,,3,,,,
4819,4823,12,1,109,132,3639,,,,50,,,,,,1,,,,
4820,4824,12,1,109,2820,1814,,,,50,,,,,,1,,,,
4821,4825,12,1,109,2545,2880,,,,50,,,,,,4,,,,
4822,4826,12,1,109,2545,1014,,,,50,,,,,,3,,,,
4823,4827,12,1,109,2545,3957,,,,50,,,,,,1,,,,
4824,4828,12,1,109,2545,,,,,50,,,,Magister hospitalis,,2,,,,
4825,4829,12,1,109,2820,1319,,,,50,,,,,,8,,,,
4826,4830,12,1,109,2545,2228,,,,50,,,,,,1,,,,
4827,4831,12,1,109,3554,,,,,50,,,,Župnik (plebanus),,1,,,,
4828,4832,12,1,109,2545,1476,,,,50,,,,,,1,,,,
4829,4833,12,1,109,1218,1259,,,,50,,,,,,4,,,,
4830,4834,12,1,109,8,2743,,,,50,,,,,,1,,,,
4831,4835,12,1,109,1572,1342,,,,50,,,,,,1,,,,
4832,4836,12,1,109,1133,,,,,50,,,,Župnik (plebanus),,2,,,,
4833,4837,12,1,109,3466,3333,,,,50,,,,,,2,,,,
4834,4838,12,1,109,3466,2768,,,,50,,,,,,2,,,,
4835,4839,12,1,109,3466,,,,,50,,,,Župnik (plebanus),,1,,,,
4836,4840,12,1,109,2820,2026,,,,50,,,,,,1,,,,
4837,4841,12,1,109,2820,3104,,,,50,,,,,,1,,,,
4838,4842,12,1,109,2820,3846,,,,50,,,,,,2,,,,
4839,4843,12,1,109,2820,2391,,,,50,,,,,,4,,,,
4840,4844,12,1,109,2717,1655,,,,50,,,,,,1,,,,
4841,4845,12,1,109,2717,3582,,,,50,,,,Judex nobilium,,3,,,,
4842,4846,12,1,109,2717,444,,,,50,,,,,,1,,,,
4843,4847,12,1,109,2717,4020,,,,50,,,,,,4,,,,
4844,4848,12,1,109,2717,3736,,,,50,,,Domina,,,1,,,,
4845,4849,12,1,109,2717,3002,,,,50,,,,,,20,,,,
4846,4850,12,1,109,2717,2499,,,,50,,,,,,9,,,,
4847,4851,12,1,109,2717,,,,,50,,,,Župnik (plebanus),,1,,,,
4848,4852,12,1,109,2096,217,,,,50,,Relicta,,,,7,,,,
4849,4853,12,1,109,2096,3497,,,,50,,,,,,2,,,,
4850,4854,12,1,109,2096,3252,,,,50,,,,,,2,,,,
4851,4855,12,1,109,3544,2540,,,,50,,,,,,4,,,,
4852,4856,12,1,109,2395,946,,,,50,,,,Magister,,1,,,,
4853,4857,12,1,109,2640,997,,,,50,,,,,,6,,,,
4854,4858,12,1,109,2640,2175,,,,50,,,,,,8,,,,
4855,4859,12,1,109,2640,2361,,,,50,,Relicta,,,,5,,,,
4856,4860,12,1,109,2640,3516,,,,50,,,,,,6,,,,
4857,4861,12,1,109,1296,192,,,,50,,,,,,1,,,,
4858,4862,12,1,109,1296,578,,,,50,,,,,,1,,,,
4859,4863,12,1,109,630,,,,,50,,,,,,94,,,,
4860,4864,12,1,109,630,,,,,50,,,,Prebendar (prebendarius),,5,,,,
4861,4865,12,1,109,630,,,,,50,,,Domini,Hospitium domini bani et domini thesaurarii,,2,,,,
4862,4866,12,1,109,3608,,,,,50,,,Dominus,Biskup zagrebački (Episcopus Zagrabiensis),,25,,,,
4863,4867,12,1,109,623,,,,,50,,,,Župnik (plebanus),,5,,,,
4864,4868,12,1,109,623,,,,,50,,,,Fratres-Crisium,,16,,,,
4865,4869,12,1,109,631,,,,,50,,,,,,54,,,,
4866,4870,12,1,109,2768,2198,,,,50,,Relicta,,,,2,,,,
4867,4871,12,1,109,2768,3137,,,,50,,,,,,1,,,,
4868,4872,12,1,109,2768,1869,,,,50,,,,,,1,,,,
4869,4873,12,1,109,2602,1824,,,,50,,,,,,3,,,,
4870,4874,12,1,109,2602,,,,,50,,,,Župnik (plebanus),,2,,,,
4871,4875,12,1,109,2602,4018,,,,50,,,,,,5,,,,
4872,4876,12,1,109,2602,212,,,,50,,Filius,,,,5,,,,
4873,4877,12,1,109,2602,2187,,,,50,,,,,,14,,,,
4874,4878,12,1,109,2518,4051,,,,50,,,,,,8,,,,
4875,4879,12,1,109,3213,2051,,,,50,,Relicta,,,,17,,,,
4876,4880,12,1,109,170,2078,,,,50,,,,Vicecomes,,9,,,,
4877,4881,12,1,109,170,856,,,,50,,,,,,4,,,,
4878,4882,12,1,109,811,3633,,,,50,,,,,,8,,,,
4879,4883,12,1,109,3214,2727,,,,50,,Relicta,,,,7,,,,
4880,4884,12,1,109,3213,2821,,,,50,,,,,,2,,,,
4881,4885,12,1,109,2606,2732,,,,50,,,Dominus,,,16,,,,
4882,4886,12,1,109,796,2423,,,,50,,,,,,8,,,,
4883,4887,12,1,109,2602,467,,,,50,,,,,,0,,,desertum,
4884,4888,12,1,109,2791,2732,,,,50,,,Dominus,,,36,,,,
4885,4889,12,1,109,2676,2732,oppidum,,,50,,,Dominus,,,79,,,,
4886,4890,12,1,109,2779,,,,,50,,,,Župnik (plebanus),,6,,,,
4887,4891,12,1,109,2779,3364,,,,50,,,,,,50,,,,
4888,4892,12,1,109,796,298,,,,50,,Relicta,,,,11,,,,
4889,4893,12,1,109,3603,3222,,,,50,,,,,,6,,,,
4890,4894,12,1,109,3603,3008,,,,50,,,,,,9,,,,
4891,4895,12,1,109,3603,839,,,,50,,,,,,2,,,,
4892,4896,12,1,109,3603,3760,,,,50,,,,,,3,,,,
4893,4897,12,1,109,3603,2119,,,,50,,Relicta,,,,6,,,,
4894,4898,12,1,109,3603,,,,,50,,,,Župnik (plebanus),,1,,,,
4895,4899,12,1,109,3603,1600,,,,50,,,,,,1,,,,
4896,4900,12,1,109,3603,2732,,,,50,,,Dominus,,,9,,,,
4897,4901,12,1,109,3164,2732,,,,50,,,Dominus,,,69,,,,
4898,4902,12,1,109,3160,2732,oppidum,,,50,,,Dominus,,,98,,,,
4899,4903,12,1,109,3343,,,,,50,,,,Župnik (plebanus),,28,,,,
4900,4904,12,1,109,3160,366,,,,50,,,,,dominus Marchio,3,,,,
4901,4905,12,1,109,3160,468,,,,50,,,,,dominus Marchio,2,,,,
4902,4906,12,1,111,1242,,oppidum,Episcopatus Zagrabiensis / Provincia Iwanych,,50,,,,,,107,,,,
4903,4907,12,1,111,1865,,villicatus,Episcopatus Zagrabiensis / Provincia Iwanych,,50,,,,,,40,,,,
4904,4908,12,1,111,2951,,,Episcopatus Zagrabiensis / Provincia Iwanych,,50,,,,,,8,,,,
4905,4909,12,1,111,1229,,,Episcopatus Zagrabiensis / Provincia Iwanych,,50,,,,,,25,,,,
4906,4910,12,1,111,2547,1385,,Episcopatus Zagrabiensis / Provincia Iwanych,,50,,Relicta,Dominus,,Biskup zagrebački (Episcopus Zagrabiensis)-Danadowcz,24,,,,
4907,4911,12,1,111,2844,,,Episcopatus Zagrabiensis / Provincia Iwanych,,50,,,,Župnik (plebanus),,14,,,,
4908,4912,12,1,111,3485,,,Episcopatus Zagrabiensis / Provincia Iwanych,,50,,,Dominus,Biskup zagrebački (Episcopus Zagrabiensis),,44,,,,
4909,4913,12,1,111,2214,,villicatus,Episcopatus Zagrabiensis / Provincia Iwanych,,50,,,Dominus,Biskup zagrebački (Episcopus Zagrabiensis),,56,,,,
4910,4914,12,1,111,2853,,oppidum,Episcopatus Zagrabiensis / Provincia Iwanych,,50,,,,,,44,,,,
4911,4915,12,1,111,2747,,villicatus,Episcopatus Zagrabiensis / Provincia Iwanych,,50,,,,,,6,,,,
4912,4916,12,1,111,762,,,Episcopatus Zagrabiensis / Provincia Iwanych,,50,,,,,,6,,,,
4913,4917,12,1,111,1253,,,Episcopatus Zagrabiensis / Provincia Iwanych,,50,,,,Župnik (plebanus),,10,,,,
4914,4918,12,1,111,2265,,,Episcopatus Zagrabiensis / Provincia Iwanych,,50,,,,Župnik (plebanus),,4,,,,
4915,4919,12,1,111,2220,3594,,Episcopatus Zagrabiensis / Provincia Iwanych,,50,,,,,,4,,,,
4916,4920,12,1,111,2213,,,Episcopatus Zagrabiensis / Provincia Iwanych,,50,,,,Prebendari (prebendari Chasmensi sancte Katherine),,5,,,,
4917,4921,12,1,111,2584,2873,,Episcopatus Zagrabiensis / Provincia Iwanych,,50,,,,,,3,,,,
4918,4922,12,1,111,2076,1439,,Episcopatus Zagrabiensis / Provincia Iwanych,,50,,,,,Nicolaus Chelei,5,,,,
4919,4923,12,1,111,186,4051,,Episcopatus Zagrabiensis / Provincia Iwanych,,50,,,,,,3,,,,
4920,4924,12,1,111,186,146,,Episcopatus Zagrabiensis / Provincia Iwanych,,50,,Relicta,,,,6,,,,
4921,4925,12,1,111,186,1916,,Episcopatus Zagrabiensis / Provincia Iwanych,,50,,Relicta,,,,1,,,,
4922,4926,12,1,111,186,2078,,Episcopatus Zagrabiensis / Provincia Iwanych,,50,,,,,,2,,,,
4923,4927,12,1,111,3655,2810,,Episcopatus Zagrabiensis / Provincia Iwanych,,50,,,,,Ladislaus,5,,,,
4924,4928,12,1,111,1739,1916,,Episcopatus Zagrabiensis / Provincia Iwanych,,50,,,,,,2,,,,
4925,4929,12,1,111,3359,3516,,Episcopatus Zagrabiensis / Provincia Iwanych,,50,,,,,,1,,,,
4926,4930,12,1,111,507,1916,,Episcopatus Zagrabiensis / Provincia Iwanych,,50,,,,,,1,,,,
4927,4931,12,1,111,507,946,,Episcopatus Zagrabiensis / Provincia Iwanych,,50,,,,,,1,,,,
4928,4932,12,1,111,1280,1568,,Episcopatus Zagrabiensis / Provincia Iwanych,,50,,,,,,1,,,,
4929,4933,12,1,111,760,1037,,Episcopatus Zagrabiensis / Provincia Iwanych,,50,,,,,,1,,,,
4930,4934,12,1,111,2719,4011,,Episcopatus Zagrabiensis / Provincia Iwanych,,50,,,,,,1,,,,
4931,4935,12,1,111,2719,2078,,Episcopatus Zagrabiensis / Provincia Iwanych,,50,,,,,,1,,,,
4932,4936,12,1,111,1115,3184,,Episcopatus Zagrabiensis / Provincia Iwanych,,50,,,,,,2,,,,
4933,4937,12,1,111,1115,2683,,Episcopatus Zagrabiensis / Provincia Iwanych,,50,,Relicta,,,,1,,,,
4934,4938,12,1,111,1696,2078,,Episcopatus Zagrabiensis / Provincia Iwanych,,50,,Relicta,,,,5,,,,
4935,4939,12,1,111,3083,399,,Episcopatus Zagrabiensis / Provincia Iwanych,,50,,,,,,3,,,,
4936,4940,12,1,111,1023,1011,,Episcopatus Zagrabiensis / Provincia Iwanych,,50,,,,,,5,,,,
4937,4941,12,1,111,760,565,,Episcopatus Zagrabiensis / Provincia Iwanych,,50,,,,,,1,,,,
4938,4942,12,1,111,3110,1254,,Episcopatus Zagrabiensis / Provincia Iwanych,,50,,,,,,2,,,,
4939,4943,12,1,111,1579,3972,,Episcopatus Zagrabiensis / Provincia Iwanych,,50,,,,,,3,,,,
4940,4944,12,1,111,3691,909,,Episcopatus Zagrabiensis / Provincia Iwanych,,50,,,,,,5,,,,
4941,4945,12,1,111,3691,4196,,Episcopatus Zagrabiensis / Provincia Iwanych,,50,,,,,,5,,,,
4942,4946,12,1,111,3769,703,,Episcopatus Zagrabiensis / Provincia Iwanych,,50,,,,,,3,,,,
4943,4947,12,1,111,1887,3822,,Episcopatus Zagrabiensis / Provincia Iwanych,,50,,,,,,15,,,,
4944,4948,12,1,111,3364,,,Episcopatus Zagrabiensis / Provincia Iwanych,,50,,,,,,2,,,,
4945,4949,12,1,111,3113,264,,Episcopatus Zagrabiensis / Provincia Iwanych,,50,,,,,,2,,,,
4946,4950,12,1,111,3367,,,Episcopatus Zagrabiensis / Provincia Iwanych,,50,,,Dominus,Biskup zagrebački (Episcopus Zagrabiensis)*,,33,,,,1
4947,4951,12,1,111,1253,,provincia,Episcopatus Zagrabiensis / Provincia Iwanych,,50,,,nobiles unius sessionis,,,165,,,,
4948,4952,12,1,111,2063,3569,,Episcopatus Zagrabiensis / Provincia Iwanych,,50,,,Dominus,,,252,,,,
4949,4953,12,1,111,3447,3569,,Episcopatus Zagrabiensis / Provincia Iwanych,,50,,,Dominus,,,161,,,,
4950,4954,12,1,111,2061,,,Episcopatus Zagrabiensis / Provincia Iwanych,,50,,,,Župnik (plebanus),,4,,,,
4951,4955,12,1,111,3714,,,Episcopatus Zagrabiensis / Provincia Iwanych,,50,,,,Župnik (plebanus),,5,,,,
4952,4956,12,1,111,2061,3516,,Episcopatus Zagrabiensis / Provincia Iwanych,,50,,,,Prebendar (prebendarius),,3,,,,
4953,4957,12,1,111,2267,,,Episcopatus Zagrabiensis / Provincia Iwanych,,50,,,,Župnik (plebanus),,3,,,,
4954,4958,12,1,111,3185,,,Episcopatus Zagrabiensis / Provincia Iwanych,,50,,,,Župnik (plebanus),,4,,,,
4955,4959,12,1,111,3185,,,Episcopatus Zagrabiensis / Provincia Iwanych,,50,,,,Prebendar (prebendarius),,3,,,,
4956,4960,12,1,111,2061,,,Episcopatus Zagrabiensis / Provincia Iwanych,,50,,,,Magister hospitalis in Monozlo,,3,,,,
4957,4961,12,1,111,3238,,,Episcopatus Zagrabiensis / Provincia Iwanych,,50,,,,Župnik (plebanus),,3,,,,
4958,4962,12,1,111,426,,,Episcopatus Zagrabiensis / Provincia Iwanych,,50,,,,Prepošt (praepositus)-Chasma,,40,,,,
4959,4963,12,1,111,426,,,Episcopatus Zagrabiensis / Provincia Iwanych,,50,,,,Župnik (plebanus),,5,,,,
4960,4964,12,1,112,1799,,,Provincia Chasmensis,,50,,,Dominus,Biskup zagrebački (Episcopus Zagrabiensis)*,,5,,,,1
4961,4965,12,1,112,1510,3573,,Provincia Chasmensis,,50,,,,,,7,,,,
4962,4966,12,1,112,3657,,oppidum,Provincia Chasmensis,,50,,,,,,65,,,,
4963,4967,12,1,112,3657,,,Provincia Chasmensis,,50,,,,Župnik (plebanus),,6,,,,
4964,4968,12,1,112,2163,,,Provincia Chasmensis,,50,,,,Župnik (plebanus),,2,,,,
4965,4969,12,1,112,1820,3846,,Provincia Chasmensis,,50,,,,,,5,,,,
4966,4970,12,1,112,3490,1759,,Provincia Chasmensis,,50,,quondam,,,,4,,,,
4967,4971,12,1,112,1059,2393,,Provincia Chasmensis,,50,,,,,,2,,,,
4968,4972,12,1,112,2856,,,Provincia Chasmensis,,50,,,,Župnik (plebanus),,1,,,,
4969,4973,12,1,112,2857,,,Provincia Chasmensis,,50,,,,Župnik (plebanus),,6,,,,
4970,4974,12,1,112,2721,632,,Provincia Chasmensis,,50,,,,,,4,,,,
4971,4975,12,1,112,1929,2529,,Provincia Chasmensis,,50,,,,,,2,,,,
4972,4976,12,1,112,853,3516,,Provincia Chasmensis,,50,,,,,,1,,,,
4973,4977,12,1,112,2722,3201,,Provincia Chasmensis,,50,,,,,,8,,,,
4974,4978,12,1,112,2722,3516,,Provincia Chasmensis,,50,,,,,,8,,,,
4975,4979,12,1,112,1819,101,,Provincia Chasmensis,,50,,Relicta,,,,11,,,,
4976,4980,12,1,112,1184,2810,,Provincia Chasmensis,,50,,,,,,2,,,,
4977,4981,12,1,112,1740,838,,Provincia Chasmensis,,50,,,,,,3,,,,
4978,4982,12,1,112,1740,1524,,Provincia Chasmensis,,50,,,,,,5,,,,
4979,4983,12,1,112,1134,103,,Provincia Chasmensis,,50,,,,,,5,,,,
4980,4984,12,1,112,1119,2078,,Provincia Chasmensis,,50,,,,,,2,,,,
4981,4985,12,1,112,1119,3986,,Provincia Chasmensis,,50,,,,,,1,,,,
4982,4986,12,1,112,1134,445,,Provincia Chasmensis,,50,,,,,,1,,,,
4983,4987,12,1,112,3825,3002,,Provincia Chasmensis,,50,,,,,,1,,,,
4984,4988,12,1,112,2494,2529,,Provincia Chasmensis,,50,,,,,,8,,,,
4985,4989,12,1,112,689,514,,Provincia Chasmensis,,50,,,,,,2,,,,
4986,4990,12,1,112,1718,993,,Provincia Chasmensis,,50,,,,,,3,,,,
4987,4991,12,1,112,3472,1568,,Provincia Chasmensis,,50,,,,,,3,,,,
4988,4992,12,1,112,3472,1252,,Provincia Chasmensis,,50,,Relicta,,,,3,,,,
4989,4993,12,1,112,2060,154,,Provincia Chasmensis,,50,,,,,,2,,,,
4990,4994,12,1,112,1373,3799,,Provincia Chasmensis,,50,,Relicta,,,,2,,,,
4991,4995,12,1,112,936,506,,Provincia Chasmensis,,50,,,,,,2,,,,
4992,4996,12,1,112,3782,2689,,Provincia Chasmensis,,50,,,,,,4,,,,
4993,4997,12,1,112,300,178,,Provincia Chasmensis,,50,,,,,,2,,,,
4994,4998,12,1,112,998,2078,,Provincia Chasmensis,,50,,,,,,1,,,,
4995,4999,12,1,112,998,4134,,Provincia Chasmensis,,50,,,,,,4,,,,
4996,5000,12,1,112,2848,,,Provincia Chasmensis,,50,,,,Župnik (plebanus)-St. Georgius,,5,,,,
4997,5001,12,1,112,3856,,oppidum,Provincia Chasmensis,,50,,,Dominus,Biskup zagrebački (Episcopus Zagrabiensis)*,,24,,,,1
4998,5002,12,1,112,2163,,oppidum,Provincia Chasmensis,,50,,,Dominus,Biskup zagrebački (Episcopus Zagrabiensis)*,,36,,,,1
4999,5003,12,1,112,1040,,,Provincia Chasmensis,,50,,,,,,17,,,,
5000,5004,12,1,112,3713,,,Provincia Chasmensis,,50,,,Dominus,Biskup zagrebački (Episcopus Zagrabiensis)*,,6,,,,1
5001,5005,12,1,112,1382,,,Provincia Chasmensis,,50,,,,,,14,,,,
5002,5006,12,1,112,1535,316,,Provincia Chasmensis,,50,,,,,,6,,,,
5003,5007,12,1,112,1883,2820,,Provincia Chasmensis,,50,,,,,,1,,,,
5004,5008,12,1,112,998,1267,,Provincia Chasmensis,,50,,,,,Petrus,2,,,,
5005,5009,12,1,112,493,,oppidum,Provincia Chasmensis,,50,,,,,,89,,56,combusti (per homines domini comitis),
5006,5010,12,1,112,493,1568,,Provincia Chasmensis,,50,,,,"Prebendar (prebendarius hospitalis), capellanus domini episcopi",,1,,,,
5007,5011,12,1,112,493,1897,,Provincia Chasmensis,,50,,,,Prebendar (prebendarius hospitalis),,1,,,,
5008,5012,12,1,112,493,652,,Provincia Chasmensis,,50,,,Dominus,,,1,,,,
5009,5013,12,1,112,493,,,Provincia Chasmensis,,50,,,,Župnik (plebanus)-Čazma,,5,,,,
5010,5014,12,1,112,493,,,Provincia Chasmensis,,50,,,,Magister hospitalis,,9,,,,
5011,5015,12,1,112,493,,,Provincia Chasmensis,,50,,,,Fratres predicatores-Chasma,,9,,,,
5012,5016,12,1,112,493,2516,,Provincia Chasmensis,,50,,,,,Prebendar (prebendarius),4,,,,
5013,5017,12,1,112,472,,,Provincia Chasmensis,,50,,,,Župnik (plebanus),,9,,,,
5014,5018,12,1,110,493,,,Capitulum Chasmensis,,50,,,Dominus Capituli Chasmensis,Locumtenens,,1,,,,
5015,5019,12,1,110,493,,,Capitulum Chasmensis,,50,,,Dominus Capituli Chasmensis,Cantor-St. Crux,,2,,,,
5016,5020,12,1,110,493,2810,,Capitulum Chasmensis,,50,,,Dominus Capituli Chasmensis,Magister canonicus,,1,,,,
5017,5021,12,1,110,493,3376,,Capitulum Chasmensis,,50,,,Dominus Capituli Chasmensis,Magister,,1,,,,
5018,5022,12,1,110,493,4179,,Capitulum Chasmensis,,50,,,Dominus Capituli Chasmensis,Magister,,1,,,,
5019,5023,12,1,110,493,2852,,Capitulum Chasmensis,,50,,,Dominus Capituli Chasmensis,Magister,,1,,,,
5020,5024,12,1,110,493,1916,,Capitulum Chasmensis,,50,,,Dominus Capituli Chasmensis,Magister,,2,,,,
5021,5025,12,1,110,493,,,Capitulum Chasmensis,,50,,,Dominus Capituli Chasmensis,Magister organista,,1,,,,
5022,5026,12,1,110,493,3002,,Capitulum Chasmensis,,50,,,Dominus Capituli Chasmensis,Magister,,2,,,,
5023,5027,12,1,110,493,2078,,Capitulum Chasmensis,,50,,,Dominus Capituli Chasmensis,Magister,,1,,,,
5024,5028,12,1,110,493,,,Capitulum Chasmensis,,50,,,Dominus Capituli Chasmensis,Prepošt (prepositus),,4,,,,
5025,5029,12,1,110,493,3912,,Capitulum Chasmensis,,50,,,Dominus Capituli Chasmensis,Magister,,1,,,,
5026,5030,12,1,110,493,1933,,Capitulum Chasmensis,,50,,,Dominus Capituli Chasmensis,Magister,,2,,,,
5027,5031,12,1,110,1195,,,Capitulum Chasmensis,,50,,,Dominus,Biskup zagrebački (Episcopus Zagrabiensis)*,,22,,,,1
5028,5032,12,1,110,3842,,,Capitulum Chasmensis,,50,,,Dominus,Biskup zagrebački (Episcopus Zagrabiensis)*,,28,,,,1
5029,5033,12,1,110,493,,provincia,Capitulum Chasmensis,,50,,,,Nobiles unius sessionis in provincia Chasmensi,,118,,31,"pauperes , novici",
5030,5034,12,1,113,738,,oppidum,Provincia Dombrensis,,50,,,,,,77,,16,deserti,
5031,5035,12,1,113,975,649,,Provincia Dombrensis,,50,,,,,,4,,,,
5032,5036,12,1,113,73,487,,Provincia Dombrensis,,50,,,,,,12,,,,
5033,5037,12,1,113,1136,3822,,Provincia Dombrensis,,50,,,,,,4,,,,
5034,5038,12,1,113,1123,719,,Provincia Dombrensis,,50,,,,,,5,,,,
5035,5039,12,1,113,2757,,,Provincia Dombrensis,,50,,,,Fratres,,6,,,,
5036,5040,12,1,113,2029,516,,Provincia Dombrensis,,50,,,,,,1,,,,
5037,5041,12,1,113,2926,466,,Provincia Dombrensis,,50,,,,,,3,,,,
5038,5042,12,1,113,3280,647,,Provincia Dombrensis,,50,,,,,,3,,,,
5039,5043,12,1,113,1439,2666,,Provincia Dombrensis,,50,,,,,,1,,,,
5040,5044,12,1,113,1871,1916,,Provincia Dombrensis,,50,,,,,,1,,,,
5041,5045,12,1,113,281,1568,,Provincia Dombrensis,,50,,,,,,3,,,,
5042,5046,12,1,113,856,,,Provincia Dombrensis,,50,,,,Lector-Zagrabia,,5,,,,
5043,5047,12,1,113,473,,villicatus,Provincia Dombrensis,,50,,,,,,10,,,,
5044,5048,12,1,113,473,,provincia,Provincia Dombrensis,,50,,,Dominus,Biskup zagrebački (Episcopus Zagrabiensis)*,,12,,,,1
5045,5049,12,1,113,587,,villicatus,Provincia Dombrensis,,50,,,,,,19,,,,
5046,5050,12,1,113,1777,,,Provincia Dombrensis,,50,,,,Župnik (plebanus),,7,,,,
5047,5051,12,1,113,1497,,,Provincia Dombrensis,,50,,Relicta,,,,1,,,,
5048,5052,12,1,113,1232,643,,Provincia Dombrensis,,50,,,,,,4,,,,
5049,5053,12,1,113,2773,2078,,Provincia Dombrensis,,50,,,,,,2,,,,
5050,5054,12,1,113,1927,3594,,Provincia Dombrensis,,50,,,,,,5,,,,
5051,5055,12,1,113,516,,,Provincia Dombrensis,,50,,,,,,3,,,,
5052,5056,12,1,113,95,3002,,Provincia Dombrensis,,50,,,,,,3,,,,
5053,5057,12,1,113,1477,2078,,Provincia Dombrensis,,50,,,,,,2,,,,
5054,5058,12,1,113,3236,2078,,Provincia Dombrensis,,50,,,,,,7,,,,
5055,5059,12,1,113,3476,2078,,Provincia Dombrensis,,50,,,,,,3,,,,
5056,5060,12,1,113,853,,,Provincia Dombrensis,,50,,,Dominus,Biskup zagrebački (Episcopus Zagrabiensis)*,,8,,,,1
5057,5061,12,1,113,2387,3043,,Provincia Dombrensis,,50,,,,,,6,,,,
5058,5062,12,1,113,1927,317,,Provincia Dombrensis,,50,,,,,,6,,,,
5059,5063,12,1,113,918,1011,,Provincia Dombrensis,,50,,,,,,3,,,,
5060,5064,12,1,113,348,2660,,Provincia Dombrensis,,50,,,,,,7,,,,
5061,5065,12,1,113,348,2656,,Provincia Dombrensis,,50,,,,,,5,,,,
5062,5066,12,1,113,3393,2873,,Provincia Dombrensis,,50,,,,,,2,,,,
5063,5067,12,1,113,3393,4051,,Provincia Dombrensis,,50,,,,,,2,,,,
5064,5068,12,1,113,152,519,,Provincia Dombrensis,,50,,,,,,1,,,,
5065,5069,12,1,113,1026,398,,Provincia Dombrensis,,50,,,,,,4,,,,
5066,5070,12,1,113,1831,,,Provincia Dombrensis,,50,,,Dominus,Biskup zagrebački (Episcopus Zagrabiensis)*,,17,,,,1
5067,5071,12,1,113,1113,3626,,Provincia Dombrensis,,50,,,,,,2,,,,
5068,5072,12,1,113,1041,,,Provincia Dombrensis,,50,,,,Župnik (plebanus),,8,,,,
5069,5073,12,1,113,3243,113,,Provincia Dombrensis,,50,,Relicta,,,,4,,,,
5070,5074,12,1,113,1287,2529,,Provincia Dombrensis,,50,,,,,,6,,,,
5071,5075,12,1,113,2766,4160,,Provincia Dombrensis,,50,,,,,,4,,,,
5072,5076,12,1,113,2766,873,,Provincia Dombrensis,,50,,,,,,3,,,,
5073,5077,12,1,113,1041,2078,,Provincia Dombrensis,,50,,,,,,6,,,,
5074,5078,12,1,113,925,113,,Provincia Dombrensis,,50,,,,,,5,,,,
5075,5079,12,1,113,1558,3580,,Provincia Dombrensis,,50,,,,Judex nobilium,,29,,,,
5076,5080,12,1,113,3842,,,Provincia Dombrensis,,50,,,Dominus,Biskup zagrebački (Episcopus Zagrabiensis)*,,26,,,,1
5077,5081,12,1,113,2051,,,Provincia Dombrensis,,50,,,Dominus,Biskup zagrebački (Episcopus Zagrabiensis)*,,28,,,,1
5078,5082,12,1,113,740,,,Provincia Dombrensis,,50,,,Nobiles,Nobiles unius sessionis in provincia Dombrensi,,36,,,,
5079,5083,12,1,113,3569,82,,Provincia Dombrensis,,50,,Relicta,,,,41,,,,
5080,5084,12,1,113,3569,,,Provincia Dombrensis,,50,,,,Župnik (plebanus),,1,,,,
5081,5085,12,1,113,3569,,,Provincia Dombrensis,,50,,,,Prebendar (prebendarius),,1,,,,
5082,5086,12,1,113,3170,2139,,Provincia Dombrensis,,50,,,,,,31,,,,
5083,5087,12,1,113,3170,,,Provincia Dombrensis,,50,,,,Župnik (plebanus),,2,,,,
5084,5088,12,1,113,3170,,,Provincia Dombrensis,,50,,,,Prebendar (prebendarius),,2,,,,
5085,5089,12,1,113,437,2139,,Provincia Dombrensis,,50,,,,,,32,,,,
5086,5090,12,1,113,437,,,Provincia Dombrensis,,50,,,,Župnik (plebanus),,3,,,,
5087,5091,12,1,113,437,,,Provincia Dombrensis,,50,,,,Prebendar (prebendarius),,1,,,,
5088,5092,12,1,113,3706,1916,,Provincia Dombrensis,,50,,,,,,1,,,,
5089,5093,12,1,113,3372,2428,,Provincia Dombrensis,,50,,Relicta,,,,6,,,,
5090,5094,12,1,113,1128,733,,Provincia Dombrensis,,50,,,,,,2,,,,
5091,5095,12,1,113,1633,2734,,Provincia Dombrensis,,50,,,,Litteratus,,5,,,,
5092,5096,12,1,113,3390,586,,Provincia Dombrensis,,50,,,,,,1,,,,
5093,5097,12,1,113,3390,619,,Provincia Dombrensis,,50,,,,,,2,,,,
5094,5098,12,1,113,3316,3002,,Provincia Dombrensis,,50,,,,,,1,,,,
5095,5099,12,1,113,3316,2078,,Provincia Dombrensis,,50,,,,,,1,,,,
5096,5100,12,1,113,2758,,,Provincia Dombrensis,,50,,,,,,14,,,,
5097,5101,12,1,113,1909,3364,,Provincia Dombrensis,,50,,,,,,3,,,,
5098,5102,12,1,113,1909,,,Provincia Dombrensis,,50,,,,Župnik (plebanus),,2,,,,
5099,5103,12,1,113,1050,2199,,Provincia Dombrensis,,50,,,,,,6,,,,
5100,5104,12,1,113,1050,1282,,Provincia Dombrensis,,50,,,Domina,,Horwathynoych,1,,,,
5101,5105,12,1,113,3371,2439,,Provincia Dombrensis,,50,,,,,,1,,,,
5102,5106,12,1,113,3367,722,,Provincia Dombrensis,,50,,,,,,2,,,,
5103,5107,12,1,113,278,3516,,Provincia Dombrensis,,50,,,,,,2,,,,
5104,5108,12,1,90,3477,3237,,Mali kotar,,,,,,,,10,,,,
5105,5109,12,1,90,2740,3237,oppidum,Mali kotar,,,,,,,,10,,,,
5106,5110,12,1,90,2740,,,Mali kotar,,,,,,Župnik (plebanus),,3,,,,
5107,5111,12,1,90,2740,,,Mali kotar,,,,,,Prebendar (prebendarius),,1,,,,
5108,5112,12,1,90,2742,3237,,Mali kotar,,,,,,,,21,,,,
5109,5113,12,1,90,2741,3237,,Mali kotar,,,,,,,,20,,,,
5110,5114,12,1,90,1512,3237,villicatus,Mali kotar,,,,,,,,10,,,,
5111,5115,12,1,90,1512,3516,,Mali kotar,,,,,,,Rex (sedecima ad rationem Regie maiestatis),8,,,,
5112,5116,12,1,90,2918,57,,Mali kotar,,,,,Domini,,,4,,,,
5113,5117,12,1,90,1130,3500,,Mali kotar,,,,,,,,2,,,,
5114,5118,12,1,90,2307,3028,,Mali kotar,,,,,,,,2,,,,
5115,5119,12,1,90,1830,3185,,Mali kotar,,,,,,,,2,,,,
5116,5120,12,1,90,681,3516,,Mali kotar,,,,Relicta,,,,2,,,,
5117,5121,12,1,90,176,,,Mali kotar,,,,,,,,28,,,,
5118,5122,12,1,90,1512,3516,,Mali kotar,,,,,,,,18,,,,
5119,5123,12,1,90,2854,,,Mali kotar,,,,,,Župnik (plebanus),,2,,,,
5120,5124,12,1,90,2583,3641,,Mali kotar,,,,,,,,3,,,,
5121,5125,12,1,90,2583,,,Mali kotar,,,,,,Župnik (plebanus),,2,,,,
5122,5126,12,1,90,1980,3822,,Mali kotar,,,,,,,,1,,,,
5123,5127,12,1,90,1980,2873,,Mali kotar,,,,Relicta,,,,1,,,,
5124,5128,12,1,90,1980,3138,,Mali kotar,,,,,,,,1,,,,
5125,5129,12,1,90,1139,3754,,Mali kotar,,,,,,,,63,,,,
5126,5130,12,1,90,1139,,,Mali kotar,,,,,,Župnik (plebanus),,3,,,,
5127,5131,12,1,90,69,,,Mali kotar,,,,,,Abbas,,13,,,,
5128,5132,12,1,90,3708,3836,,Mali kotar,,,,,,,,15,,,,
5129,5133,12,1,90,3708,1362,,Mali kotar,,,,Relicta,,,,16,,,,
5130,5134,12,1,90,635,1362,,Mali kotar,,,,Relicta,,,,21,,,,
5131,5135,12,1,90,635,,,Mali kotar,,,,,,Župnik (plebanus),,1,,,,
5132,5136,12,1,90,633,,,Mali kotar,,,,,,,,9,,,,
5133,5137,12,1,90,620,2224,,Mali kotar,,,,,,,,15,,,,
5134,5138,12,1,90,1841,588,,Mali kotar,,,,Relicta,,,,40,,,,
5135,5139,12,1,90,1843,,,Mali kotar,,,,,,,,86,,,,
5136,5140,12,1,90,1842,,,Mali kotar,,,,,,,,77,,,,
5137,5141,12,1,90,1419,348,,Mali kotar,,,,,,,,15,,,,
5138,5142,12,1,90,127,3762,,Mali kotar,,,,,,,,127,,,,
5139,5143,12,1,90,127,2683,,Mali kotar,,,,,,,,61,,,,
5140,5144,12,1,90,608,2423,,Mali kotar,,,,,,,,15,,,,
5141,5145,12,1,90,354,712,,Mali kotar,,,,,,,,1,,,,
5142,5146,12,1,90,2733,731,,Mali kotar,,,,,,,,1,,,,
5143,5147,12,1,90,2733,2712,,Mali kotar,,,,Relicta,,,,59,,,,
5144,5148,12,1,90,2733,3839,,Mali kotar,,,,,,,,30,,,,
5145,5149,12,1,90,2733,,,Mali kotar,,,,,,Župnik (plebanus),,1,,,,
5146,5150,12,1,90,2852,,,Mali kotar,,,,,,Župnik (plebanus),,1,,,,
5147,5151,12,1,90,957,,,Mali kotar,,,,,,Župnik (plebanus)-Capronca,,13,,,,
5148,5152,12,1,90,2728,244,,Mali kotar,,,,Relicta,,,,13,,,,
5149,5153,12,1,90,829,2605,,Mali kotar,,,,,,,,5,,,,
5150,5154,12,1,90,829,1245,,Mali kotar,,,,Relicta,,,,2,,,,
5151,5155,12,1,90,829,489,,Mali kotar,,,,Relicta,,,,1,,,,
5152,5156,12,1,90,829,479,,Mali kotar,,,,Relicta,,,,1,,,,
5153,5157,12,1,90,831,2114,,Mali kotar,,,,,,,,2,,,,
5154,5158,12,1,90,831,250,,Mali kotar,,,,,,,,1,,,,
5155,5159,12,1,90,831,1024,,Mali kotar,,,,,,,,1,,,,
5156,5160,12,1,90,831,1914,,Mali kotar,,,,,,,,1,,,,
5157,5161,12,1,90,3719,2712,,Mali kotar,,,,Relicta,,,,9,,,,
5158,5162,12,1,90,2543,2873,,Mali kotar,,,,,,Kramar (institor),,2,,,,
5159,5163,12,1,90,3719,3754,,Mali kotar,,,,,,,,12,,,,
5160,5164,12,1,90,3719,2224,,Mali kotar,,,,,,,,12,,,,
5161,5165,12,1,90,727,2037,,Mali kotar,,,,,,,,6,,,,
5162,5166,12,1,90,727,2095,,Mali kotar,,,,,,,,2,,,,
5163,5167,12,1,90,332,,,Mali kotar,,,,,,Kaptol čazmanski (Capitulum Chasmense),,16,,,,
5164,5168,12,1,90,332,3185,,Mali kotar,,,,,,Prebendar (prebendarius),,1,,,,
5165,5169,12,1,90,1384,2864,,Mali kotar,,,,,,,,9,,,,
5166,5170,12,1,90,1384,1416,,Mali kotar,,,,,,,,2,,,,
5167,5171,12,1,90,660,,,Mali kotar,,,,,,,,16,,,,
5168,5172,12,1,90,1317,805,,Mali kotar,,,,,,,,1,,,,
5169,5173,12,1,90,1298,321,,Mali kotar,,,,Relicta,,,,9,,,,
5170,5174,12,1,90,105,2224,,Mali kotar,,,,,,,,10,,,,
5171,5175,12,1,90,2553,,,Mali kotar,,,,,,Župnik (plebanus)-Capronca,,10,,,,
5172,5176,12,1,90,1375,1666,,Mali kotar,,,,,,,,2,,,,
5173,5177,12,1,90,551,3043,,Mali kotar,,,,Relicta,,,,2,,,,
5174,5178,12,1,90,1082,1568,,Mali kotar,,,,,,,,3,,,,
5175,5179,12,1,90,609,,,Mali kotar,,,,,,,,5,,3,novi fundi,
5176,5180,12,1,90,2350,,,Mali kotar,,,,,,,,27,,,,
5177,5181,12,1,90,3467,,,Mali kotar,,,,,,,,41,,,,
5178,5182,12,1,90,343,,,Mali kotar,,,,,,,,7,,,,
5179,5183,12,1,90,3642,,,Mali kotar,,,,,,,,34,,,,
5180,5184,12,1,90,2352,,,Mali kotar,,,,,,,,81,,,,
5181,5185,12,1,90,1423,2002,,Mali kotar,,,,,Dominus,,,64,,,,
5182,5186,12,1,90,2049,,,Mali kotar,,,,,,,,5,,,,
5183,5187,12,1,90,2049,1388,,Mali kotar,,,,,,,,2,,,,
5184,5188,12,1,90,3030,2539,,Mali kotar,,,,,,,,10,,,,
5185,5189,12,1,90,3030,1568,,Mali kotar,,,,,,,,2,,,,
5186,5190,12,1,90,179,2395,,Mali kotar,,,,,,,,21,,,,
5187,5191,12,1,90,3031,744,,Mali kotar,,,,,,,Mathias,2,,,,
5188,5192,12,1,90,1904,2943,,Mali kotar,,,,,,,,1,,,,
5189,5193,12,1,90,1904,757,,Mali kotar,,,,,,,,4,,,,
5190,5194,12,1,90,231,3014,,Mali kotar,,,,,,,,2,,,,
5191,5195,12,1,90,3619,,oppidum,Mali kotar,,,,,,Biskup zagrebački (Episcopus Zagrabiensis),,34,,,,
5192,5196,12,1,90,3635,,,Mali kotar,,,,,,,,19,,,,
5193,5197,12,1,90,3619,,villicatus,Mali kotar,,,,,,Biskup zagrebački (Episcopus Zagrabiensis),,47,,,,
5194,5198,12,1,90,3619,,,Mali kotar,,,,,,Župnik (plebanus),,2,,,,
5195,5199,12,1,90,73,3670,,Mali kotar,,,,,,,,2,,,,
5196,5200,12,1,90,2611,2002,,Mali kotar,,,,,Dominus,,,75,,,,
5197,5201,12,1,90,3770,2002,,Mali kotar,,,,,Dominus,,,37,,,,
5198,5202,12,1,90,3814,2002,,Mali kotar,,,,,Dominus,,,87,,,,
5199,5203,12,1,90,2196,2002,,Mali kotar,,,,,Dominus,,,11,,,,
5200,5204,12,1,90,3640,2002,,Mali kotar,,,,,Dominus,,,18,,,,
5201,5205,12,1,90,3609,,oppidum,Mali kotar,,,,,,,,31,,,,
5202,5206,12,1,90,3609,,,Mali kotar,,,,,,"Župnici (plebani)-St.Georgius, St. Paulus",,10,,,,
5203,5207,12,1,90,980,2002,,Mali kotar,,,,,Dominus,,,21,,,,
5204,5208,12,1,90,3844,2002,,Mali kotar,,,,,Dominus,,,20,,,,
5205,5209,12,1,90,1161,2002,,Mali kotar,,,,,Dominus,,,17,,,,
5206,5210,12,1,90,1335,2002,,Mali kotar,,,,,Dominus,,,20,,,,
5207,5211,12,1,90,2057,2002,,Mali kotar,,,,,Dominus,,,28,,,,
5208,5212,12,1,90,2617,2002,oppidum,Mali kotar,,,,,Dominus,,,118,,,,
5209,5213,12,1,90,1805,2002,,Mali kotar,,,,,Dominus,,,11,,,,
5210,5214,12,1,90,3814,,,Mali kotar,,,,,,Župnik (plebanus),,6,,,,
5211,5215,12,1,90,3844,,,Mali kotar,,,,,,Župnik (plebanus),,1,,,,
5212,5216,12,1,90,2268,,,Mali kotar,,,,,,Rector,,1,,,,
5213,5217,12,1,90,3814,3822,,Mali kotar,,,,,,Prebendar (prebendarius)-Prodauiz,,1,,,,
5214,5218,12,1,90,1250,946,,Mali kotar,,,,Relicta,,,,1,,,,
5215,5219,12,1,90,2855,,,Mali kotar,,,,,,Prebenda (prebenda),,12,,,,
5216,5220,12,1,90,987,,,Mali kotar,,,,,,Župnik (plebanus),,3,,,,
5217,5221,12,1,90,2616,3437,,Mali kotar,,,,,,Prebendar (prebendarius),,1,,,,
5218,5222,12,1,90,607,3822,,Mali kotar,,,,,,Prebendar (prebendarius),,1,,,,
5219,5223,12,1,90,2837,,,Mali kotar,,,,,,Župnik (plebanus),,2,,1,novi fundi,
5220,5224,12,1,90,1259,2444,,Mali kotar,,,,,,,,2,,,,
5221,5225,12,1,90,3766,,,Mali kotar,,,,,,Župnik (plebanus),,2,,,,
5222,5226,12,1,90,1065,1568,,Mali kotar,,,,,,Magister,,5,,,,
5223,5227,12,1,90,76,2591,,Mali kotar,,,,,,,,3,,,,
5224,5228,12,1,90,1056,2002,,Mali kotar,,,,,Dominus,,,5,,,,
5225,5229,12,1,90,1916,790,,Mali kotar,,,,,,,,3,,,,
5226,5230,12,1,90,137,1342,,Mali kotar,,,,,,,,1,,,,
5227,5231,12,1,90,137,3991,,Mali kotar,,,,,,,,1,,,,
5228,5232,12,1,90,137,2408,,Mali kotar,,,,,,,,1,,,,
5229,5233,12,1,90,949,2408,praedium,Mali kotar,,,,,,Predialis (predijalac),,3,,,,
5230,5234,12,1,90,3464,3123,,Mali kotar,,,,,,,,3,,,,
5231,5235,12,1,90,469,40,,Mali kotar,,,,,,,,1,,,,
5232,5236,12,1,90,2925,4051,,Mali kotar,,,,,,Litteratus,,3,,,,
5233,5237,12,1,90,3813,3237,,Mali kotar,,,,,,,,18,,,,
5234,5238,12,1,90,3813,,,Mali kotar,,,,,,Župnik (plebanus),,4,,,,
5235,5239,12,1,90,3813,,,Mali kotar,,,,,,Eremiti (Fratres heremitae),,27,,,,
5236,5240,12,1,90,3088,2529,,Mali kotar,,,,Relicta,,,,1,,,,
5237,5241,12,1,90,917,3822,,Mali kotar,,,,,,,,2,,,,
5238,5242,12,1,90,2066,2529,,Mali kotar,,,,,,Litteratus,,3,,,,
5239,5243,12,1,90,2066,790,,Mali kotar,,,,,,,,1,,,,
5240,5244,12,1,90,22,,,Mali kotar,,,,,,Biskup kninski (Episcopus Thiniensis),,15,,,,
5241,5245,12,1,90,22,2145,,Mali kotar,,,,,,,,7,,,,
5242,5246,12,1,90,1061,2156,,Mali kotar,,,,,,,,4,,,,
5243,5247,12,1,90,3711,,,Mali kotar,,,,,,Kaptol čazmanski (Capitulum Chasmense),,42,,,,
5244,5248,12,1,90,3711,,,Mali kotar,,,,,,Župnik (plebanus),,2,,,,
5245,5249,12,1,90,2340,,,Mali kotar,,,,,,Župnik (plebanus),,9,,,,
5246,5250,12,1,90,870,2602,,Mali kotar,,,,,,,,10,,,,
5247,5251,12,1,90,870,1568,,Mali kotar,,,,,,Magister,,13,,,,
5248,5252,12,1,90,870,244,,Mali kotar,,,,Relicta,,,,20,,,,
5249,5253,12,1,90,1450,2323,,Mali kotar,,,,,,,,5,,,,
5250,5254,12,1,90,1450,3438,,Mali kotar,,,,,,,,3,,,,
5251,5255,12,1,90,1450,2146,,Mali kotar,,,,,,,,4,,,,
5252,5256,12,1,90,3632,2632,,Mali kotar,,,,,,,,6,,,,
5253,5257,12,1,90,3630,704,,Mali kotar,,,,,,,,4,,,,
5254,5258,12,1,90,2470,3796,,Mali kotar,,,,,,,,4,,,,
5255,5259,12,1,90,2112,3694,,Mali kotar,,,,,,,,2,,,,
5256,5260,12,1,90,470,2529,,Mali kotar,,,,,,,,7,,,,
5257,5261,12,1,90,832,3717,,Mali kotar,,,,,,,,6,,,,
5258,5262,12,1,90,3228,3999,,Mali kotar,,,,,,,,1,,,,
5259,5263,12,1,90,2397,1608,,Mali kotar,,,,,,,,12,,,,
5260,5264,12,1,90,3659,2223,,Mali kotar,,,,,,,,6,,,,
5261,5265,12,1,90,3229,3410,,Mali kotar,,,,,,,,6,,,,
5262,5266,12,1,90,605,1260,,Mali kotar,,,,,,,,4,,,,
5263,5267,12,1,90,605,3143,,Mali kotar,,,,,,,,2,,,,
5264,5268,12,1,90,1543,4051,,Mali kotar,,,,,,Litteratus,,5,,,,
5265,5269,12,1,90,1543,1029,,Mali kotar,,,,,,,,1,,,,
5266,5270,12,1,90,769,2108,,Mali kotar,,,,,,,,3,,,,
5267,5271,12,1,90,769,2236,,Mali kotar,,,,,,,,6,,,,
5268,5272,12,1,90,1543,1998,,Mali kotar,,,,,,,,2,,,,
5269,5273,12,1,90,2112,1667,,Mali kotar,,,,,,,,1,,,,
5270,5274,12,1,90,1926,3437,,Mali kotar,,,,,,Litteratus,,6,,,,
5271,5275,12,1,90,976,2367,,Mali kotar,,,,,,,,5,,,,
5272,5276,12,1,90,976,2453,,Mali kotar,,,,,,,,3,,,,
5273,5277,12,1,90,976,2498,,Mali kotar,,,,,,,,2,,,,
5274,5278,12,1,90,3233,687,,Mali kotar,,,,,,,,2,,,,
5275,5279,12,1,90,2112,2376,,Mali kotar,,,,,,,,1,,,,
5276,5280,12,1,90,2029,148,,Mali kotar,,,,,,Prebendar (prebendarius),,0,,,,
5277,5281,12,1,90,2112,2590,,Mali kotar,,,,,,,,2,,,,
5278,5282,12,1,90,3658,1295,,Mali kotar,,,,,,Litteratus,,5,,,,
5279,5283,12,1,90,2851,,,Mali kotar,,,,,,Župnik (plebanus)-St. Benedictus,,4,,,,
5280,5284,12,1,90,820,3185,,Mali kotar,,,,,,,,1,,,,
5281,5285,12,1,90,2110,2650,,Mali kotar,,,,,,,,7,,,,
5282,5286,12,1,90,2110,2229,,Mali kotar,,,,,,,,2,,,,
5283,5287,12,1,90,2110,3619,,Mali kotar,,,,,,,,2,,,,
5284,5288,12,1,90,2112,3453,,Mali kotar,,,,,,,,1,,,,
5285,5289,12,1,90,2112,3354,,Mali kotar,,,,,,,,3,,,,
5286,5290,12,1,90,2112,957,,Mali kotar,,,,,,,,1,,,,
5287,5291,12,1,90,2112,1876,,Mali kotar,,,,,,,,1,,,,
5288,5292,12,1,90,2112,646,,Mali kotar,,,,Relicta,,,,4,,,,
5289,5293,12,1,90,2112,4010,,Mali kotar,,,,,,,,1,,,,
5290,5294,12,1,90,2112,195,,Mali kotar,,,,Relicta,,,,2,,,,
5291,5295,12,1,90,2112,3553,,Mali kotar,,,,Relicta,,,,2,,,,
5292,5296,12,1,90,2112,3846,,Mali kotar,,,,,,,,1,,,,
5293,5297,12,1,90,90,2934,,Mali kotar,,,,,,,,2,,,,
5294,5298,12,1,90,1100,3822,,Mali kotar,,,,,,,Recepit Petrus Horwathynoych ad rationem domini bani,80,,,,
5295,5299,12,1,90,2113,2550,,Mali kotar,,,,,,,,10,,,,
5296,5300,12,1,90,1450,3125,,Mali kotar,,,,,,Judex nobilium,,5,,,,
5297,5301,12,1,90,2112,809,,Mali kotar,,,,,,,,1,,,,
5298,5302,12,1,90,2112,,,Mali kotar,,,,,,Župnik (plebanus),,1,,,,
5299,5303,12,1,90,2112,4019,,Mali kotar,,,,,,,,1,,,,
5300,5304,12,1,90,365,2423,,Mali kotar,,,,,,,,22,,,,
5301,5305,12,1,90,325,3636,,Mali kotar,,,,,,,,6,,,,
5302,5306,12,1,90,432,3185,,Mali kotar,,,,,,,,1,,,,
5303,5307,12,1,90,1981,680,,Mali kotar,,,,,,,,5,,,,
5304,5308,12,1,90,1981,2222,,Mali kotar,,,,,,,,1,,,,
5305,5309,12,3,29,691,883,,,,50,,,,,,16,,,,1
5306,5310,12,3,29,691,2494,,,,50,,,,,,14,,3,desolatus,1
5307,5311,12,3,29,3605,3305,,,,50,,,,,,3,,,,1
5308,5312,12,3,29,3605,1582,,,,50,,,Dominus,,,10,,2,desolatus,1
5309,5313,12,3,29,3605,3186,,,,50,,Relicta,,,,6,,,,1
5310,5314,12,3,29,3475,4252,,,,50,,,,,,4,,,,1
5311,5315,12,3,29,328,2660,,,,50,,,Dominus dux,,,8,,,,1
5312,5316,12,3,29,328,,,,,50,,,,Župnik (plebanus),,1,,,,1
5313,5317,12,3,29,68,,,,,50,,,Dominus,Biskup zagrebački (Episcopus Zagrabiensis),,15,,,,1
5314,5318,12,3,29,68,,,,,50,,,,Župnik (plebanus),,1,,,,1
5315,5319,12,3,29,2449,2248,,,,50,,,,,,1,,,,1
5316,5320,12,3,29,2449,3461,,,,50,,,,,,3,,,,1
5317,5321,12,3,29,2449,1380,,,,50,,,,,,3,,,,1
5318,5322,12,3,29,2449,1308,,,,50,,,,,,1,,,,1
5319,5323,12,3,29,2563,1458,,,,50,,,,,,4,,,,1
5320,5324,12,3,29,2563,3024,,,,50,,,,,,2,,,,1
5321,5325,12,3,29,2320,853,,,,50,,,,,,3,,,,1
5322,5326,12,3,29,2320,1764,,,,50,,,,,,4,,,,1
5323,5327,12,3,29,2309,3928,,,,50,,,,,,2,,,,1
5324,5328,12,3,29,3269,1363,,,,50,,,,,,3,,,,1
5325,5329,12,3,29,3267,2900,,,,50,,,,,,2,,,,1
5326,5330,12,3,29,3267,2901,,,,50,,,,,,3,,,,1
5327,5331,12,3,29,3268,4180,,,,50,,Relicta,,,,2,,,,1
5328,5332,12,3,29,3267,2514,,,,50,,,,,,1,,,,1
5329,5333,12,3,29,3267,1681,,,,50,,,,,,2,,,,1
5330,5334,12,3,29,3267,2309,,,,50,,Relicta,,,,4,,,,1
5331,5335,12,3,29,3267,3312,,,,50,,,,,,1,,,,1
5332,5336,12,3,29,2449,,,,,50,,,,Fratres St. Anne,,2,,,,1
5333,5337,12,3,29,588,2660,,,,50,,,Dominus dux,,,12,,,,1
5334,5338,12,3,29,369,,,,,50,,,,Fratres St. Anne,,5,,,,1
5335,5339,12,3,29,1222,1413,,,,50,,,,,,11,,,,1
5336,5340,12,3,29,1222,3187,,,,50,,Relicta,,,,5,,,,1
5337,5341,12,3,29,1222,3307,,,,50,,,,,,5,,,,1
5338,5342,12,3,29,2922,2078,,,,50,,,,Litteratus,,4,,,,1
5339,5343,12,3,29,2922,2248,,,,50,,,,,,2,,,,1
5340,5344,12,3,29,2922,1448,,,,50,,,,,,5,,,,1
5341,5345,12,3,29,2922,1308,,,,50,,,,,,2,,,,1
5342,5346,12,3,29,2922,1309,,,,50,,,,,,1,,,,1
5343,5347,12,3,29,522,3405,,,,50,,,,,,2,,,,1
5344,5348,12,3,29,1525,2659,,,,50,,,Dominus dux,,,78,,,,1
5345,5349,12,3,29,1516,,,,,50,,,,Župnik (plebanus),,2,,,,1
5346,5350,12,3,29,2435,,,,,50,,,,Fratres St. Anne,,2,,,,1
5347,5351,12,3,29,1518,,,,,50,,,,Župnik (plebanus),,12,,,,1
5348,5352,12,3,29,1449,3240,,,,50,,,,,,1,,,,1
5349,5353,12,3,29,1449,338,,,,50,,Relicta,,,,1,,,,1
5350,5354,12,3,29,1449,3779,,,,50,,,,,,1,,,,1
5351,5355,12,3,29,912,2202,,,,50,,,,,,8,,,,1
5352,5356,12,3,29,3014,2095,,,,50,,,Dominus,,,32,,8,desolatus,1
5353,5357,12,3,29,3014,2038,,,,50,,,Dominus,,,17,,,,1
5354,5358,12,3,29,2115,838,,,,50,,,,,,2,,,,1
5355,5359,12,3,29,1876,2038,,,,50,,,Dominus,,,5,,,,1
5356,5360,12,3,29,1876,,,,,50,,,,Magister hospitalis de Werewcze,,5,,,,1
5357,5361,12,3,29,2435,,,,,50,,,,Eremiti (Fratres heremitae) St. Benedicti,,5,,,,1
5358,5362,12,3,29,20,,,,,50,,,,Župnik (plebanus),,5,,,,1
5359,5363,12,3,29,20,2660,,,,50,,,Dominus dux,,,50,,,,1
5360,5364,12,3,29,3531,1252,,,,50,,,,,,48,,,,1
5361,5365,12,3,29,3531,,,,,50,,,,Župnik (plebanus),,2,,,,1
5362,5366,12,3,29,3676,1433,,,,50,,,,,,3,,,,1
5363,5367,12,3,29,3676,1342,,,,50,,Filius-Petrus Horwath,,,,1,,,,1
5364,5368,12,3,29,868,2659,,,,50,,,Dominus dux,,,7,,,,1
5365,5369,12,3,29,1700,3570,,,,50,,,,,,5,,,,1
5366,5370,12,3,29,1700,934,,,,50,,,,,,5,,,,1
5367,5371,12,3,29,2120,2529,,,,50,,,,,,4,,,,1
5368,5372,12,3,29,3305,2925,,,,50,,,,,,1,,,,1
5369,5373,12,3,29,3305,2243,,,,50,,,,Judex nobilium,,6,,,,1
5370,5374,12,3,29,2327,2078,,,,50,,,,"Litteratus, dicator",,1,,,,1
5371,5375,12,3,29,2149,837,,,,50,,,,,,1,,,,1
5372,5376,12,3,29,2149,3647,,,,50,,,,Judex nobilium,,6,,,,1
5373,5377,12,3,29,2149,2287,,,,50,,Relicta,,,,1,,,,1
5374,5378,12,3,29,3225,,oppidum,,,50,,,,Fratres predicatores,,12,,,,1
5375,5379,12,3,29,3225,,oppidum,,,50,,,,Fratres St. Francisci,,10,,,,1
5376,5380,12,3,29,704,2038,,,,50,,,Dominus,,,4,,,,1
5377,5381,12,3,29,3222,2038,oppidum,,,50,,,Dominus,,,50,,,,1
5378,5382,12,3,29,3224,2096,,,,50,,,Dominus,,,45,,,,1
5379,5383,12,3,29,408,2038,,,,50,,,Dominus,,,14,,,,1
5380,5384,12,3,29,408,,,,,50,,,,Župnik (plebanus),,2,,,,1
5381,5385,12,3,29,3222,2096,provincia,,,50,,,Dominus,,,40,,,,1
5382,5386,12,3,29,3222,2038,provincia,,,50,,,Dominus,,,50,,,,1
5383,5387,12,3,29,393,,,,,50,,,Dominus,Župnik (plebanus)-Virovitica,,1,,,,1
5384,5389,13,1,50,2518,801,,,1,,na posjedima pristaša kralja Ferdinada u kraljevini Slavoniji,,,,,7,,,,
5385,5390,13,1,50,3213,1540,,,1,,na posjedima pristaša kralja Ferdinada u kraljevini Slavoniji,,,,,10,,,,
5386,5391,13,1,50,795,2301,,,1,,na posjedima pristaša kralja Ferdinada u kraljevini Slavoniji,,,,,7,,,,
5387,5392,13,1,50,2097,1513,,,1,,na posjedima pristaša kralja Ferdinada u kraljevini Slavoniji,,,,,5,,,,
5388,5393,13,1,50,2779,497,,,1,,na posjedima pristaša kralja Ferdinada u kraljevini Slavoniji,,,,,31,,,,
5389,5394,13,1,50,804,3633,,,1,,na posjedima pristaša kralja Ferdinada u kraljevini Slavoniji,,,,,1,,,,
5390,5395,13,1,50,170,2078,,,1,,na posjedima pristaša kralja Ferdinada u kraljevini Slavoniji,,,,,1,,,,
5391,5396,13,1,50,170,3222,,,1,,na posjedima pristaša kralja Ferdinada u kraljevini Slavoniji,,,,,2,,,,
5392,5397,13,1,50,170,1156,,,1,,na posjedima pristaša kralja Ferdinada u kraljevini Slavoniji,,,,,2,,,,
5393,5398,13,1,50,170,1272,,,1,,na posjedima pristaša kralja Ferdinada u kraljevini Slavoniji,,Domina,,,2,,,,
5394,5399,13,1,50,170,2078,,,1,,na posjedima pristaša kralja Ferdinada u kraljevini Slavoniji,,,,,2,,,,
5395,5400,13,1,50,170,3002,,,1,,na posjedima pristaša kralja Ferdinada u kraljevini Slavoniji,,,,,2,,,,
5396,5401,13,1,50,170,838,,,1,,na posjedima pristaša kralja Ferdinada u kraljevini Slavoniji,,,,,3,,,,
5397,5402,13,1,50,170,3749,,,1,,na posjedima pristaša kralja Ferdinada u kraljevini Slavoniji,Relicta,,,,1,,,,
5398,5403,13,1,50,2602,497,,,1,,na posjedima pristaša kralja Ferdinada u kraljevini Slavoniji,,,,,14,,,,
5399,5404,13,1,50,2602,4018,,,1,,na posjedima pristaša kralja Ferdinada u kraljevini Slavoniji,,,,,2,,,,
5400,5405,13,1,50,845,624,,,1,,na posjedima pristaša kralja Ferdinada u kraljevini Slavoniji,,,,,1,,,,
5401,5406,13,1,50,2752,,,,1,,na posjedima pristaša kralja Ferdinada u kraljevini Slavoniji,,,Župnik (plebanus),,2,,,,
5402,5407,13,1,50,1703,869,,,1,,na posjedima pristaša kralja Ferdinada u kraljevini Slavoniji,,,,,18,,,,
5403,5408,13,1,50,2601,1428,,,1,,na posjedima pristaša kralja Ferdinada u kraljevini Slavoniji,,,,,1,,,,
5404,5409,13,1,50,2601,234,,,1,,na posjedima pristaša kralja Ferdinada u kraljevini Slavoniji,,,,,1,,,,
5405,5410,13,1,50,2307,1524,,,1,,na posjedima pristaša kralja Ferdinada u kraljevini Slavoniji,,,,,4,,,,
5406,5411,13,1,50,624,,,,1,,na posjedima pristaša kralja Ferdinada u kraljevini Slavoniji,,,,,10,,,"combusta,sed in combustis sunt",
5407,5412,13,1,50,3371,3185,,,1,,na posjedima pristaša kralja Ferdinada u kraljevini Slavoniji,,,,,5,,,,
5408,5413,13,1,50,3706,1916,,,1,,na posjedima pristaša kralja Ferdinada u kraljevini Slavoniji,,,,,2,,,,
5409,5414,13,1,50,3390,1342,,,1,,na posjedima pristaša kralja Ferdinada u kraljevini Slavoniji,,,,,3,,,,
5410,5415,13,1,50,2664,266,,,1,,na posjedima pristaša kralja Ferdinada u kraljevini Slavoniji,Relicta,,,,4,,,,
5411,5416,13,1,50,1050,3260,,,1,,na posjedima pristaša kralja Ferdinada u kraljevini Slavoniji,,,,,3,,,,
5412,5417,13,1,50,1999,2571,,,1,,na posjedima pristaša kralja Ferdinada u kraljevini Slavoniji,,,,,2,,,,
5413,5418,13,1,54,2007,2572,,,1,,na posjedima pristaša kralja Ferdinada u kraljevini Slavoniji,,,,,0,,,,
5414,5419,13,1,54,787,3903,,,1,,na posjedima pristaša kralja Ferdinada u kraljevini Slavoniji,,,,,28,,,,
5415,5420,13,1,54,454,2139,,,1,,na posjedima pristaša kralja Ferdinada u kraljevini Slavoniji,,Egregius dominus,,,14,,,,
5416,5421,13,1,54,3365,2140,,,1,,na posjedima pristaša kralja Ferdinada u kraljevini Slavoniji,,Egregius dominus,,,13,,,,1
5417,5422,13,1,54,1676,2710,,,1,,na posjedima pristaša kralja Ferdinada u kraljevini Slavoniji,,Dominus,,,0,,,,
5418,5423,13,1,53,656,2709,,,1,,na posjedima pristaša kralja Ferdinada u kraljevini Slavoniji,,,,,0,,,,
5419,5424,13,1,53,3554,1297,,,1,,na posjedima pristaša kralja Ferdinada u kraljevini Slavoniji,,,,,0,,,,
5420,5425,13,1,53,2562,2716,,,1,,na posjedima pristaša kralja Ferdinada u kraljevini Slavoniji,,Dominus,,,0,,,,
5421,5426,13,1,53,2274,,,,1,,na posjedima pristaša kralja Ferdinada u kraljevini Slavoniji,,,Abbas,,0,,,,
5422,5427,13,1,53,337,255,,,1,,na posjedima pristaša kralja Ferdinada u kraljevini Slavoniji,,,,,0,,,,
5423,5428,13,1,52,2602,666,,,1,,na posjedima pristaša kralja Ferdinada u kraljevini Slavoniji,Relicta,Domina,,,8,,,,
5424,5429,13,1,52,2790,,,,1,,na posjedima pristaša kralja Ferdinada u kraljevini Slavoniji,,,,,18,,,,
5425,5430,13,1,52,2787,,,,1,,na posjedima pristaša kralja Ferdinada u kraljevini Slavoniji,,,,,63,,,,
5426,5431,13,1,52,2779,,,,1,,na posjedima pristaša kralja Ferdinada u kraljevini Slavoniji,,,Župnik (plebanus),,0,,,,
5427,5432,13,1,52,3345,,,,1,,na posjedima pristaša kralja Ferdinada u kraljevini Slavoniji,,,,,92,,,,
5428,5433,13,1,52,3343,,provincia,,1,,na posjedima pristaša kralja Ferdinada u kraljevini Slavoniji,,,,,55,,,,
5429,5434,13,1,52,3343,,,,1,,na posjedima pristaša kralja Ferdinada u kraljevini Slavoniji,,,Župnik (plebanus),,16,,,,
5430,5435,13,1,52,3343,366,,,1,,na posjedima pristaša kralja Ferdinada u kraljevini Slavoniji,,,,,2,,,,
5431,5436,13,1,52,3343,283,,,1,,na posjedima pristaša kralja Ferdinada u kraljevini Slavoniji,,,,,1,,,,
5432,5437,13,1,51,359,2079,,,1,,na posjedima pristaša kralja Ferdinada u kraljevini Slavoniji,,Egregius dominus,,,0,,,,
5433,5438,13,1,51,1409,2079,,,1,,na posjedima pristaša kralja Ferdinada u kraljevini Slavoniji,,Egregius dominus,,,0,,,,
5434,5439,13,1,51,1081,2079,,,1,,na posjedima pristaša kralja Ferdinada u kraljevini Slavoniji,,Egregius dominus,,,0,,,,
5435,5440,13,1,51,2657,2079,,,1,,na posjedima pristaša kralja Ferdinada u kraljevini Slavoniji,,Egregius dominus,,,0,,,,
5436,5441,13,1,51,1120,2079,,,1,,na posjedima pristaša kralja Ferdinada u kraljevini Slavoniji,,Egregius dominus,,,0,,,,
5437,5442,13,1,51,2421,2079,,,1,,na posjedima pristaša kralja Ferdinada u kraljevini Slavoniji,,Egregius dominus,,,0,,,,
5438,5443,13,1,51,1834,2079,,,1,,na posjedima pristaša kralja Ferdinada u kraljevini Slavoniji,,Egregius dominus,,,0,,,,
5439,5444,13,1,51,359,,,,1,,na posjedima pristaša kralja Ferdinada u kraljevini Slavoniji,,,Župnik (plebanus),,0,,,,
5440,5445,13,1,94,938,1419,,,1,,na posjedima pristaša kralja Ferdinada u kraljevini Slavoniji,,,,,11,,,,
5441,5446,13,1,94,938,4004,,,1,,na posjedima pristaša kralja Ferdinada u kraljevini Slavoniji,,,,,2,,,,
5442,5447,13,1,94,175,1916,,,1,,na posjedima pristaša kralja Ferdinada u kraljevini Slavoniji,,,,,1,,,,
5443,5448,13,1,94,3070,4051,,,1,,na posjedima pristaša kralja Ferdinada u kraljevini Slavoniji,,,,,1,,,,
5444,5449,13,1,94,3070,459,,,1,,na posjedima pristaša kralja Ferdinada u kraljevini Slavoniji,,,,,1,,,,
5445,5450,13,1,94,3323,3962,,,1,,na posjedima pristaša kralja Ferdinada u kraljevini Slavoniji,,,,Andreas Zeldych,1,,,,
5446,5451,13,1,94,2119,2734,,,1,,na posjedima pristaša kralja Ferdinada u kraljevini Slavoniji,Filia,,,,3,,,,
5447,5452,13,1,94,3560,1397,,,1,,na posjedima pristaša kralja Ferdinada u kraljevini Slavoniji,,,,,4,,,,
5448,5453,13,1,94,3560,1414,,,1,,na posjedima pristaša kralja Ferdinada u kraljevini Slavoniji,,,,,21,,,,
5449,5454,13,1,94,3560,3739,,,1,,na posjedima pristaša kralja Ferdinada u kraljevini Slavoniji,,Domina,,,17,,,,
5450,5455,13,1,94,3560,2792,,,1,,na posjedima pristaša kralja Ferdinada u kraljevini Slavoniji,,Domina,,,20,,,,
5451,5456,13,1,94,2119,2689,,,1,,na posjedima pristaša kralja Ferdinada u kraljevini Slavoniji,,,,,4,,,,
5452,5457,13,1,94,2119,946,,,1,,na posjedima pristaša kralja Ferdinada u kraljevini Slavoniji,,,,,4,,,,
5453,5458,13,1,94,2119,3516,,,1,,na posjedima pristaša kralja Ferdinada u kraljevini Slavoniji,,,,,4,,,,
5454,5459,13,1,94,3620,,,,1,,na posjedima pristaša kralja Ferdinada u kraljevini Slavoniji,,,Prebendar (prebendarius),,1,,,,
5455,5460,13,1,94,2529,3002,,,1,,na posjedima pristaša kralja Ferdinada u kraljevini Slavoniji,,,,,1,,,,
5456,5461,13,1,94,1649,1916,,,1,,na posjedima pristaša kralja Ferdinada u kraljevini Slavoniji,,,,,2,,,,
5457,5462,13,1,93,3621,2717,,,1,,na posjedima pristaša kralja Ferdinada u kraljevini Slavoniji,,,,,43,,,,
5458,5463,13,1,93,3620,300,,,1,,na posjedima pristaša kralja Ferdinada u kraljevini Slavoniji,,,,,8,,,,
5459,5464,13,1,93,2452,2717,,,1,,na posjedima pristaša kralja Ferdinada u kraljevini Slavoniji,,Dominus,,,42,,,,
5460,5465,13,1,93,3855,2139,,,1,,na posjedima pristaša kralja Ferdinada u kraljevini Slavoniji,,,,,49,,,,
5461,5466,13,1,93,573,1348,,,1,,na posjedima pristaša kralja Ferdinada u kraljevini Slavoniji,,Dominus,,,75,,,,
5462,5467,13,1,93,692,1348,,,1,,na posjedima pristaša kralja Ferdinada u kraljevini Slavoniji,,Dominus,,,40,,,,
5463,5468,13,1,93,1406,4088,,,1,,na posjedima pristaša kralja Ferdinada u kraljevini Slavoniji,,,,,5,,,,
5464,5469,13,1,93,941,1349,,,1,,na posjedima pristaša kralja Ferdinada u kraljevini Slavoniji,,Dominus,,,25,,,,
5465,5470,13,1,93,3387,1349,,,1,,na posjedima pristaša kralja Ferdinada u kraljevini Slavoniji,,Dominus,,,25,,,,
5466,5471,13,1,93,3077,,,,1,,na posjedima pristaša kralja Ferdinada u kraljevini Slavoniji,,Dominus,Locumtenens,,80,,,,
5467,5472,13,1,92,692,2447,,,1,,na posjedima pristaša kralja Ferdinada u kraljevini Slavoniji,,,,,38,,,,
5468,5473,13,1,92,1258,55,,,1,,na posjedima pristaša kralja Ferdinada u kraljevini Slavoniji,,,,,113,,,,
5469,5474,13,1,92,873,55,,,1,,na posjedima pristaša kralja Ferdinada u kraljevini Slavoniji,,,,,22,,,,
5470,5475,13,1,92,3640,55,oppidum,,1,,na posjedima pristaša kralja Ferdinada u kraljevini Slavoniji,,,,,9,,,,
5471,5476,13,1,92,292,55,,,1,,na posjedima pristaša kralja Ferdinada u kraljevini Slavoniji,,,,,6,,,,
5472,5477,13,1,92,292,,,,1,,na posjedima pristaša kralja Ferdinada u kraljevini Slavoniji,,,"Predijalci, prebendari, župnici (prediales, prebendari, plebani)",,14,,,,
5473,5478,13,1,91,,,,,1,,na posjedima pristaša kralja Ferdinada u kraljevini Slavoniji,,,,,0,,,Processus totaliter combustus et ad partem adversam - Ubi sunt eciam bona domini Ladislai More qui solvere recusat,
5474,5479,13,1,5,285,2002,,,1,,na posjedima pristaša kralja Ferdinada u kraljevini Slavoniji,,,,,90,,,Bona combusta et illorum ubique remanencia faciunt,
5475,5480,13,1,5,2733,2717,,,1,,na posjedima pristaša kralja Ferdinada u kraljevini Slavoniji,,Dominus,,,0,,,Combusta,
5476,5481,13,4,69,2976,3260,,,1,,na posjedima pristaša kralja Ferdinada u kraljevini Slavoniji,,,,,4,,,,
5477,5482,13,4,69,120,1537,,,1,,na posjedima pristaša kralja Ferdinada u kraljevini Slavoniji,,,,,2,,,,
5478,5483,13,4,69,2201,4164,,,1,,na posjedima pristaša kralja Ferdinada u kraljevini Slavoniji,Relicta,,,,2,,,,
5479,5484,13,4,69,564,724,,,1,,na posjedima pristaša kralja Ferdinada u kraljevini Slavoniji,,,,,4,,,,
5480,5485,13,4,69,3499,497,,,1,,na posjedima pristaša kralja Ferdinada u kraljevini Slavoniji,,,,,5,,,,
5481,5486,13,4,69,3499,272,,,1,,na posjedima pristaša kralja Ferdinada u kraljevini Slavoniji,,,,,16,,,,
5482,5487,13,4,69,467,2129,,,1,,na posjedima pristaša kralja Ferdinada u kraljevini Slavoniji,,,,,8,,,,
5483,5488,13,4,70,1051,1350,,,1,,na posjedima pristaša kralja Ferdinada u kraljevini Slavoniji,,,,,68,,,,
5484,5489,13,4,60,2131,,,,1,,na posjedima pristaša kralja Ferdinada u kraljevini Slavoniji,,,Eremiti (Fratres heremitae),,2,,,,
5485,5490,13,4,60,864,1386,,,1,,na posjedima pristaša kralja Ferdinada u kraljevini Slavoniji,,,,,2,,,,
5486,5491,13,4,60,885,2810,,,1,,na posjedima pristaša kralja Ferdinada u kraljevini Slavoniji,Relicta,,,,6,,,,
5487,5492,13,4,60,885,1237,,,1,,na posjedima pristaša kralja Ferdinada u kraljevini Slavoniji,,,,,2,,,,
5488,5493,13,4,60,885,2879,,,1,,na posjedima pristaša kralja Ferdinada u kraljevini Slavoniji,,,,,2,,,,
5489,5494,13,4,60,885,448,,,1,,na posjedima pristaša kralja Ferdinada u kraljevini Slavoniji,,,,,2,,,,
5490,5495,13,4,60,885,3750,,,1,,na posjedima pristaša kralja Ferdinada u kraljevini Slavoniji,Relicta,,,,2,,,,
5491,5496,13,4,60,885,3418,,,1,,na posjedima pristaša kralja Ferdinada u kraljevini Slavoniji,,,,,6,,,,
5492,5497,13,4,60,885,464,,,1,,na posjedima pristaša kralja Ferdinada u kraljevini Slavoniji,,,,,4,,,,
5493,5498,13,4,60,885,206,,,1,,na posjedima pristaša kralja Ferdinada u kraljevini Slavoniji,Relicta,,,,2,,,,
5494,5499,13,4,60,885,3778,,,1,,na posjedima pristaša kralja Ferdinada u kraljevini Slavoniji,,,,,1,,,,
5495,5500,13,4,60,885,2688,,,1,,na posjedima pristaša kralja Ferdinada u kraljevini Slavoniji,Relicta,,,,2,,,,
5496,5501,13,4,60,885,,,,1,,na posjedima pristaša kralja Ferdinada u kraljevini Slavoniji,,,Župnik (plebanus)-St. Georgius,,1,,,,
5497,5502,13,4,60,215,724,,,1,,na posjedima pristaša kralja Ferdinada u kraljevini Slavoniji,,,,,4,,,,
5498,5503,13,4,60,1387,2104,,,1,,na posjedima pristaša kralja Ferdinada u kraljevini Slavoniji,,,,,2,,,,
5499,5504,13,4,60,1031,2379,,,1,,na posjedima pristaša kralja Ferdinada u kraljevini Slavoniji,,,,,2,,,,
5500,5505,13,4,60,258,,,,1,,na posjedima pristaša kralja Ferdinada u kraljevini Slavoniji,,,Eremiti (Fratres heremitae),,10,,,,
5501,5506,13,4,60,2107,4051,,,1,,na posjedima pristaša kralja Ferdinada u kraljevini Slavoniji,,,Litteratus,,2,,,,
5502,5507,13,4,60,2107,2389,,,1,,na posjedima pristaša kralja Ferdinada u kraljevini Slavoniji,,,Magister,,8,,,,
5503,5508,13,4,60,2107,,,,1,,na posjedima pristaša kralja Ferdinada u kraljevini Slavoniji,,Dominus,Custos,,7,,,,
5504,5509,13,4,60,2484,219,,,1,,na posjedima pristaša kralja Ferdinada u kraljevini Slavoniji,,,,,1,,,,
5505,5510,13,4,60,2484,,,,1,,na posjedima pristaša kralja Ferdinada u kraljevini Slavoniji,,Dominus,Organista,,5,,,,
5506,5511,13,4,62,45,159,,,1,,na posjedima pristaša kralja Ferdinada u kraljevini Slavoniji,,Dominus,,,40,,,,
5507,5512,13,4,62,2815,,,,1,,na posjedima pristaša kralja Ferdinada u kraljevini Slavoniji,,,Kaptol zagrebački (Capitulum Zagrabiense),,24,,,,
5508,5513,13,4,62,594,,,,1,,na posjedima pristaša kralja Ferdinada u kraljevini Slavoniji,,,,,350,,,,
5509,5514,13,4,62,3735,3865,,,1,,na posjedima pristaša kralja Ferdinada u kraljevini Slavoniji,,,,,150,,,,
5510,5515,13,4,61,288,3413,,,1,,na posjedima pristaša kralja Ferdinada u kraljevini Slavoniji,,Dominus,,,64,,,,
5511,5516,13,4,73,,3287,,,1,,na posjedima pristaša kralja Ferdinada u kraljevini Slavoniji,,,,,2,,,,
5512,5517,13,4,73,2867,3822,,,1,,na posjedima pristaša kralja Ferdinada u kraljevini Slavoniji,,,,,2,,,,
5513,5518,13,4,73,1311,3607,,,1,,na posjedima pristaša kralja Ferdinada u kraljevini Slavoniji,,,,,2,,,,
5514,5519,13,4,73,1311,2078,,,1,,na posjedima pristaša kralja Ferdinada u kraljevini Slavoniji,,,,,4,,,,
5515,5520,13,4,73,1311,116,,,1,,na posjedima pristaša kralja Ferdinada u kraljevini Slavoniji,,,,,8,,,,
5516,5521,13,4,73,1311,930,,,1,,na posjedima pristaša kralja Ferdinada u kraljevini Slavoniji,,,,,5,,,,
5517,5522,13,4,73,3440,236,,,1,,na posjedima pristaša kralja Ferdinada u kraljevini Slavoniji,,,,,85,,,,
5518,5523,13,4,73,2242,3563,,,1,,na posjedima pristaša kralja Ferdinada u kraljevini Slavoniji,,,,,132,,,,
5519,5524,13,4,73,2458,,,,1,,na posjedima pristaša kralja Ferdinada u kraljevini Slavoniji,,,Eremiti (Fratres heremitae),,5,,,,
5520,5525,13,4,73,1583,,,,1,,na posjedima pristaša kralja Ferdinada u kraljevini Slavoniji,,,Kaptol zagrebački (Capitulum Zagrabiense),,20,,,,
5521,5526,13,4,73,2883,,,,1,,na posjedima pristaša kralja Ferdinada u kraljevini Slavoniji,,,,,2,,,,
5522,5527,13,4,73,532,,,,1,,na posjedima pristaša kralja Ferdinada u kraljevini Slavoniji,,,,,2,,,,
5523,5528,13,4,73,2507,,,,1,,na posjedima pristaša kralja Ferdinada u kraljevini Slavoniji,,,,,5,,,,
5524,5529,13,4,71,2891,3865,,,1,,na posjedima pristaša kralja Ferdinada u kraljevini Slavoniji,,,,,99,,,,
5525,5530,13,4,71,3072,,abbatia,,1,,na posjedima pristaša kralja Ferdinada u kraljevini Slavoniji,,,,,40,,,,
5526,5531,13,4,72,289,656,,,1,,na posjedima pristaša kralja Ferdinada u kraljevini Slavoniji,,,,,44,,,,
5527,5532,13,4,72,286,2079,,,1,,na posjedima pristaša kralja Ferdinada u kraljevini Slavoniji,,,,,76,,,,
5528,5533,13,4,72,287,3412,,,1,,na posjedima pristaša kralja Ferdinada u kraljevini Slavoniji,,,,,50,,,,
5529,5534,13,4,38,2614,,,,1,,na posjedima pristaša kralja Ferdinada u kraljevini Slavoniji,,,,,0,,,Totaliter propter Turcarum frequentes depopulationes relaxatus,
5530,5535,13,2,102,,1784,,,1,,na posjedima pristaša kralja Ferdinada u kraljevini Slavoniji,,,,,1,,,,
5531,5536,13,2,102,1874,2836,,,1,,na posjedima pristaša kralja Ferdinada u kraljevini Slavoniji,,,,,3,,,,
5532,5537,13,2,102,3453,1282,,,1,,na posjedima pristaša kralja Ferdinada u kraljevini Slavoniji,,Domina,,,5,,,,
5533,5538,13,2,102,1015,3185,,,1,,na posjedima pristaša kralja Ferdinada u kraljevini Slavoniji,,,,,7,,,,
5534,5539,13,2,102,1759,,,,1,,na posjedima pristaša kralja Ferdinada u kraljevini Slavoniji,,,Eremiti (Fratres heremitae),,45,,,,
5535,5540,13,2,102,157,,,,1,,na posjedima pristaša kralja Ferdinada u kraljevini Slavoniji,,,,,16,,,,
5536,5541,13,2,102,145,454,,,1,,na posjedima pristaša kralja Ferdinada u kraljevini Slavoniji,,,,,25,,,,
5537,5542,13,2,102,145,266,,,1,,na posjedima pristaša kralja Ferdinada u kraljevini Slavoniji,Relicta,,,,4,,,,
5538,5543,13,2,102,145,3148,,,1,,na posjedima pristaša kralja Ferdinada u kraljevini Slavoniji,,,,,2,,,,
5539,5544,13,2,102,145,3549,,,1,,na posjedima pristaša kralja Ferdinada u kraljevini Slavoniji,,,,,3,,,,
5540,5545,13,2,103,1797,,,,1,,na posjedima pristaša kralja Ferdinada u kraljevini Slavoniji,,Dominus,Locumtenens,,70,,,,
5541,5546,13,2,103,3492,,,,1,,na posjedima pristaša kralja Ferdinada u kraljevini Slavoniji,,,Magister prothonotarius,,20,,,,
5542,5547,13,2,103,2365,101,,,1,,na posjedima pristaša kralja Ferdinada u kraljevini Slavoniji,,Dominus,,,50,,,,
5543,5548,13,2,103,3688,2712,,,1,,na posjedima pristaša kralja Ferdinada u kraljevini Slavoniji,,Dominus,,,24,,,,
5544,5549,13,2,103,3105,244,,,1,,na posjedima pristaša kralja Ferdinada u kraljevini Slavoniji,,Dominus,,,0,,,,
5545,5550,13,2,67,,2177,,,1,,na posjedima pristaša kralja Ferdinada u kraljevini Slavoniji,,,,,7,,,,
5546,5551,13,2,67,,3791,,,1,,na posjedima pristaša kralja Ferdinada u kraljevini Slavoniji,,,,,1,,,,
5547,5552,13,2,67,,842,,,1,,na posjedima pristaša kralja Ferdinada u kraljevini Slavoniji,,,,,1,,,,
5548,5553,13,2,67,3411,993,,,1,,na posjedima pristaša kralja Ferdinada u kraljevini Slavoniji,,,,,1,,,,
5549,5554,13,2,67,1638,544,,,1,,na posjedima pristaša kralja Ferdinada u kraljevini Slavoniji,,,,,3,,,,
5550,5555,13,2,67,1638,2877,,,1,,na posjedima pristaša kralja Ferdinada u kraljevini Slavoniji,,,,,6,,,,
5551,5556,13,2,67,2128,744,,,1,,na posjedima pristaša kralja Ferdinada u kraljevini Slavoniji,,,,,4,,,,
5552,5557,13,2,67,3398,907,,,1,,na posjedima pristaša kralja Ferdinada u kraljevini Slavoniji,,,,,4,,,,
5553,5558,13,2,67,3398,2078,,,1,,na posjedima pristaša kralja Ferdinada u kraljevini Slavoniji,,,,,11,,,,
5554,5559,13,2,67,1095,3822,,,1,,na posjedima pristaša kralja Ferdinada u kraljevini Slavoniji,,,,,6,,,,
5555,5560,13,2,67,3370,3002,,,1,,na posjedima pristaša kralja Ferdinada u kraljevini Slavoniji,,,,,1,,,,
5556,5561,13,2,67,1493,1282,,,1,,na posjedima pristaša kralja Ferdinada u kraljevini Slavoniji,,Domina,,,3,,,,
5557,5562,13,2,67,1942,1724,,,1,,na posjedima pristaša kralja Ferdinada u kraljevini Slavoniji,,,,,1,,,,
5558,5563,13,2,67,2167,3210,,,1,,na posjedima pristaša kralja Ferdinada u kraljevini Slavoniji,,,,,6,,,,
5559,5564,13,2,67,3762,2199,,,1,,na posjedima pristaša kralja Ferdinada u kraljevini Slavoniji,,,,,12,,,,
5560,5565,13,2,67,1076,1916,,,1,,na posjedima pristaša kralja Ferdinada u kraljevini Slavoniji,,,,,2,,,,
5561,5566,13,2,67,3064,1916,,,1,,na posjedima pristaša kralja Ferdinada u kraljevini Slavoniji,,,,,2,,,,
5562,5567,13,2,67,1942,1916,,,1,,na posjedima pristaša kralja Ferdinada u kraljevini Slavoniji,,,,,1,,,,
5563,5568,13,2,67,3010,3493,,,1,,na posjedima pristaša kralja Ferdinada u kraljevini Slavoniji,utraque,Dominus,,,115,,,,
5564,5569,13,2,68,615,4210,,,1,,na posjedima pristaša kralja Ferdinada u kraljevini Slavoniji,,Comes,,,100,,,,
5565,5570,13,2,68,1611,,,,1,,na posjedima pristaša kralja Ferdinada u kraljevini Slavoniji,,Dominus,Locumtenens,,100,,,,
5566,5571,13,2,68,650,555,,,1,,na posjedima pristaša kralja Ferdinada u kraljevini Slavoniji,,Domini,,,325,,,,
5567,5572,13,2,26,,,,,1,,na posjedima pristaša kralja Ferdinada u kraljevini Slavoniji,,,,,0,,,Processus totaliter combustus,
5568,5573,13,2,121,,,,,1,,na posjedima pristaša kralja Ferdinada u kraljevini Slavoniji,,,,,0,,,Processus totaliter combustus,
5569,5575,14,1,50,549,,fortalitium,,,50,,,,Nobiles (miserorum nobilium),,25,,,,
5570,5576,14,1,50,549,539,fortalitium,,,50,,Relicta,,,,1,,,,
5571,5577,14,1,50,549,2515,fortalitium,,,50,,,Domina,,,1,,,,
5572,5578,14,1,50,549,3280,fortalitium,,,50,,,,,,1,,,,
5573,5579,14,1,50,549,4170,fortalitium,,,50,,Relicta,,,,1,,,,
5574,5580,14,1,50,2577,2822,,,,50,,,,,,6,,,,
5575,5581,14,1,50,2577,1631,,,,50,,,,,,1,,,,
5576,5582,14,1,50,1526,1867,fortalitium,,,50,,,,,,3,,,,
5577,5583,14,1,50,2769,158,fortalitium,,,50,,Relicta,Domina,,,10,,,,
5578,5584,14,1,50,2769,,fortalitium,,,50,,,,Supanatus Rewche,,10,,,,
5579,5585,14,1,50,2769,70,fortalitium,,,50,,,,,,10,,,,
5580,5586,14,1,50,578,1199,fortalitium,,,50,,,,,,14,,,,
5581,5587,14,1,50,2009,1199,fortalitium,,,50,,,,,,10,,,,
5582,5588,14,1,50,3589,2236,fortalitium,,,50,,,,,,7,,,,
5583,5589,14,1,50,1494,2095,fortalitium,,,50,,Relicta,,,,10,,,,
5584,5590,14,1,50,3841,,fortalitium,,,50,,,,,,20,,,,
5585,5591,14,1,50,406,3146,fortalitium,,,50,,,,,,1,,,,
5586,5592,14,1,50,406,1408,fortalitium,,,50,,,,,,1,,,,
5587,5593,14,1,50,406,3130,fortalitium,,,50,,,,,,1,,,,
5588,5594,14,1,50,406,1432,fortalitium,,,50,,,,,,1,,,,
5589,5595,14,1,50,406,2313,fortalitium,,,50,,,,,,1,,,,
5590,5596,14,1,50,1132,,,,,50,,,,Župnik (plebanus)-Cherztwecz Zenth Peter,,1,,,,
5591,5597,14,1,50,670,2584,fortalitium,,,50,,,,,,20,,,,
5592,5598,14,1,50,670,339,fortalitium,,,50,,,,,,1,,,,
5593,5599,14,1,50,670,3942,fortalitium,,,50,,,,,,1,,,,
5594,5600,14,1,50,2573,3983,,,,50,,,,,,6,,,,
5595,5601,14,1,50,739,,,,,50,,,Reverendissimus dominus,Zagrebački biskup (Episcopus Zagrabiensis),,0,,,,
5596,5602,14,1,50,1241,,fortalitium,,,50,,,Reverendissimus dominus,Zagrebački biskup (Episcopus Zagrabiensis),,0,,,,
5597,5603,14,1,50,2062,3569,,,,50,,,Dominus,,,440,,,,
5598,5604,14,1,50,3100,3618,,,,50,,,Dominus,,,120,,,,
5599,5605,14,1,50,2602,4018,,,,50,,,,,,2,,,,
5600,5606,14,1,50,2602,,,,,50,,,,Župnik (plebanus),,2,,,,
5601,5607,14,1,50,2602,722,,,,50,,,,Litteratus,,4,,,,
5602,5608,14,1,50,2602,1749,,,,50,,,,,,4,,,,
5603,5609,14,1,50,3213,1501,,,,50,,,,,,4,,,,
5604,5610,14,1,50,2518,2312,,,,50,,,,,,2,,,,
5605,5611,14,1,50,2518,1771,,,,50,,,,,,2,,,,
5606,5612,14,1,50,2518,1157,,,,50,,,,,,2,,,,
5607,5613,14,1,50,170,2078,,,,50,,,,Judex nobilium (Zagrebačka župnija),,2,,,,
5608,5614,14,1,50,804,2918,,,,50,,,,,,2,,,,
5609,5615,14,1,50,2604,,,,,50,,,,,,6,,,,
5610,5616,14,1,50,2790,,,,,50,,,,,,16,,,,
5611,5617,14,1,50,2779,,oppidum,,,50,,,,,,70,,,,
5612,5618,14,1,50,2779,,oppidum,,,50,,,,Župnik (plebanus),,2,,,,
5613,5619,14,1,50,2781,722,,,,50,,,,"Judex nobilium, Litteratus",,34,,,,
5614,5620,14,1,50,2781,3959,,,,50,,,,Citarista,,8,,,,
5615,5621,14,1,50,796,2257,,,,50,,,,Judex nobilium,,4,,,,
5616,5622,14,1,50,798,536,,,,50,,,,,,4,,,,
5617,5623,14,1,50,796,1169,,,,50,,,,,,2,,,,
5618,5624,14,1,50,3541,1507,,,,50,,,,,,2,,,,
5619,5625,14,1,50,3541,2542,,,,50,,,,,,0,,,,
5620,5626,14,1,50,3343,210,,,,50,,Relicta,,,,6,,,,
5621,5627,14,1,50,3343,1728,,,,50,,Relicta,,,,4,,,,
5622,5628,14,1,50,3345,,,,,50,,,,,,12,,,,
5623,5629,14,1,50,3343,,provincia,,,50,,,,,,20,,,,
5624,5630,14,1,50,3343,,,,,50,,,,Župnik (plebanus),,10,,,,
5625,5631,14,1,50,3343,364,,,,50,,orfanorum,,,,2,,,,
5626,5632,14,1,50,3343,281,,,,50,,,,,,2,,,,
5627,5633,14,1,50,3343,849,,,,50,,,,,,2,,,,
5628,5634,14,1,50,3519,2195,,,,50,,,,,,30,,,,
5629,5635,14,1,50,2717,3002,,,,50,,,,"Protonotharius regni, magister",,16,,,,
5630,5636,14,1,50,2448,2783,,,,50,,,Domina,,,6,,,,
5631,5637,14,1,50,626,,,,,50,,,,,,180,,,,
5632,5638,14,1,50,622,,,,,50,,,,,,48,,,,
5633,5639,14,1,4,1838,2406,fortalitium,,,50,,,,,,5,,,,
5634,5640,14,1,4,2733,2716,fortalitium,,,50,,,,,,23,,,,
5635,5641,14,1,4,2846,1355,fortalitium,,,50,,,,,,5,,,,
5636,5642,14,1,4,928,,fortalitium,,,50,,,Dominus,Zagrebački biskup (Episcopus Zagrabiensis),,6,,,,
5637,5643,14,1,4,1677,2716,fortalitium,,,50,,,,,,18,,,,
5638,5644,14,1,4,1677,2195,,,,50,,,,,,16,,,,
5639,5645,14,1,4,1708,,fortalitium,,,50,,,,,,8,,,,
5640,5646,14,1,4,1708,,fortalitium,,,50,,,,"Protonotharius, magister",,4,,,,
5641,5647,14,1,4,3636,,oppidum,,,50,,,Dominus,Zagrebački biskup (Episcopus Zagrabiensis),,40,,,,
5642,5648,14,1,4,2314,317,,,,50,,,,,,4,,,,
5643,5649,14,1,4,2160,2080,,,,50,,,Dominus,,,20,,,,
5644,5650,14,1,4,2420,2080,,,,50,,,Dominus,,,6,,,,
5645,5651,14,1,4,1075,2080,,,,50,,,Dominus,,,26,,,,
5646,5652,14,1,4,703,244,,,,50,,,Dominus,,,10,,,,
5647,5653,14,1,4,487,3983,,,,50,,,,,,8,,,,
5648,5654,14,1,4,1570,1786,,,,50,,,,,,4,,,,
5649,5655,14,1,4,453,3543,,,,50,,,,,,12,,,,
5650,5656,14,1,4,3365,3543,,,,50,,,,,,20,,,,
5651,5657,14,1,4,3371,2814,,,,50,,,,,,2,,,,
5652,5658,14,1,4,3371,891,,,,50,,Relicta,,,,2,,,,
5653,5659,14,1,4,896,2432,,,,50,,,,,,2,,,,
5654,5660,14,1,4,3819,560,,,,50,,Relicta,,,,2,,,,
5655,5661,14,1,4,3819,3375,,,,50,,Relicta,,,,2,,,,
5656,5662,14,1,4,1903,1786,,,,50,,,,,,4,,,,
5657,5663,14,1,4,2664,3283,,,,50,,,,,,6,,,,
5658,5664,14,1,4,2757,58,,,,50,,,Magnificus dominus,,,10,,,,
5659,5665,14,2,119,1235,2785,,,,50,,Relicta-Johannes Hassagy,Domina,,,4,,,,1
5660,5666,14,2,119,1235,1375,,,,50,,,,,,4,,,,1
5661,5667,14,2,119,1235,1470,,,,50,,,,,,4,,,,1
5662,5668,14,2,119,1235,3335,,,,50,,,,,,2,,,,1
5663,5669,14,2,119,1235,1726,,,,50,,,,,,2,,,,1
5664,5670,14,2,119,509,,,,,50,,,,Kaptol zagrebački (Capitulum Zagrabiense),,4,,,,
5665,5671,14,2,119,509,3956,,,,50,,,,,,2,,,,
5666,5672,14,2,119,509,3960,,,,50,,,,,,2,,,,
5667,5673,14,2,119,2342,368,,,,50,,,,,,2,,,,
5668,5674,14,2,119,511,2406,,,,50,,,,,,12,,,,
5669,5675,14,2,119,3529,,,,,50,,,,Varasd-cives,,12,,,,
5670,5676,14,2,119,1233,3688,,,,50,,,,Judex nobilium,,8,,,,
5671,5677,14,2,119,997,,,,,50,,,Dominus,Prothonotarius,,4,,,,
5672,5678,14,2,119,997,560,,,,50,,,,,,4,,,,
5673,5679,14,2,119,997,1861,,,,50,,,,,,6,,,,
5674,5680,14,2,119,997,663,,,,50,,,,,,4,,,,
5675,5681,14,2,119,3041,,,,,50,,,,Varasd-arx,,16,,,,
5676,5682,14,2,119,1490,,,,,50,,,,Varasd-arx,,6,,,,
5677,5683,14,2,119,445,,,,,50,,,Dominus,Zagrebački biskup (Episcopus Zagrabiensis),,4,,,,
5678,5684,14,2,119,2937,,,,,50,,,,Varasd-arx,,6,,,,
5679,5685,14,2,119,3068,,fortalitium,,,50,,,,Kaptol zagrebački (Capitulum Zagrabiense),,20,,,,
5680,5686,14,2,119,3129,,,,,50,,,,,,600,,,,
5681,5687,14,2,119,3129,,,,,50,,,,Župnik (plebanus),,4,,,,
5682,5688,14,2,119,3129,,,,,50,,,,Sacellus-St. Michael,,2,,,,
5683,5689,14,2,129,2218,2658,,,,50,,,,,,4,,,,
5684,5690,14,2,129,3357,1676,,,,50,,,,,,16,,,,
5685,5691,14,2,129,519,3867,,,,50,,,,Judex nobilium,Georgius Herkffy*,2,,,,1
5686,5692,14,2,129,195,1589,,,,50,,,,,,2,,,,
5687,5693,14,2,129,195,3914,,,,50,,,,,,2,,,,
5688,5694,14,2,129,195,2187,,,,50,,,,,,4,,,,
5689,5695,14,2,129,160,58,,,,50,,,Dominus,,,4,,,,
5690,5696,14,2,129,3208,2909,,,,50,,,,,Georgius Was,6,,,,
5691,5697,14,2,129,3439,58,,,,50,,,Dominus,,,22,,,,
5692,5698,14,2,129,3259,3273,,,,50,,,,,,4,,,,
5693,5699,14,2,129,387,451,,,,50,,Relicta,,,,4,,,,
5694,5700,14,2,129,520,890,,,,50,,,,,,6,,,,
5695,5701,14,2,129,3376,,castrum,,,50,,,,,,194,,,,
5696,5702,14,2,129,777,993,,,,50,,,,,cum fratribus,4,,,,
5697,5703,14,2,129,1564,3870,,,,50,,,,,,2,,,,
5698,5704,14,2,129,1919,1425,,,,50,,,,,,4,,,,
5699,5705,14,2,129,1973,1867,,,,50,,,,,,10,,,,
5700,5706,14,2,129,1973,1916,,,,50,,,,,,6,,,,
5701,5707,14,2,129,484,790,,,,50,,,,,,4,,,,
5702,5708,14,2,129,1392,504,,,,50,,,,,,16,,,,
5703,5709,14,2,129,649,3335,,,,50,,,,,,6,,,,
5704,5710,14,2,129,3308,545,,,,50,,,,,,2,,,,
5705,5711,14,2,129,1545,2219,,,,50,,,,,,4,,,,
5706,5712,14,2,129,1648,1867,,,,50,,,,,,8,,,,
5707,5713,14,2,129,1648,1916,,,,50,,,,,,2,,,,
5708,5714,14,2,129,87,1509,,,,50,,,,,,2,,,,
5709,5715,14,2,105,146,967,,,,50,,,,,,100,,,,
5710,5716,14,2,105,1759,,,,,50,,,,Eremiti (Fratres heremitae),,86,,,,
5711,5717,14,2,105,1798,306,,,,50,,,Dominus,,,126,,,,
5712,5718,14,2,105,1797,306,oppidum,,,50,,,Dominus,,,28,,,,
5713,5719,14,2,105,3762,2128,,,,50,,Relicta,,,,16,,,,
5714,5720,14,2,105,3762,263,,,,50,,,,,,16,,,,
5715,5721,14,2,105,296,3251,,,,50,,,,,,6,,,,
5716,5722,14,2,105,3688,481,,,,50,,,,,,28,,,,
5717,5723,14,2,105,2366,1294,,,,50,,,,,,104,,,,
5718,5724,14,2,105,3492,1867,,,,50,,,,,,36,,,,
5719,5725,14,2,105,1794,1793,,,,50,,,,,,10,,,,
5720,5726,14,2,105,3692,3002,,,,50,,Relicta,,,,2,,,,
5721,5727,14,2,105,2551,1714,,,,50,,,,,,2,,,,
5722,5728,14,2,105,394,2529,,,,50,,,,Litteratus,,6,,,,
5723,5729,14,2,105,1018,3185,,,,50,,,,,,10,,,,
5724,5730,14,2,105,3453,,,,,50,,,,Župnik (plebanus),,2,,,,
5725,5731,14,2,105,3453,4131,,,,50,,,,,,14,,,,
5726,5732,14,2,105,3453,451,,,,50,,Relicta,,,,4,,,,
5727,5733,14,2,105,3453,873,,,,50,,,,,,6,,,,
5728,5734,14,2,105,3453,3185,,,,50,,,,,,4,,,,
5729,5735,14,2,105,1724,3550,,,,50,,,,,Michael Bedekoych,4,,,,
5730,5736,14,2,105,3078,244,castrum,,,50,,,Dominus,,,184,,,,
5731,5737,14,2,105,158,2406,,,,50,,,,,,42,,,,
5732,5738,14,2,105,2712,3850,,,,50,,,,,Martinus Bwsanych,6,,,,
5733,5739,14,2,105,2437,3522,,,,50,,,,,,2,,,,
5734,5740,14,2,105,1542,267,,,,50,,,,,,6,,,,
5735,5741,14,2,66,2588,,,,,50,,,,Eremiti (Fratres heremitae)-Lepoglava,,40,,,,
5736,5742,14,2,66,1025,3792,,,,50,,,,,,2,,,,
5737,5743,14,2,66,900,838,,,,50,,,,,,4,,,,
5738,5744,14,2,66,2324,2177,,,,50,,,,,,14,,,,
5739,5745,14,2,66,2322,3005,,,,50,,,,,,16,,,,
5740,5746,14,2,66,1506,3005,,,,50,,,,,,10,,,,
5741,5747,14,2,66,1506,1950,,,,50,,,,,,4,,,,
5742,5748,14,2,66,3411,1005,,,,50,,,,,,4,,,,
5743,5749,14,2,66,1942,1724,,,,50,,,,,,2,,,,
5744,5750,14,2,66,2165,3210,,,,50,,,,,,16,,,,
5745,5751,14,2,66,1638,2877,,,,50,,,,,,2,,,,
5746,5752,14,2,66,1638,1830,,,,50,,,,,,32,,,,
5747,5753,14,2,66,1638,873,,,,50,,,,,,8,,,,
5748,5754,14,2,66,2128,3775,,,,50,,,,,,6,,,,
5749,5755,14,2,66,2128,2078,,,,50,,Relicta,,,,2,,,,
5750,5756,14,2,66,2130,800,,,,50,,Relicta,,,,4,,,,
5751,5757,14,2,66,2128,1674,,,,50,,,,,,2,,,,
5752,5758,14,2,66,2637,2358,,,,50,,,,Judex nobilium,,8,,,,
5753,5759,14,2,66,3398,873,,,,50,,,,,cum fratribus,6,,,,
5754,5760,14,2,66,3398,2078,,,,50,,,,,Ludovicus,20,,,,
5755,5761,14,2,66,3408,898,,,,50,,,,,,2,,,,
5756,5762,14,2,66,3398,1011,,,,50,,,,Litteratus,,2,,,,
5757,5763,14,2,66,3400,3899,,,,50,,,,,cum fratribus,16,,,,
5758,5764,14,2,66,3398,785,,,,50,,,,,,2,,,,
5759,5765,14,2,66,3370,946,,,,50,,,,,,2,,,,
5760,5766,14,2,66,2706,3435,,,,50,,,,,,6,,,,
5761,5767,14,2,66,1626,,,,,50,,,"Dominus, comes",Comes,,188,,,,
5762,5768,14,2,66,2554,,,,,50,,,,Župnik (plebanus)-Krapina,,12,,,,
5763,5769,14,2,66,848,3516,,,,50,,,,Prebendarius,,8,,,,
5764,5770,14,2,66,1573,3775,,,,50,,,,Prebendarius,,8,,,,
5765,5771,14,2,66,3315,2810,,,,50,,,,Prebendarius,,2,,,,
5766,5772,14,2,66,3041,852,,,,50,,,,,,2,,,,
5767,5773,14,2,66,1612,305,,,,50,,,Dominus,,,300,,,,
5768,5774,14,2,66,1002,1568,,,,50,,,,,,4,,,,
5769,5775,14,2,66,2162,504,castrum,,,50,,,Dominus,,,160,,,,
5770,5776,14,2,66,498,532,,,,50,,,Dominus,,,856,,,,
5771,5777,14,2,66,1077,4186,,,,50,,,,,Johannes,10,,,,
5772,5778,14,2,66,410,2187,,,,50,,,,,,6,,,,
5773,5779,14,2,66,1945,3436,,,,50,,,,,,2,,,,
5774,5780,14,2,66,2336,1482,,,,50,,,,,cum fratribus,2,,,,
5775,5781,14,4,123,1588,,,,,50,,,,Kaptol zagrebački (Capitulum Zagrabiense),,64,,,,
5776,5782,14,4,123,2684,,,,,50,,,,Eremiti (Fratres heremitae) prope Zagrabiam,,28,,,,
5777,5783,14,4,123,1583,1810,,,,50,,,,,,2,,,,
5778,5784,14,4,123,2880,4118,,,,50,,,,,,2,,,,
5779,5785,14,4,123,2883,2783,,,,50,,Relicta,Domina,,,2,,,,
5780,5786,14,4,123,2883,2513,,,,50,,Relicta,Domina,,,4,,,,
5781,5787,14,4,123,2883,3822,,,,50,,,,,,2,,,,
5782,5788,14,4,123,2883,873,,,,50,,,,,,2,,,,
5783,5789,14,4,123,532,2078,,,,50,,,,,,4,,,,
5784,5790,14,4,123,3860,,oppidum,,,50,,,,Kaptol zagrebački (Capitulum Zagrabiense),,108,,,,
5785,5791,14,4,123,3860,,provincia,,,50,,,,Kaptol zagrebački (Capitulum Zagrabiense),,236,,,,
5786,5792,14,4,123,1188,,,,,50,,,Dominus,Zagrebački biskup (Episcopus Zagrabiensis),,102,,,,
5787,5793,14,4,123,1631,3569,,,,50,,,Dominus,,,136,,,,
5788,5794,14,4,123,2893,3569,,,,50,,,Dominus,,,250,,,,
5789,5795,14,4,123,2507,1734,,,,50,,,,,,4,,,,
5790,5796,14,4,123,2507,722,,,,50,,,,"Litteratus, dicator",,4,,,,
5791,5797,14,4,123,3285,2080,,,,50,,,,,,68,,,,
5792,5798,14,4,123,1203,2078,,,,50,,,,,,2,,,,
5793,5799,14,4,123,1203,3002,,,,50,,,,,,2,,,,
5794,5800,14,4,123,1199,3813,,,,50,,,,,,4,,,,
5795,5801,14,4,123,2864,3325,,,,50,,,,,,14,,,,
5796,5802,14,4,123,1787,656,,,,50,,,Dominus,,,76,,,,
5797,5803,14,4,123,2022,3388,,,,50,,,,,,4,,,,
5798,5804,14,4,123,2022,744,,,,50,,,,,,4,,,,
5799,5805,14,4,123,2022,2873,,,,50,,,,,,4,,,,
5800,5806,14,4,123,3335,,,,,50,,,,Abbatia ad Thopozkam,,20,,,,
5801,5807,14,4,123,200,,,,,50,,,,Abbatia ad Thopozkam,,20,,,,
5802,5808,14,4,123,2987,1214,,,,50,,,,,,4,,,,
5803,5809,14,4,123,2536,,castrum,,,50,,,,Pokwpye-castrum,,50,,,,
5804,5810,14,4,123,2536,87,castrum,,,50,,Relicta,,,,4,,,,
5805,5811,14,4,123,2536,2695,castrum,,,50,,,,,,4,,,,
5806,5812,14,4,123,2536,99,castrum,,,50,,Relicta,,,,12,,,,
5807,5813,14,4,123,2536,4002,castrum,,,50,,,,,,10,,,,
5808,5814,14,4,123,2536,4106,castrum,,,50,,,,,,2,,,,
5809,5815,14,4,123,2536,336,castrum,,,50,,Relicta,,,,20,,,,
5810,5816,14,4,123,2536,2589,castrum,,,50,,,,,,10,,,,
5811,5817,14,4,123,2536,2510,castrum,,,50,,,,,,6,,,,
5812,5818,14,4,123,2610,277,,,,50,,,,,,2,,,,
5813,5819,14,4,123,2610,2135,,,,50,,,,,,4,,,,
5814,5820,14,4,123,1305,1378,,,,50,,,,Judex nobilium,,8,,,,
5815,5821,14,4,123,1305,3290,,,,50,,,,,,8,,,,
5816,5822,14,4,123,1305,3541,,,,50,,,,,,6,,,,
5817,5823,14,4,123,1305,4085,,,,50,,,,,,20,,,,
5818,5824,14,4,123,1669,2080,,,,50,,,,,,30,,,,
5819,5825,14,4,123,2983,2133,,,,50,,,,,,24,,,,
5820,5826,14,4,123,249,1427,,,,50,,,,,,6,,,,
5821,5827,14,4,123,3424,3948,,,,50,,,,,,8,,,,
5822,5828,14,4,123,728,1634,,,,50,,,,,,2,,,,
5823,5829,14,4,123,3700,2321,,,,50,,,,,,20,,,,
5824,5830,14,4,123,2439,,,,,50,,,,Kaptol zagrebački (Capitulum Zagrabiense),,30,,,,
5825,5831,14,4,123,3307,1484,,,,50,,,,,,8,,,,
5826,5832,14,4,123,3307,3063,,,,50,,,,,,8,,,,
5827,5833,14,4,123,3065,2783,,,,50,,Relicta,,,,2,,,,
5828,5834,14,4,123,3065,27,,,,50,,Relicta,,,,2,,,,
5829,5835,14,4,123,2253,191,,,,50,,,Dominus,,,306,,,,
5830,5836,14,4,123,1514,1888,,,,50,,,,,,2,,,,
5831,5837,14,4,123,1340,191,,,,50,,,Dominus,,,282,,,,
5832,5838,14,4,123,3440,577,oppidum,,,50,,,Dominus,,,66,,,,
5833,5839,14,4,123,3440,577,provincia,,,50,,,Dominus,,,142,,,,
5834,5840,14,4,123,3478,3651,,,,50,,,,,,2,,,,
5835,5841,14,4,123,1457,52,,,,50,,,,,,2,,,,
5836,5842,14,4,123,3440,,,,,50,,,,Župnik (plebanus),,8,,,,
5837,5843,14,4,123,1367,2513,,,,50,,Relicta,,,,12,,,,
5838,5844,14,4,123,1367,1501,,,,50,,,,,,10,,,,
5839,5845,14,4,123,1713,1594,,,,50,,,,,,14,,,,
5840,5846,14,4,123,1713,1727,,,,50,,,,,,2,,,,
5841,5847,14,4,123,357,722,,,,50,,,,"Litteratus, dicator",,28,,,,
5842,5848,14,4,123,1848,,,,,50,,,,,,50,,,,
5843,5849,14,4,123,1848,1646,,,,50,,,,,,6,,,,
5844,5850,14,4,123,1848,1381,,,,50,,,,,,4,,,,
5845,5851,14,4,123,1713,2916,,,,50,,,,,,2,,,,
5846,5852,14,4,123,1713,3095,,,,50,,,,,,2,,,,
5847,5853,14,4,123,1713,808,,,,50,,,,,,2,,,,
5848,5854,14,4,123,1713,2276,,,,50,,,,,,2,,,,
5849,5855,14,4,123,1713,1716,,,,50,,,,,,2,,,,
5850,5856,14,4,123,1814,3063,,,,50,,,,,,12,,,,
5851,5857,14,4,123,1166,,,,,50,,,,Gradec (Civitas Montis Grecensis Zagrabiensis),,4,,,,
5852,5858,14,4,123,2439,3209,,,,50,,,,,,10,,,,
5853,5859,14,4,123,1192,3687,,,,50,,,,,,6,,,,
5854,5860,14,4,123,1192,3775,,,,50,,,,,,2,,,,
5855,5861,14,4,123,1457,1058,,,,50,,,,,,2,,,,
5856,5862,14,4,123,270,,,,,50,,,,,,8,,,,
5857,5863,14,4,123,2238,722,,,,50,,,,"Litteratus, dicator",,8,,,,
5858,5864,14,4,123,331,,,,,50,,,,,,10,,,,
5859,5865,14,4,123,1827,,,,,50,,,,,,112,,,,
5860,5866,14,4,74,3754,,,,,50,,,,,,350,,,,
5861,5867,14,4,74,463,1157,,,,50,,,,Litteratus,,10,,,,
5862,5868,14,4,74,2019,,,,,50,,,,Eremiti (Fratres heremitae)-Lepoglava,,4,,,,
5863,5869,14,4,74,44,,,,,50,,,,,,152,,,,
5864,5870,14,4,74,1763,773,,,,50,,,,,,4,,,,
5865,5871,14,4,74,905,1740,,,,50,,,,,,6,,,,
5866,5872,14,4,74,905,722,,,,50,,,,"Litteratus, dicator",,6,,,,
5867,5873,14,4,74,905,1237,,,,50,,,,,,8,,,,
5868,5874,14,4,74,905,3747,,,,50,,,,,,4,,,,
5869,5875,14,4,74,905,465,,,,50,,Relicta,,,,14,,,,
5870,5876,14,4,74,905,3415,,,,50,,,,,,6,,,,
5871,5877,14,4,74,905,3211,,,,50,,,,,,24,,,,
5872,5878,14,4,74,905,3516,,,,50,,,,Litteratus,Ladislaus Borothwa,10,,,,
5873,5879,14,4,74,905,1487,,,,50,,,,,,6,,,,
5874,5880,14,4,74,905,2377,,,,50,,,,Judex nobilium,,4,,,,
5875,5881,14,4,74,905,1356,,,,50,,,,,,4,,,,
5876,5882,14,4,74,905,,,,,50,,,,Župnik (plebanus),,4,,,,
5877,5883,14,4,74,905,2086,,,,50,,,,,,2,,,,
5878,5884,14,4,74,905,648,,,,50,,Relicta,,,,6,,,,
5879,5885,14,4,74,905,1515,,,,50,,,,,,0,,,desertum,
5880,5886,14,4,74,2263,3047,,,,50,,,,,,2,,,,
5881,5887,14,4,74,2263,2355,,,,50,,,,,,2,,,,
5882,5888,14,4,74,775,3,,,,50,,Relicta,,,,2,,,,
5883,5889,14,4,74,775,3016,,,,50,,,,,,2,,,,
5884,5890,14,4,74,775,1172,,,,50,,,,,,2,,,,
5885,5891,14,4,74,2181,3058,,,,50,,,,,,2,,,,
5886,5892,14,4,74,2181,85,,,,50,,,,,,2,,,,
5887,5893,14,4,74,2181,510,,,,50,,,,,,2,,,,
5888,5894,14,4,74,2181,9,,,,50,,,,,,2,,,,
5889,5895,14,4,74,304,10,,,,50,,Relicta,,,,4,,,,
5890,5896,14,4,74,304,781,,,,50,,,,,,4,,,,
5891,5897,14,4,74,304,1358,,,,50,,,,,,6,,,,
5892,5898,14,4,74,967,,,,,50,,,Dominus,Banus,,10,,,,
5893,5899,14,4,74,967,,,,,50,,,,Župnik (plebanus)-St. Trinitas,,4,,,,
5894,5900,14,4,74,967,317,,,,50,,,,,,6,,,,
5895,5901,14,4,74,967,1682,,,,50,,,,,,4,,,,
5896,5902,14,4,74,967,3022,,,,50,,,,,,4,,,,
5897,5903,14,4,74,967,2579,,,,50,,,,,,2,,,,
5898,5904,14,4,74,1387,2104,,,,50,,,,Judex nobilium,,4,,,,
5899,5905,14,4,74,9,2330,,,,50,,,,,,12,,,,
5900,5906,14,4,74,9,2290,,,,50,,,,,,2,,,,
5901,5907,14,4,74,9,623,,,,50,,,,,,2,,,,
5902,5908,14,4,74,9,3362,,,,50,,,,,,2,,,,
5903,5909,14,4,74,1726,1294,,,,50,,,,,,34,,,,
5904,5910,14,4,74,1726,1916,,,,50,,,,,,20,,,,
5905,5911,14,4,74,1726,2078,,,,50,,,,,,22,,,,
5906,5912,14,4,74,318,,,,,50,,,Dominus,Banus,,324,,,,
5907,5913,14,4,74,3328,,districtus,,,50,,,Domini,Kaptol zagrebački (Capitulum Zagrabiense),,360,,,,
5908,5914,14,4,74,3124,,,,,50,,,Dominus,Zagrebački biskup (Episcopus Zagrabiensis),,40,,,,
5909,5915,14,4,74,2917,,,,,50,,,Dominus,Zagrebački biskup (Episcopus Zagrabiensis),,64,,,,
5910,5916,14,4,74,584,,,,,50,,,Dominus,Zagrebački biskup (Episcopus Zagrabiensis),,12,,,,
5911,5917,14,4,74,3167,,,,,50,,,Dominus,Zagrebački biskup (Episcopus Zagrabiensis),,10,,,,
5912,5918,14,4,74,2473,,,,,50,,,Dominus,Zagrebački biskup (Episcopus Zagrabiensis),,12,,,,
5913,5919,14,4,74,2835,,,,,50,,,Dominus,Zagrebački biskup (Episcopus Zagrabiensis),,12,,,,
5914,5920,14,4,74,237,,,,,50,,,Dominus,Zagrebački biskup (Episcopus Zagrabiensis),,2,,,,
5915,5921,14,4,74,255,,,,,50,,,,Eremiti (Fratres heremitae) sub Medwe,,12,,,,
5916,5922,14,4,74,1996,,,,,50,,,Dominus,Banus,,30,,,,
5917,5923,14,4,74,3681,425,,,,50,,Relicta,,,,6,,,,
5918,5924,14,4,74,1031,,,,,50,,,,Gradec (Civitas Montis Grecensis Zagrabiensis),,6,,,,
5919,5925,14,4,74,2107,4051,,,,50,,,,Litteratus,,4,,,,
5920,5926,14,4,74,2484,1294,,,,50,,,,,,6,,,,
5921,5927,14,4,74,2484,320,,,,50,,,,,,2,,,,
5922,5928,14,4,74,2484,988,,,,50,,,,,,2,,,,
5923,5929,14,4,74,2484,2884,,,,50,,,,,,6,,,,
5924,5930,14,4,74,2484,,,,,50,,,,Abbatia Beate Virginis de area capituli,,4,,,,
5925,5931,14,4,74,594,,,,,50,,,,,,700,,,,
5926,5932,14,4,46,462,1294,,,,50,,,,,,22,,,,
5927,5933,14,4,46,462,2236,,,,50,,,,,,44,,,,
5928,5934,14,4,46,462,3733,,,,50,,,,,,10,,,,
5929,5935,14,4,46,2934,1867,,,,50,,,,,,10,,,,
5930,5936,14,4,46,2992,1482,,,,50,,,,,,12,,,,
5931,5937,14,4,46,971,3289,,,,50,,,,,,2,,,,
5932,5938,14,4,46,971,2354,,,,50,,,,,,2,,,,
5933,5939,14,4,46,120,620,,,,50,,,,,,10,,,,
5934,5940,14,4,46,120,183,,,,50,,Relicta,,,,2,,,,
5935,5941,14,4,46,120,1752,,,,50,,,,,,6,,,,
5936,5942,14,4,46,120,722,,,,50,,,,"Litteratus, dicator",,6,,,,
5937,5943,14,4,46,120,2970,,,,50,,,,,,22,,,,
5938,5944,14,4,46,120,3152,,,,50,,,,,,2,,,,
5939,5945,14,4,46,120,3059,,,,50,,,,,,2,,,,
5940,5946,14,4,46,120,9,,,,50,,Relicta,,,,2,,,,
5941,5947,14,4,46,2467,2078,,,,50,,,,,,20,,,,
5942,5948,14,4,46,2467,1342,,,,50,,,,,,10,,,,
5943,5949,14,4,46,2467,,,,,50,,,,Prebendarius,,2,,,,
5944,5950,14,4,46,446,,,,,50,,,Dominus,Zagrebački biskup (Episcopus Zagrabiensis),,10,,,,
5945,5951,14,4,46,446,143,,,,50,,Relicta,,,,2,,,,
5946,5952,14,4,46,446,1201,,,,50,,,,,,2,,,,
5947,5953,14,4,46,446,4029,,,,50,,,,,,2,,,,
5948,5954,14,4,46,446,796,,,,50,,,,,,2,,,,
5949,5955,14,4,46,1051,58,,,,50,,,Dominus,,,64,,,,
5950,5956,14,4,46,1154,3002,,,,50,,,,,,6,,,,
5951,5957,14,4,46,1154,3822,,,,50,,,,,,2,,,,
5952,5958,14,4,46,428,3615,,,,50,,,,,,36,,,,
5953,5959,14,4,46,428,2160,,,,50,,,,,,2,,,,
5954,5960,14,4,46,120,3659,,,,50,,,,,,2,,,,
5955,5961,14,4,46,120,1497,,,,50,,,,,,6,,,,
5956,5962,14,4,46,3109,4200,,,,50,,,,,,4,,,,
5957,5963,14,4,46,120,437,,,,50,,,,,,4,,,,
5958,5964,14,4,46,120,1866,,,,50,,,,,,4,,,,
5959,5965,14,4,46,120,873,,,,50,,,,,,4,,,,
5960,5966,14,4,46,120,3185,,,,50,,,,,,4,,,,
5961,5967,14,4,46,120,3129,,,,50,,,,,,2,,,,
5962,5968,14,4,46,120,1358,,,,50,,,,,,4,,,,
5963,5969,14,4,46,120,3212,,,,50,,,,,,2,,,,
5964,5970,14,4,46,120,1724,,,,50,,,,,,2,,,,
5965,5971,14,4,46,3498,317,,,,50,,,,,,80,,,,
5966,5973,15,4,45,467,1298,,,,75,,Relicta,,,,11,,,,
5967,5974,15,4,45,467,2129,,,,75,,,,,,11,,,,
5968,5975,15,4,45,467,1925,,,,75,,,,,,11,,,,
5969,5976,15,4,45,467,3734,,,,75,,,,Upravitelj (quod tenuit),Relicta Emerici alter Gregorii,2,,,,
5970,5977,15,4,45,2934,1867,,,,75,,,,,,3,,,,
5971,5978,15,4,45,2992,1482,,,,75,,,,,,6,,,,
5972,5979,15,4,45,971,3920,,,,75,,,,,,1,,,,
5973,5980,15,4,45,122,619,,,,75,,,,,,5,,,,
5974,5981,15,4,45,122,3235,,,,75,,,,,,1,,,,
5975,5982,15,4,45,122,1954,,,,75,,,,Vicecomes,,3,,,,
5976,5983,15,4,45,122,722,,,,75,,,,"Litteratus, dicator",,3,,,,
5977,5984,15,4,45,122,2971,,,,75,,,,,,7,,,,
5978,5985,15,4,45,2467,2529,,,,75,,,,,,10,,,,
5979,5986,15,4,45,2467,416,,,,75,,,,,,5,,,,
5980,5987,15,4,45,2467,,,,,75,,,,Prebendar (prebendarius),,1,,,,
5981,5988,15,4,45,446,,,,,75,,,Dominus,"Zagrebački biskup (Episcopus Zagrabiensis), banus",,5,,,,
5982,5989,15,4,45,446,1244,,,,75,,,,,,1,,,,
5983,5990,15,4,45,446,4026,,,,75,,,,,,1,,,,
5984,5991,15,4,45,446,2748,,,,75,,,,,,1,,,,
5985,5992,15,4,45,953,34,,,,75,,,Dominus,,,40,,,,
5986,5993,15,4,45,1154,3040,,,,75,,,,,,3,,,,1
5987,5994,15,4,45,1154,3915,,,,75,,,,,,1,,,,1
5988,5995,15,4,45,438,134,,,,75,,,,,,15,,,,
5989,5996,15,4,45,122,547,,,,75,,,,,,1,,,,
5990,5997,15,4,45,122,505,,,,75,,,,"Prothonotarius, magister",,2,,,,
5991,5998,15,4,45,122,1498,,,,75,,,,,,3,,,,
5992,5999,15,4,45,3082,4200,,,,75,,,,,,2,,,,
5993,6000,15,4,45,2923,1866,,,,75,,,,,,2,,,,
5994,6001,15,4,45,2923,873,,,,75,,,,,,2,,,,
5995,6002,15,4,45,2923,3185,,,,75,,,,,,2,,,,
5996,6003,15,4,45,2923,3129,,,,75,,,,,,1,,,,
5997,6004,15,4,45,2923,1724,,,,75,,,,,,1,,,,
5998,6005,15,4,45,3498,317,,,,75,,,,,,10,,,,
5999,6006,15,4,57,3756,,,,,75,,,,,,175,,,,
6000,6007,15,4,57,463,1173,,,,75,,,,,,5,,,,
6001,6008,15,4,57,2032,,,,,75,,,,Eremiti (Fratres heremitae)-Lepoglava,,2,,,,
6002,6009,15,4,57,64,,,,,75,,,,,,76,,,,
6003,6010,15,4,57,1761,774,,,,75,,,,,,2,,,,
6004,6011,15,4,57,3794,1740,,,,75,,,,Vicecomes,,3,,,,
6005,6012,15,4,57,3794,722,,,,75,,,,"Litteratus, dicator",,3,,,,
6006,6013,15,4,57,3794,1238,,,,75,,,,Vicejudex,,4,,,,
6007,6014,15,4,57,3794,4013,,,,75,,,,Judex nobilium,,2,,,,
6008,6015,15,4,57,3794,3665,,,,75,,,,,,7,,,,
6009,6016,15,4,57,3794,3211,,,,75,,,,,,12,,,,
6010,6017,15,4,57,3794,2542,,,,75,,,,,,2,,,,
6011,6018,15,4,57,3794,3320,,,,75,,,,,,1,,,,
6012,6019,15,4,57,3794,2294,,,,75,,,,,,1,,,,
6013,6020,15,4,57,3794,1356,,,,75,,,,,,2,,,,
6014,6021,15,4,57,3794,,,,,75,,,,Župnik (plebanus),,1,,,,
6015,6022,15,4,57,3794,2087,,,,75,,,,,,1,,,,
6016,6023,15,4,57,3794,1277,,,,75,,Relicta,,,,2,,,,
6017,6024,15,4,57,2263,3919,,,,75,,,,,,1,,,,
6018,6025,15,4,57,775,20,,,,75,,Relicta,,,,1,,,,
6019,6026,15,4,57,2170,1710,,,,75,,,,,,1,,,,
6020,6027,15,4,57,2170,1050,,,,75,,,,Vicejudex nobilium,,1,,,,
6021,6028,15,4,57,3136,10,,,,75,,,,,,1,,,,
6022,6029,15,4,57,215,2013,,,,75,,Relicta,,,,2,,,,
6023,6030,15,4,57,215,775,,,,75,,,,,,1,,,,
6024,6031,15,4,57,215,1358,,,,75,,,,,,1,,,,
6025,6032,15,4,57,967,,,,,75,,,Dominus,Banus,,5,,,,
6026,6033,15,4,57,967,,,,,75,,,,Župnik (plebanus) St. Trinitas,,1,,,,
6027,6034,15,4,57,967,317,,,,75,,,,,,3,,,,
6028,6035,15,4,57,967,3949,,,,75,,,,,,2,,,,
6029,6036,15,4,57,967,3022,,,,75,,Relicta,,,,1,,,,
6030,6037,15,4,57,967,2580,,,,75,,,,,,1,,,,
6031,6038,15,4,57,1387,2104,,,,75,,,,Judex nobilium,,2,,,,
6032,6039,15,4,57,9,443,,,,75,,,,,,4,,,,
6033,6040,15,4,57,9,2290,,,,75,,,,,,1,,,,
6034,6041,15,4,57,1726,1298,,,,75,,Relicta,,,,13,,,,
6035,6042,15,4,57,1726,1926,,,,75,,,,,,8,,,,
6036,6043,15,4,57,1726,2130,,,,75,,,,,,6,,,,
6037,6044,15,4,57,305,,,,,75,,,Dominus,Banus,,40,,,,
6038,6045,15,4,57,699,,,,,75,,,,Kaptol zagrebački (Capitulum Zagrabiense),,125,,,,
6039,6046,15,4,57,3140,,,,,75,,,Dominus,Zagrebački biskup (Episcopus Zagrabiensis),,24,,,,
6040,6047,15,4,57,2917,,,,,75,,,Dominus,Zagrebački biskup (Episcopus Zagrabiensis),,16,,,,
6041,6048,15,4,57,575,,,,,75,,,Dominus,Zagrebački biskup (Episcopus Zagrabiensis),,6,,,,
6042,6049,15,4,57,3350,,,,,75,,,Dominus,Zagrebački biskup (Episcopus Zagrabiensis),,3,,,,
6043,6050,15,4,57,2835,,,,,75,,,Dominus,Zagrebački biskup (Episcopus Zagrabiensis),,4,,,,
6044,6051,15,4,57,236,,,,,75,,,Dominus,Zagrebački biskup (Episcopus Zagrabiensis),,1,,,,
6045,6052,15,4,57,2472,,,,,75,,,,Prepošt (praepositus)-Galgoncza,,7,,,,
6046,6053,15,4,57,253,,,,,75,,,,Eremiti (Fratres heremitae) sub Medwe,,6,,,,
6047,6054,15,4,57,1996,,,,,75,,,Dominus,Banus,,15,,,,
6048,6055,15,4,57,3681,424,,,,75,,Relicta,,,,3,,,,
6049,6056,15,4,57,1034,,,,,75,,,,Gradec (Civitas Montis Grecensis Zagrabiensis),,2,,,,
6050,6057,15,4,57,2104,4051,,,,75,,,,Litteratus,Mathias,2,,,,
6051,6058,15,4,57,535,,,,,75,,,,Župnik (plebanus),,2,,,,
6052,6059,15,4,57,2481,1298,,,,75,,Relicta,,,,1,,,,
6053,6060,15,4,57,2481,1927,,,,75,,,,,,1,,,,1
6054,6061,15,4,57,2481,2130,,,,75,,,,,,1,,,,
6055,6062,15,4,57,2481,3064,,,,75,,,,,,1,,,,
6056,6063,15,4,57,2481,2917,,,,75,,,,,,1,,,,
6057,6064,15,4,57,2481,2884,,,,75,,,,,,3,,,,
6058,6065,15,4,57,2481,,,,,75,,,,Abbatia Beate Virginis de area capitulari,,2,,,,
6059,6066,15,4,57,594,,,,,75,,,,,,400,,,,
6060,6067,15,4,122,1584,,,,,75,,,,Kaptol zagrebački (Capitulum Zagrabiense),,40,,,,
6061,6068,15,4,122,2684,,,,,75,,,,Eremiti (Fratres heremitae) sub Medwe,,14,,,,
6062,6069,15,4,122,1583,1810,,,,75,,,,,,1,,,,
6063,6070,15,4,122,2883,4051,,,,75,,,,,,1,,,,
6064,6071,15,4,122,2883,2873,,,,75,,,,,,2,,,,
6065,6072,15,4,122,2883,3822,,,,75,,,,,,1,,,,
6066,6073,15,4,122,532,2078,,,,75,,,,,,2,,,,
6067,6074,15,4,122,3860,,oppidum,,,75,,,,Kaptol zagrebački (Capitulum Zagrabiense),,54,,,,
6068,6075,15,4,122,3860,,provincia,,,75,,,,Kaptol zagrebački (Capitulum Zagrabiense),,128,,,,
6069,6076,15,4,122,1180,,,,,75,,,Dominus,Zagrebački biskup (Episcopus Zagrabiensis),,51,,,,
6070,6077,15,4,122,619,191,,,,75,,,Dominus,,,68,,,,
6071,6078,15,4,122,2906,191,,,,75,,,Dominus,,,125,,,,
6072,6079,15,4,122,2515,1741,,,,75,,,,Vicecomes,,2,,,,
6073,6080,15,4,122,2515,722,,,,75,,,,"Litteratus, dicator",,2,,,,
6074,6081,15,4,122,3284,8,,,,75,,,Dominus,,,34,,,,
6075,6082,15,4,122,1205,2078,,,,75,,,,,,1,,,,
6076,6083,15,4,122,1205,3002,,,,75,,,,,,1,,,,
6077,6084,15,4,122,1205,4038,,,,75,,,,,,1,,,,
6078,6085,15,4,122,2864,3327,,,,75,,,,,,7,,,,
6079,6086,15,4,122,1790,656,,,,75,,,Dominus,,,38,,,,
6080,6087,15,4,122,2089,608,,,,75,,,,,,6,,,,
6081,6088,15,4,122,3334,,,,,75,,,,Abbatia ad Thopozkam*,,10,,,,1
6082,6089,15,4,122,204,,,,,75,,,,,,10,,,,
6083,6090,15,4,122,2986,1214,,,,75,,,,,,2,,,,
6084,6091,15,4,122,2525,,castrum,,,75,,,,,,25,,,,
6085,6092,15,4,122,2525,89,castrum,,,75,,Relicta,,,,2,,,,
6086,6093,15,4,122,2525,160,castrum,,,75,,Relicta,,,,1,,,,
6087,6094,15,4,122,2525,2695,castrum,,,75,,,,,,2,,,,
6088,6095,15,4,122,2525,127,castrum,,,75,,Relicta,,,,6,,,,
6089,6096,15,4,122,2525,4025,castrum,,,75,,,,,,5,,,,
6090,6097,15,4,122,2525,4099,castrum,,,75,,,,,,1,,,,
6091,6098,15,4,122,2525,337,castrum,,,75,,Relicta,,,,8,,,,
6092,6099,15,4,122,2525,2594,castrum,,,75,,,,,,5,,,,
6093,6100,15,4,122,2525,2510,castrum,,,75,,,,,,3,,,,
6094,6101,15,4,122,2525,3732,castrum,,,75,,,,,,1,,,,
6095,6102,15,4,122,2525,2135,castrum,,,75,,,,,,2,,,,
6096,6103,15,4,122,1305,1378,,,,75,,,,,,4,,,,
6097,6104,15,4,122,1305,3290,,,,75,,,,,,4,,,,
6098,6105,15,4,122,1305,3541,,,,75,,,,,,3,,,,
6099,6106,15,4,122,1305,4085,,,,75,,,,,,10,,,,
6100,6107,15,4,122,2983,2133,,,,75,,,,,,12,,,,
6101,6108,15,4,122,2983,1426,,,,75,,,,,,3,,,,
6102,6109,15,4,122,3425,3947,,,,75,,,,,,4,,,,
6103,6110,15,4,122,725,1916,,,,75,,,,,,1,,,,
6104,6111,15,4,122,3702,2321,,,,75,,,,,,10,,,,
6105,6112,15,4,122,2439,,,,,75,,,,Kaptol zagrebački (Capitulum Zagrabiense),,17,,,,
6106,6113,15,4,122,2952,50,,,,75,,,,,,4,,,,
6107,6114,15,4,122,3069,2731,,,,75,,Relicta,,,,1,,,,
6108,6115,15,4,122,3299,341,,,,75,,,,,,4,,,,
6109,6116,15,4,122,1562,1836,,,,75,,,,,,1,,,,
6110,6117,15,4,122,2253,,,,,75,,,,,,153,,,,
6111,6118,15,4,122,1331,,,,,75,,,,,,141,,,,
6112,6119,15,4,122,3440,,oppidum,,,75,,,,,,33,,,,
6113,6120,15,4,122,3440,,provincia,,,75,,,,,,71,,,,
6114,6121,15,4,122,3440,,provincia,,,75,,,,Župnik (plebanus),,2,,,,
6115,6122,15,4,122,1367,3592,,,,75,,,,,,6,,,,
6116,6123,15,4,122,1367,1541,,,,75,,,,Vicebanus,,5,,,,
6117,6124,15,4,122,1706,1594,,,,75,,,,,,7,,,,
6118,6125,15,4,122,1706,2916,,,,75,,,,,,1,,,,
6119,6126,15,4,122,1706,1727,,,,75,,,,,,1,,,,
6120,6127,15,4,122,357,722,,,,75,,,,"Litteratus, dicator",,14,,,,
6121,6128,15,4,122,1850,,,,,75,,,,,,25,,,,
6122,6129,15,4,122,1814,3064,,,,75,,,,,,6,,,,
6123,6130,15,4,122,1168,,,,,75,,,,Gradec (Civitas Montis Grecensis Zagrabiensis),,2,,,,
6124,6131,15,4,122,2453,63,,,,75,,,,,,5,,,,
6125,6132,15,4,122,268,,,,,75,,,,,,4,,,,
6126,6133,15,4,122,2230,722,,,,75,,,,"Litteratus, dicator",,4,,,,
6127,6134,15,4,122,275,,,,,75,,,,Vicebanus,,5,,,,
6128,6135,15,4,122,1862,,,,,75,,,,,,40,,,,
6129,6136,15,4,122,1862,3096,,,,75,,,,Vicejudex nobilium,Andre Pwnyczych,2,,,,
6130,6137,15,4,122,1862,2276,,,,75,,,,Vicejudex nobilium,,2,,,,
6131,6139,17,4,131,466,3846,,,,8,,,,,,12,,,,
6132,6140,17,4,131,466,2129,,,,8,,,,,,12,,,,
6133,6141,17,4,131,466,1925,,,,8,,,,,,12,,,,
6134,6142,17,4,131,466,716,,,,8,,,,,,1,,,,
6135,6143,17,4,131,2934,325,,,,8,,,,,,5,,,,
6136,6144,17,4,131,2992,1060,,,,8,,,,,,6,,,,
6137,6145,17,4,131,971,3287,,,,8,,,,,jam Ambrosius Litteratus,1,,,,
6138,6146,17,4,131,971,2355,,,,8,,,,,,1,,,,
6139,6147,17,4,131,122,620,,,,8,,,,,,5,,,,
6140,6148,17,4,131,122,437,,,,8,,,,,,1,,,,
6141,6149,17,4,131,3498,1753,,,,8,,,,,,3,,,,
6142,6150,17,4,131,3498,722,,,,8,,,,Litteratus,,3,,,,
6143,6151,17,4,131,3498,2970,,,,8,,,,,,11,,,,
6144,6152,17,4,131,3498,3152,,,,8,,,,,,1,,,,
6145,6153,17,4,131,3498,3059,,,,8,,,,,,1,,,,
6146,6154,17,4,131,3498,2081,,,,8,,Relicta-Johannes Kozloych,,,,1,,,,
6147,6155,17,4,131,2467,2078,,,,8,,,,,,10,,,,
6148,6156,17,4,131,2467,416,,,,8,,,,,,5,,,,
6149,6157,17,4,131,2467,,,,,8,,,,Župnik (plebanus),,1,,,,
6150,6158,17,4,131,2467,1724,,,,8,,,,,,1,,,,
6151,6159,17,4,131,446,,,,,8,,,Dominus,"Zagrebački biskup (Episcopus Zagrabiensis), banus",,5,,,,
6152,6160,17,4,131,446,215,,,,8,,,,,,1,,,,
6153,6161,17,4,131,446,1201,,,,8,,,,,,1,,,,
6154,6162,17,4,131,446,4028,,,,8,,,,,Thwrkoych,1,,,,
6155,6163,17,4,131,446,2771,,,,8,,,,,,1,,,,
6156,6164,17,4,131,953,60,,,,8,,,Dominus,,,40,,,,
6157,6165,17,4,131,1154,3040,,,,8,,,,,,3,,,,1
6158,6166,17,4,131,1154,3915,,,,8,,,,,,1,,,,1
6159,6167,17,4,131,438,134,,,,8,,,,,,15,,,,
6160,6168,17,4,131,438,2160,,,,8,,,,,,0,,,desertum,
6161,6169,17,4,131,122,547,,,,8,,,,,,1,,,,
6162,6170,17,4,131,122,3100,,,,8,,,,Magister,,2,,,,
6163,6171,17,4,131,122,1498,,,,8,,,,,,3,,,,
6164,6172,17,4,131,3082,4200,,,,8,,,,,,2,,,,
6165,6173,17,4,131,2923,1866,,,,8,,,,,,2,,,,
6166,6174,17,4,131,2923,903,,,,8,,,,,,2,,,,
6167,6175,17,4,131,2923,3877,,,,8,,,,,,2,,,,
6168,6176,17,4,131,2923,3129,,,,8,,,,,,1,,,,
6169,6177,17,4,131,2923,722,,,,8,,,,Litteratus,,4,,,desertus,
6170,6178,17,4,131,2923,3233,,,,8,,,,,jam Iwan Hondrey,1,,,desertus,
6171,6179,17,4,131,2923,1724,,,,8,,,,,,2,,,,
6172,6180,17,4,131,3498,317,,,,8,,,,,,40,,,,
6173,6181,17,4,131,2183,239,,,,8,,,Nobilis,,,1,,,,
6174,6182,17,4,131,2183,797,,,,8,,,Nobilis,,,1,,,,
6175,6183,17,4,131,2183,3097,,,,8,,,Nobilis,,,1,,,,
6176,6184,17,4,131,2183,1285,,,,8,,,Nobilis,,,1,,,,
6177,6185,17,4,131,2183,3511,,,,8,,,Nobilis,,,1,,,,
6178,6186,17,4,131,2183,1951,,,,8,,,Nobilis,,,1,,,,
6179,6187,17,4,131,2183,2859,,,,8,,,Nobilis,,,1,,,,
6180,6188,17,4,131,2183,3403,,,,8,,,Nobilis,,,1,,,,
6181,6189,17,4,131,2183,3309,,,,8,,,Nobilis,,,1,,,,
6182,6190,17,4,131,2183,3029,,,,8,,,Nobilis,,,1,,,,
6183,6191,17,4,131,2183,3885,,,,8,,,Nobilis,,,1,,,,
6184,6192,17,4,131,2183,3580,,,,8,,,Nobilis,,,1,,,,
6185,6193,17,4,131,2183,3149,,,,8,,,Nobilis,,,1,,,,
6186,6194,17,4,131,2183,2995,,,,8,,,Nobilis,,,1,,,,
6187,6195,17,4,131,2183,1650,,,,8,,,Nobilis,,,1,,,,
6188,6196,17,4,131,2183,3510,,,,8,,,Nobilis,,,1,,,,
6189,6197,17,4,131,2183,1284,,,,8,,,Nobilis,,,1,,,,
6190,6198,17,4,131,2183,3245,,,,8,,,Nobilis,,,1,,,,
6191,6199,17,4,131,2183,3117,,,,8,,,Nobilis,,,1,,,,
6192,6200,17,4,131,2269,3172,,,,8,,,,,,1,,,,
6193,6201,17,4,131,2269,1231,,,,8,,,,,,1,,,,
6194,6202,17,4,131,2269,4155,,,,8,,,,,,1,,,,
6195,6203,17,4,131,2269,2990,,,,8,,,,,,1,,,,
6196,6204,17,4,131,2269,3183,,,,8,,,,,,1,,,,
6197,6205,17,4,131,2269,3512,,,,8,,,,,,1,,,,
6198,6206,17,4,131,2269,1862,,,,8,,,,,,1,,,,
6199,6207,17,4,131,2269,1009,,,,8,,,,,,1,,,,
6200,6208,17,4,131,215,3613,,,,8,,,,,,2,,,,
6201,6209,17,4,32,3725,2702,,,,8,,,,,,175,,,,
6202,6210,17,4,32,463,2702,,,,8,,,,,jam domina Martha,5,,,,
6203,6211,17,4,32,2135,,,,,8,,,,Eremiti (Fratres heremitae)-Lepoglava,,2,,,,
6204,6212,17,4,32,64,2702,,,,8,,,Dominus,,,76,,,,
6205,6213,17,4,32,1757,771,,,,8,,,,,,2,,,,
6206,6214,17,4,32,884,395,,,,8,,,,Judex nobilium,,3,,,,
6207,6215,17,4,32,884,722,,,,8,,,,Litteratus,"jam Georgius Dwbychak, Judex nobilium",3,,,,
6208,6216,17,4,32,884,722,,,,8,,,,Litteratus,"jam Georgius Dwbychak, Judex nobilium",1,,,,
6209,6217,17,4,32,884,1237,,,,8,,,,,,4,,,,
6210,6218,17,4,32,884,1558,,,,8,,,,,,1,,,,
6211,6219,17,4,32,884,3748,,,,8,,,,,"jam Georgius Dwbychak, Judex nobilium",0,,,,
6212,6220,17,4,32,884,465,,,,8,,,,,,7,,,,
6213,6221,17,4,32,884,76,,,,8,,,,,,12,,,,
6214,6222,17,4,32,884,2542,,,,8,,,,,Zremecz,2,,,,
6215,6223,17,4,32,884,3414,,,,8,,,,,,2,,,,
6216,6224,17,4,32,884,3536,,,,8,,,,,,2,,,,
6217,6225,17,4,32,884,1330,,,,8,,,,,,2,,,,
6218,6226,17,4,32,884,1356,,,,8,,,,,,2,,,,
6219,6227,17,4,32,884,,,,,8,,,,Župnik (plebanus),,2,,,,
6220,6228,17,4,32,884,2087,,,,8,,,,,,1,,,,
6221,6229,17,4,32,884,1255,,,,8,,Relicta,,,,3,,,,
6222,6230,17,4,32,2262,3046,,,,8,,,,,,1,,,,
6223,6231,17,4,32,2262,3919,,,,8,,,,,jam Ambrosius Litteratus,2,,,,
6224,6232,17,4,32,2262,2355,,,,8,,,,,,1,,,,
6225,6233,17,4,32,2262,377,,,,8,,,,,Novak,1,,,,
6226,6234,17,4,32,775,865,,,,8,,Relicta,,,jam Johannes Drenowechky tenet,1,,,,
6227,6235,17,4,32,775,3017,,,,8,,,,,jam Johannes Drenowechky tenet,1,,,,
6228,6236,17,4,32,775,1174,,,,8,,,,,,1,,,,
6229,6237,17,4,32,2179,3058,,,,8,,,,,,1,,,,
6230,6238,17,4,32,2179,1049,,,,8,,,,,,1,,,,
6231,6239,17,4,32,2179,349,,,,8,,,,,,1,,,,
6232,6240,17,4,32,2179,10,,,,8,,,,,,1,,,,
6233,6241,17,4,32,217,,,,,8,,Relicta,,,,2,,,,
6234,6242,17,4,32,217,535,,,,8,,Relicta,,,,1,,,,
6235,6243,17,4,32,217,780,,,,8,,,,,jam Ambrosius Litteratus,2,,,,
6236,6244,17,4,32,217,1358,,,,8,,,,,jam Ambrosius Litteratus,4,,,,
6237,6245,17,4,32,967,,,,,8,,,Dominus,Banus,jam Polychanyn,5,,,,
6238,6246,17,4,32,967,,,,,8,,,,Župnik (plebanus) Sanctae Trinitatis,,2,,,,
6239,6247,17,4,32,967,3949,,,,8,,,,,jam Thomas Mykwlych,2,,,,
6240,6248,17,4,32,967,3022,,,,8,,,,,,2,,,,
6241,6249,17,4,32,967,2579,,,,8,,,,,,1,,,,
6242,6250,17,4,32,1387,67,,,,8,,,,,,2,,,,
6243,6251,17,4,32,9,442,,,,8,,,,,de tribus solvit tres deserti,6,,3,,
6244,6252,17,4,32,9,2290,,,,8,,,,,,1,,,,
6245,6253,17,4,32,9,623,,,,8,,,,,,,,1,,
6246,6254,17,4,32,9,3362,,,,8,,,,,,1,,,,
6247,6255,17,4,32,1726,1297,,,,8,,,,,,17,,,,
6248,6256,17,4,32,1726,2129,,,,8,,,,,,11,,,,
6249,6257,17,4,32,1726,1925,,,,8,,,,,,11,,,,
6250,6258,17,4,32,305,,,,,8,,,Dominus,Banus,,75,,,,
6251,6259,17,4,32,3341,,districtus,,,8,,,,Kaptol zagrebački (Capitulum Zagrabiense),,165,,,,
6252,6260,17,4,32,3246,,,,,8,,,Dominus,Zagrebački biskup (Episcopus Zagrabiensis),,25,,,,
6253,6261,17,4,32,2917,,,,,8,,,Dominus,Zagrebački biskup (Episcopus Zagrabiensis),,32,,,,
6254,6262,17,4,32,576,,,,,8,,,Dominus,Zagrebački biskup (Episcopus Zagrabiensis),,6,,,,
6255,6263,17,4,32,3350,,,,,8,,,Dominus,Zagrebački biskup (Episcopus Zagrabiensis),,5,,,,
6256,6264,17,4,32,2473,,,,,8,,,,Prepošt (praepositus)-Galgoncza,,7,,,,
6257,6265,17,4,32,2832,,,,,8,,,Dominus,Zagrebački biskup (Episcopus Zagrabiensis),,6,,,,
6258,6266,17,4,32,234,,,,,8,,,Dominus,Zagrebački biskup (Episcopus Zagrabiensis),,1,,,,
6259,6267,17,4,32,255,,,,,8,,,,Eremiti (Fratres heremitae)-sub Medwe,,6,,,,
6260,6268,17,4,32,1988,,,,,8,,,Dominus,Banus,,15,,,,
6261,6269,17,4,32,3681,426,,,,8,,,,,,3,,,,
6262,6270,17,4,32,1031,,,,,8,,,,Gradec (Civitas Montis Grecensis Zagrabiensis),,3,,,,
6263,6271,17,4,32,2105,4051,,,,8,,,,Litteratus,,2,,,,
6264,6272,17,4,32,535,,,,,8,,,,Župnik (plebanus),,2,,,,
6265,6273,17,4,32,2481,1297,,,,8,,,,,,3,,,,
6266,6274,17,4,32,2481,2672,,,,8,,,,,Martino Fabro,1,,,,
6267,6275,17,4,32,2481,342,,,,8,,,,,jam Matheus Dely,1,,,,
6268,6276,17,4,32,2481,975,,,,8,,,,,,1,,,,
6269,6277,17,4,32,2481,2129,,,,8,,,,,,1,,,,
6270,6278,17,4,32,2481,2982,,,,8,,,,,,3,,,,
6271,6279,17,4,32,2481,2022,,,,8,,,,,,1,,,,
6272,6280,17,4,32,2481,,,,,8,,,,Abbatia Beatae Virginis,,3,,,,
6273,6281,17,4,32,594,,,,,8,,,,,,400,,,,
6274,6282,17,4,32,2183,2987,,,,8,,,,,Stephanus,1,,,,
6275,6283,17,4,32,2183,2696,,,,8,,,,,,1,,,,
6276,6284,17,4,32,2183,2141,,,,8,,,,,jam heredum Colomani,1,,,,
6277,6285,17,4,32,2183,2697,,,,8,,,,,,1,,,,
6278,6286,17,4,32,2183,3408,,,,8,,,,,,1,,,,
6279,6287,17,4,32,2183,1279,,,,8,,,,,,1,,,,
6280,6288,17,4,32,2183,2993,,,,8,,,,,jam relicta Petrii Mayczen,1,,,,
6281,6289,17,4,32,2183,377,,,,8,,,,,,1,,,desertum,
6282,6290,17,4,32,2183,3394,,,,8,,,,,,1,,,,
6283,6291,17,4,32,2183,3049,,,,8,,,,,,1,,,,
6284,6292,17,4,32,2183,3180,,,,8,,Relicta,,,,1,,,,
6285,6293,17,4,32,2183,3583,,,,8,,,,,,1,,,,
6286,6294,17,4,32,2183,2985,,,,8,,,,,,1,,,,
6287,6295,17,4,32,2183,2142,,,,8,,,,,,1,,,desertum,
6288,6296,17,4,32,2183,2800,,,,8,,,,,,1,,,,
6289,6297,17,4,32,2183,2989,,,,8,,,,Vicejudex nobilium,,1,,,,
6290,6298,17,4,32,2183,357,,,,8,,Relicta,,,,1,,,desertum,
6291,6299,17,4,32,2183,3038,,,,8,,,,,,1,,,,
6292,6300,17,4,32,2183,2992,,,,8,,,,,,1,,,,
6293,6301,17,4,32,2183,1715,,,,8,,,,,,1,,,,
6294,6302,17,4,32,2183,137,,,,8,,,,,,1,,,,
6295,6303,17,4,32,2183,3662,,,,8,,,,,,1,,,,
6296,6304,17,4,32,1283,631,,,,8,,,,,,1,,,,
6297,6305,17,4,32,1283,2106,,,,8,,,,,,1,,,,
6298,6306,17,4,32,1283,2991,,,,8,,,,,,1,,,,
6299,6307,17,4,32,1283,857,,,,8,,gener,,,,1,,,,
6300,6308,17,4,122,1583,,,,,8,,,,Kaptol zagrebački (Capitulum Zagrabiense),,32,,,,
6301,6309,17,4,122,2692,,,,,8,,,,Eremiti (Fratres heremitae) sub Medwe,,14,,,,
6302,6310,17,4,122,1583,1810,,,,8,,,,,,1,,,,
6303,6311,17,4,122,2879,4119,,,,8,,,,,,1,,,,
6304,6312,17,4,122,2879,2783,,,,8,,Relicta,,,jam Matheus,1,,,,
6305,6313,17,4,122,2879,1116,,,,8,,Relicta,,,Frater-Thomas de Schythario,1,,,,
6306,6314,17,4,122,2879,3995,,,,8,,,,Vicecomes,,1,,,,1
6307,6315,17,4,122,2879,1051,,,,8,,,,,,1,,,,1
6308,6316,17,4,122,530,2078,,,,8,,,,,,1,,,,
6309,6317,17,4,122,530,3182,,,,8,,,,,,1,,,,
6310,6318,17,4,122,530,3729,,,,8,,,,,,1,,,,
6311,6319,17,4,122,3860,,oppidum,,,8,,,,Kaptol zagrebački (Capitulum Zagrabiense),,54,,,,
6312,6320,17,4,122,3860,,provincia,,,8,,,,Kaptol zagrebački (Capitulum Zagrabiense),,128,,,,
6313,6321,17,4,122,1177,,,,,8,,,,,,51,,,,
6314,6322,17,4,122,1631,186,,,,8,,,Dominus,,,68,,,,
6315,6323,17,4,122,2906,,,,,8,,,,,,125,,,,
6316,6324,17,4,122,2503,395,,,,8,,,,,,2,,,,
6317,6325,17,4,122,2503,722,,,,8,,,,Litteratus,,2,,,,
6318,6326,17,4,122,3291,5,,,,8,,,Dominus,,,34,,,,
6319,6327,17,4,122,1205,2241,,,,8,,,,,,1,,,,1
6320,6328,17,4,122,1205,3048,,,,8,,,,,,1,,,,1
6321,6329,17,4,122,1205,4038,,,,8,,,,,,1,,,,
6322,6330,17,4,122,2864,3326,,,,8,,,,,,7,,,,
6323,6331,17,4,122,1783,656,,,,8,,,Dominus,,,38,,,,
6324,6332,17,4,122,2022,2030,,,,8,,,,,,2,,,,
6325,6333,17,4,122,2022,744,,,,8,,,,,,2,,,,
6326,6334,17,4,122,2022,2873,,,,8,,,,,Iwany Wagathoych,,,,,
6327,6335,17,4,122,3320,,,,,8,,,Dominus,Abbatia ad Thopozkam,,10,,,,
6328,6336,17,4,122,2987,1216,,,,8,,,,,,2,,,,
6329,6337,17,4,122,206,1217,,,,8,,,,,,10,,,,1
6330,6338,17,4,122,2536,,castrum,,,8,,,,,,25,,,,
6331,6339,17,4,122,2536,45,castrum,,,8,,Relicta,,,,2,,,,
6332,6340,17,4,122,2536,161,castrum,,,8,,Relicta,,,,1,,,,
6333,6341,17,4,122,2536,2695,castrum,,,8,,,,,,2,,,,
6334,6342,17,4,122,2536,100,castrum,,,8,,Relicta,,,,6,,,,
6335,6343,17,4,122,2536,4024,castrum,,,8,,,,,,5,,,,
6336,6344,17,4,122,2536,4101,castrum,,,8,,,,,,1,,,,
6337,6345,17,4,122,2536,337,castrum,,,8,,Relicta,,,,10,,,,
6338,6346,17,4,122,2536,2587,castrum,,,8,,,,,,5,,,,
6339,6347,17,4,122,1466,2511,,,,8,,,,,Boynychych (jam Stephanus Gwranych),3,,,,
6340,6348,17,4,122,2628,277,,,,8,,,,,,1,,,,
6341,6349,17,4,122,2628,2135,,,,8,,,,,,2,,,,
6342,6350,17,4,122,1314,1378,,,,8,,,,,,4,,,,
6343,6351,17,4,122,1314,3290,,,,8,,,,,,4,,,,
6344,6352,17,4,122,1314,3541,,,,8,,,,,,3,,,,
6345,6353,17,4,122,1314,4085,,,,8,,,,,,10,,,,
6346,6354,17,4,122,1669,5,,,,8,,,Dominus,,,15,,,,
6347,6355,17,4,122,2981,121,,,,8,,,,,,12,,,,
6348,6356,17,4,122,249,1423,,,,8,,,,,,3,,,,
6349,6357,17,4,122,3424,3948,,,,8,,,,,,4,,,,
6350,6358,17,4,122,728,1916,,,,8,,,,,,1,,,,
6351,6359,17,4,122,3700,2321,,,,8,,,,,,10,,,,
6352,6360,17,4,122,2453,,,,,8,,,,Kaptol zagrebački (Capitulum Zagrabiense),,15,,,,
6353,6361,17,4,122,3300,1527,,,,8,,,,,,4,,,,
6354,6362,17,4,122,3065,2781,,,,8,,Relicta,,,filius Georgii,1,,,,
6355,6363,17,4,122,3065,29,,,,8,,Relicta,,,,1,,,,
6356,6364,17,4,122,2726,2956,,,,8,,,,,,1,,,,
6357,6365,17,4,122,3307,3065,,,,8,,,,,,4,,,,
6358,6366,17,4,122,1514,1894,,,,8,,,,,,1,,,,
6359,6367,17,4,122,2257,190,,,,8,,,Dominus,,,132,,,,
6360,6368,17,4,122,1471,722,,,,8,,,,Litteratus,,4,,,,
6361,6369,17,4,122,1338,191,,,,8,,,Dominus,,,141,,,,
6362,6370,17,4,122,2830,,oppidum,,,8,,,,,,33,,,,
6363,6371,17,4,122,2830,,provincia,,,8,,,,,,71,,,,
6364,6372,17,4,122,3478,3651,,,,8,,,,,,1,,,,
6365,6373,17,4,122,1457,52,,,,8,,,,,,1,,,,
6366,6374,17,4,122,3440,,,,,8,,,,Župnik (plebanus),,4,,,,
6367,6375,17,4,122,1362,72,,,,8,,,,,,6,,,,
6368,6376,17,4,122,1362,1540,,,,8,,,,,,5,,,,
6369,6377,17,4,122,1713,78,,,,8,,,,,,7,,,,
6370,6378,17,4,122,1713,1727,,,,8,,,,,,1,,,,
6371,6379,17,4,122,1713,2916,,,,8,,,,,Relicta Elene Pauli,1,,,,
6372,6380,17,4,122,1713,3150,,,,8,,,,,,1,,,,
6373,6381,17,4,122,1713,822,,,,8,,,,,,1,,,,
6374,6382,17,4,122,1713,2259,,,,8,,,,,,1,,,,
6375,6383,17,4,122,1713,1701,,,,8,,,,,,1,,,,
6376,6384,17,4,122,360,722,,,,8,,,,Litteratus,,13,,,,
6377,6385,17,4,122,1846,,,,,8,,,,,,25,,,,
6378,6386,17,4,122,3723,3065,,,,8,,,,,,6,,,,
6379,6387,17,4,122,1183,,,,,8,,,,Gradec (Civitas Montis Grecensis Zagrabiensis),,2,,,,
6380,6388,17,4,122,2453,64,,,,8,,,,,,5,,,,
6381,6389,17,4,122,1190,3685,,,,8,,,,,,1,,,,
6382,6390,17,4,122,1190,3775,,,,8,,,Nobilis,,,1,,,,
6383,6391,17,4,122,1457,1058,,,,8,,,,,,1,,,,
6384,6392,17,4,122,271,,,,,8,,,,,,4,,,,
6385,6393,17,4,122,2231,722,,,,8,,,,Litteratus,,4,,,,
6386,6394,17,4,122,331,,,,,8,,,,,,5,,,,
6387,6395,17,4,122,1861,1647,,,,8,,,,,,3,,,,
6388,6396,17,4,122,1412,,,,,8,,,,Eremiti (Fratres heremitae) sub Kamenie,,2,,,desertum,
6389,6397,17,4,122,1856,2045,,,,8,,,Nobilis,,,1,,,,
6390,6398,17,4,122,1856,927,,,,8,,,Nobilis,,,2,,,,
6391,6399,17,4,122,1856,2304,,,,8,,,Nobilis,,,2,,,,
6392,6400,17,4,122,1856,3316,,,,8,,,Nobilis,,,1,,,,
6393,6401,17,4,122,1856,3067,,,,8,,,Nobilis,,,1,,,,
6394,6402,17,4,122,1856,1949,,,,8,,,Nobilis,,,2,,,,
6395,6403,17,4,122,1856,2279,,,,8,,,Nobilis,,,1,,,,
6396,6404,17,4,122,1856,3873,,,,8,,,Nobilis,,,1,,,,
6397,6405,17,4,122,1856,2994,,,,8,,,Nobilis,,,1,,,,
6398,6406,17,4,122,1856,4152,,,,8,,,Nobilis,,,1,,,,
6399,6407,17,4,122,1856,1854,,,,8,,,Nobilis,,,1,,,,
6400,6408,17,4,122,1856,3472,,,,8,,,Nobilis,,,4,,,,
6401,6409,17,4,122,1856,1031,,,,8,,,Nobilis,,,1,,,,
6402,6410,17,4,122,1856,4153,,,,8,,,Nobilis,,,1,,,,
6403,6411,17,4,122,1856,3980,,,,8,,,Nobilis,,,1,,,,
6404,6412,17,4,122,1856,4154,,,,8,,,Nobilis,,,1,,,,
6405,6413,17,4,122,1856,2779,,,,8,,,Nobilis,,,1,,,,
6406,6414,17,4,122,1856,2775,,,,8,,,Nobilis,,,1,,,,
6407,6415,17,4,122,1856,987,,,,8,,,Nobilis,,,1,,,,
6408,6416,17,4,122,1856,3219,,,,8,,,Nobilis,,,1,,,,
6409,6417,17,4,122,1856,1843,,,,8,,,Nobilis,,,1,,,,
6410,6418,17,4,122,1856,3495,,,,8,,,Nobilis,,,2,,,,
6411,6419,17,4,122,1856,1315,,,,8,,,Nobilis,,,2,,,,
6412,6420,17,4,122,1856,815,,,,8,,,Nobilis,,,1,,,,
6413,6421,17,4,122,1856,3513,,,,8,,,Nobilis,,,1,,,,
6414,6422,17,4,122,1856,3823,,,,8,,,Nobilis,,,1,,,,
6415,6423,17,4,122,1856,265,,,,8,,,Nobilis,,,1,,,,
6416,6425,16,4,132,466,4035,,,1,,,,,,,12,,,,
6417,6426,16,4,132,466,2129,,,1,,,,,,,14,,,,
6418,6427,16,4,132,466,1925,,,1,,,Relicta,,,,12,,,,
6419,6428,16,4,132,466,,,,1,,,,,Župnik (plebanus),,1,,,,
6420,6429,16,4,132,2934,325,,,1,,,,,,,5,,,,
6421,6430,16,4,132,2992,2996,,,1,,,,,,,5,,,,
6422,6431,16,4,132,969,722,,,1,,,,,"Judex nobilium, Litteratus",,1,,,,
6423,6432,16,4,132,969,2875,,,1,,,,,,,1,,,,
6424,6433,16,4,132,1051,57,,,1,,,,Dominus,,,25,,,,
6425,6434,16,4,132,1154,1680,,,1,,,,,,,1,,,,
6426,6435,16,4,132,1154,3914,,,1,,,,,Judex nobilium,,1,,,,
6427,6436,16,4,132,1154,2561,,,1,,,,,,,3,,,,
6428,6437,16,4,132,438,3722,,,1,,,,,,,11,,,,
6429,6438,16,4,132,438,1190,,,1,,,,,,,8,,,,
6430,6439,16,4,132,122,2160,,,1,,,,,,,1,,,,
6431,6440,16,4,132,122,619,,,1,,,,,,,2,,,,
6432,6441,16,4,132,122,547,,,1,,,,,,,2,,,,
6433,6442,16,4,132,122,437,,,1,,,,,,,2,,,,
6434,6443,16,4,132,122,4027,,,1,,,,,,,1,,,,
6435,6444,16,4,132,173,2771,,,1,,,,,,,1,,,,
6436,6445,16,4,132,173,3080,,,1,,,,,,,1,,,,
6437,6446,16,4,132,3232,2192,,,1,,,,,,,1,,,,
6438,6447,16,4,132,2975,1866,,,1,,,,,,,3,,,,
6439,6448,16,4,132,2975,871,,,1,,,,,,,3,,,,
6440,6449,16,4,132,2975,3878,,,1,,,,,,,2,,,,
6441,6450,16,4,132,2975,1497,,,1,,,,,,,1,,,,
6442,6451,16,4,132,3082,4195,,,1,,,,,,,2,,,,
6443,6452,16,4,132,3082,2065,,,1,,,gener Michael Thoth,,,,1,,,,
6444,6453,16,4,132,3082,1724,,,1,,,,,,,2,,,,
6445,6454,16,4,132,215,3521,,,1,,,,,,,1,,,,
6446,6455,16,4,132,215,3719,,,1,,,,,,,1,,,,
6447,6456,16,4,132,3498,312,,,1,,,,,,,20,,,,
6448,6457,16,4,132,444,722,,,1,,,,,"Judex nobilium, Litteratus",,1,,,,
6449,6458,16,4,132,2467,2529,,,1,,,,,,,10,,,,
6450,6459,16,4,132,2467,2651,,,1,,,,,,,4,,,,
6451,6460,16,4,132,2467,,,,1,,,,,Prebendar (prebendarius),,0,,,desertum,
6452,6461,16,4,132,3824,3152,,,1,,,,,,,0,,,desertum,
6453,6462,16,4,132,3498,1752,,,1,,,,,,,3,,,,
6454,6463,16,4,132,3498,722,,,1,,,,,"Judex nobilium, Litteratus",,2,,,,
6455,6464,16,4,132,3498,2968,,,1,,,,,,,4,,,,
6456,6465,16,4,31,3754,55,,,1,,,,Dominus,,Kanyhar (excepta Jakowla),175,,,,
6457,6466,16,4,31,463,2792,,,1,,,,Domina,,,5,,,,
6458,6467,16,4,31,1272,2702,,,1,,,,Dominus,,,2,,,,
6459,6468,16,4,31,2133,,,,1,,,,,Eremiti (Fratres heremitae),,3,,,,
6460,6469,16,4,31,64,54,,,1,,,,Dominus,,Kanyhar,76,,,,
6461,6470,16,4,31,1763,771,,,1,,,,,,,2,,,,
6462,6471,16,4,31,884,1752,,,1,,,,,,,3,,,,
6463,6472,16,4,31,884,722,,,1,,,,,"Judex nobilium, Litteratus",,2,,,,
6464,6473,16,4,31,884,2903,,,1,,,,,,,1,,,,
6465,6474,16,4,31,884,1695,,,1,,,,,,,1,,,,
6466,6475,16,4,31,884,3083,,,1,,,,,,,1,,,,
6467,6476,16,4,31,884,1516,,,1,,,,,Judex nobilium,,1,,,,
6468,6477,16,4,31,884,1632,,,1,,,,,,,1,,,,
6469,6478,16,4,31,884,3667,,,1,,,,,,,3,,,,
6470,6479,16,4,31,884,1165,,,1,,,,,,,7,,,,
6471,6480,16,4,31,884,2970,,,1,,,,,,,2,,,,
6472,6481,16,4,31,884,3324,,,1,,,,,,,1,,,,
6473,6482,16,4,31,884,3536,,,1,,,,,Vicecomes,,1,,,,
6474,6483,16,4,31,884,1328,,,1,,,,,,,1,,,,
6475,6484,16,4,31,884,1939,,,1,,,,,,,1,,,,
6476,6485,16,4,31,884,,,,1,,,,,Župnik (plebanus),,1,,,,
6477,6486,16,4,31,884,1685,,,1,,,,,,,1,,,,
6478,6487,16,4,31,884,1502,,,1,,,,,,,1,,,,
6479,6488,16,4,31,884,2078,,,1,,,Relicta,,,,1,,,,
6480,6489,16,4,31,884,1169,,,1,,,,,,,2,,,,
6481,6490,16,4,31,2473,,,,1,,,,,Prepošt (praepositus)-Galgoncza,,6,,,,
6482,6491,16,4,31,2262,3047,,,1,,,,,,,1,,,,
6483,6492,16,4,31,2262,2355,,,1,,,,,,,0,,,desertum,
6484,6493,16,4,31,775,746,,,1,,,,,,,1,,,,
6485,6494,16,4,31,775,2171,,,1,,,,,,,0,,,desertum,
6486,6495,16,4,31,775,2137,,,1,,,,,,,0,,,desertum,
6487,6496,16,4,31,2179,1715,,,1,,,,,,,1,,,,
6488,6497,16,4,31,2179,2296,,,1,,,pauper,,,,0,,,,
6489,6498,16,4,31,2179,2078,,,1,,,generi Toth,,,,1,,,,
6490,6499,16,4,31,2179,86,,,1,,,Relicta,,,,1,,,,
6491,6500,16,4,31,216,4103,,,1,,,,,,,2,,,,
6492,6501,16,4,31,216,722,,,1,,,,,"Judex nobilium, Litteratus",,2,,,,
6493,6502,16,4,31,967,1786,,,1,,,,,,,5,,,,
6494,6503,16,4,31,967,2585,,,1,,,,,,,3,,,,
6495,6504,16,4,31,967,,,,1,,,,,Župnik (plebanus)-St. Trinitas,,1,,,,
6496,6505,16,4,31,967,2892,,,1,,,,,,,1,,,,
6497,6506,16,4,31,967,2579,,,1,,,,,,,1,,,,
6498,6507,16,4,31,1387,67,,,1,,,,,,,1,,,,
6499,6508,16,4,31,1387,3039,,,1,,,,,,,1,,,,
6500,6509,16,4,31,9,443,,,1,,,,,,,3,,,,
6501,6510,16,4,31,9,1724,,,1,,,,,,,1,,,,
6502,6511,16,4,31,9,521,,,1,,,"Relicta, pauper",,,,,,,,
6503,6512,16,4,31,9,2834,,,1,,,pauper,,,,,,,,
6504,6513,16,4,31,1726,4035,,,1,,,,,,,7,,,,
6505,6514,16,4,31,1726,2129,,,1,,,,,,,8,,,,
6506,6515,16,4,31,1726,1604,,,1,,,,,,,8,,,,
6507,6516,16,4,31,310,1431,,,1,,,,Dominus,,,25,,,,
6508,6517,16,4,31,3332,,districtus,,1,,,,,Kaptol zagrebački (Capitulum Zagrabiense),,165,,,,
6509,6518,16,4,31,3246,,,,1,,,,,Biskup zagrebački (Episcopus Zagrabiensis),,24,,,,
6510,6519,16,4,31,2917,,,,1,,,,,Biskup zagrebački (Episcopus Zagrabiensis),,26,,,,
6511,6520,16,4,31,575,,,,1,,,,,Biskup zagrebački (Episcopus Zagrabiensis),,6,,,,
6512,6521,16,4,31,3350,,,,1,,,,,Biskup zagrebački (Episcopus Zagrabiensis),,4,,,,
6513,6522,16,4,31,2835,,,,1,,,,,Biskup zagrebački (Episcopus Zagrabiensis),,6,,,,
6514,6523,16,4,31,236,,,,1,,,,,Biskup zagrebački (Episcopus Zagrabiensis),,1,,,,
6515,6524,16,4,31,3680,424,,,1,,,,,,,6,,,,
6516,6525,16,4,31,255,,,,1,,,,,Eremiti (Fratres heremitae)-sub Medwe,,6,,,,
6517,6526,16,4,31,1031,,,,1,,,,,Gradec (Civitas Montis Grecensis Zagrabiensis),,3,,,,
6518,6527,16,4,31,1996,,,,1,,,,Dominus,Banus,,10,,,,
6519,6528,16,4,31,2107,4051,,,1,,,,,Litteratus,Mathias Horwath,2,,,,
6520,6529,16,4,31,534,,,,1,,,,,Župnik (plebanus),,3,,,,
6521,6530,16,4,31,2481,2129,,,1,,,,,,,2,,,,
6522,6531,16,4,31,2481,2884,,,1,,,,,,,5,,,,
6523,6532,16,4,31,2481,1517,,,1,,,,,,,1,,,,
6524,6533,16,4,31,2481,2022,,,1,,,,,Vicecomes,,1.5,,,,
6525,6534,16,4,31,2481,2660,,,1,,,Relicta,,Sutor,,1,,,,
6526,6535,16,4,31,2481,,,,1,,,,,Abbatia Beate Virginis,,3,,,,
6527,6536,16,4,31,2481,,,,1,,,,,Gradec (Civitas Montis Grecensis Zagrabiensis),,400,,,,
6528,6537,16,4,84,1584,,,,1,,,,,Kaptol zagrebački (Capitulum Zagrabiense),,40,,,,
6529,6538,16,4,84,1581,1810,,,1,,,,,,,1,,,,
6530,6539,16,4,84,2879,2873,,,1,,,,,,,2,,,,
6531,6540,16,4,84,2879,4051,,,1,,,,,,,1,,,,
6532,6541,16,4,84,2879,3822,,,1,,,,,Vicecomes,,1,,,,
6533,6542,16,4,84,2879,1052,,,1,,,,,,,1,,,,
6534,6543,16,4,84,2879,,,,1,,,,,Kaptol zagrebački (Capitulum Zagrabiense),,2,,,,
6535,6544,16,4,84,84,1773,,,1,,,,,,,1,,,,
6536,6545,16,4,84,531,2873,,,1,,,,,Judex nobilium,,1,,,,
6537,6546,16,4,84,531,2078,,,1,,,,,,,2,,,,
6538,6547,16,4,84,531,3173,,,1,,,,,,,2,,,,
6539,6548,16,4,84,2683,,,,1,,,,,Eremiti (Fratres heremitae),,11,,,,
6540,6549,16,4,84,1491,3063,,,1,,,,,,,4,,,,
6541,6550,16,4,84,814,,,,1,,,,,Biskup zagrebački (Episcopus Zagrabiensis),,52,,,,
6542,6551,16,4,84,3860,,oppidum,,1,,,,,Kaptol zagrebački (Capitulum Zagrabiense),,54,,,,
6543,6552,16,4,84,3864,,,,1,,,,,Kaptol zagrebački (Capitulum Zagrabiense),,118,,,,
6544,6553,16,4,84,1631,187,,,1,,,,Dominus,,,90,,,,
6545,6554,16,4,84,1631,,,,1,,,,,Župnik (plebanus),,5,,,,
6546,6555,16,4,84,2965,1727,,,1,,,,,,,2,,,,
6547,6556,16,4,84,2890,3569,,,1,,,,Dominus,,,95,,,,
6548,6557,16,4,84,3202,2773,,,1,,,,,,,24,,,,
6549,6558,16,4,84,3397,1431,,,1,,,,Dominus,,,12,,,,
6550,6559,16,4,84,1744,2810,,,1,,,,,Litteratus,,3,,,,
6551,6560,16,4,84,2425,,,,1,,,,,Župnik (plebanus),,4,,,,
6552,6561,16,4,84,2191,,,,1,,,,,Župnik (plebanus),,2,,,,
6553,6562,16,4,84,3780,,,,1,,,,,Župnik (plebanus),,1,,,,
6554,6563,16,4,84,2185,191,,,1,,,,Dominus,,,60,,,,
6555,6564,16,4,84,3812,2760,,,1,,,,,,,5,,,,
6556,6565,16,4,84,3668,2318,,,1,,,,,,,5,,,,
6557,6566,16,4,84,3668,4245,,,1,,,,,,,1,,,,
6558,6567,16,4,84,3221,2954,,,1,,,,,,,1,,,,
6559,6568,16,4,84,3221,3116,,,1,,,,,,,1,,,,
6560,6569,16,4,84,1806,2370,,,1,,,,,,,4,,,,
6561,6570,16,4,84,1959,,,,1,,,,,Župnik (plebanus),,3,,,,
6562,6571,16,4,84,1959,3812,,,1,,,,,,,4,,,,
6563,6572,16,4,84,1388,3790,,,1,,,,,,,6,,,,
6564,6573,16,4,84,2512,1739,,,1,,,,,,,4,,,,
6565,6574,16,4,84,2512,722,,,1,,,,,"Judex nobilium, Litteratus",,2,,,,
6566,6575,16,4,84,3284,2080,,,1,,,,,,,35,,,,
6567,6576,16,4,84,1203,3002,,,1,,,,,,,2,,,,
6568,6577,16,4,84,1203,2240,,,1,,,Relicta,,,,1,,,,
6569,6578,16,4,84,1203,1023,,,1,,,,,,,6,,,,
6570,6579,16,4,84,1203,3477,,,1,,,,,,,1,,,,
6571,6580,16,4,84,2865,3326,,,1,,,,,,,8,,,,
6572,6581,16,4,84,2865,,,,1,,,,,Župnik (plebanus),,1,,,,
6573,6582,16,4,84,1786,655,,,1,,,,Dominus,,,22,,,,
6574,6583,16,4,84,2083,2420,,,1,,,,,,,5,,,,
6575,6584,16,4,84,3320,2079,,,1,,,,,,,10,,,,
6576,6585,16,4,84,200,,,,1,,,,,Abbatia ad Thopozkam),,10,,,,
6577,6586,16,4,84,2989,1157,,,1,,,,,,,3,,,,
6578,6587,16,4,84,2536,,castrum,,1,,,,Domini,Abbatia ad Thopozkam*,,7,,,,1
6579,6588,16,4,84,2536,45,castrum,,1,,,Relicta,,,,3,,,,
6580,6589,16,4,84,2536,163,castrum,,1,,,Relicta,,,,0,,,desertum,
6581,6590,16,4,84,2536,2828,castrum,,1,,,,,,,2,,,,
6582,6591,16,4,84,2536,3227,castrum,,1,,,,,,cum Klwka,6,,,,
6583,6592,16,4,84,2536,2033,castrum,,1,,,,,,,1,,,,
6584,6593,16,4,84,2536,4025,castrum,,1,,,Relicta,,,,8,,,,
6585,6594,16,4,84,2536,3964,castrum,,1,,,,,,,3,,,,
6586,6595,16,4,84,2536,2283,castrum,,1,,,,,,,10,,,,
6587,6596,16,4,84,2536,2589,castrum,,1,,,,,,,5,,,,
6588,6597,16,4,84,2536,1729,castrum,,1,,,,,,,1,,,,
6589,6598,16,4,84,2536,3935,castrum,,1,,,,,,,3,,,,
6590,6599,16,4,84,2536,3643,castrum,,1,,,,,,,3,,,,
6591,6600,16,4,84,2536,3349,castrum,,1,,,,,Inquilin,,0,,,,
6592,6601,16,4,84,1312,1378,,,1,,,,,,,6,,,,
6593,6602,16,4,84,1311,3290,,,1,,,,,,,3,,,,
6594,6603,16,4,84,685,3290,,,1,,,,,,,2,,,,
6595,6604,16,4,84,1305,3540,,,1,,,,,,,4,,,,
6596,6605,16,4,84,1309,4085,,,1,,,,,,,15,,,,
6597,6606,16,4,84,1309,2832,,,1,,,,,,,1,,,,
6598,6607,16,4,84,1309,,,,1,,,,,Župnik (plebanus),,1,,,,
6599,6608,16,4,84,1531,2079,,,1,,,,,,,14,,,,
6600,6609,16,4,84,2982,2133,,,1,,,,,,,17,,,,
6601,6610,16,4,84,249,1426,,,1,,,,,,,4,,,,
6602,6611,16,4,84,1808,,,,1,,,,,Zthenychnyak-castrum,,28,,,,
6603,6612,16,4,84,3430,2488,,,1,,,,,,,7,,,,
6604,6613,16,4,84,2978,,,,1,,,,,Župnik (plebanus),,3,,,,
6605,6614,16,4,84,2446,,,,1,,,,,Kaptol zagrebački (Capitulum Zagrabiense),,18,,,,
6606,6615,16,4,84,3153,1483,,,1,,,,,Vicebanus,,6,,,,
6607,6616,16,4,84,3153,3063,,,1,,,,,,,6,,,,
6608,6617,16,4,84,3153,,,,1,,,,,Župnik (plebanus),,1,,,,
6609,6618,16,4,84,3153,1917,,,1,,,,,,,1,,,,
6610,6619,16,4,84,3153,551,,,1,,,Relicta,,,,1,,,,
6611,6620,16,4,84,3697,2321,,,1,,,,,,,11,,,,
6612,6621,16,4,84,722,4160,,,1,,,,,,,1,,,,
6613,6622,16,4,84,2243,191,,,1,,,,Dominus,,,160,,,,
6614,6623,16,4,84,2242,,,,1,,,,,Župnik (plebanus)-St. Maria sub Okych,,3,,,,
6615,6624,16,4,84,2242,,,,1,,,,,Župnik (plebanus)-St. Martinus,,1,,,,
6616,6625,16,4,84,3053,1180,,,1,,,,,,,3,,,,
6617,6626,16,4,84,932,4209,,,1,,,,,,,2,,,,
6618,6627,16,4,84,1514,682,,,1,,,Relicta,,,,2,,,,
6619,6628,16,4,84,1468,679,,,1,,,Relicta,,,,3,,,,
6620,6629,16,4,84,1468,722,,,1,,,,,"Judex nobilium, Litteratus",,4,,,,
6621,6630,16,4,84,1468,2965,,,1,,,Relicta,,,,1,,,,
6622,6631,16,4,84,1354,3568,,,1,,,,Dominus,,,120,,,,
6623,6632,16,4,84,539,,,,1,,,,,Župnik (plebanus)-Jastrebarsko,,4,,,,
6624,6633,16,4,84,539,,,,1,,,,,Župnik (plebanus)-Jurowlan,,1,,,,
6625,6634,16,4,84,2495,1808,,,1,,,,,,,4,,,,
6626,6635,16,4,84,2495,737,,,1,,,,,,,2,,,,
6627,6636,16,4,84,2419,1218,,,1,,,,,,,2,,,,
6628,6637,16,4,84,2743,3621,,,1,,,,,,,2,,,,
6629,6638,16,4,84,3295,723,,,1,,,,,,,3,,,,
6630,6639,16,4,84,3295,2887,,,1,,,,,,,1,,,,
6631,6640,16,4,84,3440,3377,oppidum,,1,,,,Dominus,,,17,,,,
6632,6641,16,4,84,3440,1183,oppidum,,1,,,,,,,17,,,,
6633,6642,16,4,84,3440,577,provincia,,1,,,,Dominus,,,36,,,,
6634,6643,16,4,84,3440,1184,provincia,,1,,,,,,,36,,,,
6635,6644,16,4,84,3440,,,,1,,,,,Župnik (plebanus),,2,,,,
6636,6645,16,4,84,266,,,,1,,,,,,,6,,,,
6637,6646,16,4,84,3639,,,,1,,,,,Župnik (plebanus),,1,,,,
6638,6647,16,4,84,1360,248,,,1,,,Relicta,,,,6,,,,
6639,6648,16,4,84,1361,1540,,,1,,,,,Vicebanus*,,6,,,,1
6640,6649,16,4,84,356,,,,1,,,,,,,19,,,,
6641,6650,16,4,84,356,1394,,,1,,,,,,Ambrosius Litteratus (impignoratio),5,,,,
6642,6651,16,4,84,356,1505,,,1,,,,,,,20,,,,
6643,6652,16,4,84,356,722,,,1,,,,,"Judex nobilium, Litteratus",,10,,,,
6644,6653,16,4,84,687,1733,,,1,,,,,,,1,,,,
6645,6654,16,4,84,2453,1162,,,1,,,,,,,8,,,,
6646,6655,16,4,84,2453,,,,1,,,,,Župnik (plebanus),,2,,,,
6647,6656,16,4,84,1716,3837,,,1,,,,,,,8,,,,
6648,6657,16,4,84,1713,829,,,1,,,,Domina,,,1,,,,
6649,6658,16,4,84,2230,1727,,,1,,,,,,,1,,,,
6650,6659,16,4,84,2035,1967,,,1,,,,,,,0.5,,,,
6651,6660,16,4,84,1191,3685,,,1,,,,,,,1,,,,
6652,6661,16,4,84,2234,1752,,,1,,,,,,,2,,,,
6653,6662,16,4,84,2234,722,,,1,,,,,"Judex nobilium, Litteratus",,2,,,,
6654,6663,16,4,84,1168,,,,1,,,,,Gradec (Civitas Montis Grecensis Zagrabiensis),,2,,,,
6655,6664,16,4,84,1713,307,,,1,,,Relicta,,,,1,,,,
6656,6665,16,4,84,2161,2282,,,1,,,,Nobiles campi Zagrabiensis,,,1,,,,
6657,6666,16,4,84,2222,3060,,,1,,,,Nobiles campi Zagrabiensis,,,1,,,,
6658,6667,16,4,84,2035,3315,,,1,,,,Nobiles campi Zagrabiensis,,,1,,,,
6659,6668,16,4,84,2035,3066,,,1,,,,Nobiles campi Zagrabiensis,,,1,,,,
6660,6669,16,4,84,2035,1948,,,1,,,,Nobiles campi Zagrabiensis,,,1,,,,
6661,6670,16,4,84,2674,1313,,,1,,,,Nobiles campi Zagrabiensis,,,3,,,,
6662,6671,16,4,84,2674,2698,,,1,,,,Nobiles campi Zagrabiensis,,,1,,,,
6663,6672,16,4,84,2674,2935,,,1,,,,Nobiles campi Zagrabiensis,,,1,,,,
6664,6673,16,4,84,2674,3645,,,1,,,,Nobiles campi Zagrabiensis,,,1,,,,
6665,6674,16,4,84,2674,4110,,,1,,,,Nobiles campi Zagrabiensis,,,1,,,,
6666,6675,16,4,84,1553,3073,,,1,,,,Nobiles campi Zagrabiensis,,,1,,,,
6667,6676,16,4,84,2684,939,,,1,,,,Nobiles campi Zagrabiensis,,,1,,,,
6668,6677,16,4,84,1487,3561,,,1,,,,Nobiles campi Zagrabiensis,,,2,,,,
6669,6678,16,4,84,1553,3472,,,1,,,,Nobiles campi Zagrabiensis,,,1,,,,
6670,6679,16,4,84,1000,975,,,1,,,,Nobiles campi Zagrabiensis,,,1,,,,
6671,6680,16,4,84,1000,,,,1,,,,Nobiles campi Zagrabiensis,Župnik (plebanus),,1,,,,
6672,6681,16,4,84,2693,4175,,,1,,,,Nobiles campi Zagrabiensis,,,1,,,,
6673,6682,16,4,84,3046,1031,,,1,,,,Nobiles campi Zagrabiensis,,,2,,,,
6674,6683,16,4,84,2074,2044,,,1,,,,Nobiles campi Zagrabiensis,,,2,,,,
6675,6684,16,4,84,1553,3980,,,1,,,,Nobiles campi Zagrabiensis,,,4,,,,
6676,6685,16,4,84,1553,2814,,,1,,,,Nobiles campi Zagrabiensis,,,0.5,,,,
6677,6686,16,4,84,56,1842,,,1,,,,Nobiles campi Zagrabiensis,,,3,,,,
6678,6687,16,4,84,53,3883,,,1,,,,Nobiles campi Zagrabiensis,,,1,,,,
6679,6688,16,4,84,53,804,,,1,,,,Nobiles campi Zagrabiensis,,,1,,,,
6680,6689,16,4,84,1592,2085,,,1,,,,Nobiles campi Zagrabiensis,,,1,,,,
6681,6690,16,4,84,1592,,,,1,,,,Nobiles campi Zagrabiensis,Fratres zagrabienses,,1,,,,
6682,6691,16,4,84,1856,1747,,,1,,,,Nobiles campi Zagrabiensis,,,1,,,,
6683,6692,16,4,84,2227,1574,,,1,,,,Nobiles campi Zagrabiensis,,,1,,,,
6684,6693,16,4,84,2222,3114,,,1,,,,Nobiles campi Zagrabiensis,,,1,,,,
6685,6694,16,4,84,2228,3495,,,1,,,,Nobiles campi Zagrabiensis,,,2,,,,
6686,6695,16,4,84,3049,,,,1,,,,Nobiles campi Zagrabiensis,Nobiles de Korylowcz,,3,,,,
6687,6696,16,4,84,1818,2895,,,1,,,,Nobiles campi Zagrabiensis,,,1,,,,
6688,6697,16,4,84,1604,3683,,,1,,,,Nobiles campi Zagrabiensis,,,1,,,,
6689,6698,16,4,84,1604,3504,,,1,,,,Nobiles campi Zagrabiensis,,,1,,,,
6690,6699,16,4,84,1604,3219,,,1,,,,Nobiles campi Zagrabiensis,,,1,,,,
6691,6700,16,4,84,1604,2025,,,1,,,,Nobiles campi Zagrabiensis,,,1,,,,
6692,6701,16,4,84,1752,,,,1,,,,Nobiles campi Zagrabiensis,Lukawecz-castellum,,4,,,,
6693,6702,16,4,84,1754,2964,,,1,,,,Nobiles campi Zagrabiensis,,,2,,,,
6694,6703,16,4,84,402,1883,,,1,,,,Nobiles campi Zagrabiensis,,,1,,,,
6695,6704,16,4,84,2772,4113,,,1,,,,Nobiles campi Zagrabiensis,,,1,,,,
6696,6705,16,4,84,2422,2845,,,1,,,,Nobiles campi Zagrabiensis,,,1,,,,
6697,6706,16,4,84,2422,2778,,,1,,,,Nobiles campi Zagrabiensis,,,1,,,,
6698,6707,16,4,84,2422,3577,,,1,,,,Nobiles campi Zagrabiensis,,,1,,,,
6699,6708,16,4,84,753,2767,,,1,,,,Nobiles campi Zagrabiensis,,,1,,,,
6700,6709,16,4,84,1599,2039,,,1,,,,Nobiles campi Zagrabiensis,,,1,,,,
6701,6710,16,2,120,1233,2227,,,1,,,,,,,3,,,,
6702,6711,16,2,120,1233,1374,,,1,,,,,,,3,,,,
6703,6712,16,2,120,1233,1821,,,1,,,,,,,1,,,,
6704,6713,16,2,120,1233,1726,,,1,,,,,,,3,,,,
6705,6714,16,2,120,1233,3335,,,1,,,,,Judex nobilium,,1,,,,
6706,6715,16,2,120,509,,,,1,,,,,Kaptol zagrebački (Capitulum Zagrabiense),,1,,,combusta,
6707,6716,16,2,120,509,3953,,,1,,,,,,,1,,,combusta,
6708,6717,16,2,120,509,1124,,,1,,,Relicta,,,,1,,,combusta,
6709,6718,16,2,120,2342,369,,,1,,,,,,,1,,,,
6710,6719,16,2,120,510,588,,,1,,,,,,,5,,,,
6711,6720,16,2,120,3598,,,,1,,,,,Varasd-civitas,,6,,,,
6712,6721,16,2,120,1236,3689,,,1,,,,,Judex nobilium,,6,,,,
6713,6722,16,2,120,3463,,,,1,,,,Dominus,"Prothonotarius, Vicejudex nobilium",,2,,,,
6714,6723,16,2,120,3463,1206,,,1,,,,,,,3,,,,
6715,6724,16,2,120,3463,1838,,,1,,,,,,,2,,,,
6716,6725,16,2,120,3463,3658,,,1,,,,,,,1,,,,
6717,6726,16,2,120,3041,,,,1,,,,,Varasd-arx,,15,,,,
6718,6727,16,2,120,1490,,,,1,,,,,Varasd-arx,,6,,,,
6719,6728,16,2,120,1475,,,,1,,,,,Varasd-civitas,,2,,,combusta,
6720,6729,16,2,120,445,,,,1,,,,Dominus,Biskup zagrebački (Episcopus Zagrabiensis),,2,,,combusta,
6721,6730,16,2,120,3765,,,,1,,,,,Varasd-arx,,1,,,combusta totaliter (preostao jedan kmet),
6722,6731,16,2,120,3098,,,,1,,,,,Kaptol zagrebački (Capitulum Zagrabiense),,20,,,,
6723,6732,16,2,120,3129,,,,1,,,,,Varasd-civitas,,195,,,,
6724,6733,16,2,120,3129,,,,1,,,,,Župnik (plebanus),,1,,,,
6725,6734,16,2,120,3129,,,,1,,,,,Prebendar,,1,,,,
6726,6735,16,2,104,2229,2668,,,1,,,,,,,2,,,combusta,
6727,6736,16,2,104,3357,3909,,,1,,,,,,,2,,,combusta,
6728,6737,16,2,104,3357,2564,,,1,,,,,,,1,,,combusta,
6729,6738,16,2,104,3357,1496,,,1,,,,,,,3,,,combusta,
6730,6739,16,2,104,3357,1875,,,1,,,,,,Nicolaus Horwath,3,,,combusta,
6731,6740,16,2,104,3357,3659,,,1,,,,,,,1,,,combusta,
6732,6741,16,2,104,3357,2784,,,1,,,Relicta (Johannes),Domina,,,1,,,combusta,
6733,6742,16,2,104,3357,4131,,,1,,,,,,,1,,,combusta,
6734,6743,16,2,104,3357,2177,,,1,,,,,,,2,,,combusta,
6735,6744,16,2,104,399,896,,,1,,,,,,,1,,,combusta,
6736,6745,16,2,104,3043,1588,,,1,,,,,,,1,,,combusta,
6737,6746,16,2,104,3043,1816,,,1,,,,,,,0,,,,
6738,6747,16,2,104,3043,1352,,,1,,,,,,,1,,,combusta,
6739,6748,16,2,104,195,4033,,,1,,,,,,,1,,,,
6740,6749,16,2,104,195,,,,1,,,Pauper,,,,1,,,,
6741,6750,16,2,104,160,59,,,1,,,,Dominus,,,2,,,,
6742,6751,16,2,104,3432,59,,,1,,,,Dominus,,,8,,,combusta,
6743,6752,16,2,104,947,2668,,,1,,,in pignore,,,,2,,,combusta,
6744,6753,16,2,104,3377,,,,1,,,,,,,80,,,,
6745,6754,16,2,104,777,993,,,1,,,,,Vicejudex nobilium,,1,,,,
6746,6755,16,2,104,777,3822,,,1,,,,,,,1,,,,
6747,6756,16,2,104,1564,993,,,1,,,,,Vicejudex nobilium,,1,,,,
6748,6757,16,2,104,1564,3822,,,1,,,,,,,1,,,,
6749,6758,16,2,104,1919,1424,,,1,,,,,,,1,,,,
6750,6759,16,2,104,1973,,,,1,,,,Dominus,Prothonotarius,,2.5,,,,
6751,6760,16,2,104,1973,1985,,,1,,,Relicta,,,,2,,,,
6752,6761,16,2,104,1973,2425,,,1,,,,,,,2,,,,
6753,6762,16,2,104,484,2618,,,1,,,,,,,1,,,,
6754,6763,16,2,104,1389,3493,,,1,,,,,Vicecomes,,6,,,,
6755,6764,16,2,104,560,3335,,,1,,,,,Judex nobilium,,3,,,,
6756,6765,16,2,104,3308,2722,,,1,,,,,,,1,,,,
6757,6766,16,2,104,3308,3460,,,1,,,,,,,1,,,,
6758,6767,16,2,104,1547,2268,,,1,,,,,,,1,,,,
6759,6768,16,2,104,1547,1508,,,1,,,,,,,1,,,,
6760,6769,16,2,104,1648,,,,1,,,,Dominus,Prothonotarius,,2,,,,
6761,6770,16,2,104,1648,1985,,,1,,,Relicta,,,,1,,,,
6762,6771,16,2,104,1648,2425,,,1,,,,,,,1,,,,
6763,6772,16,2,105,146,,,,1,,,,,,,50,,,,
6764,6773,16,2,105,1758,,,,1,,,,,Eremiti (Fratres heremitae),,25,,,,
6765,6774,16,2,105,1798,,,,1,,,,,,,36,,,,
6766,6775,16,2,105,3759,2187,,,1,,,,,,,2,,,,
6767,6776,16,2,105,3759,,,,1,,,,Dominus,Prothonotarius,,1,,,,
6768,6777,16,2,105,3759,2996,,,1,,,,,Litteratus,,1,,,,
6769,6778,16,2,105,3759,1817,,,1,,,,,,,1,,,,
6770,6779,16,2,105,3759,1680,,,1,,,,,,,5,,,,
6771,6780,16,2,105,3759,3914,,,1,,,,,Judex nobilium,,3,,,,
6772,6781,16,2,105,296,2561,,,1,,,,,,,1,,,,
6773,6782,16,2,105,296,1495,,,1,,,,,,,1,,,,
6774,6783,16,2,105,296,897,,,1,,,,,,cum sorore,1,,,,
6775,6784,16,2,105,3688,1786,,,1,,,,,,,6,,,,
6776,6785,16,2,105,1729,2529,,,1,,,,,,,2,,,,
6777,6786,16,2,105,1728,3527,,,1,,,,,,,1,,,,
6778,6787,16,2,105,2871,3851,,,1,,,,,,cum fratre,3,,,,
6779,6788,16,2,105,2361,101,,,1,,,,Domini,,,36,,,,
6780,6789,16,2,105,3493,,,,1,,,,,,,22,,,,
6781,6790,16,2,105,1560,824,,,1,,,,Dominus,,,1,,,,
6782,6791,16,2,105,3692,3313,,,1,,,,,,,1,,,,
6783,6792,16,2,105,395,3516,,,1,,,,,,,2,,,,
6784,6793,16,2,105,395,2529,,,1,,,,,Litteratus,,1,,,,
6785,6794,16,2,105,1874,1793,,,1,,,,,,cum fratribus,3,,,,
6786,6795,16,2,105,2591,1692,,,1,,,,,,,1,,,,
6787,6796,16,2,105,1976,3185,,,1,,,,,Judex nobilium,,1,,,,
6788,6797,16,2,105,2551,1714,,,1,,,,,,,1,,,,
6789,6798,16,2,105,158,,,,1,,,,,,,12,,,,
6790,6799,16,2,105,157,,castrum,,1,,,,,Župnik (plebanus),,2,,,,
6791,6800,16,2,105,2457,3522,,,1,,,,,,,1,,,,
6792,6801,16,2,105,2457,2875,,,1,,,,,,,1,,,,
6793,6802,16,2,105,1541,3280,,,1,,,,,Vicecomes,,1,,,,
6794,6803,16,2,105,3453,2231,,,1,,,,,,,3,,,,
6795,6804,16,2,105,3453,3273,,,1,,,,,,,3,,,,
6796,6805,16,2,105,3453,4131,,,1,,,,,,,1,,,,
6797,6806,16,2,105,3453,173,,,1,,,Relicta,,,,1,,,,
6798,6807,16,2,105,3453,3659,,,1,,,,,,,1,,,,
6799,6808,16,2,105,3453,1874,,,1,,,,,,,1,,,,
6800,6809,16,2,105,3453,3275,,,1,,,,,,,1,,,,
6801,6810,16,2,105,3453,2060,,,1,,,,,,,1,,,,
6802,6811,16,2,105,3453,896,,,1,,,,,,,1,,,,
6803,6812,16,2,105,3453,,,,1,,,,,Župnik (plebanus),,1,,,,
6804,6813,16,2,105,1016,1499,,,1,,,,,,,5,,,,
6805,6814,16,2,105,3104,,,,1,,,,,,,90,,,,
6806,6815,16,2,105,190,1008,,,1,,,,,Judex nobilium,,1,,,,
6807,6816,16,2,136,2625,,,,1,,,,,Eremiti (Fratres heremitae)-Lepoglava,,22,,,,
6808,6817,16,2,136,1025,3795,,,1,,,,,,,1,,,,
6809,6818,16,2,136,900,838,,,1,,,,,,,1,,,,
6810,6819,16,2,136,2323,2177,,,1,,,,,,,6,,,,
6811,6820,16,2,136,2323,2187,,,1,,,,,,Stephanus Busanych,4,,,,
6812,6821,16,2,136,1506,3526,,,1,,,,,,,2,,,,
6813,6822,16,2,136,1506,1937,,,1,,,,,,,1,,,,
6814,6823,16,2,136,3411,4131,,,1,,,,,,,3,,,,
6815,6824,16,2,136,1942,1724,,,1,,,,,Vicecomes,,1,,,,
6816,6825,16,2,136,1942,4202,,,1,,,,,,,1,,,,
6817,6826,16,2,136,2164,1162,,,1,,,,,,,5,,,,
6818,6827,16,2,136,1638,2877,,,1,,,,,,,1,,,,
6819,6828,16,2,136,1638,2721,,,1,,,,,,,1,,,,
6820,6829,16,2,136,1638,900,,,1,,,,,,,5,,,,
6821,6830,16,2,136,1638,2437,,,1,,,,,,cum fratre,2,,,,
6822,6831,16,2,136,1638,3279,,,1,,,,,,cum fratre,2,,,,
6823,6832,16,2,136,2130,3338,,,1,,,,,,,2,,,,
6824,6833,16,2,136,1508,3788,,,1,,,,,,,2,,,,
6825,6834,16,2,136,1508,2757,,,1,,,,,,,1,,,,
6826,6835,16,2,136,1508,1943,,,1,,,,,,Medwed-pauper,0,,,,
6827,6836,16,2,136,2635,2078,,,1,,,,,,,2,,,,
6828,6837,16,2,136,2635,1417,,,1,,,,,,,2,,,,
6829,6838,16,2,136,3398,1482,,,1,,,,,Vicejudex nobilium,cum fratribus,3,,,,
6830,6839,16,2,136,3399,3588,,,1,,,,,,,2,,,,
6831,6840,16,2,136,3399,3860,,,1,,,,,,,1,,,,
6832,6841,16,2,136,3399,1670,,,1,,,,,,Michael Wgrynoych*,1,,,,1
6833,6842,16,2,136,3399,3002,,,1,,,,,Litteratus,,1,,,,
6834,6843,16,2,136,3399,798,,,1,,,,,,,1,,,,
6835,6844,16,2,136,3399,899,,,1,,,,,,,1,,,,
6836,6845,16,2,136,3399,900,,,1,,,,,,,1,,,,
6837,6846,16,2,136,3399,3822,,,1,,,,,Litteratus Judex nobilium,,1,,,,
6838,6847,16,2,136,3398,785,,,1,,,,,,,1,,,,
6839,6848,16,2,136,3402,2473,,,1,,,,,,,6,,,,
6840,6849,16,2,136,3370,946,,,1,,,,,,,1,,,,
6841,6850,16,2,136,2709,1661,,,1,,,,,,,2,,,,
6842,6851,16,2,136,1626,2702,,,1,,,,Dominus,,,85,,,,
6843,6852,16,2,136,1600,306,,,1,,,,Domini,,,105,,,,
6844,6853,16,2,136,1004,2078,,,1,,,,,,cum fratribus,1,,,,
6845,6854,16,2,136,3011,504,,,1,,,,Dominus,Vicecomes,,56,,,,
6846,6855,16,2,136,498,3569,,,1,,,,Dominus,,,428,,,,
6847,6856,16,2,136,1078,2214,,,1,,,,,,,4,,,,
6848,6857,16,2,136,1078,1342,,,1,,,Filius Vincentii litterati,,Litteratus,,3,,,,
6849,6858,16,2,136,413,2187,,,1,,,,,,,2,,,,
6850,6859,16,2,136,2336,1482,,,1,,,,,,cum fratribus,1,,,,
6851,6860,16,2,136,1963,3456,,,1,,,,,,,2,,,,
6852,6861,18,2,136,2165,1511,,,1,,,,,,,1,,,,
6853,6862,18,1,88,1042,,,,1,,,,,Biskup zagrebački (Episcopus Zagrabiensis),,8,,,,
6854,6863,18,1,88,3628,2207,,,1,,,,,,,15,,,,
6855,6864,18,1,88,3343,,,,1,,,,Dominus,Banus,,6,,,,
6856,6865,18,1,88,3343,,,,1,,,,,Župnik (plebanus),,2,,,,
6857,6866,18,1,88,3343,2915,,,1,,,,,,,0.5,,,,
6858,6867,18,1,88,3343,3966,,,1,,,,,,,1,,,,
6859,6868,18,1,88,2779,,oppidum,,1,,,,Dominus,Banus,,15,,,,
6860,6869,18,1,88,2603,,,,1,,,,,,,3,,,,
6861,6870,18,1,88,2778,,,,1,,,,,,,6,,,,
6862,6871,18,1,88,2779,722,,,1,,,,,"Judex nobilium, Litteratus",,8,,,,
6863,6872,18,1,88,2779,,,,1,,,,,Župnik (plebanus),,1,,,,
6864,6873,18,1,88,170,2078,,,1,,,,,,,1,,,,
6865,6874,18,1,88,804,3655,,,1,,,,,Vicejudex nobilium,,1,,,,
6866,6875,18,1,88,793,1502,,,1,,,,,,,2,,,,
6867,6876,18,1,88,794,1632,,,1,,,,,,,2,,,,1
6868,6877,18,1,88,2520,1169,,,1,,,Relicta,,,,1,,,,
6869,6878,18,1,88,2519,3113,,,1,,,,,,,2,,,,
6870,6879,18,1,88,2519,2312,,,1,,,,,,,1,,,,
6871,6880,18,1,88,3541,2023,,,1,,,,,,,1,,,,
6872,6881,18,1,88,3365,1175,,,1,,,,,,,2,,,,
6873,6882,18,1,88,3365,3720,,,1,,,,,,,4,,,,
6874,6883,18,1,88,437,3720,,,1,,,,,,,5,,,,
6875,6884,18,1,88,437,1175,,,1,,,,,,,3,,,,
6876,6885,18,1,88,437,,,,1,,,,,Župnik (plebanus),,1,,,,
6877,6886,18,1,88,3371,2814,,,1,,,,,,,1,,,,
6878,6887,18,1,88,487,1209,,,1,,,,,,,2,,,,
6879,6888,18,1,88,579,1846,,,1,,,,,,,1,,,,
6880,6889,18,1,88,1712,2195,,,1,,,,,,,5,,,,
6881,6890,18,1,88,1712,,,,1,,,,,Župnik (plebanus),,1,,,,
6882,6891,18,1,88,2314,2583,,,1,,,,,,,1,,,,
6883,6892,18,1,88,2101,1653,fortalitium,,1,,,,,,Zermegh,1,,,,
6884,6893,18,1,88,2767,3026,,,1,,,,,,,1,,,,
6885,6894,18,1,88,2085,,,,1,,,,Domini,Biskup zagrebački (Episcopus Zagrabiensis),,6,,,,
6886,6895,18,1,88,703,244,,,1,,,,Dominus,,,5,,,,
6887,6896,18,1,88,1677,2338,,,1,,,,,,,8,,,,
6888,6897,18,1,88,1677,2196,,,1,,,,,,,8,,,,
6889,6898,18,1,88,2156,2080,,,1,,,,,,,10,,1,desolatus per Turcas,
6890,6899,18,1,88,977,,,,1,,,,,Prepošt (praepositus)-Galgoncza,,6,,,,
6891,6900,18,1,88,1903,1786,,,1,,,,,,,1,,,,
6892,6901,18,1,88,1903,1682,,,1,,,,,,,1,,,,
6893,6902,18,1,88,2664,3281,,,1,,,,,,,3,,,,
6894,6903,18,1,88,2602,1752,,,1,,,,,,,2,,,,
6895,6904,18,1,88,2602,722,,,1,,,,,"Judex nobilium, Litteratus",,1,,,,
6896,6905,18,1,88,2605,1501,,,1,,,,,Vicebanus,,2,,,,
6897,6906,18,1,88,627,,,,1,,,,,,,20,,,,
6898,6907,18,1,88,626,,,,1,,,,,,,58,,,,
6899,6908,18,1,88,2717,,,,1,,,,,"Prothonotarius, magister",,2,,,,
6900,6909,18,1,88,2718,1449,,,1,,,,,,,4,,,,
6901,6910,18,1,5,1424,,,,1,,,,,,,32,,,,
6902,6911,18,1,5,2734,2338,,,1,,,,,,,20,,,,
6903,6912,18,1,5,2736,1355,,,1,,,,,,,8,,,,
6904,6913,18,1,5,2735,3940,,,1,,,,,,,5,,,,
6905,6914,18,1,5,2735,3617,,,1,,,,,,,3,,,,
6906,6915,18,1,5,1378,1597,,,1,,,,,Vicejudex nobilium,,1.5,,,,
6907,6916,18,1,5,72,329,,,1,,,Relicta,,,,0.5,,,,
6908,6917,18,1,5,1570,2810,,,1,,,,,Litteratus,,1.5,,,,
6909,6918,18,1,5,1570,1786,,,1,,,,,,,1.5,,,,
6910,6919,18,1,5,1570,1682,,,1,,,,,,,0.5,,,,
6911,6920,18,1,5,1699,2221,,,1,,,,,,Johannes Korenyaki,2,,,,
6912,6921,18,1,5,1415,2335,,,1,,,,,,"Ladislaus Pezery, Mathias Sybryk, Michael Zenthgergywary",15,,2,desolati,
6913,6922,18,1,5,1432,2227,,,1,,,,,,,2.5,,,,
6914,6923,18,1,5,1432,1374,,,1,,,,,,,2.5,,,,
6915,6924,18,1,5,1900,4009,,,1,,,,,,,10,,,,
6916,6925,18,1,5,1900,1001,,,1,,,,,,,10,,,,
6917,6926,18,1,5,1900,1461,,,1,,,,,,,10,,,,
6918,6928,18,4,131,466,3846,,,1,,,,,,Nicolaus Bradach,12,,,,
6919,6929,18,4,131,466,2129,,,1,,,,,,,14,,,,
6920,6930,18,4,131,466,1925,,,1,,,Relicta,,,,12,,,,
6921,6931,18,4,131,466,,,,1,,,,,Župnik (plebanus),,1,,,,
6922,6932,18,4,131,2934,325,,,1,,,,,,,5,,,,
6923,6933,18,4,131,2992,3000,,,1,,,,,,,5,,,,
6924,6934,18,4,131,971,722,,,1,,,,,"Litteratus, Judex nobilium",,1,,,,
6925,6935,18,4,131,971,2875,,,1,,,,,,,1,,,,
6926,6936,18,4,131,1051,62,,,1,,,,Dominus,,,25,,,,
6927,6937,18,4,131,1154,1680,,,1,,,,,,,0,,,desertum,
6928,6938,18,4,131,1154,3914,,,1,,,,,Judex nobilium,,1,,,,
6929,6939,18,4,131,1154,2560,,,1,,,,,,,3,,,,
6930,6940,18,4,131,438,3615,,,1,,,,,,Ladislaus Kastelanffy,11,,,,
6931,6941,18,4,131,438,1136,,,1,,,,,,,8,,,,
6932,6942,18,4,131,122,2160,,,1,,,,,,,0,,,desertum,
6933,6943,18,4,131,122,619,,,1,,,,,,,2,,,,
6934,6944,18,4,131,122,547,,,1,,,,,,,2,,,,
6935,6945,18,4,131,122,437,,,1,,,,,,,1,,,,
6936,6946,18,4,131,122,4028,,,1,,,,,,,1,,,,
6937,6947,18,4,131,173,2771,,,1,,,,,Vicecomes,,1,,,,
6938,6948,18,4,131,173,3080,,,1,,,,,,,1,,,,
6939,6949,18,4,131,3234,2191,,,1,,,,,,,1,,,,
6940,6950,18,4,131,2923,1865,,,1,,,,,,,3,,,,
6941,6951,18,4,131,2923,902,,,1,,,,,,,3,,,,
6942,6952,18,4,131,2923,3879,,,1,,,,,,,2,,,,
6943,6953,18,4,131,2923,1071,,,1,,,,,,,1,,,,
6944,6954,18,4,131,3109,4199,,,1,,,,,,,0,,,desertum,
6945,6955,18,4,131,3109,2403,,,1,,,gener-Michael Thoth,,,,1,,,,
6946,6956,18,4,131,3109,1724,,,1,,,,,,,2,,,,
6947,6957,18,4,131,215,3520,,,1,,,,,,,1,,,,
6948,6958,18,4,131,215,3718,,,1,,,,,,,1,,,,
6949,6959,18,4,131,3498,312,,,1,,,,,,,20,,,,
6950,6960,18,4,131,446,722,,,1,,,,,"Litteratus, Judex nobilium",,1,,,,
6951,6961,18,4,131,2464,2529,,,1,,,,,,,8,,,,
6952,6962,18,4,131,2464,2651,,,1,,,,,,,4,,,,
6953,6963,18,4,131,2464,,,,1,,,,,Prebendari (prebendarii),,0,,,desertum,
6954,6964,18,4,131,3824,3153,,,1,,,,,,,0,,,desertum,
6955,6965,18,4,131,3498,1748,,,1,,,,,,,3,,,,
6956,6966,18,4,131,3498,722,,,1,,,,,"Litteratus, Judex nobilium",,2,,,,
6957,6967,18,4,131,3498,2972,,,1,,,,,,,4,,,,
6958,6968,18,4,30,3755,55,,,1,,,,Domini,,Domini Hennyngh,175,,,,
6959,6969,18,4,30,463,2792,,,1,,,,Domina,,,5,,,,
6960,6970,18,4,30,1276,2702,,,1,,,,Dominus,,,2,,,,
6961,6971,18,4,30,2135,,,,1,,,,,Eremiti (Fratres heremitae),,3,,,,
6962,6972,18,4,30,64,55,,,1,,,,Domini,,Domini Hennyngh,76,,,,
6963,6973,18,4,30,1757,770,,,1,,,,,,,2,,,,
6964,6974,18,4,30,905,1752,,,1,,,,,,,3,,,,
6965,6975,18,4,30,905,722,,,1,,,,,"Litteratus, Judex nobilium",,2,,,,
6966,6976,18,4,30,905,2903,,,1,,,,,,,1,,,,
6967,6977,18,4,30,905,1695,,,1,,,,,,,1,,,,
6968,6978,18,4,30,905,3083,,,1,,,,,,,1,,,,
6969,6979,18,4,30,905,1083,,,1,,,,,,,1,,,,
6970,6980,18,4,30,905,1632,,,1,,,,,,,1,,,,
6971,6981,18,4,30,905,3664,,,1,,,,,,,3,,,,
6972,6982,18,4,30,905,1166,,,1,,,,,,,7,,,,
6973,6983,18,4,30,905,2969,,,1,,,,,,,2,,,,
6974,6984,18,4,30,905,3324,,,1,,,,,,,1,,,,
6975,6985,18,4,30,905,3536,,,1,,,,,Vicecomes,,1,,,,
6976,6986,18,4,30,905,1320,,,1,,,,,,,1,,,,
6977,6987,18,4,30,905,1939,,,1,,,,,,,1,,,,
6978,6988,18,4,30,905,,,,1,,,,,Župnik (plebanus),,1,,,,
6979,6989,18,4,30,905,1685,,,1,,,,,,,1,,,,
6980,6990,18,4,30,905,1544,,,1,,,,,Judex nobilium,,1,,,,
6981,6991,18,4,30,905,2087,,,1,,,Relicta,,,,1,,,,
6982,6992,18,4,30,905,1169,,,1,,,,,,,2,,,,
6983,6993,18,4,30,2473,,,,1,,,,,Prepošt (praepositus)-Galgoncza,,6,,,,
6984,6994,18,4,30,2261,3047,,,1,,,,,,,1,,,,
6985,6995,18,4,30,2261,2355,,,1,,,,,,,0,,,desertum,
6986,6996,18,4,30,775,739,,,1,,,,,,,0,,1,desertum,
6987,6997,18,4,30,775,2171,,,1,,,,,,,0,,,desertum,
6988,6998,18,4,30,775,1531,,,1,,,,,,,0,,,desertum,
6989,6999,18,4,30,2179,1715,,,1,,,,,Vicejudex nobilium,,1,,,,
6990,7000,18,4,30,2179,2296,,,1,,,Pauper,,,,1,,,,
6991,7001,18,4,30,2179,2403,,,1,,,Gener,,,,1,,,,
6992,7002,18,4,30,2179,85,,,1,,,Relicta,,,,1,,,,
6993,7003,18,4,30,215,4103,,,1,,,,,,,2,,,,
6994,7004,18,4,30,215,722,,,1,,,,,"Litteratus, Judex nobilium",,2,,,,
6995,7005,18,4,30,967,1786,,,1,,,,,,,5,,,,
6996,7006,18,4,30,967,2583,,,1,,,,,,,3,,,,
6997,7007,18,4,30,967,,,,1,,,,,Župnik (plebanus) St. Trinitas,,1,,,,
6998,7008,18,4,30,967,2892,,,1,,,,,,,1,,,,
6999,7009,18,4,30,967,2579,,,1,,,,,,,1,,,,
7000,7010,18,4,30,1387,67,,,1,,,,,,,1,,,,
7001,7011,18,4,30,1387,3037,,,1,,,,,Vicejudex nobilium,,1,,,,
7002,7012,18,4,30,9,443,,,1,,,,,,,3,,,,
7003,7013,18,4,30,9,1724,,,1,,,,,Vicejudex nobilium,,1,,,,
7004,7014,18,4,30,9,521,,,1,,,"Relicta, pauper",,,,0,,,,
7005,7015,18,4,30,9,2835,,,1,,,Pauper,,,,0,,,,
7006,7016,18,4,30,1726,3846,,,1,,,,,,Nicolaus Bradach,7,,,,
7007,7017,18,4,30,1726,2129,,,1,,,,,,,8,,,,
7008,7018,18,4,30,1726,1916,,,1,,,Relicta,,,,8,,,,
7009,7019,18,4,30,310,1431,,,1,,,,Dominus,,,25,,,,
7010,7020,18,4,30,3333,,,,1,,,,,Kaptol zagrebački (Capitulum Zagrabiense),,165,,,,
7011,7021,18,4,30,3246,,,,1,,,,Dominus,Zagrebački biskup (Episcopus Zagrabiensis),,24,,,,
7012,7022,18,4,30,2917,,,,1,,,,Dominus,Zagrebački biskup (Episcopus Zagrabiensis),,21,,,,
7013,7023,18,4,30,575,,,,1,,,,Dominus,Zagrebački biskup (Episcopus Zagrabiensis),,6,,,,
7014,7024,18,4,30,3350,,,,1,,,,Dominus,Zagrebački biskup (Episcopus Zagrabiensis),,4,,,,
7015,7025,18,4,30,2835,,,,1,,,,Dominus,Zagrebački biskup (Episcopus Zagrabiensis),,6,,,,
7016,7026,18,4,30,236,,,,1,,,,Dominus,Zagrebački biskup (Episcopus Zagrabiensis),,1,,,,
7017,7027,18,4,30,3681,423,,,1,,,,,,,6,,,,
7018,7028,18,4,30,255,,,,1,,,,,Eremiti (Fratres heremitae),,6,,,,
7019,7029,18,4,30,1031,,,,1,,,,,Gradec (Civitas Montis Grecensis Zagrabiensis),,3,,,,
7020,7030,18,4,30,1996,,,,1,,,,Dominus,Banus,,10,,,,
7021,7031,18,4,30,2107,4051,,,1,,,,,Litteratus,Mathias Horwath,2,,,,
7022,7032,18,4,30,535,,,,1,,,,,Župnik (plebanus),,0,,1,desertum,
7023,7033,18,4,30,2481,2129,,,1,,,,,,,0,,2,desertum,
7024,7034,18,4,30,2481,2884,,,1,,,,,,,5,,,,
7025,7035,18,4,30,2481,1559,,,1,,,,,,,1,,,,
7026,7036,18,4,30,2481,2029,,,1,,,,,,,1.5,,,,
7027,7037,18,4,30,2481,2660,,,1,,,Relicta,,Suttor,,1,,,,
7028,7038,18,4,30,2481,,,,1,,,,,Abbatia Beatae Virginis,,3,,,,
7029,7039,18,4,30,594,,,,1,,,,,,,111,,,,
7030,7040,18,4,96,1584,,,,1,,,,,Kaptol zagrebački (Capitulum Zagrabiense),,40,,,,
7031,7041,18,4,96,1583,1973,,,1,,,,,,,1,,,,
7032,7042,18,4,96,2883,2873,,,1,,,,,,,2,,,,
7033,7043,18,4,96,2883,4051,,,1,,,,,,,1,,,,
7034,7044,18,4,96,2883,3822,,,1,,,,,Vicecomes,,1,,,,
7035,7045,18,4,96,2883,86,,,1,,,,,,,1,,,,
7036,7046,18,4,96,2883,,,,1,,,,,Kaptol zagrebački (Capitulum Zagrabiense),,2,,,,
7037,7047,18,4,96,84,1962,,,1,,,,,,,1,,,,
7038,7048,18,4,96,532,2873,,,1,,,,,,,1,,,,
7039,7049,18,4,96,532,2078,,,1,,,,,,,0,,1,desertum,
7040,7050,18,4,96,532,3173,,,1,,,,,,,0,,1,desertum,
7041,7051,18,4,96,2689,,,,1,,,,,Eremiti (Fratres heremitae),,11,,,,
7042,7052,18,4,96,1492,3063,,,1,,,,,,,4,,,,
7043,7053,18,4,96,816,,,,1,,,,Dominus,Zagrebački biskup (Episcopus Zagrabiensis),,42,,,,
7044,7054,18,4,96,3860,,oppidum,,1,,,,,Kaptol zagrebački (Capitulum Zagrabiense),,54,,,,
7045,7055,18,4,96,3861,,provincia,,1,,,,,Kaptol zagrebački (Capitulum Zagrabiense),,118,,,,
7046,7056,18,4,96,1631,191,,,1,,,,Dominus,,,90,,,,
7047,7057,18,4,96,1631,,,,1,,,,,Župnik (plebanus),,1,,2,desertati,
7048,7058,18,4,96,2965,1727,,,1,,,,,,,2,,,,
7049,7059,18,4,96,2906,191,,,1,,,,Dominus,,,95,,,,
7050,7060,18,4,96,3204,2773,,,1,,,,,,,20,,,,
7051,7061,18,4,96,3396,1431,,,1,,,,Dominus,,,20,,,,
7052,7062,18,4,96,1743,2810,,,1,,,,,Litteratus,,1,,1,desertatus,
7053,7063,18,4,96,2424,,,,1,,,,,Župnik (plebanus),,4,,,,
7054,7064,18,4,96,2206,,,,1,,,,,Župnik (plebanus),,2,,,,
7055,7065,18,4,96,3780,,,,1,,,,,Župnik (plebanus),,1,,,,
7056,7066,18,4,96,2210,191,,,1,,,,Dominus,,,60,,,,
7057,7067,18,4,96,3812,2760,,,1,,,,,,,5,,,,
7058,7068,18,4,96,3668,2318,,,1,,,,,,,5,,,,
7059,7069,18,4,96,3668,2027,,,1,,,,,,,1,,,,
7060,7070,18,4,96,3220,2952,,,1,,,,,,,1,,,,
7061,7071,18,4,96,3220,3116,,,1,,,,,,,1,,,,
7062,7072,18,4,96,1806,2370,,,1,,,,,,,4,,,,
7063,7073,18,4,96,1959,,,,1,,,,,Župnik (plebanus),,3,,,,
7064,7074,18,4,96,1957,3811,,,1,,,,,,,4,,,,
7065,7075,18,4,96,1388,3790,,,1,,,,,,,6,,,,
7066,7076,18,4,96,2512,1752,,,1,,,,,,,4,,,,
7067,7077,18,4,96,2512,722,,,1,,,,,"Litteratus, Judex nobilium",,2,,,,
7068,7078,18,4,96,3291,2080,,,1,,,,,,,35,,,,
7069,7079,18,4,96,1203,3002,,,1,,,,,,,2,,,,
7070,7080,18,4,96,1203,2240,,,1,,,Relicta,,,,0,,1,desertum,
7071,7081,18,4,96,1203,1023,,,1,,,,,,,6,,,,
7072,7082,18,4,96,1203,3475,,,1,,,,,,,1,,,,
7073,7083,18,4,96,2865,3326,,,1,,,,,,,8,,,,
7074,7084,18,4,96,2865,,,,1,,,,,Župnik (plebanus),,1,,,,
7075,7085,18,4,96,1785,656,,,1,,,,Dominus,,,22,,,,
7076,7086,18,4,96,2090,2420,,,1,,,,,,,5,,,,
7077,7087,18,4,96,3318,2079,,,1,,,,Dominus,,,10,,,,
7078,7088,18,4,96,201,,,,1,,,,Dominus,Abbatia ad Topozkam,,15,,,,
7079,7089,18,4,96,2989,1157,,,1,,,,,,,3,,,,
7080,7090,18,4,96,2536,,castrum,,1,,,,Dominus,Abbatia ad Topozkam*,,7,,,,1
7081,7091,18,4,96,2536,45,castrum,,1,,,Relicta,,,,3,,,,
7082,7092,18,4,96,2536,162,castrum,,1,,,Relicta,,,,,,3,deserti,
7083,7093,18,4,96,2536,2828,castrum,,1,,,,,,,2,,,,
7084,7094,18,4,96,2536,3229,castrum,,1,,,,,,Klywka,6,,,,
7085,7095,18,4,96,2536,2036,castrum,,1,,,,,,,1,,,,
7086,7096,18,4,96,2536,4025,castrum,,1,,,Relicta,,,,8,,,,
7087,7097,18,4,96,2536,3964,castrum,,1,,,,,,,3,,,,
7088,7098,18,4,96,2536,2283,castrum,,1,,,,,,,10,,,,
7089,7099,18,4,96,2536,2589,castrum,,1,,,,,,,5,,,,
7090,7100,18,4,96,2536,1729,castrum,,1,,,,,,,1,,,,
7091,7101,18,4,96,2536,3935,castrum,,1,,,,,,,3,,,,
7092,7102,18,4,96,2536,3643,castrum,,1,,,,,,,3,,,,
7093,7103,18,4,96,2536,3348,castrum,,1,,,Inquilinus,,,,0,,,,
7094,7104,18,4,96,1313,1378,,,1,,,,,,,6,,,,
7095,7105,18,4,96,1311,3290,,,1,,,,,,,3,,,,
7096,7106,18,4,96,685,3290,,,1,,,,,,,2,,,,
7097,7107,18,4,96,1311,3540,,,1,,,,,,,4,,,,
7098,7108,18,4,96,1313,4085,,,1,,,,,,,10,,5,desertati,
7099,7109,18,4,96,1313,2831,,,1,,,,,,,0,,1,desertum,
7100,7110,18,4,96,1311,,,,1,,,,,Župnik (plebanus),,1,,,,
7101,7111,18,4,96,1531,2080,,,1,,,,,,,14,,,,
7102,7112,18,4,96,2982,2133,,,1,,,,,,,17,,,,
7103,7113,18,4,96,250,1422,,,1,,,,,,,4,,,,
7104,7114,18,4,96,1847,,,,1,,,,,,,25,,5,desolati,
7105,7115,18,4,96,3424,2090,,,1,,,,,,,7,,,,
7106,7116,18,4,96,2978,,,,1,,,,,Župnik (plebanus),,3,,,,
7107,7117,18,4,96,2453,,,,1,,,,,Kaptol zagrebački (Capitulum Zagrabiense),,18,,,,
7108,7118,18,4,96,3296,1526,,,1,,,,,,,6,,,,
7109,7119,18,4,96,3296,3063,,,1,,,,,,,6,,,,
7110,7120,18,4,96,3296,,,,1,,,,,Župnik (plebanus),,1,,,,
7111,7121,18,4,96,3296,1917,,,1,,,,,,,1,,,,
7112,7122,18,4,96,3296,551,,,1,,,Relicta,,,,1,,,,
7113,7123,18,4,96,3704,2321,,,1,,,,,,,11,,,,
7114,7124,18,4,96,722,598,,,1,,,,,,,1,,,,
7115,7125,18,4,96,2257,191,,,1,,,,Dominus,,,160,,,,
7116,7126,18,4,96,2841,,,,1,,,,,Župnik (plebanus),,3,,,,
7117,7127,18,4,96,2850,,,,1,,,,,Župnik (plebanus),,1,,,,
7118,7128,18,4,96,3053,1128,,,1,,,,,,,3,,,,
7119,7129,18,4,96,932,616,,,1,,,,,,Mykwlke,2,,,,
7120,7130,18,4,96,1514,681,,,1,,,Relicta,,,,2,,,,
7121,7131,18,4,96,1471,722,,,1,,,,,"Litteratus, Judex nobilium",,5,,2,deserta,
7122,7132,18,4,96,1471,2965,,,1,,,Relicta,,,,1,,,,
7123,7133,18,4,96,1356,191,,,1,,,,Dominus,,,120,,,,
7124,7134,18,4,96,528,,,,1,,,,,Župnik (plebanus)-Jaztrebarzka,,4,,,,
7125,7135,18,4,96,1394,,,,1,,,,,Župnik (plebanus),,1,,,,
7126,7136,18,4,96,2495,1808,,,1,,,,,,,4,,,,
7127,7137,18,4,96,2495,740,,,1,,,,,,,2,,,,
7128,7138,18,4,96,2419,1131,,,1,,,,,,,2,,,,
7129,7139,18,4,96,2744,3621,,,1,,,,,,,2,,,,
7130,7140,18,4,96,3302,723,,,1,,,,,,,3,,,,
7131,7141,18,4,96,3302,2887,,,1,,,,,,,1,,,,
7132,7142,18,4,96,3440,3377,oppidum,,1,,,,Dominus,,,17,,,,
7133,7143,18,4,96,3440,1129,oppidum,,1,,,,,,,17,,,,
7134,7144,18,4,96,3440,577,provincia,,1,,,,Dominus,,,36,,,,
7135,7145,18,4,96,3440,1129,provincia,,1,,,,,,,36,,,,
7136,7146,18,4,96,3440,,,,1,,,,,Župnik (plebanus),,2,,,,
7137,7147,18,4,96,270,,,,1,,,,,,,6,,,,
7138,7148,18,4,96,3588,,,,1,,,,,Župnik (plebanus),,1,,,,
7139,7149,18,4,96,1362,249,,,1,,,Relicta,,,,6,,,,
7140,7150,18,4,96,1364,1074,,,1,,,,,Vicebanus,,6,,,,
7141,7151,18,4,96,357,1396,,,1,,,,,,,19,,,,
7142,7152,18,4,96,357,1396,,,1,,,,,"Litteratus, Judex nobilium",apud Ambrosius Litteratus in pignore,5,,,,
7143,7153,18,4,96,357,1077,,,1,,,,,,,20,,,,
7144,7154,18,4,96,357,722,,,1,,,,,"Litteratus, Judex nobilium",,10,,,,
7145,7155,18,4,96,687,1730,,,1,,,,,,,1,,,,
7146,7156,18,4,96,2453,1162,,,1,,,,,,,8,,,,
7147,7157,18,4,96,2453,,,,1,,,,,Župnik (plebanus),,2,,,,
7148,7158,18,4,96,1715,3837,,,1,,,,,,,8,,,,
7149,7159,18,4,96,1713,829,,,1,,,,Domina,,,1,,,,
7150,7160,18,4,96,2230,1727,,,1,,,,,,,1,,,,
7151,7161,18,4,96,2035,1967,,,1,,,,,,,0.5,,,,
7152,7162,18,4,96,1191,3685,,,1,,,,,,,1,,,,
7153,7163,18,4,96,2234,1752,,,1,,,,,,,2,,,,
7154,7164,18,4,96,2234,722,,,1,,,,,"Litteratus, Judex nobilium",,2,,,,
7155,7165,18,4,96,1168,,,,1,,,,,Gradec (Civitas Montis Grecensis Zagrabiensis),,2,,,,
7156,7166,18,4,96,1713,307,,,1,,,,,,,1,,,,
7157,7167,18,4,108,2157,2282,,,1,,,,,,,1,,,,
7158,7168,18,4,108,2222,3060,,,1,,,,,,,1,,,,
7159,7169,18,4,108,2035,3315,,,1,,,,,,,1,,,,
7160,7170,18,4,108,2035,3066,,,1,,,,,,,1,,,,
7161,7171,18,4,108,2035,1948,,,1,,,,,,,1,,,,
7162,7172,18,4,108,2674,1313,,,1,,,,,,,3,,,,
7163,7173,18,4,108,2674,2698,,,1,,,,,,,1,,,,
7164,7174,18,4,108,2674,2935,,,1,,,,,,,1,,,,
7165,7175,18,4,108,1553,3073,,,1,,,,,,,1,,,,
7166,7176,18,4,108,2684,939,,,1,,,,,,,1,,,,
7167,7177,18,4,108,1487,3509,,,1,,,,,,,2,,,,
7168,7178,18,4,108,1553,3472,,,1,,,,,,,1,,,,
7169,7179,18,4,108,1000,975,,,1,,,,,,,1,,,,
7170,7180,18,4,108,1000,,,,1,,,,,Župnik (plebanus),,1,,,,
7171,7181,18,4,108,2684,4175,,,1,,,,,,,1,,,,
7172,7182,18,4,108,3046,1031,,,1,,,,,,,2,,,,
7173,7183,18,4,108,2074,2040,,,1,,,,,,,2,,,,
7174,7184,18,4,108,1553,3980,,,1,,,,,,,4,,,,
7175,7185,18,4,108,1553,2814,,,1,,,,,,,0.5,,,,
7176,7186,18,4,108,54,1844,,,1,,,,,,,3,,,,
7177,7187,18,4,108,53,3977,,,1,,,,,,,1,,,,
7178,7188,18,4,108,53,804,,,1,,,,,,,1,,,,
7179,7189,18,4,108,1592,2085,,,1,,,,,,,1,,,,
7180,7190,18,4,108,1592,,,,1,,,,,Fratres zagrabienses,,0,,1,desertum,
7181,7191,18,4,108,1856,1754,,,1,,,,,,,1,,,,
7182,7192,18,4,108,2226,1574,,,1,,,,,,,1,,,,
7183,7193,18,4,108,2222,3114,,,1,,,,,,,1,,,,
7184,7194,18,4,108,2228,3495,,,1,,,,,,,2,,,,
7185,7195,18,4,108,3049,,,,1,,,,,Nobiles de Korylowcz,,3,,,,
7186,7196,18,4,108,1818,2895,,,1,,,,,,,1,,,,
7187,7197,18,4,108,1604,3683,,,1,,,,,,,1,,,,
7188,7198,18,4,108,1604,3504,,,1,,,,,,,1,,,,
7189,7199,18,4,108,1604,3220,,,1,,,,,,,1,,,,
7190,7200,18,4,108,1604,2025,,,1,,,,,,,1,,,,
7191,7201,18,4,108,1753,,,,1,,,,,,,4,,,,
7192,7202,18,4,108,1754,2866,,,1,,,,,,,2,,,,
7193,7203,18,4,108,402,1882,,,1,,,,,,,1,,,,
7194,7204,18,4,108,2772,4113,,,1,,,,,,,1,,,,
7195,7205,18,4,108,2422,2845,,,1,,,,,,,1,,,,
7196,7206,18,4,108,2422,2777,,,1,,,,,,,1,,,,
7197,7207,18,4,108,2422,3577,,,1,,,,,,,1,,,,
7198,7208,18,4,108,752,2767,,,1,,,,,,,1,,,,
7199,7209,18,4,108,1604,2042,,,1,,,,,,,1,,,,
7200,7210,18,2,118,1233,2227,,,1,,,,,,,3,,,,
7201,7211,18,2,118,1233,1374,,,1,,,,,,,3,,,,
7202,7212,18,2,118,1233,1819,,,1,,,,,Vicejudex nobilium,,1,,,,
7203,7213,18,2,118,1233,1726,,,1,,,,,,,2,,,,
7204,7214,18,2,118,1233,3335,,,1,,,,,,,1,,,,
7205,7215,18,2,118,509,,,,1,,,,,Kaptol zagrebački (Capitulum Zagrabiense),,1,,,,
7206,7216,18,2,118,509,3954,,,1,,,,,,,1,,,,
7207,7217,18,2,118,509,1125,,,1,,,Relicta,,,,1,,,,
7208,7218,18,2,118,2344,369,,,1,,,,,,,0,,1,desertum,
7209,7219,18,2,118,510,588,,,1,,,,,,,5,,,,
7210,7220,18,2,118,3599,,,,1,,,,,Varasd-civitas,,6,,,,
7211,7221,18,2,118,1233,3688,,,1,,,,,,,6,,,,
7212,7222,18,2,118,3463,722,,,1,,,,,"Litteratus, dicator",,1,,,,
7213,7223,18,2,118,3463,1130,,,1,,,,,,,1,,,,
7214,7224,18,2,118,3463,1838,,,1,,,,,,,2,,,,
7215,7225,18,2,118,3463,3659,,,1,,,,,,,1,,,,
7216,7226,18,2,118,3041,,,,1,,,,,Varasd-arx,,14,,,,
7217,7227,18,2,118,1490,,,,1,,,,,Varasd-arx,,5,,,,
7218,7228,18,2,118,1475,,,,1,,,,Dominus,Varasd-civitas,,2,,,,
7219,7229,18,2,118,445,,,,1,,,,,Zagrebački biskup (Episcopus Zagrabiensis),,2,,,,
7220,7230,18,2,118,3765,,,,1,,,,,Varasd-arx,,1,,,,
7221,7231,18,2,118,3098,,,,1,,,,,Kaptol zagrebački (Capitulum Zagrabiense),,20,,,,
7222,7232,18,2,118,3132,,,,1,,,,,,,190,,,,
7223,7233,18,2,118,3132,,,,1,,,,,Župnik (plebanus),,1,,,,
7224,7234,18,2,118,3132,,,,1,,,,,Prebendar (prebendarius),,1,,,,
7225,7235,18,2,14,2229,2657,,,1,,,,,,,2,,,,
7226,7236,18,2,14,3357,3907,,,1,,,,,,,2,,,,
7227,7237,18,2,14,3357,2564,,,1,,,,,,,1,,,,
7228,7238,18,2,14,3357,1072,,,1,,,,,,,3,,,,
7229,7239,18,2,14,3357,1874,,,1,,,,,,Nicolaus Horwath,3,,,,
7230,7240,18,2,14,3357,3659,,,1,,,,,,,1,,,,
7231,7241,18,2,14,3357,2782,,,1,,,Relicta Johannes,Domina,,,1,,,,
7232,7242,18,2,14,3357,4131,,,1,,,,,,,1,,,,
7233,7243,18,2,14,3357,4075,,,1,,,,,,,2,,,,
7234,7244,18,2,14,399,896,,,1,,,,,,,1,,,,
7235,7245,18,2,14,3043,1588,,,1,,,,,,,1,,,,
7236,7246,18,2,14,3043,1352,,,1,,,,,,,1,,,,
7237,7247,18,2,14,195,3914,,,1,,,,,,Michael Homzky,1,,,,
7238,7248,18,2,14,195,1818,,,1,,,Pauper,,,,1,,,,
7239,7249,18,2,14,160,62,,,1,,,,Dominus,,,2,,,,
7240,7250,18,2,14,3432,62,,,1,,,,Dominus,,,8,,,,
7241,7251,18,2,14,947,2668,,,1,,,in pignore,,,,2,,,,
7242,7252,18,2,14,3377,,,,1,,,,,,,80,,,,
7243,7253,18,2,14,777,993,,,1,,,,,Judex nobilium,,1,,,,
7244,7254,18,2,14,777,3822,,,1,,,,,,,1,,,,
7245,7255,18,2,14,1564,993,,,1,,,,,Judex nobilium,,1,,,,
7246,7256,18,2,14,1564,3822,,,1,,,,,,,1,,,,
7247,7257,18,2,14,1919,1424,,,1,,,,,,,1,,,,
7248,7258,18,2,14,1973,1133,,,1,,,,,,,2.5,,,,
7249,7259,18,2,14,1973,1985,,,1,,,Relicta,,,,2,,,,
7250,7260,18,2,14,1973,2425,,,1,,,,,,,2,,,,
7251,7261,18,2,14,484,2618,,,1,,,,,,,1,,,,
7252,7262,18,2,14,1392,3493,,,1,,,,,Vicecomes,,6,,,,
7253,7263,18,2,14,491,3335,,,1,,,,,,,3,,,,
7254,7264,18,2,14,3308,2706,,,1,,,,,,,1,,,,
7255,7265,18,2,14,3308,3460,,,1,,,,,,,1,,,,
7256,7266,18,2,14,1568,2219,,,1,,,,,,,1,,,,
7257,7267,18,2,14,1568,1079,,,1,,,,,,,1,,,,
7258,7268,18,2,14,1648,1132,,,1,,,,,,,2,,,,
7259,7269,18,2,14,1648,1984,,,1,,,Relicta,,,,1,,,,
7260,7270,18,2,14,1648,2424,,,1,,,,,,,1,,,,
7261,7271,18,2,105,146,,,,1,,,,,,,50,,,,
7262,7272,18,2,105,1759,,,,1,,,,,Eremiti (Fratres heremitae),,25,,,,
7263,7273,18,2,105,1798,,,,1,,,,,,,34.5,,,,
7264,7274,18,2,105,3759,2187,,,1,,,,,,,2,,,,
7265,7275,18,2,105,3759,722,,,1,,,,,"Litteratus, Judex nobilium",,1,,,,
7266,7276,18,2,105,3759,3000,,,1,,,,,Litteratus,,1,,,,
7267,7277,18,2,105,3759,1817,,,1,,,,,,,1,,,,
7268,7278,18,2,105,3759,1680,,,1,,,,,,,5,,,,
7269,7279,18,2,105,3759,3914,,,1,,,,,,,3,,,,
7270,7280,18,2,105,296,2561,,,1,,,,,,,1,,,,
7271,7281,18,2,105,296,1070,,,1,,,,,,,1,,,,
7272,7282,18,2,105,296,897,,,1,,,,,,cum sorore,1,,,,
7273,7283,18,2,105,3686,1786,,,1,,,,,,,6,,,,
7274,7284,18,2,105,1729,2529,,,1,,,,,,,2,,,,
7275,7285,18,2,105,1728,3526,,,1,,,,,,,0,,,desertum,
7276,7286,18,2,105,2872,3850,,,1,,,,,,cum fratre,3,,,,
7277,7287,18,2,105,2361,101,,,1,,,,Dominus,,,36,,,,
7278,7288,18,2,105,3493,,,,1,,,,,,,18,,4,desertati,
7279,7289,18,2,105,3493,825,,,1,,,,,,,1,,,,
7280,7290,18,2,105,395,3516,,,1,,,,,,,2,,,,
7281,7291,18,2,105,395,2529,,,1,,,,,Litteratus,,1,,,,
7282,7292,18,2,105,1874,1793,,,1,,,,,,cum fratribus,3,,,,
7283,7293,18,2,105,2592,1693,,,1,,,,,,,1,,,,
7284,7294,18,2,105,1976,3185,,,1,,,,,,,1,,,,
7285,7295,18,2,105,2551,1714,,,1,,,,,,,1,,,,
7286,7296,18,2,105,158,,,,1,,,,,,,12,,,,
7287,7297,18,2,105,158,,,,1,,,,,Župnik (plebanus),,2,,,,
7288,7298,18,2,105,2423,3522,,,1,,,,,,,1,,,,
7289,7299,18,2,105,2423,2875,,,1,,,,,,,1,,,,
7290,7300,18,2,105,1541,3281,,,1,,,,,Vicecomes,,1,,,,
7291,7301,18,2,105,3453,2231,,,1,,,,,,,3,,,,
7292,7302,18,2,105,3453,3273,,,1,,,,,,,3,,,,
7293,7303,18,2,105,3453,4131,,,1,,,,,,,1,,,,
7294,7304,18,2,105,3453,173,,,1,,,Relicta,,,,1,,,,
7295,7305,18,2,105,3453,3659,,,1,,,,,,,1,,,,
7296,7306,18,2,105,3453,1874,,,1,,,,,,,1,,,,
7297,7307,18,2,105,3453,3275,,,1,,,,,,,1,,,,
7298,7308,18,2,105,3453,2055,,,1,,,,,,,1,,,,
7299,7309,18,2,105,3453,896,,,1,,,,,,,1,,,,
7300,7310,18,2,105,3453,,,,1,,,,,Župnik (plebanus),,1,,,,
7301,7311,18,2,105,1012,1539,,,1,,,,,,,3,,2,desertati,
7302,7312,18,2,105,3104,,,,1,,,,,,,90,,,,
7303,7313,18,2,105,190,994,,,1,,,,,Judex nobilium,Stephanus Drwskoczi,1,,,,
7304,7314,18,2,66,2625,,,,1,,,,,Eremiti (Fratres heremitae),,22,,,,
7305,7315,18,2,66,1025,3793,,,1,,,,,,,1,,,,
7306,7316,18,2,66,900,838,,,1,,,,,,,1,,,,
7307,7317,18,2,66,2323,2177,,,1,,,,,,,6,,,,
7308,7318,18,2,66,2323,2187,,,1,,,,,,Stephanus Bwsanych,4,,,,
7309,7319,18,2,66,1506,3526,,,1,,,,,,,2,,,,
7310,7320,18,2,66,1506,1642,,,1,,,,,,,1,,,,
7311,7321,18,2,66,3411,4131,,,1,,,,,,,3,,,,
7312,7322,18,2,66,1942,1724,,,1,,,,,Vicecomes,,1,,,,
7313,7323,18,2,66,1942,4203,,,1,,,,,,,0,,1,desertum,
7314,7324,18,2,66,2164,1127,,,1,,,,,,,5,,,,
7315,7325,18,2,66,1638,2877,,,1,,,,,,,1,,,,
7316,7326,18,2,66,1638,2722,,,1,,,,,,,1,,,,
7317,7327,18,2,66,1638,900,,,1,,,,,,,5,,,,
7318,7328,18,2,66,1638,2437,,,1,,,,,,cum fratre,2,,,,
7319,7329,18,2,66,1638,3278,,,1,,,,,,cum fratre,2,,,,
7320,7330,18,2,66,2130,3339,,,1,,,,,,,2,,,,
7321,7331,18,2,66,1507,3788,,,1,,,,,,,2,,,,
7322,7332,18,2,66,1507,2757,,,1,,,,,,,1,,,,
7323,7333,18,2,66,1507,1942,,,1,,,Pauper,,,,0,,,,
7324,7334,18,2,66,2635,2078,,,1,,,,,Judex nobilium,,2,,,,
7325,7335,18,2,66,2635,1417,,,1,,,,,,,2,,,,
7326,7336,18,2,66,3398,1524,,,1,,,,,Vicejudex nobilium,cum fratribus,3,,,,
7327,7337,18,2,66,3399,3588,,,1,,,,,,,1,,,,
7328,7338,18,2,66,3399,3860,,,1,,,,,,,1,,,,
7329,7339,18,2,66,3399,1941,,,1,,,,,,"Michael Gwbasoczy, seu Wgrynowych",1,,,,
7330,7340,18,2,66,3399,3002,,,1,,,,,Litteratus,,1,,,,
7331,7341,18,2,66,3399,798,,,1,,,Pauper,,,,1,,,,
7332,7342,18,2,66,3399,898,,,1,,,,,,,1,,,,
7333,7343,18,2,66,3399,900,,,1,,,,,,,1,,,,
7334,7344,18,2,66,3399,3822,,,1,,,,,Litteratus,,1,,,,
7335,7345,18,2,66,3398,785,,,1,,,,,,,1,,,,
7336,7346,18,2,66,3402,2433,,,1,,,,,,Ludovicus Zaboky,6,,,,
7337,7347,18,2,66,3370,946,,,1,,,,,,,1,,,,
7338,7348,18,2,66,2709,1660,,,1,,,,,,,2,,,,
7339,7349,18,2,66,1628,2702,,,1,,,,Dominus,,,80,,,,
7340,7350,18,2,66,1600,306,,,1,,,,Dominus,,,96,,,,
7341,7351,18,2,66,1003,2078,,,1,,,,,,cum fratribus,1,,,,
7342,7352,18,2,66,3010,3493,castrum,,1,,,,,Vicecomes,,52,,,,
7343,7353,18,2,66,498,191,,,1,,,,Dominus,,,400,,,,
7344,7354,18,2,66,1078,2214,,,1,,,,,,,3,,,,
7345,7355,18,2,66,1078,1342,,,1,,,Filius-Vincencius Litteratus,,,,1,,,,
7346,7356,18,2,66,410,2187,,,1,,,,,,,2,,,,
7347,7357,18,2,66,2336,1524,,,1,,,,,Vicejudex nobilium,cum fratribus,1,,,,
7348,7358,18,2,66,1963,3456,,,1,,,,,,,2,,,,
7349,7359,18,2,66,2165,1511,,,1,,,,,Vicejudex nobilium,,1,,,,
7350,7361,19,4,139,461,3846,,,1,,,,,,,13,,,,
7351,7362,19,4,139,461,2129,,,1,,,,,,,13,,,,
7352,7363,19,4,139,461,830,,,1,,,Filia-Gregorius,,,,13,,,,
7353,7364,19,4,139,461,,,,1,,,,,Župnik (plebanus),,1,,,,
7354,7365,19,4,139,2957,325,,,1,,,,,,,2,,,,
7355,7366,19,4,139,2991,2996,,,1,,,,,,,4,,,,
7356,7367,19,4,139,971,2465,,,1,,,,,,Mathias Arras,0.5,,,,
7357,7368,19,4,139,971,3158,,,1,,,,,,Laurentius Bogdanych,0.5,,,deserta,
7358,7369,19,4,139,1051,53,,,1,,,,Dominus,,,25,,,,
7359,7370,19,4,139,1154,1680,,,1,,,,,,,2,,,,
7360,7371,19,4,139,1154,3174,,,1,,,,,,,1,,,,
7361,7372,19,4,139,1154,4227,,,1,,,,,,,2,,,,
7362,7373,19,4,139,226,3543,,,1,,,,,,,8,,,,
7363,7374,19,4,139,226,2548,,,1,,,,,,,8,,,,
7364,7375,19,4,139,120,610,,,1,,,,,,,3,,,,
7365,7376,19,4,139,120,542,,,1,,,,,,,1,,,,
7366,7377,19,4,139,120,3083,,,1,,,,,,,1,,,,
7367,7378,19,4,139,120,2755,,,1,,,,,,Georgius litteratus de Zwhodol,2,,,,
7368,7379,19,4,139,173,2770,,,1,,,,,,,0.5,,,,
7369,7380,19,4,139,173,3080,,,1,,,,,,,0.5,,,,
7370,7381,19,4,139,2976,1866,,,1,,,,,,,2,,,,
7371,7382,19,4,139,2976,2423,,,1,,,,,,,2,,,,
7372,7383,19,4,139,3120,3537,,,1,,,,,,relicta-Emericus Bryttwych,1,,,,
7373,7384,19,4,139,3120,3876,,,1,,,,,,,1,,,deserta,
7374,7385,19,4,139,3120,696,,,1,,,,,,,1,,,,
7375,7386,19,4,139,3120,3518,,,1,,,,,,,1,,,,
7376,7387,19,4,139,3120,,,,1,,,,,Župnik (plebanus) de Bedenycza,,0.5,,,,
7377,7388,19,4,139,3120,2164,,,1,,,,,,"Georgius Zerecz, Thomas Zerecz",1,,,deserta,
7378,7389,19,4,139,196,3723,,,1,,,,,,,1,,,,
7379,7390,19,4,139,196,3718,,,1,,,,,,,1,,,deserta,
7380,7391,19,4,139,196,1289,,,1,,,,,,"Sigrina, (Petrus alterius*)",1,,,deserta,1
7381,7392,19,4,139,3498,3050,,,1,,,,,,,10,,,,
7382,7393,19,4,139,3498,2583,,,1,,,,,,,12,,,,
7383,7394,19,4,139,3498,795,,,1,,,Relicta,,,,6,,,,
7384,7395,19,4,139,3498,,,,1,,,,,Župnik (plebanus) de Zenth Iwan,,0.5,,,,
7385,7396,19,4,139,228,,,,1,,,,Reverendissimus dominus,Zagrebački biskup (Episcopus Zagrabiensis),,3,,,,
7386,7397,19,4,139,2467,2618,,,1,,,,,,Domina Petronella Pezery-relicta Francisci Pezery,4,,,,
7387,7398,19,4,139,2467,2618,,,1,,,,,,Nezpessei-vicecomes,3,,,,
7388,7399,19,4,139,2467,4163,,,1,,,Relicta,Domina,,,2,,,,
7389,7400,19,4,139,2467,3700,,,1,,,,,,,1,,,,
7390,7401,19,4,139,2467,,,,1,,,,,Prebendar (prebendarius),,0.5,,,deserta,
7391,7402,19,4,139,3832,3081,,,1,,,,,,,1,,,,
7392,7403,19,4,139,3832,3103,,,1,,,,,,,0.5,,,deserta,
7393,7404,19,4,139,3487,1740,,,1,,,,,,,2,,,,
7394,7405,19,4,139,3487,722,,,1,,,,,Litteratus,,3,,,,
7395,7406,19,4,139,3487,2617,,,1,,,,,,,6,,,,
7396,7407,19,4,139,3487,2574,,,1,,,,,,,1,,,,
7397,7408,19,4,139,3487,1378,,,1,,,,,,,1,,,,
7398,7409,19,4,139,3487,2256,,,1,,,,,,,1,,,,
7399,7410,19,4,17,3754,1430,,,1,,,,,,Hennyngh,185,,,,
7400,7411,19,4,17,230,2797,,,1,,,,Domina,,,2,,,,
7401,7412,19,4,17,2135,,,,1,,,,,Eremiti (Fratres heremitae),,4,,,,
7402,7413,19,4,17,49,1430,,,1,,,,,,Hennyngh,80,,,,
7403,7414,19,4,17,49,,,,1,,,,,Župnik (plebanus),,3,,,,
7404,7415,19,4,17,49,1966,,,1,,,,,,,0.5,,,,
7405,7416,19,4,17,1763,742,,,1,,,,,,,2,,,,
7406,7417,19,4,17,897,1752,,,1,,,,,,,2,,,,
7407,7418,19,4,17,897,722,,,1,,,,,Litteratus,,2,,,,
7408,7419,19,4,17,897,2903,,,1,,,,,,,1,,,,
7409,7420,19,4,17,897,1695,,,1,,,,,Vicecomes,,1,,,,
7410,7421,19,4,17,897,3083,,,1,,,,,,,0.5,,,,
7411,7422,19,4,17,897,1083,,,1,,,,,Judex nobilium,,1,,,,
7412,7423,19,4,17,897,1637,,,1,,,,,,,0.5,,,,
7413,7424,19,4,17,897,3667,,,1,,,,,Viceprothonotarius,,1,,,,
7414,7425,19,4,17,897,2345,,,1,,,,,,,1,,,,
7415,7426,19,4,17,897,1845,,,1,,,,,,,0.5,,,,
7416,7427,19,4,17,897,741,,,1,,,,,,,6,,,,
7417,7428,19,4,17,897,2618,,,1,,,,,,,0.5,,,,
7418,7429,19,4,17,897,1890,,,1,,,,,,,1,,,,
7419,7430,19,4,17,897,2119,,,1,,,,,,,1,,,,
7420,7431,19,4,17,897,1329,,,1,,,,,,,1,,,,
7421,7432,19,4,17,897,1929,,,1,,,,,,,1,,,,
7422,7433,19,4,17,897,,,,1,,,,,Župnik (plebanus),,0.5,,,,
7423,7434,19,4,17,897,2427,,,1,,,,,,,0.5,,,,
7424,7435,19,4,17,897,17,,,1,,,Relicta,,,,1,,,,
7425,7436,19,4,17,897,1169,,,1,,,,,,,1,,,,
7426,7437,19,4,17,2473,,,,1,,,,,Prepošt (praepositus)-Galgoncza,,4,,,,
7427,7438,19,4,17,2180,1710,,,1,,,,,,,1,,,deserta,
7428,7439,19,4,17,2180,2294,,,1,,,,,,,1,,,deserta,
7429,7440,19,4,17,2180,2403,,,1,,,generus,,,,1,,,deserta,
7430,7441,19,4,17,373,4098,,,1,,,,,Judex nobilium,,2,,,,
7431,7442,19,4,17,775,722,,,1,,,,,Litteratus,,1.5,,,,
7432,7443,19,4,17,775,976,,,1,,,,,,,0.5,,,,
7433,7444,19,4,17,967,1786,,,1,,,,,,,3,,,,
7434,7445,19,4,17,967,3051,,,1,,,,,,,1,,,,
7435,7446,19,4,17,967,2584,,,1,,,,,,,1,,,,
7436,7447,19,4,17,967,,,,1,,,,,Župnik (plebanus)-St. Trinitas,,1,,,,
7437,7448,19,4,17,967,2892,,,1,,,,,,,1,,,,
7438,7449,19,4,17,967,2579,,,1,,,,,,,1,,,,
7439,7450,19,4,17,1387,65,,,1,,,,,,,1.5,,,,
7440,7451,19,4,17,1387,3265,,,1,,,,,Vicejudex nobilium,,1,,,,
7441,7452,19,4,17,9,443,,,1,,,,,,"Sygmondych, Iwanchych",2,,,,
7442,7453,19,4,17,9,1724,,,1,,,,,,,1,,,,
7443,7454,19,4,17,2260,2240,,,1,,,,,,Michael Hrwssoczy,1,,,,
7444,7455,19,4,17,1726,3846,,,1,,,,,,,4,,,,
7445,7456,19,4,17,1726,2129,,,1,,,,,,,4,,,,
7446,7457,19,4,17,1726,830,,,1,,,"Filia-Gregorius, puella",,,,4,,,,
7447,7458,19,4,17,775,745,,,1,,,,,,,0.5,,,,
7448,7459,19,4,17,775,3518,,,1,,,,,,,0,,,deserta,
7449,7460,19,4,17,310,670,,,1,,,,Serenissimus et magnificus dominus comes,,,16,,,,
7450,7461,19,4,17,310,,,,1,,,,,Župnik (plebanus),,1,,,deserta,
7451,7462,19,4,17,310,2294,,,1,,,,,,,1,,,,
7452,7463,19,4,17,3478,2986,,,1,,,,,,,4,,,,
7453,7464,19,4,17,3478,1686,,,1,,,,,,,3,,,,
7454,7465,19,4,17,1616,2618,,,1,,,,,,,3.5,,,,
7455,7466,19,4,17,2913,1731,,,1,,,,,,,1,,,,
7456,7467,19,4,17,1499,2967,,,1,,,,,,,1.5,,,,
7457,7468,19,4,17,3648,3652,,,1,,,,,,,4,,,,
7458,7469,19,4,17,3648,,,,1,,,,,Župnik (plebanus),,2,,,,
7459,7470,19,4,17,2363,4232,,,1,,,,,,,2,,,,
7460,7471,19,4,17,3646,1399,,,1,,,,,,,4,,,,
7461,7472,19,4,17,3332,,districtus,,1,,,,,Kaptol zagrebački (Capitulum Zagrabiense),,175,,,,
7462,7473,19,4,17,3246,,,,1,,,,Dominus,Zagrebački biskup (Episcopus Zagrabiensis),,20,,,,
7463,7474,19,4,17,2917,,,,1,,,,Dominus,Zagrebački biskup (Episcopus Zagrabiensis),,21,,,,
7464,7475,19,4,17,575,,,,1,,,,Dominus,Zagrebački biskup (Episcopus Zagrabiensis),,5,,,,
7465,7476,19,4,17,2835,,,,1,,,,Dominus,Zagrebački biskup (Episcopus Zagrabiensis),,5,,,,
7466,7477,19,4,17,237,,,,1,,,,Dominus,Zagrebački biskup (Episcopus Zagrabiensis),,1,,,,
7467,7478,19,4,17,3350,3002,,,1,,,,,Litteratus,"Gregorius Kowachych, fratribus",3,,,,
7468,7479,19,4,17,3681,423,,,1,,,,,,,3,,,,
7469,7480,19,4,17,253,,,,1,,,,,Eremiti (Fratres heremitae),,5,,,,
7470,7481,19,4,17,1028,,,,1,,,,,Gradec (Civitas Montis Grecensis Zagrabiensis),,3.5,,,,
7471,7482,19,4,17,1988,722,,,1,,,,,Litteratus,,10,,,,
7472,7483,19,4,17,2027,4051,,,1,,,,,Litteratus,,2,,,,
7473,7484,19,4,17,535,,,,1,,,,,Župnik (plebanus),,1.5,,,,
7474,7485,19,4,17,2480,2129,,,1,,,,,,,1,,,,
7475,7486,19,4,17,2480,2884,,,1,,,,,,,2,,,,
7476,7487,19,4,17,2480,743,,,1,,,,,,,1,,,,
7477,7488,19,4,17,2480,2660,,,1,,,Relicta,,,,1.5,,,deserta,
7478,7489,19,4,17,2480,3846,,,1,,,,,,,1,,,,
7479,7490,19,4,17,81,,,,1,,,,,Abbatia Beatae Virginis,,2,,,,
7480,7491,19,4,101,1584,,,,1,,,,,Kaptol zagrebački (Capitulum Zagrabiense),,40,,,,
7481,7492,19,4,101,1583,1810,,,1,,,,,,,0.5,,,,
7482,7493,19,4,101,2877,2873,,,1,,,,,,,1,,,,
7483,7494,19,4,101,2877,4051,,,1,,,,,,,1,,,,
7484,7495,19,4,101,2877,3822,,,1,,,,,,,1,,,,
7485,7496,19,4,101,2877,1053,,,1,,,,,,,1,,,,
7486,7497,19,4,101,2877,,,,1,,,,,Kaptol zagrebački (Capitulum Zagrabiense),,2,,,,
7487,7498,19,4,101,84,417,,,1,,,,,,,1,,,,
7488,7499,19,4,101,532,2883,,,1,,,,,,,0.5,,,,
7489,7500,19,4,101,532,2883,,,1,,,5 sororum,,,,0.5,,,,
7490,7501,19,4,101,532,2143,,,1,,,,,,,1,,,,
7491,7502,19,4,101,532,3173,,,1,,,,,,,1,,,,
7492,7503,19,4,101,2675,,,,1,,,,,Eremiti (Fratres heremitae),,12,,,,
7493,7504,19,4,101,1492,1077,,,1,,,,,,,5,,,,
7494,7505,19,4,101,817,,,,1,,,,Dominus,Zagrebački biskup (Episcopus Zagrabiensis),,40,,,,
7495,7506,19,4,101,3673,,oppidum,,1,,,,,Kaptol zagrebački (Capitulum Zagrabiense),,54,,,,
7496,7507,19,4,101,3674,,provincia,,1,,,,,Kaptol zagrebački (Capitulum Zagrabiense),,118,,,,
7497,7508,19,4,101,1631,3567,,,1,,,,Dominus,Banus,,90,,,,
7498,7509,19,4,101,1631,,,,1,,,,,Župnik (plebanus) de Krawarzka,,1,,,,
7499,7510,19,4,101,2966,1727,,,1,,,,,Vicecomes,,4,,,,
7500,7511,19,4,101,2906,3569,,,1,,,,Serenissimus et magnificus dominus comes,Banus,,100,,,,
7501,7512,19,4,101,3204,2773,,,1,,,,,,,15,,,,
7502,7513,19,4,101,3395,1429,,,1,,,,Dominus,,,14,,,,
7503,7514,19,4,101,3218,2973,,,1,,,,,,,1,,,,
7504,7515,19,4,101,3218,3116,,,1,,,,,,,1,,,,
7505,7516,19,4,101,1743,3866,,,1,,,,,,,1,,,,
7506,7517,19,4,101,2428,,,,1,,,,,Župnik (plebanus),,1,,,,
7507,7518,19,4,101,2204,,,,1,,,,,Župnik (plebanus),,1,,,,
7508,7519,19,4,101,3788,,,,1,,,,,Župnik (plebanus),,1,,,,
7509,7520,19,4,101,2186,3569,,,1,,,,Comes,Banus,,40,,,,
7510,7521,19,4,101,3812,427,,,1,,,,,,,1,,,,
7511,7522,19,4,101,3667,2318,,,1,,,,,,,2,,,,
7512,7523,19,4,101,3667,2091,,,1,,,,,,,0.5,,,,
7513,7524,19,4,101,1806,2370,,,1,,,,,,,4,,,,
7514,7525,19,4,101,1957,,,,1,,,,,Župnik (plebanus),,1,,,,
7515,7526,19,4,101,2514,1751,,,1,,,,,,,2,,,,
7516,7527,19,4,101,2514,722,,,1,,,,,Litteratus,,2,,,,
7517,7528,19,4,101,3266,2082,,,1,,,,,,,80,,,,
7518,7529,19,4,101,1205,3002,,,1,,,,,,,5,,,,
7519,7530,19,4,101,1205,268,,,1,,,Relicta,,,,1,,,,
7520,7531,19,4,101,1205,2240,,,1,,,,,,,6,,,,
7521,7532,19,4,101,2860,3326,,,1,,,,,,,3,,,,
7522,7533,19,4,101,1788,656,,,1,,,,Dominus,,,22,,,,
7523,7534,19,4,101,2090,2410,,,1,,,,,,,3,,,,
7524,7535,19,4,101,199,,,,1,,,,Domini,Abbatia,,9,,,,
7525,7536,19,4,101,2989,1143,,,1,,,,,,,1,,,,
7526,7537,19,4,101,2538,,castrum,,1,,,,Domini,Abbatia,,6,,,,
7527,7538,19,4,101,111,1060,,,1,,,,,,Frater Bogdan,3,,,,
7528,7539,19,4,101,111,2828,,,1,,,,,,,1,,,,
7529,7540,19,4,101,111,3228,,,1,,,,,,,5,,,,
7530,7541,19,4,101,111,3419,,,1,,,,,,,5,,,,
7531,7542,19,4,101,111,3964,,,1,,,,,,,3,,,,
7532,7543,19,4,101,111,2283,,,1,,,,,,,9,,,,
7533,7544,19,4,101,111,2587,,,1,,,,,,,5,,,,
7534,7545,19,4,101,111,1389,,,1,,,,,,,1,,,,
7535,7546,19,4,101,111,3933,,,1,,,,,,,1,,,,
7536,7547,19,4,101,111,3686,,,1,,,,,,,2,,,,
7537,7548,19,4,101,111,3643,,,1,,,,,,,1,,,,
7538,7549,19,4,101,1308,1378,,,1,,,,,,,6,,,,
7539,7550,19,4,101,1308,3290,,,1,,,,,,,6,,,,
7540,7551,19,4,101,1308,4085,,,1,,,,,,,8,,,,
7541,7552,19,4,101,1308,2830,,,1,,,,,,,1,,,deserta,
7542,7553,19,4,101,2982,121,,,1,,,,,,,5,,,,
7543,7554,19,4,101,251,550,,,1,,,,,Judex nobilium ultra Kwppam,,4,,,,
7544,7555,19,4,101,1807,,,,1,,,,Dominus,Palatinus,,26,,,,
7545,7556,19,4,101,1807,3571,,,1,,,,,,"curia nobilitaris, liber",0,,,,
7546,7557,19,4,101,3422,2089,,,1,,,,,,,7,,,,
7547,7558,19,4,101,2978,,,,1,,,,,Župnik (plebanus),,1,,,,
7548,7559,19,4,101,2453,,,,1,,,,,Kaptol zagrebački (Capitulum Zagrabiense),,18,,,,
7549,7560,19,4,101,731,1062,,,1,,,,,,,1,,,deserta,
7550,7561,19,4,101,731,2812,,,1,,,,,,,1,,,,
7551,7562,19,4,101,731,3528,,,1,,,,,,,1,,,,
7552,7563,19,4,101,3294,2587,,,1,,,,,,,5,,,,
7553,7564,19,4,101,3294,,,,1,,,,,Župnik (plebanus),,1,,,,
7554,7565,19,4,101,3294,1576,,,1,,,,,,,1,,,deserta,
7555,7566,19,4,101,3294,674,,,1,,,Relicta,,,,1,,,deserta,
7556,7567,19,4,101,3294,49,,,1,,,,,,,3,,,,
7557,7568,19,4,101,3294,740,,,1,,,,,,,1,,,,
7558,7569,19,4,101,3294,2882,,,1,,,,,,,2,,,,
7559,7570,19,4,101,3701,432,,,1,,,,,,,6,,,,
7560,7571,19,4,101,723,598,,,1,,,,,,,1,,,,
7561,7572,19,4,101,3097,28,,,1,,,,,,,1,,,,
7562,7573,19,4,101,3097,3385,,,1,,,,,,cum fratre,2,,,,
7563,7574,19,4,101,2257,3569,,,1,,,,Serenissimus et magnificus dominus comes,Banus,,163,,,,
7564,7575,19,4,101,2257,,,,1,,,,,Župnik (plebanus) Sancte Nedelye,,1,,,,
7565,7576,19,4,101,2257,,,,1,,,,,Župnik (plebanus) Sancte Marie,,1,,,,
7566,7577,19,4,101,2257,,,,1,,,,,Župnik (plebanus) Sancti Martinus,,1,,,,
7567,7578,19,4,101,3051,1088,,,1,,,,,,,1,,,,
7568,7579,19,4,101,932,1990,,,1,,,,,,,1,,,deserta,
7569,7580,19,4,101,932,3113,,,1,,,,,,,1,,,,
7570,7581,19,4,101,1513,3205,,,1,,,,,,,2,,,,
7571,7582,19,4,101,1468,722,,,1,,,,,Litteratus,,5,,,,
7572,7583,19,4,101,2058,3755,,,1,,,,,,,2,,,,
7573,7584,19,4,101,1356,3569,,,1,,,,Serenissimus et magnificus dominus comes,Banus,,110,,,,
7574,7585,19,4,101,1356,,,,1,,,,,Župnik (plebanus)-Jasterabrsko,,4,,,,
7575,7586,19,4,101,1356,,,,1,,,,,Župnik (plebanus)-Jurowlyak,,1,,,deserta,
7576,7587,19,4,101,1356,1808,,,1,,,,,,,4,,,,
7577,7588,19,4,101,1356,3743,,,1,,,,,,,2,,,,
7578,7589,19,4,101,1356,3625,,,1,,,,,,,2,,,,
7579,7590,19,4,101,1356,1218,,,1,,,,,,,1,,,,
7580,7591,19,4,101,3299,3141,,,1,,,,,,,5,,,,
7581,7592,19,4,101,3299,2887,,,1,,,,,,,1,,,,
7582,7593,19,4,101,3440,605,oppidum,,1,,,,Dominus,,,35,,,,
7583,7594,19,4,101,3440,605,provincia,,1,,,,Dominus,,,75,,,,
7584,7595,19,4,101,3440,,provincia,,1,,,,,Župnik (plebanus)-Zamobor,,2,,,,
7585,7596,19,4,101,270,722,,,1,,,,,Litteratus,,6,,,,
7586,7597,19,4,101,326,2230,,,1,,,,,,,2,,,,
7587,7598,19,4,101,1362,1287,,,1,,,Relicta,Domina,,,5,,,,
7588,7599,19,4,101,1362,4230,,,1,,,,,,,3,,,,
7589,7600,19,4,101,1362,2109,,,1,,,,,,,1,,,,
7590,7601,19,4,101,357,1077,,,1,,,,,,,28,,,,
7591,7602,19,4,101,357,1396,,,1,,,,,,,28,,,,
7592,7603,19,4,101,357,722,,,1,,,,,Litteratus,,10,,,,
7593,7604,19,4,101,686,1731,,,1,,,,,,,1,,,,
7594,7605,19,4,101,2453,63,,,1,,,,,,,6,,,,
7595,7606,19,4,101,2453,,,,1,,,,,Župnik (plebanus),,2,,,,
7596,7607,19,4,101,2036,2107,,,1,,,,,,,3,,,,
7597,7608,19,4,101,2036,845,,,1,,,,,,Domina Anna-possidebat olim,1,,,,
7598,7609,19,4,101,2036,1965,,,1,,,,,,,1,,,deserta,
7599,7610,19,4,101,1191,1364,,,1,,,,,Vicecomes,,2,,,,
7600,7611,19,4,101,2234,1752,,,1,,,,,,,1,,,,
7601,7612,19,4,101,2234,722,,,1,,,,,Litteratus,,2,,,,
7602,7613,19,4,101,1166,,,,1,,,,,Gradec (Civitas Montis Grecensis Zagrabiensis),,2,,,,
7603,7614,19,4,101,1166,4092,,,1,,,,,,,0.5,,,,
7604,7615,19,4,101,1166,1948,,,1,,,,,,,0.5,,,,
7605,7616,19,4,101,2672,2698,,,1,,,,,,,1,,,,
7606,7617,19,4,101,2672,3646,,,1,,,,,,,0.5,,,deserta,
7607,7618,19,4,101,2672,3871,,,1,,,,,,,1,,,,
7608,7619,19,4,101,1553,3077,,,1,,,,,,Mathias Wagych,2,,,,
7609,7620,19,4,101,1485,3021,,,1,,,,,,,1,,,deserta,
7610,7621,19,4,101,959,,,,1,,,,,Župnik (plebanus),,1,,,,
7611,7622,19,4,101,2693,4175,,,1,,,,,,,0.5,,,,
7612,7623,19,4,101,1553,3474,,,1,,,,,,,1,,,,
7613,7624,19,4,101,3040,1031,,,1,,,,,,,0.5,,,,
7614,7625,19,4,101,2072,2040,,,1,,,,,,,1,,,,
7615,7626,19,4,101,2072,1025,,,1,,,,,,Gregory Koskowych,0.5,,,,
7616,7627,19,4,101,1553,3980,,,1,,,Relicta,,,,2,,,,
7617,7628,19,4,101,1553,2815,,,1,,,,,,,0.5,,,,
7618,7629,19,4,101,1553,3488,,,1,,,,,,,0.5,,,,
7619,7630,19,4,101,31,2386,,,1,,,,,,,1,,,,
7620,7631,19,4,101,31,3105,,,1,,,,,,,1,,,,
7621,7632,19,4,101,31,3508,,,1,,,,,,,0.5,,,,
7622,7633,19,4,101,31,3976,,,1,,,,,,,1,,,,
7623,7634,19,4,101,31,814,,,1,,,,,,,1,,,deserta,
7624,7635,19,4,101,1595,2085,,,1,,,,,Vicecomes,Stephanus Arbanaz,0.5,,,,
7625,7636,19,4,101,1810,1755,,,1,,,,,,,1,,,,
7626,7637,19,4,101,1810,4135,,,1,,,,,,,1,,,,
7627,7638,19,4,101,1810,3220,,,1,,,,,,,1,,,,
7628,7639,19,4,101,1810,2025,,,1,,,,,,,1,,,,
7629,7640,19,4,101,1810,3115,,,1,,,,,,,1,,,,
7630,7641,19,4,101,1750,,,,1,,,,,Nobiles de Lwkawecz,,1,,,,
7631,7642,19,4,101,1593,2964,,,1,,,,,,,3,,,,
7632,7643,19,4,101,1751,722,,,1,,,,,Litteratus,,1,,,,
7633,7644,19,4,101,402,1882,,,1,,,,,,,0.5,,,,
7634,7645,19,4,101,2661,4112,,,1,,,,,,,0.5,,,,
7635,7646,19,4,101,1592,2039,,,1,,,,,,,0.5,,,,
7636,7647,2,,,,,,,,,,,,,,,,,,
7637,7649,20,2,66,582,3569,castrum,,,,,,Dominus,Banus,,235,,,,
7638,7650,20,2,66,2159,3679,castrum,,,,,,Dominus,,,64,,,,
7639,7651,20,2,66,1611,2868,castrum,,,,,,Dominus,,,29,,,,
7640,7652,20,2,66,1611,3781,castrum,,,,,,Dominus,,,29,,,,
7641,7653,20,2,66,1625,3140,castrum,,,,,,Dominus,,,78,,,,
7642,7654,20,2,66,2625,,,,,,,,,Eremiti (Fratres heremitae) de Lepaglawa,,21,,,,
7643,7655,20,2,66,903,1137,,,,,,,,,,0.5,,,,
7644,7656,20,2,66,3760,2187,,,,,,,,"Vicebanus, dicator",,5.5,,,,
7645,7657,20,2,66,2322,3659,,,,,,Relicta,,,,1.2,,,,
7646,7658,20,2,66,1025,3659,,,,,,,,,,0.5,,,,
7647,7659,20,2,66,2322,4225,,,,,,,,,,1.2,,,,
7648,7660,20,2,66,2326,2870,,,,,,,,,Goychych,2,,,,
7649,7661,20,2,66,1953,2568,,,,,,,,,,1.2,,,,
7650,7662,20,2,66,1953,1724,,,,,,,,,,0.5,,,,
7651,7663,20,2,66,1953,3655,,,,,,,,,,0.5,,,,
7652,7664,20,2,66,1506,1161,,,,,,,,Judex nobilium,cum fratre,1,,,,
7653,7665,20,2,66,3411,1958,,,,,,,,,,2,,,,
7654,7666,20,2,66,2167,1161,,,,,,Relicta,,,,1,,,,
7655,7667,20,2,66,2167,3208,,,,,,,,,,2,,,,
7656,7668,20,2,66,1638,3589,,,,,,,,,,2,,,,
7657,7669,20,2,66,1638,1586,,,,,,,,,,1,,,,
7658,7670,20,2,66,1638,2436,,,,,,,,,Ludovici Zaboky,1,,,,
7659,7671,20,2,66,1638,2127,,,,,,,,,Nicolaus Dogowers,1,,,,
7660,7672,20,2,66,1638,1334,,,,,,,,,,1,,,,
7661,7673,20,2,66,1638,2097,,,,,,,,,,1,,,,
7662,7674,20,2,66,2130,3118,,,,,,,,,Mathias Myrkoczy,1,,,desertum,
7663,7675,20,2,66,2130,3788,,,,,,,,,,1,,,,
7664,7676,20,2,66,2130,2734,,,,,,Relicta,,,,1,,,,
7665,7677,20,2,66,669,2360,,,,,,,,Judex nobilium,,1,,,,
7666,7678,20,2,66,669,1342,,,,,,,,,Paulus,,,,deserte propter depredationem,
7667,7679,20,2,66,3398,2435,,,,,,,,,,3,,,,
7668,7680,20,2,66,3398,2434,,,,,,,,,,3,,,,
7669,7681,20,2,66,3398,1566,,,,,,,,,,1,,,,
7670,7682,20,2,66,3398,1482,,,,,,Relicta,,,Gener,1,,,,
7671,7683,20,2,66,3398,4187,,,,,,,,,,1,,,,
7672,7684,20,2,66,3401,3516,,,,,,,,,,1,,,,
7673,7685,20,2,66,3401,3822,,,,,,,,,,1,,,,
7674,7686,20,2,66,3401,1482,,,,,,Relicta,,,,1,,,,
7675,7687,20,2,66,3401,1568,,,,,,,,,cum fratre,1,,,,
7676,7688,20,2,66,3401,3676,,,,,,,,,Michael (litterato),1,,,,
7677,7689,20,2,66,3401,1390,,,,,,,,,,2,,,,
7678,7690,20,2,66,3354,2718,,,,,,,,,,1,,,,
7679,7691,20,2,66,3370,216,,,,,,Relicta,,,,1,,,,
7680,7692,20,2,66,1062,1342,,,,,,,,,Johannes,4,,,,
7681,7693,20,2,66,2710,1825,,,,,,,,,,2,,,,
7682,7694,20,2,66,2336,1524,,,,,,,,Vicejudex nobilium,cum fratribus,1,,,,
7683,7695,20,2,19,140,967,castrum,,,,,,,Vicecomes,,22,,,,
7684,7696,20,2,19,140,2615,castrum,,,,,,,,,22,,,,
7685,7697,20,2,19,1759,,,,,,,,,Eremiti (Fratres heremitae),,24,,,,
7686,7698,20,2,19,1797,2868,castrum,,,,,,Dominus,,,14,,,,
7687,7699,20,2,19,1797,3782,castrum,,,,,,Dominus,,,15,,,,
7688,7700,20,2,19,3759,722,,,,,,,,Litteratus,,1,,,,
7689,7701,20,2,19,3759,4214,,,,,,,,,,1,,,,
7690,7702,20,2,19,3759,1170,,,,,,,,,,1,,,,
7691,7703,20,2,19,3759,1680,,,,,,,,,,3,,,,
7692,7704,20,2,19,3759,3174,,,,,,,,,,3,,,,
7693,7705,20,2,19,296,2997,,,,,,,,,,1,,,,
7694,7706,20,2,19,296,1482,,,,,,Relicta,,,,1,,,,
7695,7707,20,2,19,2705,4217,,,,,,,,,,1.5,,,,
7696,7708,20,2,19,2705,1530,,,,,,,,,,1,,,,
7697,7709,20,2,19,3687,1010,,,,,,Relicta,,,,6,,,,
7698,7710,20,2,19,3692,1524,,,,,,,,,,0.5,,,,
7699,7711,20,2,19,2337,3846,castrum,,,,,,,,,13,,,,
7700,7712,20,2,19,2337,2111,castrum,,,,,,,,,12,,,,
7701,7713,20,2,19,2337,3543,castrum,,,,,,,,,13,,,,
7702,7714,20,2,19,2337,,castrum,,,,,,,Župnik (plebanus),,2,,,,
7703,7715,20,2,19,3492,3056,castrum,,,,,,,,,20,,,,
7704,7716,20,2,19,3692,3313,,,,,,,,,,1,,,,
7705,7717,20,2,19,395,3516,,,,,,,,,,2,,,,
7706,7718,20,2,19,395,1436,,,,,,,,,,1,,,,
7707,7719,20,2,19,1874,1556,,,,,,,,,cum fratre,2,,,,
7708,7720,20,2,19,1976,3047,,,,,,,,,,0.5,,,,
7709,7721,20,2,19,2551,1924,,,,,,,,,,0.5,,,,
7710,7722,20,2,19,157,1004,castrum,,,,,,,,Plebanus,10,,,,
7711,7723,20,2,19,157,1463,castrum,,,,,,,,,4,,,,
7712,7724,20,2,19,2440,3522,,,,,,,,,Fabiani Mokrowschyak,1,,,,
7713,7725,20,2,19,1541,3284,,,,,,,,,,1,,,,
7714,7726,20,2,19,3453,4194,,,,,,,,,,1,,,,
7715,7727,20,2,19,3453,2231,,,,,,,,,,1,,,,
7716,7728,20,2,19,3453,698,,,,,,,,Subvicecomes,,1,,,,
7717,7729,20,2,19,3453,1960,,,,,,,,,,0.5,,,,
7718,7730,20,2,19,3453,2332,,,,,,,,,,1,,,,
7719,7731,20,2,19,3453,4225,,,,,,,,,,1,,,,
7720,7732,20,2,19,3453,1359,,,,,,,,,cum sorore,0.5,,,,
7721,7733,20,2,19,3453,1246,,,,,,,,,,1,,,,
7722,7734,20,2,19,3453,4218,,,,,,,,,cum fratre,0.5,,,,
7723,7735,20,2,19,3453,1409,,,,,,,,,,1,,,,
7724,7736,20,2,19,3453,1206,,,,,,,,,,0.5,,,,
7725,7737,20,2,19,3453,,,,,,,,,Župnik (plebanus),,1,,,,
7726,7738,20,2,19,3453,2870,,,,,,,,,Goychych,1,,,,
7727,7739,20,2,19,1015,694,,,,,,,,,,2,,,,
7728,7740,20,2,19,3452,2869,,,,,,,,,,0.5,,,,
7729,7741,20,2,19,3080,1004,castrum,,,,,,,,cum fratribus,120,,,,
7730,7742,20,2,19,190,1538,,,,,,,,,,1,,,,
7731,7743,20,2,19,190,,,,,,,,,Župnik (plebanus) sub Thrakostyan,,1,,,,
7732,7744,20,2,21,3376,1004,castrum,,,,,,,,cum fratribus,100,,,,
7733,7745,20,2,21,3376,244,castrum,,,,,Relicta,Domina,,,30,,,,
7734,7746,20,2,21,649,4057,,,,,,,,,,1.5,,,,
7735,7747,20,2,21,649,1726,,,,,,,,Judex nobilium,,1,,,,
7736,7748,20,2,21,649,1140,,,,,,,,,,0.5,,,,
7737,7749,20,2,21,87,1553,,,,,,,,,,1,,,,
7738,7750,20,2,21,3308,1335,,,,,,,,,,0.5,,,,
7739,7751,20,2,21,3308,3460,,,,,,,,,,0.5,,,,
7740,7752,20,2,21,1646,1223,,,,,,,,,,1.5,,,,
7741,7753,20,2,21,1646,2344,,,,,,,,"Viceprothonotarius regni, magister",,2,,,,
7742,7754,20,2,21,1646,2635,,,,,,,,,Petrus Wragowych,1.5,,,,
7743,7755,20,2,21,1646,1564,,,,,,,,,,2,,,,
7744,7756,20,2,21,1919,1833,,,,,,,,,,1,,,,
7745,7757,20,2,21,1546,1711,,,,,,,,,,1,,,,
7746,7758,20,2,21,1973,2635,,,,,,,,,Petrus Wragowych,1.5,,,,
7747,7759,20,2,21,1973,1564,,,,,,,,,,2.5,,,,
7748,7760,20,2,21,1973,2344,,,,,,,,"Viceprothonotarius regni, magister",,2,,,,
7749,7761,20,2,21,777,1538,,,,,,,,Notarius sedis,,2,,,,
7750,7762,20,2,21,777,744,,,,,,,,,Gabriel,1.5,,,,
7751,7763,20,2,21,484,2618,,,,,,,,,,1,,,,
7752,7764,20,2,21,1392,3679,,,,,,,Dominus,,,7,,,,
7753,7765,20,2,21,399,1409,,,,,,,,,,1,,,,
7754,7766,20,2,21,3357,2231,,,,,,,,,,1,,,,
7755,7767,20,2,21,3357,4198,,,,,,,,,,1,,,,
7756,7768,20,2,21,3357,698,,,,,,,,Subvicecomes,,1.5,,,,
7757,7769,20,2,21,3357,698,,,,,,,,Subvicecomes,ex portione Johannes Herkffy,1,,,,
7758,7770,20,2,21,3357,1958,,,,,,,,,,0.5,,,,
7759,7771,20,2,21,3357,2332,,,,,,,,,,1,,,,
7760,7772,20,2,21,3357,1185,,,,,,,,,,1,,,,
7761,7773,20,2,21,3357,4225,,,,,,,,,,0.5,,,,
7762,7774,20,2,21,3357,2870,,,,,,,,,Goychych,0.5,,,,
7763,7775,20,2,21,3357,1360,,,,,,,,,,0.5,,,,
7764,7776,20,2,21,3357,4219,,,,,,,,,,0.5,,,,
7765,7777,20,2,21,3357,1206,,,,,,,,,,0.5,,,,
7766,7778,20,2,21,3357,1239,,,,,,,,,,1,,,,
7767,7779,20,2,21,3357,,,,,,,,,Župnik (plebanus),,0.5,,,,
7768,7780,20,2,21,3431,1159,,,,,,,Dominus,,,16,,,,
7769,7781,20,2,21,2168,3766,,,,,,,,,,5,,,,
7770,7782,20,2,21,3208,1185,,,,,,,,,,2,,,,
7771,7783,20,2,21,3208,2231,,,,,,,,,,1.5,,,,
7772,7784,20,2,21,3208,4198,,,,,,,,,,0.5,,,,
7773,7785,20,2,21,2221,61,,,,,,,Dominus,,,0.5,,,,
7774,7786,20,2,21,160,61,,,,,,,Dominus,,,1,,,,
7775,7787,20,2,21,3020,1588,,,,,,,,,,2,,,,
7776,7788,20,2,21,3020,1538,,,,,,,,Notarius sedis,,0.5,,,,
7777,7789,20,2,21,3020,2187,,,,,,,,Vicecomes,,1,,,,
7778,7790,20,2,21,3020,1680,,,,,,,,,Moises Homzky,1,,,,
7779,7791,20,2,34,1940,1306,,,,,,,,,,7,,,,
7780,7792,20,2,34,1233,1726,,,,,,,,Judex nobilium,,2,,,,
7781,7793,20,2,34,1233,3389,,,,,,,,,,0,,1,,
7782,7794,20,2,34,2910,3819,,,,,,Relicta,,,,1,,,,
7783,7795,20,2,34,2910,835,,,,,,,Domina,,,1,,,,
7784,7796,20,2,34,2910,3107,,,,,,Relicta,,,,5,,,,
7785,7797,20,2,34,2910,1819,,,,,,,,Vicejudex nobilium,,1,,,,
7786,7798,20,2,34,2938,1004,,,,,,,,,Gabriel,6,,,,
7787,7799,20,2,34,509,,,,,,,,,Kaptol zagrebački (Capitulum Zagrabiense),,1,,,,
7788,7800,20,2,34,3597,,,,,,,,,Varasd-civitas,,9,,,,
7789,7801,20,2,34,3045,,,,,,,,,Varasd-arx,,12,,,,
7790,7802,20,2,34,3463,4061,,,,,,,,,,1,,,,
7791,7803,20,2,34,3463,1206,,,,,,,,Judex nobilium,,0.5,,,,
7792,7804,20,2,34,3463,1846,,,,,,,,,,1,,,,
7793,7805,20,2,34,3463,1239,,,,,,,,,,0.5,,,,
7794,7806,20,2,34,1475,,,,,,,,,Varasd-civitas,,11,,,,
7795,7807,20,2,34,3066,,,,,,,,,Kaptol zagrebački (Capitulum Zagrabiense),,14,,,,
7796,7808,20,2,34,2816,3766,,,,,,,,,,4,,,,
7797,7809,20,2,34,3765,,,,,,,,,Varasd-civitas,,4,,,,
7798,7810,20,2,34,447,,,,,,,,Reverendissimus dominus,Biskup zagrebački (Episcopus Zagrabiensis),,6,,,,
7799,7811,20,2,34,3775,,,,,,,,,Varasd-civitas,,3,,,,
7800,7812,20,2,34,3775,,,,,,,,,Plebanus cum prebenda,,2,,,,
7801,7814,21,4,,464,3846,,,,,,,,,,3,,,,
7802,7815,21,4,,464,2129,,,,,,,,,,3,,,,
7803,7816,21,4,,464,830,,,,,,Puella,,,,3,,,,
7804,7817,21,4,,2974,2423,,,,,,,,,,1,,,,
7805,7818,21,4,,2974,3395,,,,,,,,,,0.5,,,,
7806,7819,21,4,,3487,1752,,,,,,,,,,2,,,,
7807,7820,21,4,,3487,722,,,,,,,,Litteratus,,3,,,,
7808,7821,21,4,,3487,2617,,,,,,,,,,6,,,,
7809,7822,21,4,,3487,2574,,,,,,,,,,1,,,,
7810,7823,21,4,,3487,1378,,,,,,,,,,1,,,,
7811,7824,21,4,,3487,2255,,,,,,,,,,1,,,,
7812,7825,21,4,,120,609,,,,,,,,,,1,,,,
7813,7826,21,4,,120,542,,,,,,,,,,0.5,,,,
7814,7827,21,4,,120,3083,,,,,,,,,,0.5,,,,
7815,7828,21,4,,120,2754,,,,,,,,,,2,,,,
7816,7829,21,4,,971,2464,,,,,,,,,,0.5,,,,
7817,7830,21,4,,1154,1680,,,,,,,,,,1,,,,
7818,7831,21,4,,1154,205,,,,,,Orphani,,,,1,,,,
7819,7832,21,4,,430,3543,,,,,,,,,,1,,,,
7820,7833,21,4,,430,2548,,,,,,,,,,1,,,,
7821,7834,21,4,,2464,1341,,,,,,Relicta,,,,2,,,,
7822,7835,21,4,,2464,4164,,,,,,Relicta-Marcus Balog,,,,2,,,,
7823,7836,21,4,,2464,3701,,,,,,,,,,1,,,,
7824,7837,21,4,,2464,,,,,,,,,Prebendar (prebendarius),,0.5,,,,
7825,7838,21,4,,446,,,,,,,,,Biskup zagrebački (Episcopus Zagrabiensis),,1,,,,
7826,7839,21,4,,1051,61,,,,,,,Dominus,,,25,,,,
7827,7840,21,4,,173,2769,,,,,,,,,,0.5,,,,
7828,7841,21,4,,173,3080,,,,,,,,,,0.5,,,,
7829,7842,21,4,,3118,3516,,,,,,,,,Emericus Brythwych-Relicta,1,,,,
7830,7843,21,4,,3118,697,,,,,,,,,,1,,,,
7831,7844,21,4,,3118,3518,,,,,,,,,,1,,,,
7832,7845,21,4,,3118,,,,,,,,,Župnik (plebanus)-Bedennycza,,0.5,,,,
7833,7846,21,4,,3832,3081,,,,,,,,,,1,,,,
7834,7847,21,4,,893,1889,,,,,,,,,,0.5,,,,
7835,7848,21,4,,893,1111,,,,,,,,,,0.5,,,,
7836,7849,21,4,,893,1752,,,,,,,,,,2,,,,
7837,7850,21,4,,893,722,,,,,,,,Litteratus,,2,,,,
7838,7851,21,4,,893,2903,,,,,,,,,,1,,,,
7839,7852,21,4,,893,1568,,,,,,,,Vicecomes,,1,,,,
7840,7853,21,4,,893,3083,,,,,,,,,,0.5,,,,
7841,7854,21,4,,893,1637,,,,,,,,,,0.5,,,,
7842,7855,21,4,,893,1845,,,,,,,,,,0.5,,,,
7843,7856,21,4,,893,786,,,,,,,,,,6,,,,
7844,7857,21,4,,893,2618,,,,,,,,,,0.5,,,,
7845,7858,21,4,,893,2121,,,,,,,,,,1,,,,
7846,7859,21,4,,458,2797,,,,,,,Domina,,,1,,,,
7847,7860,21,4,,2132,,,,,,,,,Eremiti (Fratres heremitae),,1,,,,
7848,7861,21,4,,2480,477,,,,,,Relicta,,,,1,,,,
7849,7862,21,4,,1985,397,,,,,,,Nobiles,,,1,,,,
7850,7863,21,4,,3681,423,,,,,,,,,,1,,,,
7851,7864,21,4,,255,,,,,,,,,Eremiti (Fratres heremitae),,2,,,,
7852,7865,21,4,,1031,,,,,,,,,,,1.2,,,,
7853,7866,21,4,,537,,,,,,,,,Župnik (plebanus),,0.5,,,,
7854,7867,21,4,,2695,,,,,,,,,,,2,,,,
7855,7868,21,4,,3860,,oppidum,,,,,,,Kaptol zagrebački (Capitulum Zagrabiense),,4,,,,
7856,7869,21,4,,3861,,provincia,,,,,,,,,8,,,,
7857,7870,21,4,,2903,,,,,,,,,,,5,,,,
7858,7871,21,4,,3218,,,,,,,,,Župnik (plebanus)-Nouechyche,,0.5,,,,
7859,7872,21,4,,2187,,,,,,,,,,,1,,,,
7860,7873,21,4,,3667,1402,,,,,,,,,,1,,,,
7861,7874,21,4,,1806,2370,,,,,,,,,,3,,,,
7862,7875,21,4,,1969,,,,,,,,,Župnik (plebanus),,1,,,,
7863,7876,21,4,,3265,,,,,,,,,,,3,,,,
7864,7877,21,4,,1205,,,,,,,,,Nobiles-Hrwssowcz,,12,,,,
7865,7878,21,4,,2859,,,,,,,,,,,2,,,,
7866,7879,21,4,,1789,654,,,,,,,Dominus,,,12,,,,
7867,7880,21,4,,2090,2419,,,,,,,,,,2,,,,
7868,7881,21,4,,205,,,,,,,,Dominus,Abbas,,1,,,,
7869,7882,21,4,,813,,,,,,,,,,,35,,,,
7870,7883,21,4,,112,,,,,,,,,Diversorum,,36,,,,
7871,7884,21,4,,2989,,,,,,,,,,,1,,,,
7872,7885,21,4,,1307,1378,,,,,,,,,"Nicolaus Imprych, Thomas Imprych",26,,,,
7873,7886,21,4,,2982,114,,,,,,,,,,5,,,,
7874,7887,21,4,,1807,,,,,,,,,,,2,,,,
7875,7888,21,4,,3423,2089,,,,,,,,,,3,,,,
7876,7889,21,4,,2978,,,,,,,,,Župnik (plebanus),,0.5,,,,
7877,7890,21,4,,2451,,,,,,,,,Kaptol zagrebački (Capitulum Zagrabiense),,2,,,,
7878,7891,21,4,,3294,,,,,,,,,Župnik (plebanus),,0.5,,,,
7879,7892,21,4,,3294,761,,,,,,,,,,0.5,,,,
7880,7893,21,4,,3294,2882,,,,,,,,,,0.5,,,,
7881,7894,21,4,,341,976,,,,,,,,,,0.5,,,,
7882,7895,21,4,,967,1786,,,,,,,,,,3,,,,
7883,7896,21,4,,967,3050,,,,,,,,,,1,,,,
7884,7897,21,4,,967,2583,,,,,,,,,,1,,,,
7885,7898,21,4,,967,,,,,,,,,Župnik (plebanus)-St. Trinitas,,1,,,,
7886,7899,21,4,,967,2892,,,,,,,,,,1,,,,
7887,7900,21,4,,967,2579,,,,,,,,,,1,,,,
7888,7901,21,4,,1385,66,,,,,,,,,,0.5,,,,
7889,7902,21,4,,1385,3265,,,,,,,,,,1,,,,
7890,7903,21,4,,1726,,,,,,,,,,,3,,,,
7891,7904,21,4,,1616,,,,,,,,,,,0.5,,,,
7892,7905,21,4,,306,2294,,,,,,,,,,1,,,,
7893,7906,21,4,,3633,3653,,,,,,,,,,1,,,,
7894,7907,21,4,,3633,,,,,,,,,Župnik (plebanus),,1,,,,
7895,7908,21,4,,2363,,,,,,,,,,,0.5,,,,
7896,7909,21,4,,3414,,,,,,,,,Biskup zagrebački (Episcopus Zagrabiensis)*,,7,,,,1
7897,7910,21,4,,2472,,,,,,,,,Prepošt (praepositus)-Galgoncza*,,1,,,,1
7898,7911,21,4,,3167,3002,,,,,,,,Litteratus,Georgius Kowachych cum fratribus,3,,,,
7899,7912,21,4,,3552,1398,,,,,,,,,,4,,,,
7900,7913,21,4,,775,745,,,,,,,,,,0.5,,,,
7901,7914,21,4,124,1584,,,,,,,,,Kaptol zagrebački (Capitulum Zagrabiense),,5,,,,
7902,7915,21,4,124,2877,2852,,,,,,,,,,1,,,,
7903,7916,21,4,124,,86,,,,,,,,,,1,,,,
7904,7917,21,4,124,84,,,,,,,,,,,0.5,,,,
7905,7918,21,4,124,723,598,,,,,,,,,,1,,,,
7906,7919,21,4,124,3063,38,,,,,,,,,,0.5,,,,
7907,7920,21,4,124,3063,3379,,,,,,,,,,1,,,,
7908,7921,21,4,124,3051,1110,,,,,,,,,,1,,,,
7909,7922,21,4,124,1514,3205,,,,,,,,,,0.5,,,,
7910,7923,21,4,124,2058,3771,,,,,,,,,,2,,,,
7911,7924,21,4,124,1346,191,,,,,,,Dominus,,,21,,,,
7912,7925,21,4,124,1342,1808,,,,,,,,,,4,,,,
7913,7926,21,4,124,1342,3744,,,,,,,,,,2,,,,
7914,7927,21,4,124,1342,3621,,,,,,,,,,2,,,,
7915,7928,21,4,124,1342,1218,,,,,,,,,,1,,,,
7916,7929,21,4,124,3440,595,oppidum,,,,,,Dominus,,,2,,,,
7917,7930,21,4,124,3440,,provincia,,,,,,,Župnik (plebanus),,1,,,,
7918,7931,21,4,124,267,,,,,,,,,,,3,,,,
7919,7932,21,4,124,357,1393,,,,,,,,,,3,,,,
7920,7933,21,4,124,2453,,,,,,,,,,,2,,,,
7921,7934,21,4,124,334,,,,,,,,,,,0.5,,,,
7922,7935,21,4,124,1269,71,,,,,,,Domina,,,2,,,,
7923,7936,21,4,124,1269,4239,,,,,,,,,,1.2,,,,
7924,7937,21,4,124,2037,2109,,,,,,,,,,3,,,,
7925,7938,21,4,124,2037,847,,,,,,,,,,1,,,,
7926,7939,21,4,124,1191,1364,,,,,,,,,,1,,,,
7927,7940,21,4,124,2233,1752,,,,,,,,,,1,,,,
7928,7941,21,4,124,1553,3076,,,,,,,,,Mathias Wagych,1,,,,
7929,7942,21,4,124,3040,,,,,,,,,,,1,,,,
7930,7943,21,4,124,2072,2044,,,,,,,,,,0.5,,,,
7931,7944,21,4,124,1553,3980,,,,,,,,,,0.5,,,,
7932,7945,21,4,124,30,2378,,,,,,,,,,0.5,,,,
7933,7946,21,4,124,30,531,,,,,,Relicta,,,,0.5,,,,
7934,7947,21,4,124,1810,4121,,,,,,,,,,1,,,,
7935,7948,21,4,124,1810,3218,,,,,,,,,,1,,,,
7936,7949,21,4,124,1810,2025,,,,,,,,,,1,,,,
7937,7950,21,4,124,1810,3170,,,,,,,,,,0.5,,,,
7938,7951,21,4,124,2660,4113,,,,,,,,,,0.5,,,,
7939,7952,21,4,124,1592,2039,,,,,,,,,,0.5,,,,
7940,7953,1,,,,,,,,,,,,,,,,,,
7941,7954,22,4,,3487,3050,,,,,,quondam,,,Johannes Kerecheny,2,,,,
7942,7955,22,4,,120,,,,,,,,,Župnik (plebanus),,1,,,,
7943,7956,22,4,,3093,2753,,,,,,,,,,1,,,,
7944,7957,22,4,,3093,3080,,,,,,,,,,0.5,,,,
7945,7958,22,4,,3093,3698,,,,,,,,Litteratus,,0.5,,,,
7946,7959,22,4,,2976,695,,,,,,,,,,1,,,,
7947,7960,22,4,,2467,2609,,,,,,,,,,3,,,,
7948,7961,22,4,,2467,3607,,,,,,,,,,1.5,,,,
7949,7962,22,4,,2467,2256,,,,,,,,,,1.5,,,,
7950,7963,22,4,,2467,428,,,,,,Relicta,,,,0.5,,,,
7951,7964,22,4,,2467,3138,,,,,,,Dominus,,,1,,,,
7952,7965,22,4,,3500,191,,,,,,,,,,5,,,,
7953,7966,22,4,,3498,1170,,,,,,,,,,3,,,,
7954,7967,22,4,,3498,726,,,,,,,,Litteratus,,3,,,,
7955,7968,22,4,,3082,1919,,,,,,,,,Fynthych,1,,,,
7956,7969,22,4,,1165,1159,,,,,,,,,,20,,,,
7957,7970,22,4,,878,3771,,,,,,,,,,3,,,,
7958,7971,22,4,,878,3893,,,,,,,,,,2,,,,
7959,7972,22,4,,878,2939,,,,,,,,,,1,,,,
7960,7973,22,4,,878,1802,,,,,,,,,,0.5,,,,
7961,7974,22,4,,878,1923,,,,,,,,,,0.5,,,,
7962,7975,22,4,,878,1098,,,,,,,,,,0.5,,,,
7963,7976,22,4,,878,1356,,,,,,,,,,0.5,,,,
7964,7977,22,4,,878,3222,,,,,,,,,,0.5,,,,
7965,7978,22,4,,878,3672,,,,,,,,,,0.5,,,,
7966,7979,22,4,,878,1859,,,,,,,,,,5,,,,
7967,7980,22,4,,45,,castellum,,,,,,,,,22,,,,
7968,7981,22,4,,3733,,castrum,,,,,,,,,18,,,,
7969,7982,22,4,,2480,2857,,,,,,,,,,1,,,,
7970,7983,22,4,,,2129,,,,,,,,,Stephanus Bradach,1,,,,
7971,7984,22,4,,1985,727,,,,,,,,,,2,,,,
7972,7985,22,4,,3416,,,,,,,,,,,7,,,,
7973,7986,22,4,,775,722,,,,,,,,Litteratus,,0.5,,,,
7974,7987,22,4,,775,19,,,,,,,,,,0.5,,,,
7975,7988,22,4,,775,15,,,,,,Relicta,,,,2,,,,
7976,7989,22,4,,775,3050,,,,,,,,,,2,,,,
7977,7990,22,4,,775,,,,,,,,,Župnik (plebanus),,0.5,,,,
7978,7991,22,4,,775,1645,,,,,,,,,,0.5,,,,
7979,7992,22,4,,2260,3302,,,,,,,,,,0.5,,,,
7980,7993,22,4,,2071,1105,,,,,,,,,,3,,,,
7981,7994,22,4,,310,669,,,,,,,Dominus,,,4,,,,
7982,7995,22,4,124,1580,1810,,,,,,,,,,0.5,,,,
7983,7996,22,4,124,2877,3822,,,,,,,,,,1,,,,
7984,7997,22,4,124,2877,4117,,,,,,,,,,0.5,,,,
7985,7998,22,4,124,2877,2707,,,,,,,,,,1.2,,,,
7986,7999,22,4,124,2877,2979,,,,,,Relicta,,,,1.2,,,,
7987,8000,22,4,124,3209,,,,,,,,,,,1,,,,
7988,8001,22,4,124,1948,,,,,,,,,Župnik (plebanus),,1,,,,
7989,8002,22,4,124,2514,,,,,,,,,,,1,,,,
7990,8003,22,4,124,1037,4144,,,,,,,,,"Thomas junior, Petrus, Ladislaus Imprych",29,,,,
7991,8004,22,4,124,2980,862,,,,,,,,,,5,,,,
7992,8005,22,4,124,2980,407,,,,,,Relicta,,,Franciscus Ztansych,1,,,,
7993,8006,22,4,124,2980,4242,,,,,,,,,,0.5,,,,
7994,8007,22,4,124,3294,2700,,,,,,,,,,0.5,,,,
7995,8008,22,4,124,3294,2887,,,,,,,,,,1,,,,
7996,8009,22,4,124,2252,,,,,,,,,,,7,,,,
7997,8010,22,4,124,2242,,castrum,,,,,,,Župnik (plebanus)-Szent Nedelye,,1,,,,
7998,8011,22,4,124,1515,1795,,,,,,,,,,0.5,,,,
7999,8012,22,4,124,1515,3771,,,,,,,,,,1,,,,
8000,8013,22,4,124,3440,,provincia,,,,,,,,,13,,,,
8001,8014,22,4,124,349,1103,,,,,,,,,,1,,,,
8002,8015,22,4,124,349,722,,,,,,,,Litteratus,,10,,,,
8003,8016,22,4,124,2039,722,,,,,,,,Litteratus,,2,,,,
8004,8017,22,4,124,2233,,,,,,,,,,,3,,,,
8005,8018,22,4,124,1631,,,,,,,,,Župnik (plebanus),,3,,,,
8006,8019,22,4,124,2671,470,,,,,,Relicta,,,,0.5,,,,
8007,8020,22,4,124,2671,2922,,,,,,,,,,1,,,,
8008,8021,22,4,124,2693,2924,,,,,,,,,,1,,,,
8009,8022,22,4,124,1609,4136,,,,,,,,,,0.5,,,,
8010,8023,22,4,124,1609,2927,,,,,,,,,,1,,,,
8011,8024,22,4,124,1609,3741,,,,,,,,,,1,,,,
8012,8025,22,4,124,1609,3111,,,,,,,,,,0.5,,,,
8013,8026,22,4,124,1751,722,,,,,,,,Litteratus,,1,,,,
8014,8027,22,4,124,1748,2867,,,,,,,,,,2,,,,
8015,8028,22,4,124,1800,845,,,,,,,,,,1,,,,
8016,8029,22,4,124,2966,1727,,,,,,,,,,3,,,,
8017,8030,22,4,124,1485,766,,,,,,,,,,0.5,,,,
8018,8031,22,4,124,732,2804,,,,,,,,,,1,,,,
8019,8032,22,4,124,732,3516,,,,,,,,,,1,,,,
8020,8033,22,4,124,2355,669,,,,,,,Dominus,,,178,,,,
8021,8034,22,4,124,729,1633,,,,,,,,,,1,,,,
8022,8035,22,4,124,1665,3746,,,,,,,,,,3,,,,
8023,8036,22,4,124,802,2644,,,,,,,,,,4,,,,
8024,8037,22,4,124,4,,,,,,,,,Predijalci razni Zagrebačke opatije (Prediales diversae abbatiae Zagrabiensis),,54,,,,
8025,8039,23,4,140,461,3846,,,1,,,,,,,10,,,,
8026,8040,23,4,140,461,830,,,1,,,Puella,,,,10,,,,
8027,8041,23,4,140,461,2129,,,1,,,,,,,10,,,,
8028,8042,23,4,140,461,,,,1,,,,,Župnik (plebanus),,1,,,,
8029,8043,23,4,140,3498,3050,,,1,,,,,,Johannes Kerecheny,12,,,,
8030,8044,23,4,140,3498,1193,,,1,,,,,,,6,,,,
8031,8045,23,4,140,3498,2907,,,1,,,,,,,6,,,,
8032,8046,23,4,140,3498,794,,,1,,,Relicta,,,,6,,,,
8033,8047,23,4,140,2976,2423,,,1,,,,,,,1,,,,
8034,8048,23,4,140,2976,3395,,,1,,,,,,,1.2,,,,
8035,8049,23,4,140,3082,1919,,,1,,,,,,Fynthych,1,,,,
8036,8050,23,4,140,215,3518,,,1,,,,,,,1,,,,
8037,8051,23,4,140,122,548,,,1,,,,,,,0.5,,,,
8038,8052,23,4,140,122,437,,,1,,,Relicta,,,,0.5,,,,
8039,8053,23,4,140,122,,,,1,,,,,Župnik (plebanus),,0.5,,,,
8040,8054,23,4,140,2935,3056,,,1,,,,,,,2,,,,
8041,8055,23,4,140,971,2240,,,1,,,,,,,1,,,,
8042,8056,23,4,140,971,3154,,,1,,,,,,,0.5,,,,
8043,8057,23,4,140,2992,4129,,,1,,,,,,Melchior Fodroczy,4,,,,
8044,8058,23,4,140,1171,1154,,,1,,,,Dominus,,,20,,,,
8045,8059,23,4,140,1154,1912,,,1,,,,,,,1,,,,
8046,8060,23,4,140,1154,3174,,,1,,,,,,,1,,,,
8047,8061,23,4,140,1154,205,,,1,,,Orphani,,,,1,,,,
8048,8062,23,4,140,430,3616,,,1,,,,,,,7,,,,
8049,8063,23,4,140,430,2528,,,1,,,Relicta,,,,7,,,,
8050,8064,23,4,140,120,619,,,1,,,,,,,2,,,,
8051,8065,23,4,140,120,3020,,,1,,,,,,,,,1,,
8052,8066,23,4,140,3093,2755,,,1,,,,,,,1,,,,
8053,8067,23,4,140,3075,3655,,,1,,,Relicta,,,Emericus Borothwa,0,,2,,
8054,8068,23,4,140,3093,3080,,,1,,,,,Vicejudex nobilium,cum fratribus,0.5,,,,
8055,8069,23,4,140,3093,3698,,,1,,,,,Litteratus,,0.5,,,,
8056,8070,23,4,140,2976,696,,,1,,,,,,,1,,,,
8057,8071,23,4,140,2467,2609,,,1,,,,,Vicecomes,"Stephanus-orphani, Relicta Balog cum fratribus",5,,,,
8058,8072,23,4,140,2467,1451,,,1,,,Relicta,,,Johannes cum filiabus,2,,,,
8059,8073,23,4,140,2467,3607,,,1,,,,,,,1.5,,,,
8060,8074,23,4,140,2467,2256,,,1,,,,,,,1.5,,,,
8061,8075,23,4,140,2467,428,,,1,,,Relicta,,,,0.5,,,,
8062,8076,23,4,140,2467,3138,,,1,,,,,,,1,,,,
8063,8077,23,4,140,3501,191,,,1,,,,Domini,,,5,,,,
8064,8078,23,4,140,3498,1170,,,1,,,,,,,3,,,,
8065,8079,23,4,140,3498,728,,,1,,,,,Litteratus,,3,,,,
8066,8080,23,4,140,446,,,,1,,,,Dominus reverendissimi,Biskup zagrebački (Episcopus Zagrabiensis),,2,,,,
8067,8081,23,4,86,1763,772,,,1,,,,,,,2,,,,
8068,8082,23,4,86,889,3772,,,1,,,,,,,3,,,,
8069,8083,23,4,86,889,3895,,,1,,,,,,apud manus Georgius Boros,2,,,,
8070,8084,23,4,86,889,2939,,,1,,,,,,Relicta Pallfy,1,,,,
8071,8085,23,4,86,889,1802,,,1,,,,,Vicecomes,,0.5,,,,
8072,8086,23,4,86,889,1516,,,1,,,Relicta,,,,0.5,,,,
8073,8087,23,4,86,889,3724,,,1,,,,,,Margaretha Arky,1,,,,
8074,8088,23,4,86,889,2343,,,1,,,,,"Viceprothonotarius, dicator",sorore-relicta Sonych,1,,,,
8075,8089,23,4,86,889,1603,,,1,,,,,,cum fratribus,0.5,,,,
8076,8090,23,4,86,889,1890,,,1,,,,,,,0.5,,,,
8077,8091,23,4,86,889,1535,,,1,,,,,,,0.5,,,,
8078,8092,23,4,86,889,2427,,,1,,,,,,,0.5,,,,
8079,8093,23,4,86,889,1356,,,1,,,,,,Relicta Gregwrycza,0.5,,,,
8080,8094,23,4,86,889,3222,,,1,,,,,,,0.5,,,,
8081,8095,23,4,86,889,1147,,,1,,,Relicta,,,,1,,,,
8082,8096,23,4,86,889,3672,,,1,,,,,,,0.5,,,,
8083,8097,23,4,86,889,1856,,,1,,,,,,,5,,,,
8084,8098,23,4,86,889,,,,1,,,,,Župnik (plebanus),,0.5,,,,
8085,8099,23,4,86,47,,,,1,,,,Dominus,Kralj (rex),Dominus Franciscus Thahy,102,,,,
8086,8100,23,4,86,45,,,,1,,,,,Župnik (plebanus),,3,,,,
8087,8101,23,4,86,45,1968,,,1,,,,,,,0.5,,,,
8088,8102,23,4,86,458,2791,,,1,,,Relicta,Domina,,,1,,,,
8089,8103,23,4,86,3754,1431,,,1,,,,Dominus,Kralj (rex),,203,,,,
8090,8104,23,4,86,2125,,,,1,,,,,Eremiti (Fratres heremitae),,3,,,,
8091,8105,23,4,86,1988,727,castrum,,1,,,,,,,12,,,,
8092,8106,23,4,86,1988,401,castrum,,1,,,,Nobilis,,,1,,,,
8093,8107,23,4,86,3683,2319,,,1,,,Relicta,,,Johannes Aythych-Relicta,2,,,,
8094,8108,23,4,86,262,,,,1,,,,,Eremiti (Fratres heremitae),,3,,,,
8095,8109,23,4,86,1031,,,,1,,,,,Gradec (Civitas Montis Grecensis Zagrabiensis),,2,,,,
8096,8110,23,4,86,536,,,,1,,,,,Župnik (plebanus),,1,,,,
8097,8111,23,4,86,2481,2857,,,1,,,,,,,1,,,,
8098,8112,23,4,86,2481,2129,,,1,,,,,,Stephanus Bradach,1,,,,
8099,8113,23,4,86,2481,478,,,1,,,Relicta,,,,1,,,,
8100,8114,23,4,86,2481,346,,,1,,,Relicta,,,,0,,0.5,,
8101,8115,23,4,86,3330,,,,1,,,,,Kaptol zagrebački (Capitulum Zagrabiense),,182,,,,
8102,8116,23,4,86,81,,,,1,,,,,Abbatia Beatae Mariae Virginis,,2,,,,
8103,8117,23,4,86,380,4098,,,1,,,,,Judex nobilium,Kasanarycza-Relicta (samo Glawnycza),2,,,,
8104,8118,23,4,86,775,729,,,1,,,,,,,2,,,,
8105,8119,23,4,86,775,22,,,1,,,,,,,0.5,,,,
8106,8120,23,4,86,775,15,,,1,,,Relicta,,,,2,,,,
8107,8121,23,4,86,775,3050,,,1,,,,,,cum fratribus,2,,,,
8108,8122,23,4,86,775,,,,1,,,,,Župnik (plebanus),,0.5,,,,
8109,8123,23,4,86,775,1645,,,1,,,,,Vicejudex nobilium,,0.5,,,,
8110,8124,23,4,86,1387,3266,,,1,,,,,Vicejudex nobilium,Belowarczy,1,,,,
8111,8125,23,4,86,9,443,,,1,,,Relicta,,,Sygmondych-Relicta,1,,,,
8112,8126,23,4,86,9,276,,,1,,,,,,,1,,,,
8113,8127,23,4,86,9,1724,,,1,,,,,Vicejudex nobilium*,Johannes Ladomer,1,,,,1
8114,8128,23,4,86,2260,2240,,,1,,,,,,Michael Hrwssoczy,1,,,,
8115,8129,23,4,86,2260,3302,,,1,,,,,Vicejudex nobilium,,0.5,,,,
8116,8130,23,4,86,2071,1552,,,1,,,,,,,3,,,,
8117,8131,23,4,86,3515,1731,,,1,,,,,,,1,,,,
8118,8132,23,4,86,1726,3846,,,1,,,,,,cum fratribus,9,,,,
8119,8133,23,4,86,315,669,,,1,,,,Domini,,,20,,,,
8120,8134,23,4,86,3479,533,,,1,,,Relicta,,,,4,,,,
8121,8135,23,4,86,3479,273,,,1,,,Relicta,,,,3,,,,
8122,8136,23,4,86,1618,2741,,,1,,,,,,,3,,,,
8123,8137,23,4,86,1500,2967,,,1,,,,,,,1.5,,,,
8124,8138,23,4,86,3647,3514,,,1,,,Relicta,,,,3,,,,
8125,8139,23,4,86,3647,,,,1,,,,,Župnik (plebanus),,1,,,,
8126,8140,23,4,86,2364,438,,,1,,,Relicta,,,,1.5,,,,
8127,8141,23,4,86,3414,,,,1,,,,,Biskup zagrebački (Episcopus Zagrabiensis),,45,,,,
8128,8142,23,4,86,2472,,,,1,,,,,Prepošt (prepositus)-Glagoncza,,3,,,,
8129,8143,23,4,95,3440,612,oppidum,,1,,,,Dominus,,,32,,,,
8130,8144,23,4,95,3442,612,,,1,,,,Dominus,,,88,,,,
8131,8145,23,4,95,3440,,,,1,,,,,Župnik (plebanus),,1,,,,
8132,8146,23,4,95,267,729,,,1,,,,,,,3,,,,
8133,8147,23,4,95,2253,,,,1,,,,,,,170,,,,
8134,8148,23,4,95,2242,,,,1,,,,,Župnik (plebanus)-St. Trinitas,,1,,,,
8135,8149,23,4,95,2242,,,,1,,,,,Župnik (plebanus)-St. Maria,,1,,,,
8136,8150,23,4,95,2242,,,,1,,,,,Župnik (plebanus)-St. Martinus,,1,,,,
8137,8151,23,4,95,933,1990,,,1,,,,,,,0,,0.5,,
8138,8152,23,4,95,933,3112,,,1,,,,,,,1,,,,
8139,8153,23,4,95,1514,3206,,,1,,,,,,,1.5,,,,
8140,8154,23,4,95,1514,1972,,,1,,,,,,,0.5,,,,
8141,8155,23,4,95,1514,3772,,,1,,,,,,,2,,,,
8142,8156,23,4,95,3299,2887,,,1,,,,,,,1,,,,
8143,8157,23,4,95,1471,727,,,1,,,,,,,5,,,,
8144,8158,23,4,95,1800,845,,,1,,,,,,,1,,,,
8145,8159,23,4,95,1367,1287,,,1,,,Relicta,Domina,,,3,,,,
8146,8160,23,4,95,1367,4230,,,1,,,,,,,1.2,,,,
8147,8161,23,4,95,1367,2109,,,1,,,,,,,1,,,,
8148,8162,23,4,95,2040,2109,,,1,,,,,,,2,,,,
8149,8163,23,4,95,1817,2545,,,1,,,,,,,5,,,,
8150,8164,23,4,95,330,2230,,,1,,,,,,,1.2,,,,
8151,8165,23,4,95,1192,1396,,,1,,,,,Vicecomes,,1,,,,
8152,8166,23,4,95,2966,1727,,,1,,,,,,,3,,,,
8153,8167,23,4,95,357,1102,,,1,,,Orphani,,,,29,,,,
8154,8168,23,4,95,357,729,,,1,,,,,,,20,,,,
8155,8169,23,4,95,357,1396,,,1,,,quondam,,,apud manus Ambrosii Gregoryanczy,18,,,,
8156,8170,23,4,95,357,1396,,,1,,,Relicta,,,,7,,,,
8157,8171,23,4,95,687,1731,,,1,,,,,,,1,,,,
8158,8172,23,4,95,2439,1146,,,1,,,Relicta Dorothea,,,,2,,,,
8159,8173,23,4,95,2439,3209,,,1,,,,,,,2,,,,
8160,8174,23,4,95,2439,,,,1,,,,,Župnik (plebanus),,1,,,,
8161,8175,23,4,95,2073,2044,,,1,,,,,,sorore Catherina Relicta,0.5,,,,
8162,8176,23,4,95,1553,3820,,,1,,,Relicta,,,,1.2,,,,
8163,8177,23,4,95,1553,3489,,,1,,,,,,,0.5,,,,
8164,8178,23,4,95,1553,4217,,,1,,,,,,,0.5,,,,
8165,8179,23,4,95,1170,,,,1,,,,,Gradec (Civitas Montis Grecensis Zagrabiensis),,2,,,,
8166,8180,23,4,95,1170,4092,,,1,,,,,,"divisum inter fratres pro curiis nobilitaribus fumus 0,5",0,,,,
8167,8181,23,4,95,1170,1723,,,1,,,,,,,0,,,,
8168,8182,23,4,95,2673,1907,,,1,,,,,,divisum inter fratres pro curiis nobilitaribus fumus 1,0,,,,
8169,8183,23,4,95,2673,3155,,,1,,,,,,,1,,,,
8170,8184,23,4,95,2673,471,,,1,,,Relicta,,,,0.5,,,,
8171,8185,23,4,95,2673,2698,,,1,,,,,,,1,,,,
8172,8186,23,4,95,2673,3645,,,1,,,,,,,0,,0.5,,
8173,8187,23,4,95,2673,3871,,,1,,,,,,"divisum inter fratres pro curiis nobilitaribus fumus 0,5",0,,,,
8174,8188,23,4,95,1553,3073,,,1,,,,,,,1,,,,
8175,8189,23,4,95,1553,1104,,,1,,,,,,,1,,,,
8176,8190,23,4,95,2684,2962,,,1,,,,,,,0.5,,,,
8177,8191,23,4,95,2684,2924,,,1,,,,,,,1,,,,
8178,8192,23,4,95,1485,766,,,1,,,,,,,0.5,,,,
8179,8193,23,4,95,1000,,,,1,,,,,Župnik (plebanus),,1,,,,
8180,8194,23,4,95,3046,1031,,,1,,,,,,,0.5,,,,
8181,8195,23,4,95,3046,1045,,,1,,,,,,,0.5,,,,
8182,8196,23,4,95,57,2385,,,1,,,,,,,0.5,,,,
8183,8197,23,4,95,57,530,,,1,,,Relicta,,,,0.5,,,,
8184,8198,23,4,95,57,3508,,,1,,,,,Vicejudex nobilium,,0.5,,,,
8185,8199,23,4,95,57,3884,,,1,,,,,,,1,,,,
8186,8200,23,4,95,1610,2085,,,1,,,,,,Benedictus Arbanaz-Vicecomes,0.5,,,,
8187,8201,23,4,95,1856,1771,,,1,,,,,,,1,,,,
8188,8202,23,4,95,1609,4137,,,1,,,,,,,0.5,,,,
8189,8203,23,4,95,1609,2928,,,1,,,,,,,1,,,,
8190,8204,23,4,95,1609,2808,,,1,,,,,,,1,,,,
8191,8205,23,4,95,1609,3115,,,1,,,,,,,0.5,,,,
8192,8206,23,4,95,1751,,,,1,,,,,Nobiles campi,,1,,,,
8193,8207,23,4,95,1755,2866,,,1,,,,,Litteratus,,2,,,,
8194,8208,23,4,95,403,1882,,,1,,,,,,,0.5,,,,
8195,8209,23,4,95,2661,4112,,,1,,,,,,,1,,,,
8196,8210,23,4,95,3292,2083,,,1,,,filiorum,,,,77,,,,
8197,8211,23,4,95,2691,,,,1,,,,,Eremiti (Fratres heremitae),,10,,,,
8198,8212,23,4,95,2883,3996,,,1,,,,,,,2,,,,
8199,8213,23,4,95,2883,4120,,,1,,,,,,,1.5,,,,
8200,8214,23,4,95,2883,2720,,,1,,,,,,,1.5,,,,
8201,8215,23,4,95,2883,2945,,,1,,,Relicta,,,,1.5,,,,
8202,8216,23,4,95,532,2856,,,1,,,,,,cum sorore,1,,,,
8203,8217,23,4,95,532,2467,,,1,,,,,,,1,,,,
8204,8218,23,4,95,532,3079,,,1,,,,,,,1,,,,
8205,8219,23,4,95,85,417,,,1,,,,,,,0.5,,,,
8206,8220,23,4,95,1584,,,,1,,,,,Kaptol zagrebački (Capitulum Zagrabiense),,38,,,,
8207,8221,23,4,95,1583,2370,,,1,,,,,,,1,,,,
8208,8222,23,4,95,1844,2370,,,1,,,,,,,1,,,,
8209,8223,23,4,95,2509,728,,,1,,,,,Litteratus,,3,,,,
8210,8224,23,4,95,2234,728,,,1,,,,,Litteratus,,2,,,,
8211,8225,23,4,95,2502,1148,,,1,,,,,,,2,,,,
8212,8226,23,4,95,2234,1148,,,1,,,,,,,3,,,,
8213,8227,23,4,95,1631,,,,1,,,,,Župnik (plebanus),,3,,,,
8214,8228,23,4,95,2904,191,,,1,,,Orphani,,,,200,,,,
8215,8229,23,4,95,2211,191,,,1,,,Orphani,,,,59,,,,
8216,8230,23,4,95,3218,2951,,,1,,,,,,,1,,,,
8217,8231,23,4,95,3218,3116,,,1,,,,,,,1,,,,
8218,8232,23,4,95,1743,1096,,,1,,,,,,,1,,,,
8219,8233,23,4,95,2205,,,,1,,,,,Župnik (plebanus),,0.5,,,,
8220,8234,23,4,95,3789,,,,1,,,,,Župnik (plebanus),,1,,,,
8221,8235,23,4,95,2426,,,,1,,,,,Župnik (plebanus),,1,,,,
8222,8236,23,4,95,3203,2773,,,1,,,,,,,16,,,,
8223,8237,23,4,95,1948,,,,1,,,,,Župnik (plebanus),,1,,,,
8224,8238,23,4,95,3800,427,,,1,,,,,,,1,,,,
8225,8239,23,4,95,3666,1402,,,1,,,,,,,1,,,,
8226,8240,23,4,95,3666,2093,,,1,,,,,,,0.5,,,,
8227,8241,23,4,95,3860,,oppidum,,1,,,,,Kaptol zagrebački (Capitulum Zagrabiense),,50,,,,
8228,8242,23,4,95,3861,,provincia,,1,,,,,Kaptol zagrebački (Capitulum Zagrabiense),,110,,,,
8229,8243,23,4,95,2864,3328,,,1,,,,,,,1,,,,
8230,8244,23,4,95,1783,656,,,1,,,,Dominus,Banus,,10,,,,
8231,8245,23,4,95,815,,,,1,,,,Reverendissimus dominus,Banus,,5,,,,
8232,8246,23,4,95,1182,,,,1,,,,Reverendissimus dominus,Banus,,30,,,,
8233,8247,23,4,95,2090,2421,,,1,,,,,,,1,,,,
8234,8248,23,4,95,2536,,castrum,,1,,,,Reverendissimus dominus,Banus,,6,,,,
8235,8249,23,4,95,205,,,,1,,,,Reverendissimus dominus,Banus,,8,,,,
8236,8250,23,4,95,205,,,,1,,,,,Predijalci (prediales)-abbatia,,0,,,,
8237,8251,23,4,95,205,1215,,,1,,,,,Predijalac (predialis)-Abbatia*,,1,,,,1
8238,8252,23,4,95,205,3229,,,1,,,,,Predijalac (predialis)-Abbatia*,,4,,,,1
8239,8253,23,4,95,205,3417,,,1,,,,,Predijalac (predialis)-Abbatia*,,4,,,,1
8240,8254,23,4,95,205,1770,,,1,,,,,Predijalac (predialis)-Abbatia*,Relicta Johannes,2,,,,1
8241,8255,23,4,95,205,2271,,,1,,,,,Predijalac (predialis)-Abbatia*,,1,,,,1
8242,8256,23,4,95,205,1150,,,1,,,,,Predijalac (predialis)-Abbatia*,,1,,,,1
8243,8257,23,4,95,205,3643,,,1,,,,,Predijalac (predialis)-Abbatia*,,0.5,,,,1
8244,8258,23,4,95,205,3874,,,1,,,,,Predijalac (predialis)-Abbatia*,cum fratribus,0.5,,,,1
8245,8259,23,4,95,205,2240,,,1,,,,,Predijalac (predialis)-Abbatia*,,8,,,,1
8246,8260,23,4,95,205,3159,,,1,,,,,Predijalac (predialis)-Abbatia*,,5,,,,1
8247,8261,23,4,95,205,3156,,,1,,,,,Predijalac (predialis)-Abbatia*,,2,,,,1
8248,8262,23,4,95,205,1775,,,1,,,,,Predijalac (predialis)-Abbatia*,,0.5,,,,1
8249,8263,23,4,95,205,3931,,,1,,,,,Predijalac (predialis)-Abbatia*,,1,,,,1
8250,8264,23,4,95,205,2314,,,1,,,,,Predijalac (predialis)-Abbatia*,,1,,,,1
8251,8265,23,4,95,205,4085,,,1,,,,,Predijalac (predialis)-Abbatia*,,3,,,,1
8252,8266,23,4,95,205,2574,,,1,,,,,Predijalac (predialis)-Abbatia*,Petro fratre,1.5,,,,1
8253,8267,23,4,95,205,4142,,,1,,,,,Predijalac (predialis)-Abbatia*,,1.5,,,,1
8254,8268,23,4,95,205,1705,,,1,,,,,Predijalac (predialis)-Abbatia*,Ladislao fratre,2,,,,1
8255,8269,23,4,95,205,3686,,,1,,,,,Predijalac (predialis)-Abbatia*,,1,,,,1
8256,8270,23,4,95,205,285,,,1,,,Relicta,,Predijalac (predialis)-Abbatia*,,0.5,,,,1
8257,8271,23,4,95,1268,845,,,1,,,,,Predijalac (predialis)-Abbatia*,,3,,,,1
8258,8272,23,4,95,1268,2283,,,1,,,,,Predijalac (predialis)-Abbatia*,fratre Gabriele,6,,,,1
8259,8273,23,4,95,1268,1093,,,1,,,,,Predijalac (predialis)-Abbatia*,fratre Bogdano,3,,,,1
8260,8274,23,4,95,1268,2340,,,1,,,,,Predijalac (predialis)-Abbatia*,,1,,,,1
8261,8275,23,4,95,1038,4145,,,1,,,,,,,13,,,,
8262,8276,23,4,95,1038,2574,,,1,,,,,,,3,,,,
8263,8277,23,4,95,1038,3607,,,1,,,,,,,3,,,,
8264,8278,23,4,95,1038,4142,,,1,,,,,Vicecomes,,6,,,,
8265,8279,23,4,95,2985,845,,,1,,,,,,,5,,,,
8266,8280,23,4,95,2985,406,,,1,,,,,,Francisco Zthansych,1,,,,
8267,8281,23,4,95,2985,4230,,,1,,,,,,,0.5,,,,
8268,8282,23,4,95,249,1426,,,1,,,,,Judex nobilium,,4,,,,
8269,8283,23,4,95,1849,,,,1,,,,Domina,Palatinissa,,24,,,,
8270,8284,23,4,95,1849,197,,,1,,,Relicta,,,,2,,,,
8271,8285,23,4,95,3430,24,,,1,,,Relicta,,,,4,,,,
8272,8286,23,4,95,2978,,,,1,,,,,Župnik (plebanus),,0.5,,,,
8273,8287,23,4,95,732,1091,,,1,,,,,,,0,,0.5,,
8274,8288,23,4,95,732,2813,,,1,,,,,,,1,,,,
8275,8289,23,4,95,732,3530,,,1,,,,,,,1,,,,
8276,8290,23,4,95,732,,,,1,,,,,Župnik (plebanus)-Wolawlya,,0.5,,,,
8277,8291,23,4,95,732,925,,,1,,,,,,,3,,,,
8278,8292,23,4,95,732,759,,,1,,,,,,,0.5,,,,
8279,8293,23,4,95,732,2882,,,1,,,,,,,1.2,,,,
8280,8294,23,4,95,3699,1151,,,1,,,,,,,6,,,,
8281,8295,23,4,95,2356,669,,,1,,,,Domini,,,178,,,,
8282,8296,23,4,95,3299,2587,,,1,,,,,,,5,,,,
8283,8297,23,4,95,3299,2700,,,1,,,,,,,0.5,,,,
8284,8298,23,4,95,3299,2887,,,1,,,,,,,1,,,,
8285,8299,23,4,95,729,1633,,,1,,,,,,,1,,,,
8286,8300,23,4,95,3065,31,,,1,,,,,,,0.5,,,,
8287,8301,23,4,95,3065,3380,,,1,,,,,,,1,,,,
8288,8302,23,4,95,1664,3744,,,1,,,,,,,2,,,,
8289,8303,23,4,95,2749,3621,,,1,,,,,,,3,,,,
8290,8304,23,4,95,802,2645,,,1,,,,,,,4,,,,
8291,8305,23,4,95,1342,,,,1,,,,,Župnik (plebanus),,5,,,,
8292,8306,23,4,95,1348,191,,,1,,,,Domini,,,89,,,,
8293,8307,23,4,95,2462,,,,1,,,,Domini,Kaptol zagrebački (Capitulum Zagrabiense),,16,,,,
8294,8308,23,4,95,595,,,,1,,,,,,,0,,,,
8295,8309,23,4,95,625,,,,1,,,,,,,0,,,,
8296,8310,23,2,66,590,3569,,,1,,,,Magnificus dominus,Banus,,235,,,,
8297,8311,23,2,66,2146,3680,,,1,,,,Dominus,,,64,,,,
8298,8312,23,2,66,1611,2868,,,1,,,,Dominus,,,29,,,,
8299,8313,23,2,66,1611,3782,,,1,,,,Dominus,,,29,,,,
8300,8314,23,2,66,1625,3143,,,1,,,,Dominus,,,78,,,,
8301,8315,23,2,66,2625,,,,1,,,,,Eremiti (Fratres heremitae)-Lepoglava,,21,,,,
8302,8316,23,2,66,903,1144,,,1,,,,,,,0.5,,,,
8303,8317,23,2,66,3763,2187,,,1,,,,,Vicebanus,,5.5,,,,
8304,8318,23,2,66,2322,3515,,,1,,,Relicta,,,,1.5,,,,
8305,8319,23,2,66,1025,3659,,,1,,,,,,,0.5,,,,
8306,8320,23,2,66,2322,4225,,,1,,,,,,,1.5,,,,
8307,8321,23,2,66,2322,2870,,,1,,,,,,Goychych,2,,,,
8308,8322,23,2,66,1945,2569,,,1,,,,,,,1.5,,,,
8309,8323,23,2,66,1945,1724,,,1,,,,,,,0.5,,,,
8310,8324,23,2,66,1945,3655,,,1,,,,,,,0.5,,,,
8311,8325,23,2,66,1506,1146,,,1,,,,,Judex nobilium,cum fratre,1,,,,
8312,8326,23,2,66,3411,1766,,,1,,,,,,,2,,,,
8313,8327,23,2,66,2166,1146,,,1,,,Relicta,,,,1,,,,
8314,8328,23,2,66,2166,3209,,,1,,,,,,,2,,,,
8315,8329,23,2,66,1638,3589,,,1,,,,,,,2,,,,
8316,8330,23,2,66,1638,1586,,,1,,,,,,,1,,,,
8317,8331,23,2,66,1638,2436,,,1,,,,,,Relicta Ludovici Zaboky,1,,,,
8318,8332,23,2,66,1638,2127,,,1,,,,,,Nicolaus Dwgowersky,1,,,,
8319,8333,23,2,66,1638,1339,,,1,,,,,,,1,,,,
8320,8334,23,2,66,1638,2097,,,1,,,,,,,,,,sve,
8321,8335,23,2,66,2130,3118,,,1,,,,,,Mathias Myrkoczy,1,,,,
8322,8336,23,2,66,2130,3788,,,1,,,,,,,1,,,,
8323,8337,23,2,66,2130,2734,,,1,,,Relicta,,,,0.5,,,,
8324,8338,23,2,66,669,2360,,,1,,,,,Judex nobilium,,1,,,,
8325,8339,23,2,66,669,3492,,,1,,,,,,Franciscus Pwhakoczy,,,,sve,
8326,8340,23,2,66,3398,2433,,,1,,,senioris,,,,3,,,,
8327,8341,23,2,66,3398,2433,,,1,,,junioris,,,,3,,,,
8328,8342,23,2,66,3398,1566,,,1,,,,,Vicejudex nobilium,,1,,,,
8329,8343,23,2,66,3398,1482,,,1,,,Relicta,,,cum genero,1,,,,
8330,8344,23,2,66,3398,4183,,,1,,,,,,,1,,,,
8331,8345,23,2,66,3401,3516,,,1,,,,,,,1,,,,
8332,8346,23,2,66,3401,3822,,,1,,,,,,,1,,,,
8333,8347,23,2,66,3401,1482,,,1,,,Relicta,,,,1,,,,
8334,8348,23,2,66,3401,1568,,,1,,,,,,cum fratre,1,,,,
8335,8349,23,2,66,3401,3676,,,1,,,,,,Michael Litteratus,1,,,,
8336,8350,23,2,66,3401,1390,,,1,,,,,,,2,,,,
8337,8351,23,2,66,3354,2718,,,1,,,,,,,1,,,,
8338,8352,23,2,66,3370,216,,,1,,,Relicta,,,,1,,,,
8339,8353,23,2,66,1062,1342,,,1,,,,,,Johannes,4,,,,
8340,8354,23,2,66,2710,1825,,,1,,,,,,,2,,,,
8341,8355,23,2,66,2336,1524,,,1,,,,,Vicejudex nobilium,cum fratribus,1,,,,
8342,8356,23,2,18,140,967,,,1,,,,,Vicecomes,,22,,,,
8343,8357,23,2,18,140,2615,,,1,,,,,,,22,,,,
8344,8358,23,2,18,1759,,,,1,,,,,Eremiti (Fratres heremitae),,24,,,,
8345,8359,23,2,18,1797,2868,castrum,,1,,,,Dominus,,,14,,,,
8346,8360,23,2,18,1797,3782,castrum,,1,,,,Dominus,,,15,,,,
8347,8361,23,2,18,3759,722,,,1,,,,,Litteratus,,1,,,,
8348,8362,23,2,18,3759,4214,,,1,,,,,,,1,,,,
8349,8363,23,2,18,3759,1170,,,1,,,,,,,1,,,,
8350,8364,23,2,18,3759,1680,,,1,,,,,,,3,,,,
8351,8365,23,2,18,3759,3174,,,1,,,,,,,3,,,,
8352,8366,23,2,18,296,2997,,,1,,,,,,,1,,,,
8353,8367,23,2,18,296,1482,,,1,,,Relicta,,,,1,,,,
8354,8368,23,2,18,2703,4238,,,1,,,,,,,1.5,,,,
8355,8369,23,2,18,2703,1530,,,1,,,,,,,1,,,,
8356,8370,23,2,18,3688,1010,,,1,,,Relicta,,,,6,,,,
8357,8371,23,2,18,3692,1524,,,1,,,,,,,0.5,,,,
8358,8372,23,2,18,2339,3846,castrum,,1,,,,,,,13,,,,
8359,8373,23,2,18,2339,2111,castrum,,1,,,,,,,12,,,,
8360,8374,23,2,18,2339,3544,castrum,,1,,,,,,,13,,,,
8361,8375,23,2,18,2339,,castrum,,1,,,,,Župnik (plebanus),,2,,,,
8362,8376,23,2,18,3492,3056,castrum,,1,,,,,,,20,,,,
8363,8377,23,2,18,3692,3313,,,1,,,,,,,1,,,,
8364,8378,23,2,18,395,3516,,,1,,,,,,,2,,,,
8365,8379,23,2,18,395,1437,,,1,,,,,,,1,,,,
8366,8380,23,2,18,1874,1556,,,1,,,,,,,2,,,,
8367,8381,23,2,18,1976,3047,,,1,,,,,,,0.5,,,,
8368,8382,23,2,18,2551,1603,,,1,,,,,,,0.5,,,,
8369,8383,23,2,18,157,1004,,,1,,,,,,unacum plebano,10,,,,
8370,8384,23,2,18,157,1463,,,1,,,,,,,4,,,,
8371,8385,23,2,18,2441,3522,,,1,,,,,,Fabiano,1,,,,
8372,8386,23,2,18,1541,3285,,,1,,,,,,,1,,,,
8373,8387,23,2,18,3453,4198,,,1,,,,,,,1,,,,
8374,8388,23,2,18,3453,2231,,,1,,,,,,,1,,,,
8375,8389,23,2,18,3453,698,,,1,,,,,Subvicecomes,,1,,,,
8376,8390,23,2,18,3453,1766,,,1,,,,,,,0.5,,,,
8377,8391,23,2,18,3453,2332,,,1,,,,,,,0.5,,,,
8378,8392,23,2,18,3453,4225,,,1,,,,,,,1,,,,
8379,8393,23,2,18,3453,1359,,,1,,,,,,cum sorore,0.5,,,,
8380,8394,23,2,18,3453,4218,,,1,,,,,,cum fratre,0.5,,,,
8381,8395,23,2,18,3453,1185,,,1,,,,,,,1,,,,
8382,8396,23,2,18,3453,1411,,,1,,,,,,,1,,,,
8383,8397,23,2,18,3453,1206,,,1,,,,,Judex nobilium,,0.5,,,,
8384,8398,23,2,18,3453,,,,1,,,,,Župnik (plebanus),,1,,,,
8385,8399,23,2,18,3453,2870,,,1,,,,,,,0.5,,,,
8386,8400,23,2,18,3453,783,,,1,,,,,,,0.5,,,,
8387,8401,23,2,18,1015,694,,,1,,,,,,,2,,,,
8388,8402,23,2,18,3452,2869,,,1,,,,,Vicejudex nobilium,,,,,,
8389,8403,23,2,18,3078,1004,castrum,,1,,,,,,cum fratribus,120,,,,
8390,8404,23,2,18,190,1538,,,1,,,,,Notarius comitati,,1,,,,
8391,8405,23,2,18,190,,,,1,,,,,Župnik (plebanus) sub Thrakosthan,,1,,,,
8392,8406,23,2,21,3382,1004,castrum,,1,,,,,,cum fratribus,100,,,,
8393,8407,23,2,21,3382,244,castrum,,1,,,Relicta,Domina,,,30,,,,
8394,8408,23,2,21,649,4057,,,1,,,,,,,1.5,,,,
8395,8409,23,2,21,649,1726,,,1,,,,,Judex nobilium,,1,,,,
8396,8410,23,2,21,649,1197,,,1,,,,,,,0.5,,,,
8397,8411,23,2,21,87,1553,,,1,,,,,,,1,,,,
8398,8412,23,2,21,3308,1340,,,1,,,,,,,0.5,,,,
8399,8413,23,2,21,3308,3460,,,1,,,,,,,0.5,,,,
8400,8414,23,2,21,1648,1223,,,1,,,,,,,1.5,,,,
8401,8415,23,2,21,1648,2635,,,1,,,,,,Petrus Wragowych,1.5,,,,
8402,8416,23,2,21,1648,1564,,,1,,,,,,,2,,,,
8403,8417,23,2,21,1648,2344,,,1,,,,,Viceprothonotarius regni,,2,,,,
8404,8418,23,2,21,1919,1831,,,1,,,,,,,1,,,,
8405,8419,23,2,21,1546,1712,,,1,,,,,,,1,,,,
8406,8420,23,2,21,1973,2635,,,1,,,,,,Petrus Wragowych,1.5,,,,
8407,8421,23,2,21,1973,1564,,,1,,,,,,,2.5,,,,
8408,8422,23,2,21,1973,2344,,,1,,,,,Viceprothonotarius regni,,2,,,,
8409,8423,23,2,21,777,1538,,,1,,,,,Notarius comitati,,2,,,,
8410,8424,23,2,21,777,744,,,1,,,,,,Gabriel,1.5,,,,
8411,8425,23,2,21,484,2618,,,1,,,,,,,1,,,,
8412,8426,23,2,21,1392,3679,,,1,,,,,,,7,,,,
8413,8427,23,2,21,399,1411,,,1,,,,,,,1,,,,
8414,8428,23,2,21,3357,2231,,,1,,,,,,,1,,,,
8415,8429,23,2,21,3357,4198,,,1,,,,,,,1,,,,
8416,8430,23,2,21,3357,698,,,1,,,,,Subvicecomes,,1.5,,,,
8417,8431,23,2,21,3357,698,,,1,,,,,Subvicecomes,ex portione Johannis Herkffy,1,,,,
8418,8432,23,2,21,3357,1766,,,1,,,,,,,0.5,,,,
8419,8433,23,2,21,3357,2332,,,1,,,,,,,1,,,,
8420,8434,23,2,21,3357,1185,,,1,,,,,,,1,,,,
8421,8435,23,2,21,3357,4225,,,1,,,,,,,0.5,,,,
8422,8436,23,2,21,3357,2870,,,1,,,,,,Goychych,0.5,,,,
8423,8437,23,2,21,3357,1360,,,1,,,,,,,0.5,,,,
8424,8438,23,2,21,3357,4219,,,1,,,,,,,0.5,,,,
8425,8439,23,2,21,3357,1206,,,1,,,,,Judex nobilium,,0.5,,,,
8426,8440,23,2,21,3357,1240,,,1,,,,,,,1,,,,
8427,8441,23,2,21,3357,,,,1,,,,,Župnik (plebanus),,0.5,,,,
8428,8442,23,2,21,3431,1159,,,1,,,,Dominus,,,16,,,,
8429,8443,23,2,21,2169,3766,,,1,,,,,,,5,,,,
8430,8444,23,2,21,3208,1185,,,1,,,,,,,2,,,,
8431,8445,23,2,21,3208,2231,,,1,,,,,,,1.5,,,,
8432,8446,23,2,21,3208,4198,,,1,,,,,,,0.5,,,,
8433,8447,23,2,21,2221,61,,,1,,,,Dominus,,,0.5,,,,
8434,8448,23,2,21,160,61,,,1,,,,Dominus,,,1,,,,
8435,8449,23,2,21,3021,1589,,,1,,,,,,,2,,,,
8436,8450,23,2,21,3021,1538,,,1,,,,,Notarius sedis,,0.5,,,,
8437,8451,23,2,21,3021,2187,,,1,,,,,Vicebanus,,1,,,,
8438,8452,23,2,21,3021,1680,,,1,,,,,,Moises Homzky,1,,,,
8439,8453,23,2,34,1960,1306,,,1,,,,,,,7,,,,
8440,8454,23,2,34,1233,1726,,,1,,,,,Judex nobilium,,2,,,,
8441,8455,23,2,34,1233,3185,,,1,,,,,,,0,,,desertum,
8442,8456,23,2,34,2910,3819,,,1,,,Relicta,,,,1,,,,
8443,8457,23,2,34,2910,835,,,1,,,,Domina,,,1,,,,
8444,8458,23,2,34,2910,3107,,,1,,,Relicta,,,,5,,,,
8445,8459,23,2,34,2910,1819,,,1,,,,,Vicejudex nobilium,,1,,,,
8446,8460,23,2,34,2938,1004,,,1,,,,,,Gabriel Thwroczy,6,,,,
8447,8461,23,2,34,509,,,,1,,,,,Kaptol zagrebački (Capitulum Zagrabiense),,1,,,,
8448,8462,23,2,34,3530,,,,1,,,,,Varasd-civitas,,9,,,,
8449,8463,23,2,34,3045,,,,1,,,,,Varasd-arx,,12,,,,
8450,8464,23,2,34,3458,4062,,,1,,,,,,,1,,,,
8451,8465,23,2,34,3458,1206,,,1,,,,,Judex nobilium,,0.5,,,,
8452,8466,23,2,34,3458,1846,,,1,,,,,,,1,,,,
8453,8467,23,2,34,3458,1240,,,1,,,,,,,0.5,,,,
8454,8468,23,2,34,1475,,,,1,,,,,Varasd-civitas,,11,,,,
8455,8469,23,2,34,3066,,,,1,,,,,Kaptol zagrebački (Capitulum Zagrabiense),,14,,,,
8456,8470,23,2,34,2816,3766,,,1,,,,,,,4,,,,
8457,8471,23,2,34,3765,,,,1,,,,,Varasd-civitas,,4,,,,
8458,8472,23,2,34,445,1636,,,1,,,,Reverendissimus dominus,"Biskup zagrebački (Episcopus Zagrabiensis), banus",,6,,,,1
8459,8473,23,2,34,3775,,,,1,,,,,Varasd-civitas,,3,,,,
8460,8474,23,2,34,3128,,,,1,,,,,Plebanus et prebendarius,,2,,,,1
8461,8476,24,4,140,461,3846,,,1,25,,,,,,10,,,,
8462,8477,24,4,140,461,1297,,,1,25,,,,,,10,,,,
8463,8478,24,4,140,461,830,,,1,25,,Filia Gregorii,Domina,,,10,,,,
8464,8479,24,4,140,461,,,,1,25,,,,Župnik (plebanus),,1,,,,
8465,8480,24,4,140,971,2239,,,1,25,,,,,,1,,,,
8466,8481,24,4,140,971,3162,,,1,25,,,,,,0.5,,,,
8467,8482,24,4,140,2994,2997,,,1,25,,,,,,2,,,,
8468,8483,24,4,140,2994,4128,,,1,25,,,,,,2,,,,
8469,8484,24,4,140,2933,3056,,,1,25,,,,,,2,,,,
8470,8485,24,4,140,1171,1158,,,1,25,,,,,,20,,,,
8471,8486,24,4,140,1154,1680,,,1,25,,,,,,1.5,,,,
8472,8487,24,4,140,1154,3174,,,1,25,,,,,,1.5,,,,
8473,8488,24,4,140,1154,4227,,,1,25,,,,,,2,,,,
8474,8489,24,4,140,438,3542,,,1,25,,,,,,7,,,,
8475,8490,24,4,140,438,2546,,,1,25,,Relicta,,,,7,,,,
8476,8491,24,4,140,122,619,,,1,25,,,,,,2,,,,
8477,8492,24,4,140,122,548,,,1,25,,,,,,1,,,,
8478,8493,24,4,140,122,1745,,,1,25,,,,,Benkoyna,0.5,,,,
8479,8494,24,4,140,3093,2751,,,1,25,,,,,,1,,,,
8480,8495,24,4,140,173,3699,,,1,25,,,,,Nemchich,0.5,,,,
8481,8496,24,4,140,2968,2423,,,1,25,,,,,,1,,,,
8482,8497,24,4,140,2968,3395,,,1,25,,,,,,1,,,,
8483,8498,24,4,140,2968,690,,,1,25,,pokojni,,,,1,,,,
8484,8499,24,4,140,3086,1919,,,1,25,,,,,Fynthych,1,,,,
8485,8500,24,4,140,215,3519,,,1,25,,,,,Barbyer (Georgius*),1,,,,1
8486,8501,24,4,140,3498,3050,,,1,25,,,,,,5,,,,
8487,8502,24,4,140,3498,2907,,,1,25,,,,,,5,,,,
8488,8503,24,4,140,3498,1193,,,1,25,,,,,,5,,,,
8489,8504,24,4,140,3498,794,,,1,25,,Relicta,,,,4,,,,
8490,8505,24,4,140,2467,2609,,,1,25,,,,Vicecomes,,1,,,,
8491,8506,24,4,140,2467,3975,,,1,25,,,,,,1.5,,,,
8492,8507,24,4,140,2467,41,,,1,25,,Relicta,,,,1.5,,,,
8493,8508,24,4,140,2467,1415,,,1,25,,Relicta,,,,1,,,,
8494,8509,24,4,140,2467,2348,,,1,25,,filiorum,,,Michael Zaboo,0.5,,,,
8495,8510,24,4,140,2467,2256,,,1,25,,,,,,1,,,,
8496,8511,24,4,140,2467,2574,,,1,25,,,,"Vicecomes, dicator",,1,,,,
8497,8512,24,4,140,2780,191,,,1,25,,,Domini,,,5,,,,
8498,8513,24,4,140,2780,1170,,,1,25,,,,Vicecomes,,2.5,,,,
8499,8514,24,4,140,2780,729,,,1,25,,,,,,2,,,,
8500,8515,24,4,140,446,1636,,,1,25,,,Reverendissimus dominus,Episcopus,,2,,,,1
8501,8516,24,4,140,2467,894,,,1,25,,,,,,0.5,,,,
8502,8517,24,4,86,1763,772,,,1,25,,,,,,1.5,,,,
8503,8518,24,4,86,885,3772,,,1,25,,,,,,3,,,,
8504,8519,24,4,86,885,3896,,,1,25,,,,,,1,,,,
8505,8520,24,4,86,885,2939,,,1,25,,,,Judex nobilium,Poyathych,0.5,,,,
8506,8521,24,4,86,885,1802,,,1,25,,,,Vicecomes,Župnik (plebanus)-Marocha,0.5,,,,
8507,8522,24,4,86,885,1083,,,1,25,,Relicta,,,,0.5,,,,
8508,8523,24,4,86,885,3664,,,1,25,,,,,,0.5,,,,
8509,8524,24,4,86,885,2344,,,1,25,,,,Viceprothonotarius,Souich-relicta,1,,,,
8510,8525,24,4,86,886,437,,,1,25,,Relicta,,,,0.5,,,,
8511,8526,24,4,86,885,1923,,,1,25,,,,,"cum sorroribus, Johanna Vydossych in Bosyak",1,,,,
8512,8527,24,4,86,885,1893,,,1,25,,,,,,0.5,,,,
8513,8528,24,4,86,885,1491,,,1,25,,,,,,0.5,,,,
8514,8529,24,4,86,885,1356,,,1,25,,Relicta,,,,0.5,,,,
8515,8530,24,4,86,887,3222,,,1,25,,,,,,0.5,,,,
8516,8531,24,4,86,885,1169,,,1,25,,Relicta,,,,0.5,,,,
8517,8532,24,4,86,885,1857,,,1,25,,,,,,4,,,,
8518,8533,24,4,86,885,,,,1,25,,,,Župnik (plebanus),,0.5,,,,
8519,8534,24,4,86,50,1430,,,1,25,,,Dominus,Kralj (rex),,103,,,,
8520,8535,24,4,86,50,1966,,,1,25,,,,Vicecomes,,0.5,,,,
8521,8536,24,4,86,229,2795,,,1,25,,Relicta,Domina,Viceprothonotarius (suprug),,1,,,,
8522,8537,24,4,86,3754,1430,,,1,25,,,Dominus,Kralj (rex),,200,,,,
8523,8538,24,4,86,2134,,,,1,25,,,,Eremiti (Fratres heremitae),,2.5,,,,
8524,8539,24,4,86,1990,729,,,1,25,,,,,,9,,,,
8525,8540,24,4,86,2106,401,,,1,25,,,Nobiles,Nobiles de Mykwlych,,1,,,,
8526,8541,24,4,86,3681,2088,,,1,25,,Relicta,,,,2,,,,
8527,8542,24,4,86,261,,,,1,25,,,,Eremiti (Fratres heremitae)-sub Medwe,,3,,,,
8528,8543,24,4,86,1030,,,,1,25,,,,Gradec (Civitas Montis Grecensis Zagrabiensis)-civitas,,2,,,,
8529,8544,24,4,86,535,,,,1,25,,,,Župnik (plebanus),,1,,,,
8530,8545,24,4,86,2481,2884,,,1,25,,,,,,1,,,,
8531,8546,24,4,86,2481,3821,,,1,25,,,Domini,,"Emericus Bradach, Anna Bradach",2.5,,,,
8532,8547,24,4,86,2481,810,,,1,25,,,,,,1,,,,
8533,8548,24,4,86,3156,,districtus,,1,25,,,Domini,Kaptol zagrebački (Capitulum Zagrabiense),,160,,,,
8534,8549,24,4,86,81,,,,1,25,,,,Prepošt (praepositus)-Beatae Virginis,,2,,,,
8535,8550,24,4,86,380,4103,,,1,25,,,,Judex nobilium,Kassnarycza-relicta,1.5,,,,
8536,8551,24,4,86,775,729,,,1,25,,,,,,1,,,,
8537,8552,24,4,86,775,18,,,1,25,,,,,,0.5,,,,
8538,8553,24,4,86,775,15,,,1,25,,Relicta,,,,1.5,,,,
8539,8554,24,4,86,775,3050,,,1,25,,,,,cum fratribus,1.5,,,,
8540,8555,24,4,86,775,1902,,,1,25,,,,,,0.5,,,,
8541,8556,24,4,86,1387,67,,,1,25,,,,,,0.5,,,,
8542,8557,24,4,86,1387,3263,,,1,25,,,,Vicejudex nobilium,,1,,,,
8543,8558,24,4,86,9,442,,,1,25,,Relicta,,,Sygmondych-Relicta,1,,,,
8544,8559,24,4,86,9,276,,,1,25,,,,,,1,,,,
8545,8560,24,4,86,9,3319,,,1,25,,,,Vicejudex nobilium,,0.5,,,,
8546,8561,24,4,86,2261,2476,,,1,25,,,,,,1,,,,
8547,8562,24,4,86,1726,3846,,,1,25,,,,,,3,,,,
8548,8563,24,4,86,1726,830,,,1,25,,Filia-Gregorius Bradach,Domina,,,3,,,,
8549,8564,24,4,86,1726,1297,,,1,25,,,,,,3,,,,
8550,8565,24,4,86,322,669,castellum,,1,25,,,"Dominus, comes",,,16,,,,
8551,8566,24,4,86,323,1379,,,1,25,,,,Predijalac (predialis),,2,,,,1
8552,8567,24,4,86,3594,3653,,,1,25,,Relicta,,,,3,,,,
8553,8568,24,4,86,3594,,,,1,25,,,,Župnik (plebanus),,0.5,,,,
8554,8569,24,4,86,1499,2950,,,1,25,,,,,,1,,,,
8555,8570,24,4,86,3481,533,,,1,25,,Heredes,,,,5,,,,
8556,8571,24,4,86,1617,2740,,,1,25,,,,,,1.5,,,,
8557,8572,24,4,86,1316,1356,,,1,25,,Relicta,,,,0.5,,,,
8558,8573,24,4,86,1316,2842,,,1,25,,,,,,0.5,,,,
8559,8574,24,4,86,2071,1507,,,1,25,,,,,,4,,,,
8560,8575,24,4,86,3515,1732,,,1,25,,,,,,1.5,,,,
8561,8576,24,4,86,1189,1589,,,1,25,,,,,,1,,,,
8562,8577,24,4,86,2363,438,,,1,25,,Relicta,,,,1.5,,,,
8563,8578,24,4,86,2473,,,,1,25,,,Dominus,Prepošt (praepositus)-Galgoncza,,2,,,,
8564,8579,24,4,86,3254,1636,,,1,25,,,Reverendissimus dominus,"Biskup zagrebački (Episcopus Zagrabiensis), banus",,10,,,,1
8565,8580,24,4,86,575,1636,,,1,25,,,Reverendissimus dominus,"Biskup zagrebački (Episcopus Zagrabiensis), banus",,2,,,,1
8566,8581,24,4,86,2917,1636,,,1,25,,,Reverendissimus dominus,"Biskup zagrebački (Episcopus Zagrabiensis), banus",,14,,,,1
8567,8582,24,4,86,237,1958,,,1,25,,,,Predijalac (predialis domini episcopi et bani),,1,,,,
8568,8583,24,4,86,3350,3135,,,1,25,,,,"Litteratus, exactor dicae, predijalac (predialis domini episcopi et bani)",,1.5,,,,
8569,8584,24,4,86,2834,,,,1,25,,,,Nobiles praediales,,3,,,,
8570,8585,24,4,87,3442,612,,,1,25,,,Dominus,,,88,,,,
8571,8586,24,4,87,3440,1022,castrum,,1,25,,,,Director causarum regalium,,2,,,,
8572,8587,24,4,87,3440,,oppidum,,1,25,,,,,,30,,,,
8573,8588,24,4,87,3440,,oppidum,,1,25,,,,Župnik (plebanus),,1,,,,
8574,8589,24,4,87,267,727,,,1,25,,,,,,1.5,,,,
8575,8590,24,4,87,2255,191,,,1,25,,,"Dominus, comes",,,171,,,,
8576,8591,24,4,87,2253,,,,1,25,,,,Župnik (plebanus)-St. Trinitas,,0.5,,,,
8577,8592,24,4,87,2253,,,,1,25,,,,"Župnik (plebanus)-St. Martinus (St. Maria, 1 desertus fumus)",,1,,,,
8578,8593,24,4,87,932,3112,,,1,25,,,,,,1,,,,
8579,8594,24,4,87,1514,3205,,,1,25,,,,,,1.5,,,,
8580,8595,24,4,87,2053,3770,,,1,25,,,,,,2,,,,
8581,8596,24,4,87,1470,729,,,1,25,,,,,,3,,,,
8582,8597,24,4,87,1800,845,,,1,25,,,,,,1,,,,
8583,8598,24,4,87,1367,2012,,,1,25,,,Domina,,,2,,,,
8584,8599,24,4,87,1367,2297,,,1,25,,Heredes,,,,1,,,,
8585,8600,24,4,87,1367,4229,,,1,25,,,,,Melchior,4,,,,
8586,8601,24,4,87,1714,77,,,1,25,,Relicta,,,,5,,,,
8587,8602,24,4,87,1815,2545,,,1,25,,,,,,5,,,,
8588,8603,24,4,87,330,729,,,1,25,,,,,,1,,,,
8589,8604,24,4,87,330,3952,,,1,25,,,,,,0.5,,,,
8590,8605,24,4,87,1192,1396,,,1,25,,Relicta,,,,1,,,,
8591,8606,24,4,87,2967,1727,,,1,25,,,,,,3,,,,
8592,8607,24,4,87,357,1505,,,1,25,,Orphani,,,Franciscus Mernyawchych orphani,25,,,,
8593,8608,24,4,87,357,729,,,1,25,,,,,Franciscus Mernyawchewych pokojni,20,,,,
8594,8609,24,4,87,357,1396,,,1,25,,Relicta,,,,3,,,,
8595,8610,24,4,87,687,1731,,,1,25,,,,,,1,,,,
8596,8611,24,4,87,2439,1164,,,1,25,,Relicta,,,,2,,,,
8597,8612,24,4,87,2439,3210,,,1,25,,,,,,2,,,,
8598,8613,24,4,87,2439,2715,,,1,25,,,,,,2,,,,
8599,8614,24,4,87,2073,2044,,,1,25,,,,,cum sororibus,0.5,,,,
8600,8615,24,4,87,1553,3980,,,1,25,,Relicta,,,,1.5,,,,
8601,8616,24,4,87,1170,,,,1,25,,,,Gradec (Civitas Montis Grecensis Zagrabiensis)-civitas,,2.5,,,,
8602,8617,24,4,87,2475,3161,,,1,25,,,,,,0.5,,,,
8603,8618,24,4,87,2475,471,,,1,25,,Relicta,,,,0.5,,,,
8604,8619,24,4,87,2475,2698,,,1,25,,,,,,0.5,,,,
8605,8620,24,4,87,1553,3073,,,1,25,,,,,,0.5,,,,
8606,8621,24,4,87,1553,1078,,,1,25,,,,,,0.5,,,,
8607,8622,24,4,87,2684,2962,,,1,25,,,,,,1,,,,
8608,8623,24,4,87,2684,2924,,,1,25,,cum fratribus,,,,1,,,,
8609,8624,24,4,87,1485,766,,,1,25,,,,,,0.5,,,,
8610,8625,24,4,87,1000,,,,1,25,,,,Župnik (plebanus),,0.5,,,,
8611,8626,24,4,87,3047,1031,,,1,25,,,,,,0.5,,,,
8612,8627,24,4,87,3047,,,,1,25,,,,,reliqua divisa inter fratres et sorores pro curiis nobilitaribus,0,,,,
8613,8628,24,4,87,3048,1026,,,1,25,,,,,,0.5,,,,
8614,8629,24,4,87,53,2385,,,1,25,,,,,Pauko Arbanaz,0.5,,,,
8615,8630,24,4,87,53,529,,,1,25,,Relicta,,,,0.5,,,,
8616,8631,24,4,87,53,3011,,,1,25,,,,,,0.5,,,,
8617,8632,24,4,87,53,3881,,,1,25,,,,,,0.5,,,,
8618,8633,24,4,87,1605,2470,,,1,25,,,,Vicecomes,,0.5,,,,
8619,8634,24,4,87,1857,1898,,,1,25,,,,,,1,,,,
8620,8635,24,4,87,1604,4135,,,1,25,,,,,,0.5,,,,
8621,8636,24,4,87,1604,2928,,,1,25,,,,,,0.5,,,,
8622,8637,24,4,87,1604,2837,,,1,25,,,,,,1,,,,
8623,8638,24,4,87,1604,3114,,,1,25,,,,,,0.5,,,desertum,
8624,8639,24,4,87,1751,,,,1,25,,,,Turopoljska plemenita općina (Nobiles campi Zagrabiensis),,1,,,,
8625,8640,24,4,87,1755,2964,,,1,25,,,,Judex nobilium,,1.5,,,,
8626,8641,24,4,87,3290,7,,,1,25,,,Domini,,,60,,,,
8627,8642,24,4,87,1531,7,,,1,25,,,,,,18,,,,
8628,8643,24,4,87,2686,,,,1,25,,,,Eremiti (Fratres heremitae) sub Medwe,,7,,,,
8629,8644,24,4,87,2887,3993,,,1,25,,,,,,2,,,,
8630,8645,24,4,87,2887,4117,,,1,25,,,,,,1.5,,,,
8631,8646,24,4,87,2887,2718,,,1,25,,,,,,1.5,,,,
8632,8647,24,4,87,2887,2944,,,1,25,,Heredes,,,,1.5,,,,
8633,8648,24,4,87,532,2883,,,1,25,,,,,cum fratre juniore et sororibus,1,,,,
8634,8649,24,4,87,532,2467,,,1,25,,,,,,1,,,,
8635,8650,24,4,87,532,3079,,,1,25,,,,,,1,,,,
8636,8651,24,4,87,109,417,,,1,25,,Heredes,,,,0.5,,,,
8637,8652,24,4,87,1585,2370,,,1,25,,,,,,1.5,,,,
8638,8653,24,4,87,1584,,,,1,25,,,,Kaptol zagrebački (Capitulum Zagrabiense),,38,,,,
8639,8654,24,4,87,1803,729,,,1,25,,,,,,1.5,,,,
8640,8655,24,4,87,2508,729,,,1,25,,,,,,2.5,,,,
8641,8656,24,4,87,2510,1170,,,1,25,,,,,,5,,,,
8642,8657,24,4,87,1631,,,,1,25,,,,Župnik (plebanus),,1.5,,,,
8643,8658,24,4,87,2901,3569,,,1,25,,Heredes,"Domini, comites",,,200,,,,
8644,8659,24,4,87,2194,191,,,1,25,,Heredes,"Domini, comites",,,60,,,,
8645,8660,24,4,87,3218,2951,,,1,25,,,,,,1,,,,
8646,8661,24,4,87,3218,3116,,,1,25,,Heredes,,,,1,,,,
8647,8662,24,4,87,1743,1624,,,1,25,,,,,,1,,,,
8648,8663,24,4,87,2191,,,,1,25,,,,Župnik (plebanus),,0.5,,,,
8649,8664,24,4,87,3780,,,,1,25,,,,Župnik (plebanus),,0.5,,,,
8650,8665,24,4,87,2427,,,,1,25,,,,Župnik (plebanus),,1,,,,
8651,8666,24,4,87,3204,2773,,,1,25,,,,,,17,,,,
8652,8667,24,4,87,1956,,,,1,25,,,,Župnik (plebanus),,1,,,,
8653,8668,24,4,87,3812,427,,,1,25,,,,,,1,,,,
8654,8669,24,4,87,3666,1402,,,1,25,,,,,,1,,,,
8655,8670,24,4,87,3666,2091,,,1,25,,,,,,0.5,,,,
8656,8671,24,4,87,3860,,oppidum,,1,25,,,Domini,Kaptol zagrebački (Capitulum Zagrabiense),,30,,,,
8657,8672,24,4,87,3864,,,,1,25,,,,Kaptol zagrebački (Capitulum Zagrabiense),,80,,35,desertati per metum Thurcarum,
8658,8673,24,4,87,2864,3326,,,1,25,,,,,,1,,,,
8659,8674,24,4,87,1783,656,,,1,25,,,Dominus,Banus,,10,,,,
8660,8675,24,4,87,1783,1494,,,1,25,,,,,,3,,,desertum,
8661,8676,24,4,87,815,1636,,,1,25,,,Reverendissimus dominus,"Biskup zagrebački (Episcopus Zagrabiensis), nadbiskup (archiepiscopus), banus",,5,,,,1
8662,8677,24,4,87,1187,1636,,,1,25,,,Reverendissimus dominus,"Biskup zagrebački (Episcopus Zagrabiensis), nadbiskup (archiepiscopus), banus",,30,,,,1
8663,8678,24,4,87,2090,3392,,,1,25,,,,,,1,,,,
8664,8679,24,4,87,2090,1911,,,1,25,,,,,,2,,,,
8665,8680,24,4,87,2533,1636,castrum,,1,25,,,Reverendissimus dominus,"Biskup zagrebački (Episcopus Zagrabiensis), nadbiskup (archiepiscopus), banus",,6,,,,1
8666,8681,24,4,87,205,1636,,,1,25,,,Reverendissimus dominus,"Biskup zagrebački (Episcopus Zagrabiensis), nadbiskup (archiepiscopus), banus",ibidem in abbatia praedialium,8,,,,1
8667,8682,24,4,87,3340,8,,,1,25,,,Dominus,,,5,,,,
8668,8683,24,4,87,2990,1227,,,1,25,,,,,,1,,,,1
8669,8684,24,4,87,2990,1084,,,1,25,,,,,,0.5,,,,
8670,8685,24,4,87,2990,901,,,1,25,,,,,,0.5,,,,
8671,8686,24,4,87,1473,3229,,,1,25,,,,,,5,,,,
8672,8687,24,4,87,3366,1046,,,1,25,,,,,,1,,,,
8673,8688,24,4,87,3366,1486,,,1,25,,,,,,1.5,,,,
8674,8689,24,4,87,2343,3708,,,1,25,,,,,,1.5,,,,
8675,8690,24,4,87,2343,1769,,,1,25,,,,,,1.5,,,,
8676,8691,24,4,87,3716,3643,,,1,25,,,,,,0.5,,,,
8677,8692,24,4,87,2800,2283,,,1,25,,,,,,2.5,,,,
8678,8693,24,4,87,2800,1455,,,1,25,,,,,,2.5,,,,
8679,8694,24,4,87,545,3416,,,1,25,,,,,,3,,,,
8680,8695,24,4,87,1205,3159,,,1,25,,,,,,5,,,,
8681,8696,24,4,87,1205,2240,,,1,25,,,,,,9,,,,
8682,8697,24,4,87,1205,3156,,,1,25,,,,,,4,,,,
8683,8698,24,4,87,3799,1198,,,1,25,,Relicta,,,,1,,,,
8684,8699,24,4,87,1267,862,,,1,25,,,,,,3.5,,,,
8685,8700,24,4,87,661,290,,,1,25,,Relicta,,,,2,,,,
8686,8701,24,4,87,3510,1903,,,1,25,,,,,,1,,,,
8687,8702,24,4,87,3809,2271,,,1,25,,,,,,1,,,,
8688,8703,24,4,87,711,2587,,,1,25,,,,,,1.5,,,,
8689,8704,24,4,87,711,1705,,,1,25,,,,,,1.5,,,,
8690,8705,24,4,87,711,3053,,,1,25,,,,,,1,,,,
8691,8706,24,4,87,711,2340,,,1,25,,,,,,0.5,,,,
8692,8707,24,4,87,2278,2135,,,1,25,,Relicta,,,,1.5,,,,
8693,8708,24,4,87,2277,3721,,,1,25,,,,Dicator (Ladislaus Imprych),,1.5,,,,
8694,8709,24,4,87,2277,3290,abbatia,,1,25,,Heredes,,Vicecomes,,1.5,,,,
8695,8710,24,4,87,2277,2914,,,1,25,,Relicta,,,,0.5,,,,
8696,8711,24,4,87,2277,1787,,,1,25,,,,,,1,,,,
8697,8712,24,4,87,1311,2914,,,1,25,,Relicta,,,Mathias-heredes,8,,,,
8698,8713,24,4,87,1311,4083,,,1,25,,,,,cum sororibus,8,,,,
8699,8714,24,4,87,1311,3290,,,1,25,,Heredes,,Vicecomes,,8,,,,
8700,8715,24,4,87,1311,3607,,,1,25,,,,,,4,,,,
8701,8716,24,4,87,1311,2574,,,1,25,,,,Dicator,,4,,,,
8702,8717,24,4,87,2983,845,,,1,25,,,,,,4,,,,
8703,8718,24,4,87,2983,1188,,,1,25,,,,,,0.5,,,,
8704,8719,24,4,87,2983,4230,,,1,25,,,,,,0.5,,,,
8705,8720,24,4,87,250,2381,,,1,25,,,,,cum sororibus,2,,,,
8706,8721,24,4,87,3430,2088,,,1,25,,Relicta,,,,4,,,,
8707,8722,24,4,87,1849,,,,1,25,,,Domina,Palatinissa,,26,,,,
8708,8723,24,4,87,2978,,,,1,25,,,,Župnik (plebanus),,0.5,,,,
8709,8724,24,4,87,732,1905,,,1,25,,,,,,1,,,,
8710,8725,24,4,87,3303,,,,1,25,,,,Župnik (plebanus),,0.5,,,,
8711,8726,24,4,87,3303,942,,,1,25,,,,,,1,,,,
8712,8727,24,4,87,3303,761,,,1,25,,,,,,0.5,,,,
8713,8728,24,4,87,3303,2882,,,1,25,,,,,,1,,,,
8714,8729,24,4,87,3303,3205,,,1,25,,,,,Ibidem Nicolao Barthakowych fumus medius datus pro curia nobilitari,0,,,,
8715,8730,24,4,87,3699,1204,,,1,25,,,,,,4,,,,
8716,8731,24,4,87,2356,668,,,1,25,,,"Domini, comites",,Ibidem nobilibus militibus profugis et aliis servitoribus pro curiis nobilitaribus predialibusque dati et distributi fumi 31 (32),151.5,,,,
8717,8732,24,4,87,3303,2588,,,1,25,,,,,,4,,,,
8718,8733,24,4,87,3303,2700,,,1,25,,,,,,0.5,,,,
8719,8734,24,4,87,3303,2888,,,1,25,,,,,,1,,,,
8720,8735,24,4,87,728,4161,,,1,25,,,,,,1,,,,
8721,8736,24,4,87,3065,31,,,1,25,,,,,,0.5,,,,
8722,8737,24,4,87,3065,1978,,,1,25,,Relicta,,,,1,,,,
8723,8738,24,4,87,1445,3744,,,1,25,,,,,,1.5,,,,
8724,8739,24,4,87,2749,3621,,,1,25,,,,,,2.5,,,,
8725,8740,24,4,87,802,2644,,,1,25,,,,,,2.5,,,,
8726,8741,24,4,87,1345,3569,,,1,25,,Heredes,Dominus,Banus,,90,,,,
8727,8742,24,4,87,1344,,,,1,25,,,,Župnik (plebanus),,2,,,,
8728,8743,24,4,87,2439,,,,1,25,,,Domini,Kaptol zagrebački (Capitulum Zagrabiense),,14,,,,
8729,8744,24,1,58,1895,1007,castrum,,1,25,,,,,,27,,,,
8730,8745,24,1,58,1895,,castrum,,1,25,,,,Župnik (plebanus),,1,,,,
8731,8746,24,1,58,1432,1306,,,1,25,,,,,,5,,,,
8732,8747,24,1,58,1432,2471,,,1,25,,,,,,4.5,,,,
8733,8748,24,1,58,2733,1367,,,1,25,,,,,,5,,,,
8734,8749,24,1,58,2734,1220,,,1,25,,,Dominus,,Johannes Pekry,7,,,,1
8735,8750,24,1,58,1697,1596,,,1,25,,,Dominus,,,12,,,,
8736,8751,24,1,58,1697,1004,,,1,25,,,,,,2,,,,
8737,8752,24,1,58,998,2471,,,1,25,,,,,,2,,,,
8738,8753,24,1,58,998,2460,,,1,25,,,,,,1,,,,
8739,8754,24,1,58,1569,2810,,,1,25,,,,Litteratus,,4,,,,
8740,8755,24,1,58,1569,660,,,1,25,,Relicta,Domina,,,1.5,,,,
8741,8756,24,1,58,1569,3002,,,1,25,,,,Litteratus,,1,,,,
8742,8757,24,1,58,839,4213,,,1,25,,,,,,1,,,,
8743,8758,24,1,58,839,3841,,,1,25,,,,,,1,,,,
8744,8759,24,1,58,839,1592,,,1,25,,,,,,0.5,,,,
8745,8760,24,1,58,2341,1191,,,1,25,,,,,Kozma Korenzky,2,,,,
8746,8761,24,1,58,129,2955,,,1,25,,,,,,5,,,,
8747,8762,24,1,58,129,2390,,,1,25,,,,,,2,,,,
8748,8763,24,1,58,129,2190,,,1,25,,,,,,4,,,,
8749,8764,24,1,58,129,2161,,,1,25,,,,,,4,,,,
8750,8765,24,1,58,1422,,,,1,25,,,,,Non admisit dicare capitaneus Globycze vocatus,0,,,,
8751,8766,24,1,58,1418,2931,,,1,25,,,,,,2.5,,,,
8752,8767,24,1,65,2578,2823,,,1,25,,,,,cum fratribus,4,,,in confinibus et desolata,
8753,8768,24,1,65,3569,1369,,,1,25,,,,,,13,,,,
8754,8769,24,1,65,3541,2299,,,1,25,,,,,,0.5,,,,
8755,8770,24,1,65,3541,3342,,,1,25,,,,,,0.5,,,,
8756,8771,24,1,65,2521,2312,,,1,25,,Relicta,,,,0.5,,,,
8757,8772,24,1,65,2521,2380,,,1,25,,,,,,0.5,,,,
8758,8773,24,1,65,2521,1438,,,1,25,,,,,,0.5,,,,
8759,8774,24,1,65,1903,722,,,1,25,,,,Litteratus,,3,,,,
8760,8775,24,1,65,3170,3543,,,1,25,,,,,,3,,,,
8761,8776,24,1,65,455,3543,,,1,25,,,,,,4,,,,
8762,8777,24,1,65,3170,2548,,,1,25,,Relicta,,,,3,,,,
8763,8778,24,1,65,455,2548,,,1,25,,Relicta,,,,4,,,,
8764,8779,24,1,65,3371,2233,,,1,25,,,,,,2,,,,
8765,8780,24,1,65,581,1211,,,1,25,,,,,,2,,,,
8766,8781,24,1,65,3826,1904,,,1,25,,,,,,2,,,,
8767,8782,24,1,65,2750,1367,,,1,25,,,Dominus,,,13,,,,
8768,8783,24,1,65,2751,,,,1,25,,,,Župnik (plebanus),,1.5,,,,
8769,8784,24,1,65,2314,317,,,1,25,,,Domini,,,3,,,,
8770,8785,24,1,65,2766,3026,,,1,25,,Orphani,,,,1,,,,
8771,8786,24,1,65,2143,7,,,1,25,,,Domini,,,12,,,,
8772,8787,24,1,65,2086,1636,,,1,25,,,Dominus,"Biskup zagrebački (Episcopus Zagrabiensis), banus",,12,,,,1
8773,8788,24,1,65,787,509,,,1,25,,,Domini,,Bernardus Thwroczy,12,,,,
8774,8789,24,1,65,1677,1367,,,1,25,,,,,,12,,,,
8775,8790,24,1,65,2101,1653,,,1,25,,,,,,1,,,,
8776,8791,24,1,65,2101,1274,,,1,25,,Orphani,,,,8,,,,
8777,8792,24,1,65,930,,,,1,25,,,Dominus,Prepošt (praepositus)-Galgoncza,,6,,,,
8778,8793,24,1,65,2757,886,,,1,25,,,Dominus,,,3,,,,
8779,8794,24,1,65,2717,3056,,,1,25,,,,,cum fratribus,4,,,,
8780,8795,24,1,65,2757,3174,,,1,25,,,,,,1,,,,
8781,8796,24,1,65,1255,1636,,,1,25,,,Dominus,"Biskup zagrebački (Episcopus Zagrabiensis), banus",,12,,,,1
8782,8797,24,1,65,1041,1636,,,1,25,,,Dominus,"Biskup zagrebački (Episcopus Zagrabiensis), banus",,10,,,,1
8783,8798,24,1,65,2624,722,,,1,25,,,,Litteratus,,4,,,,
8784,8799,24,1,65,2624,1170,,,1,25,,,,,,2,,,,
8785,8800,24,1,65,3211,2773,,,1,25,,,,,,2.5,,,,
8786,8801,24,1,65,1019,1591,,,1,25,,,,,cum fratribus,1,,,,
8787,8802,24,1,65,809,3479,,,1,25,,,,,,1.5,,,,
8788,8803,24,1,65,2608,,,,1,25,,,,,,0,,,desertus per hostes,
8789,8804,24,1,65,2793,,,,1,25,,,,,,4,,,,
8790,8805,24,1,65,2787,917,,,1,25,,Relicta-Petrus Erdewdy,Domina,,,9,,,,
8791,8806,24,1,65,2665,3284,,,1,25,,,,,,0,,,per hostes Thurcas omnino desertum,
8792,8807,24,1,65,3343,917,,,1,25,,Relicta-Petrus Erdewdy,Domina,,,8,,,,
8793,8808,24,1,65,279,4037,,,1,25,,,,,,1,,,,
8794,8809,24,1,65,2307,2087,,,1,25,,,,,,0.5,,,,
8795,8810,24,1,65,2307,870,,,1,25,,,,,Georgio Semoczy,0.5,,,,
8796,8811,24,1,65,810,756,,,1,25,,,,,,0.5,,,,
8797,8812,24,1,65,3219,,,,1,25,,,,Župnik (plebanus),,0.5,,,,
8798,8813,24,1,65,3219,3479,,,1,25,,,,,,0.5,,,,
8799,8814,24,1,65,2521,2357,,,1,25,,,,,,0.5,,,,
8800,8815,24,1,65,793,1599,,,1,25,,,,,Bartholomeus Barthakowych,1.5,,,,
8801,8816,24,1,65,793,2124,,,1,25,,,,,,1,,,,
8802,8817,24,2,130,497,918,castrum,,1,25,,Relicta-Petrus Erdewdy,Magnifica Domina,,,230,,,,
8803,8818,24,2,130,2162,3679,castrum,,1,25,,,Dominus,,,60,,,,
8804,8819,24,2,130,1611,2906,castrum,,1,25,,,Dominus,,,14,,,,
8805,8820,24,2,130,1614,2906,,,1,25,,,Dominus,,,14,,,,
8806,8821,24,2,130,1611,2906,oppidum,,1,25,,,Dominus,,,1.5,,,,
8807,8822,24,2,130,1613,3781,,,1,25,,,Dominus,,,23.5,,,,
8808,8823,24,2,130,1625,3143,castrum,,1,25,,,Dominus,,,74,,,,
8809,8824,24,2,130,2625,,,,1,25,,,,Eremiti (Fratres heremitae)-Lepoglava,,26,,,,
8810,8825,24,2,130,900,1181,,,1,25,,,,,,0.5,,,,
8811,8826,24,2,130,3761,2187,,,1,25,,,,,,6,,,,
8812,8827,24,2,130,2322,3659,,,1,25,,Relicta,,,,1.5,,,,
8813,8828,24,2,130,2322,2926,,,1,25,,,,,Andreas Goychych,1,,,,
8814,8829,24,2,130,2323,4225,,,1,25,,Relicta,,,,1.5,,,,
8815,8830,24,2,130,1963,2569,,,1,25,,,,,cum fratre,1,,,,
8816,8831,24,2,130,1963,1454,,,1,25,,,,,,0.5,,,,
8817,8832,24,2,130,1963,2290,,,1,25,,,,,,0.5,,,,
8818,8833,24,2,130,1942,1630,,,1,25,,,,,,0.5,,,,
8819,8834,24,2,130,3411,1958,,,1,25,,,,,,1.5,,,,
8820,8835,24,2,130,1506,1162,,,1,25,,,,,,1,,,,
8821,8836,24,2,130,2167,1162,,,1,25,,Relicta,,,,1,,,,
8822,8837,24,2,130,2167,3209,,,1,25,,,,,,1.5,,,,
8823,8838,24,2,130,2167,2714,,,1,25,,,,,,1.5,,,,
8824,8839,24,2,130,1638,3587,,,1,25,,,,,,2,,,,
8825,8840,24,2,130,1300,1870,,,1,25,,,,,,0.5,,,,
8826,8841,24,2,130,1300,1586,,,1,25,,,,,cum fratre,1,,,,
8827,8842,24,2,130,1300,2436,,,1,25,,,,,,1,,,,
8828,8843,24,2,130,1300,1336,,,1,25,,,,,,2,,,,
8829,8844,24,2,130,1300,2127,,,1,25,,,,,Nicolaus Dwgowerzky,1,,,,
8830,8845,24,2,130,2128,2873,,,1,25,,,,,cum relicta Syska,1,,,,
8831,8846,24,2,130,2128,3789,,,1,25,,Relicta,,,,1,,,,
8832,8847,24,2,130,2128,1443,,,1,25,,,,,,0.5,,,,
8833,8848,24,2,130,2634,2360,,,1,25,,,,,,1.5,,,,
8834,8849,24,2,130,669,1417,,,1,25,,,,,cum fratre,0.5,,,,
8835,8850,24,2,130,3398,2468,,,1,25,,,,,,1.5,,,,
8836,8851,24,2,130,3398,2466,,,1,25,,,,,,1,,,,
8837,8852,24,2,130,3406,2722,,,1,25,,Relicta,,,,2,,,,
8838,8853,24,2,130,3398,1521,,,1,25,,,,,,1,,,,
8839,8854,24,2,130,3398,2638,,,1,25,,,,,,0.5,,,,
8840,8855,24,2,130,3398,4188,,,1,25,,,,,,1,,,,
8841,8856,24,2,130,3401,3590,,,1,25,,,,,,0.5,,,,
8842,8857,24,2,130,3401,3901,,,1,25,,,,,cum fratre,1,,,,
8843,8858,24,2,130,3401,3090,,,1,25,,,,,,1,,,,
8844,8859,24,2,130,3401,1863,,,1,25,,,,,,1,,,,
8845,8860,24,2,130,3401,3676,,,1,25,,,,,,1,,,,
8846,8861,24,2,130,3401,3002,,,1,25,,,,Litteratus,,0.5,,,,
8847,8862,24,2,130,3401,1390,,,1,25,,,,,,1,,,,
8848,8863,24,2,130,3401,3868,,,1,25,,,,,,0.5,,,,
8849,8864,24,2,130,3354,2720,,,1,25,,,,,,1,,,,
8850,8865,24,2,130,302,783,,,1,25,,,,,Mathias Nagy,1,,,,
8851,8866,24,2,130,3148,699,,,1,25,,,,,cum sororibus,0.5,,,,
8852,8867,24,2,130,1062,1447,,,1,25,,,,,,3,,,,
8853,8868,24,2,130,2708,1825,,,1,25,,,,,,2,,,,
8854,8869,24,2,130,2336,1060,,,1,25,,,,,cum fratribus,0.5,,,,
8855,8870,24,2,19,140,967,castrum,,1,25,,,,,,27,,,,
8856,8871,24,2,19,140,2615,castrum,,1,25,,,,,,22,,,,
8857,8872,24,2,19,1759,,,,1,25,,,,Eremiti (Fratres heremitae),,33,,,,
8858,8873,24,2,19,1797,2906,castrum,,1,25,,,Dominus,,,13,,,,
8859,8874,24,2,19,1797,3782,castrum,,1,25,,,Dominus,,,11.5,,,,
8860,8875,24,2,19,1797,3782,oppidum,,1,25,,,Dominus,,,1.5,,,,
8861,8876,24,2,19,3762,1680,,,1,25,,,,,,3,,,,
8862,8877,24,2,19,3762,3174,,,1,25,,,,,,3,,,,
8863,8878,24,2,19,3762,722,,,1,25,,,,Litteratus,,0.5,,,,
8864,8879,24,2,19,3762,4214,,,1,25,,,,,,0.5,,,,
8865,8880,24,2,19,3762,1170,,,1,25,,,,,,1,,,,
8866,8881,24,2,19,296,2997,,,1,25,,,,,,1,,,,
8867,8882,24,2,19,296,783,,,1,25,,,,,,1,,,,
8868,8883,24,2,19,3791,1122,,,1,25,,,Domina,,domina relicta-Thomas Pethew,1,,,,
8869,8884,24,2,19,2704,4217,,,1,25,,,,,,1.5,,,,
8870,8885,24,2,19,2874,1063,,,1,25,,,,,,0.5,,,,
8871,8886,24,2,19,3692,2295,,,1,25,,,,,,7,,,,
8872,8887,24,2,19,3692,1086,,,1,25,,,,,,1,,,,
8873,8888,24,2,19,3692,3313,,,1,25,,Relicta,,,cum filiis,0.5,,,,
8874,8889,24,2,19,2339,3846,castrum,,1,25,,,,,,13,,,,
8875,8890,24,2,19,2339,2111,castrum,,1,25,,,,,,11.5,,,,
8876,8891,24,2,19,2339,3616,castrum,,1,25,,,,,,13,,,,
8877,8892,24,2,19,2339,,castrum,,1,25,,,,Župnik (plebanus),,1.5,,,,
8878,8893,24,2,19,3491,3056,castrum,,1,25,,,,,,18,,,,
8879,8894,24,2,19,395,3516,,,1,25,,,,,,2,,,,
8880,8895,24,2,19,395,1436,,,1,25,,,,,,1,,,,
8881,8896,24,2,19,1874,1082,,,1,25,,,,,cum fratre,2,,,,
8882,8897,24,2,19,1874,1691,,,1,25,,,,,cum fratre,0.5,,,,
8883,8898,24,2,19,1975,3045,,,1,25,,,,,,0.5,,,,
8884,8899,24,2,19,2551,1924,,,1,25,,,,,,0.5,,,,
8885,8900,24,2,19,157,1004,castrum,,1,25,,,,,,7.5,,,,
8886,8901,24,2,19,157,1463,castrum,,1,25,,,,,,3.5,,,,
8887,8902,24,2,19,157,,castrum,,1,25,,,,Župnik (plebanus),,2,,,,
8888,8903,24,2,19,2441,3522,,,1,25,,,,,Fabianus Mwkrowschiak,1,,,,
8889,8904,24,2,19,1541,3280,,,1,25,,,,,,1,,,,
8890,8905,24,2,19,3453,4197,,,1,25,,,,,,1,,,,
8891,8906,24,2,19,3453,2231,,,1,25,,,,,,1,,,,
8892,8907,24,2,19,3453,698,,,1,25,,,,,,1,,,,
8893,8908,24,2,19,3453,1766,,,1,25,,,,,,0.5,,,,
8894,8909,24,2,19,3453,2332,,,1,25,,,,,,1,,,,
8895,8910,24,2,19,3453,4225,,,1,25,,Relicta,,,,0.5,,,,
8896,8911,24,2,19,3453,1359,,,1,25,,,,,,0.5,,,,
8897,8912,24,2,19,3453,4218,,,1,25,,,,,cum fratre,0.5,,,,
8898,8913,24,2,19,3453,2931,,,1,25,,,,,Balthasar Zele,1,,,,
8899,8914,24,2,19,3453,1409,,,1,25,,,,,cum sorore,1,,,,
8900,8915,24,2,19,3453,1206,,,1,25,,,,,,1,,,,
8901,8916,24,2,19,3453,802,,,1,25,,,,,Mathias Nagy,1,,,,
8902,8917,24,2,19,3453,,,,1,25,,,,Župnik (plebanus),,1,,,,
8903,8918,24,2,19,1015,3849,,,1,25,,,,,,1,,,,
8904,8919,24,2,19,1015,696,,,1,25,,Relicta,,,et domicelle,1.5,,,,
8905,8920,24,2,19,3452,2976,,,1,25,,,,,,1,,,,
8906,8921,24,2,19,3079,1636,castrum,,1,25,,,Reverendissimus dominus,"Biskup zagrebački (Episcopus Zagrabiensis), banus",,112,,,,1
8907,8922,24,2,19,190,1065,,,1,25,,,,,cum fratribus,1.5,,,,
8908,8923,24,2,19,190,,,,1,25,,,,Župnik (plebanus) sub Thrakostyan,,1,,,,
8909,8924,24,2,59,3374,509,castrum,,1,25,,,Dominus,,domini magistri Damiani personalis praesentiae cum dominis Reway,90,,,,
8910,8925,24,2,59,3374,1004,castrum,,1,25,,,,,,32,,,,
8911,8926,24,2,59,3374,1463,castrum,,1,25,,,,,,12,,,,
8912,8927,24,2,59,3374,3295,castrum,,1,25,,,,,,20,,,,
8913,8928,24,2,59,3374,3484,castrum,,1,25,,,,,,22,,,,
8914,8929,24,2,59,3374,1126,castrum,,1,25,,,"Dominus, comes",,,20,,,,
8915,8930,24,2,59,560,2823,,,1,25,,,,,,2,,,,
8916,8931,24,2,59,560,1726,,,1,25,,,,,,1,,,,
8917,8932,24,2,59,560,1197,,,1,25,,,,,,0,,,desertum propter pestem et famem,
8918,8933,24,2,59,87,1509,,,1,25,,,,,,1.5,,,,
8919,8934,24,2,59,3311,2436,,,1,25,,,,,cum fratribus,1,,,,
8920,8935,24,2,59,3311,3460,,,1,25,,,,,,0.5,,,,
8921,8936,24,2,59,1648,1224,,,1,25,,,,,,1,,,,
8922,8937,24,2,59,1648,2654,,,1,25,,,,,,1.5,,,,
8923,8938,24,2,59,1648,1520,,,1,25,,,,,,2,,,,
8924,8939,24,2,59,1648,2344,,,1,25,,,,,Gaspar Drwskoczy,2,,,,
8925,8940,24,2,59,1920,1833,,,1,25,,,,,,2,,,,
8926,8941,24,2,59,1546,1712,,,1,25,,,,,,1,,,,
8927,8942,24,2,59,1973,2654,,,1,25,,,,,,1.5,,,,
8928,8943,24,2,59,1973,1085,,,1,25,,,,,,2.5,,,,
8929,8944,24,2,59,1973,2344,,,1,25,,,,,Caspar Drwskoczy,2,,,,
8930,8945,24,2,59,779,1493,,,1,25,,,,,,2,,,,
8931,8946,24,2,59,779,744,,,1,25,,,,,Christophorus,1.5,,,,
8932,8947,24,2,59,558,2618,,,1,25,,,,,Johannes Nezpesyn,1,,,,
8933,8948,24,2,59,1392,3679,,,1,25,,,Dominus,,,6,,,,
8934,8949,24,2,59,398,1409,,,1,25,,,,,cum relicta glote,0.5,,,,
8935,8950,24,2,59,3357,2231,,,1,25,,,,,,1,,,,
8936,8951,24,2,59,3357,4197,,,1,25,,,,,,1.5,,,,
8937,8952,24,2,59,3357,698,,,1,25,,,,,cum fratre,2.5,,,,
8938,8953,24,2,59,3357,3766,,,1,25,,,,,,1,,,,
8939,8954,24,2,59,3357,3460,,,1,25,,,,,Kwlyanych,1,,,,
8940,8955,24,2,59,3357,2332,,,1,25,,,,,cum fratre et relicta Pathachych,1,,,,
8941,8956,24,2,59,3357,2931,,,1,25,,,,,,1.5,,,,
8942,8957,24,2,59,3357,2926,,,1,25,,,,,Andreas Goychych,0.5,,,,
8943,8958,24,2,59,3357,1359,,,1,25,,,,,cum sorore,1,,,,
8944,8959,24,2,59,3357,4218,,,1,25,,,,,cum fratre,0.5,,,,
8945,8960,24,2,59,3357,1206,,,1,25,,,,,,0.5,,,,
8946,8961,24,2,59,3357,,,,1,25,,,,Župnik (plebanus),,0.5,,,,
8947,8962,24,2,59,3437,885,,,1,25,,,Dominus,,,16,,,,
8948,8963,24,2,59,2169,3766,,,1,25,,,,,,8,,,,
8949,8964,24,2,59,3208,1206,,,1,25,,,,,cum fratribus,2,,,,
8950,8965,24,2,59,3208,2231,,,1,25,,,,,,2,,,,
8951,8966,24,2,59,2221,886,,,1,25,,,Dominus,,,3,,,,
8952,8967,24,2,59,160,886,,,1,25,,,Dominus,,,1,,,,
8953,8968,24,2,59,3021,1589,,,1,25,,,,,cum fratre,2,,,,
8954,8969,24,2,59,3021,1067,,,1,25,,,,,,1,,,,
8955,8970,24,2,59,3021,2187,,,1,25,,,,,cum fratribus,1,,,,
8956,8971,24,2,59,3021,1910,,,1,25,,,,,,1,,,,
8957,8972,24,2,34,1965,2226,,,1,25,,,,,,4,,,,
8958,8973,24,2,34,1965,1306,,,1,25,,,,,,4,,,,
8959,8974,24,2,34,1233,1726,,,1,25,,,,,,2,,,,
8960,8975,24,2,34,3831,3960,,,1,25,,Relicta,,,,1,,,,
8961,8976,24,2,34,3831,2752,,,1,25,,,,,,0.5,,,,
8962,8977,24,2,34,2910,4056,,,1,25,,,,,,4,,,,
8963,8978,24,2,34,2910,1820,,,1,25,,,,,,1,,,,
8964,8979,24,2,34,2938,1007,,,1,25,,,,,,6,,,,
8965,8980,24,2,34,509,,,,1,25,,,,Kaptol zagrebački (Capitulum Zagrabiense),,1,,,,
8966,8981,24,2,34,1234,,,,1,25,,,,Varasd-civitas,,8,,,,
8967,8982,24,2,34,3023,,,,1,25,,,,Varasd-arx,,16,,,,
8968,8983,24,2,34,3458,4059,,,1,25,,,,,,1,,,,
8969,8984,24,2,34,3458,1208,,,1,25,,,,,,1,,,,
8970,8985,24,2,34,3458,1840,,,1,25,,,,,,1,,,,
8971,8986,24,2,34,3458,2931,,,1,25,,,,,,0.5,,,,
8972,8987,24,2,34,1475,,,,1,25,,,,Varasd-civitas,,10,,,,
8973,8988,24,2,34,3066,,,,1,25,,,,Kaptol zagrebački (Capitulum Zagrabiense),,10,,,,
8974,8989,24,2,34,2816,3766,,,1,25,,,,,,12,,,,
8975,8990,24,2,34,3558,884,,,1,25,,,Dominus,,,1,,,,
8976,8991,24,2,34,3561,1007,,,1,25,,,,,Croate novicii,2,,,,
8977,8992,24,2,34,3765,,,,1,25,,,,Varasd-civitas,,5,,,,
8978,8993,24,2,34,449,1636,,,1,25,,,Reverendissimus dominus,"Biskup zagrebački (Episcopus Zagrabiensis), banus",,12,,,,1
8979,8994,24,2,34,3131,,,,1,25,,,,"Župnik, prebendar (plebanus, prebendarius)",,2,,,,
8980,8995,24,2,34,3774,,,,1,25,,,,Varasd-civitas,,3,,,,
8981,8996,24,2,34,3561,,,,1,25,,,,Kaptol zagrebački (Capitulum Zagrabiense),,1,,,,
8982,8998,25,4,,3498,311,,,,,,,Domini,,,11,,,,
8983,8999,25,4,,2970,,,,,,,,,,,0.5,,,,
8984,9000,25,4,,3093,,,,,,,,,,,1,,,,
8985,9001,25,4,,2467,,,,,,,,,,,3.5,,,,
8986,9002,25,4,,3498,1170,,,,,,,,,,0.5,,,,
8987,9003,25,4,,3498,727,,,,,,,,,,1,,,,
8988,9004,25,4,,1763,,,,,,,,,,,0.5,,,,
8989,9005,25,4,,885,,,,,,,,,,,3.5,,,,
8990,9006,25,4,,52,,,,,,,,,,,2,,,,
8991,9007,25,4,,3734,,,,,,,,,,,3,,,,
8992,9008,25,4,,2125,,,,,,,,,Eremiti (Fratres heremitae),,0.5,,,,
8993,9009,25,4,,1989,,,,,,,,,,,3,,,,
8994,9010,25,4,,3332,,districtus,,,,,,Domini,Kaptol zagrebački (Capitulum Zagrabiense),,22,,,,
8995,9011,25,4,,379,,,,,,,,,,,0.5,,,,
8996,9012,25,4,,773,,,,,,,,,,,2.5,,,,1
8997,9013,25,4,,9,,,,,,,,,,,0.5,,,,
8998,9014,25,4,,2260,,,,,,,,,,,0.5,,,,
8999,9015,25,4,,315,669,,,,,,,Domini,,,4,,,,
9000,9016,25,4,,310,1379,,,,,,,,Predijalac (predialis),,1,,,,
9001,9017,25,4,,3577,,,,,,,,,Župnik (plebanus),,0.5,,,,
9002,9018,25,4,,3577,2910,,,,,,,,,,0.5,,,,
9003,9019,25,4,,3577,2749,,,,,,,,,,1.5,,,,
9004,9020,25,4,,2473,,,,,,,,,,,1,,,,
9005,9021,25,4,,3255,,,,,,,,Reverendissimus dominus,"Episcopus, banus","predijalci: Blagwssa (Georgius Myndezenthy), Urnowcz (Michael Litteratus-0,5), Samssynowcz (predijalci-3)",13.5,,,,
9006,9022,25,4,,267,,,,,,,,,,,1.5,,,,
9007,9023,25,4,,2258,,,,,,,,,,,0.5,,,,
9008,9024,25,4,,1471,,,,,,,,,,,2,,,,
9009,9025,25,4,,357,383,,,,,,Orphani,,,Franciscus Mernyawchich-quondam,4,,,,
9010,9026,25,4,,357,1940,,,,,,,,,de portione quondam Mernyawchych,18,,,,
9011,9027,25,4,,357,1395,,,,,,Relicta,,,,4,,,,
9012,9028,25,4,,1553,3490,,,,,,,,,Wolfgangus Bwsanych,1,,,,
9013,9029,25,4,,2673,,,,,,,,,,,2.5,,,,
9014,9030,25,4,,1553,,,,,,,,,,,1,,,,
9015,9031,25,4,,1000,,,,,,,,,Župnik (plebanus),,0.5,,,,
9016,9032,25,4,,31,,,,,,,,,,,0.5,,,,
9017,9033,25,4,,1609,2927,,,,,,,,,,0.5,,,,
9018,9034,25,4,,1745,2983,,,,,,,,,,0.5,,,,
9019,9035,25,4,,2689,,,,,,,,,,,3,,,,
9020,9036,25,4,,1585,2486,,,,,,,,,,0.5,,,,
9021,9037,25,4,,1804,,,,,,,,,,,1,,,,
9022,9038,25,4,,1629,,,,,,,,,Župnik (plebanus),,1.5,,,,
9023,9039,25,4,,3781,,,,,,,,,Župnik (plebanus),,0.5,,,,
9024,9040,25,4,,3860,,oppidum,,,,,,,Kaptol zagrebački (Capitulum Zagrabiense),,20,,,,
9025,9041,25,4,,3865,,,,,,,,,,,30,,,,
9026,9042,25,4,,2983,,,,,,,,,,,1.5,,,,
9027,9043,25,4,,252,543,,,,,,,,,inter fratres Spissich pro curriis divisi,2,,,,
9028,9044,25,4,,732,,,,,,,,,,,3.5,,,,
9029,9045,25,4,,3703,1203,,,,,,,,,,2,,,,
9030,9046,25,4,,2356,,,,,,,,,,,26.5,,,,
9031,9047,25,4,,3299,2587,,,,,,,,,,1,,,,
9032,9048,25,4,,1664,3743,,,,,,,,,,0.5,,,,
9033,9049,25,4,,2749,3621,,,,,,,,,,0.5,,,,
9034,9050,25,4,,802,2642,,,,,,,,,,1.5,,,,
9035,9051,25,4,,1347,,,,,,,,,,,2,,,,
9036,9052,25,4,,2439,,,,,,,,,Kaptol zagrebački (Capitulum Zagrabiense),,2,,,,
9037,9053,25,4,,3299,2887,,,,,,,,,,1,,,,
9038,9054,25,4,,404,1882,,,,,,,,,,0.5,,,,
9039,9056,26,4,86,1763,828,,,,,,,,,,2,,4,,
9040,9057,26,4,86,888,3772,,,,,,,,,cum porcione Stephani Gregorianczy apud manus domini viceprothonotarii habita,4,,5,,
9041,9058,26,4,86,888,2939,,,,,,,,,Georgius Raskay Vicecomes,1,,2,,
9042,9059,26,4,86,888,3818,,,,,,Gener-Relicta Kassnaricze,,,,0.5,,1,,
9043,9060,26,4,86,888,3664,,,,,,,,,,0.5,,,,
9044,9061,26,4,86,888,2344,,,,,,,,,Boynychych-Viceprotonotarius,1,,2,,
9045,9062,26,4,86,888,437,,,,,,Relicta,,,Nicolaus Poyathych,0.5,,1,,
9046,9063,26,4,86,888,2113,,,,,,,,Judex nobilium*,loco Rosak,0.5,,1,,1
9047,9064,26,4,86,888,1890,,,,,,,,,cum porcione Posgay videlicit quondam Relicta Francisci Borothwa,0.5,,1,,
9048,9065,26,4,86,888,1491,,,,,,,,,Kozel,1,,6,,
9049,9066,26,4,86,888,3222,,,,,,quondam,,,,0.5,,1,,
9050,9067,26,4,86,888,1169,,,,,,Relicta,,,,1,,,,
9051,9068,26,4,86,888,,,,,,,,,Župnik (plebanus),,0.5,,2.5,,
9052,9069,26,4,86,888,75,,,,,,Heredes,,,,5,,1,,
9053,9070,26,4,86,888,232,,,,,,Relicta,,,Thomassowych,0.5,,2,,
9054,9071,26,4,86,888,966,,,,,,,,,,0.5,,,,
9055,9072,26,4,86,888,2740,,,,,,,,,,0.5,,1,,
9056,9073,26,4,86,888,3853,,,,,,,,,cum fratribus,1,,,,
9057,9074,26,4,86,888,91,,,,,,,,,Zorych,0.5,,,,
9058,9075,26,4,86,48,1430,castellum,,,,,,,,Relicta Hennyngh cum generis suis,62,,70,,
9059,9076,26,4,86,48,446,castellum,,,,,heredum,,,,0.5,,3,,
9060,9077,26,4,86,458,2796,,,,,,,Domina,Dicator (gener eius),,1,,1.5,,
9061,9078,26,4,86,3730,1430,judicatus,,,,,,Domini,,,23,,,,
9062,9079,26,4,86,3728,1430,judicatus,,,,,,Domini,,,22,,,,
9063,9080,26,4,86,3726,1430,judicatus,,,,,,Domini,,,105,,,,
9064,9081,26,4,86,3729,1430,judicatus,,,,,,Domini,,,60,,33,,
9065,9082,26,4,86,3731,1430,judicatus,,,,,,Domini,,,20,,14,,
9066,9083,26,4,86,3727,1430,judicatus,,,,,,Domini,,,7,,16,,
9067,9084,26,4,86,3732,1430,judicatus,,,,,,Domini,,,16,,15,,
9068,9085,26,4,86,2136,,,,,,,,,Eremiti (Fratres heremitae),,4,,3,,
9069,9086,26,4,86,3728,1430,judicatus,,,,,,Domini,,,0,,9,,
9070,9087,26,4,86,1987,230,castrum,,,,,,Dominus,,,19,,12,,
9071,9088,26,4,86,2108,1444,,,,,,,,,fratribus,3,,5,,
9072,9089,26,4,86,3682,2090,,,,,,Relicta,,,,4,,3,,
9073,9090,26,4,86,255,,,,,,,,,Eremiti (Fratres heremitae) sub Medwe,,7,,3,,
9074,9091,26,4,86,1032,,,,,,,,,Gradec (Civitas Montis Grecensis Zagrabiensis),,3.5,,4,,
9075,9092,26,4,86,3007,,,,,,,,,Župnik (plebanus),,2,,1,,
9076,9093,26,4,86,2479,2884,,,,,,,,,,2,,,,
9077,9094,26,4,86,2479,810,,,,,,,,,,2,,,,
9078,9095,26,4,86,2479,830,,,,,,,Domina,,,1.5,,1,,
9079,9096,26,4,86,2479,3846,,,,,,,,,,1,,4,,
9080,9097,26,4,86,2479,1297,,,,,,,,,,1.5,,3,,
9081,9098,26,4,86,3325,,judicatus,,,,,,,Kaptol zagrebački (Capitulum Zagrabiense),,66,,,,
9082,9099,26,4,86,1928,,judicatus,,,,,,,Kaptol zagrebački (Capitulum Zagrabiense),,43,,,,
9083,9100,26,4,86,2293,,judicatus,,,,,,,Kaptol zagrebački (Capitulum Zagrabiense),,37,,,,
9084,9101,26,4,86,2121,,judicatus,,,,,,,Kaptol zagrebački (Capitulum Zagrabiense),,29,,,,
9085,9102,26,4,86,1436,,judicatus,,,,,,,Kaptol zagrebački (Capitulum Zagrabiense),,10,,,,
9086,9103,26,4,86,1622,,judicatus,,,,,,,Kaptol zagrebački (Capitulum Zagrabiense),,27,,,,
9087,9104,26,4,86,800,,judicatus,,,,,,,Kaptol zagrebački (Capitulum Zagrabiense),,7,,,,
9088,9105,26,4,86,2560,,judicatus,,,,,,,Kaptol zagrebački (Capitulum Zagrabiense),,4,,,,
9089,9106,26,4,86,74,,,,,,,,,Prepošt (praepositus) Beatae Virginis in area Capitulari,,3,,4,,
9090,9107,26,4,86,374,4098,,,,,,,,Judex nobilium,Mathias Mikwlych cum Relicta (Kasnarycza*),2,,3,,1
9091,9108,26,4,86,780,3896,,,,,,,,,,1,,1.5,,
9092,9109,26,4,86,780,18,,,,,,,,,Antholkowych,1.5,,2.5,,
9093,9110,26,4,86,780,3003,,,,,,,,,,2,,1.5,,
9094,9111,26,4,86,780,3050,,,,,,,,,,2,,2.5,,
9095,9112,26,4,86,962,1644,,,,,,,,Vicejudex nobilium,,1.5,,1.5,,
9096,9113,26,4,86,1387,2840,,,,,,,,,,1,,1.5,,
9097,9114,26,4,86,1387,3261,,,,,,,,Vicejudex nobilium,,1,,,,
9098,9115,26,4,86,9,442,,,,,,Relicta,,,relicta-doctor Sygmondych*,2,,2,,1
9099,9116,26,4,86,9,1837,,,,,,,,,loco Iwanchych,1.5,,3,,
9100,9117,26,4,86,9,3319,,,,,,,,Vicejudex nobilium,cum fratribus,1,,1,,
9101,9118,26,4,86,2272,2032,,,,,,,,,Michael Hrwssoczy,1.5,,1.5,,
9102,9119,26,4,86,1726,3846,,,,,,,,,,4,,3,,
9103,9120,26,4,86,1726,830,,,,,,Filia-Gregorius,,,,4,,3,,
9104,9121,26,4,86,1726,1297,,,,,,,,,,4,,3,,
9105,9122,26,4,86,313,1430,,,,,,,Dominus,,,12,,8,,
9106,9123,26,4,86,314,1430,,,,,,,Dominus,,,6,,4,,
9107,9124,26,4,86,310,1379,castellum,,,,,,,Predialis-castellum Bosyako*,,2,,,,1
9108,9125,26,4,86,2368,4157,,,,,,,,Predialis-castellum Bosyako*,cum sorore,3,,,,1
9109,9126,26,4,86,3648,3174,,,,,,,,Predialis-castellum Bosyako*,,3.5,,,,1
9110,9127,26,4,86,3648,,,,,,,,,"Župnik (plebanus)-St. Martinus, Predialis-castellum Bosyako*",,0.5,,,,1
9111,9128,26,4,86,1499,2967,,,,,,,,Predialis-castellum Bosyako*,,1,,2,,1
9112,9129,26,4,86,3478,2944,,,,,,Heredes,,Predialis-castellum Bosyako*,,5,,3,,1
9113,9130,26,4,86,1617,2740,,,,,,,,Predialis-castellum Bosyako*,,2,,1.5,,1
9114,9131,26,4,86,1383,1485,,,,,,,,Predialis-castellum Bosyako*,Tomazoych,2,,1.5,,1
9115,9132,26,4,86,808,3222,,,,,,Heredes,,Predialis-castellum Bosyako*,,0.5,,,,1
9116,9133,26,4,86,322,2427,,,,,,,,Predialis-castellum Bosyako*,,0.5,,1,,1
9117,9134,26,4,86,2102,1507,,,,,,,,Predialis-castellum Bosyako*,,2.5,,,,1
9118,9135,26,4,86,3517,1507,,,,,,,,Predialis-castellum Bosyako*,,4.5,,3,,1
9119,9136,26,4,86,3515,1731,,,,,,,,Predialis-castellum Bosyako*,,1,,1.5,,1
9120,9137,26,4,86,2473,,,,,,,,Dominus,Prepošt (praepositus)-Glagoncza,,4.5,,6,,
9121,9138,26,4,86,3253,,,,,,,,Reverendissimus dominus,"Biskup zagrebački (Episcopus Zagrabiensis), Archiepiscopus Coloczensis, banus",,14,,4,,
9122,9139,26,4,86,3252,,,,,,,,Reverendissimus dominus,"Biskup zagrebački (Episcopus Zagrabiensis), Archiepiscopus Coloczensis, banus",,17,,6,,
9123,9140,26,4,86,575,,judicatus,,,,,,Reverendissimus dominus,"Biskup zagrebački (Episcopus Zagrabiensis), Archiepiscopus Coloczensis, banus",,4,,3,,
9124,9141,26,4,86,3350,3135,,,,,,,,"Litteratus, dicator",,2.5,,1.5,,
9125,9142,26,4,86,2834,,,,,,,,,Nobiles praediales de Samssynowcz,,6,,1.5,,
9126,9143,26,4,86,238,1957,,,,,,,,,,1,,2,,
9127,9144,26,4,86,3247,,,,,,,,,,"Nobiles: Janthol Szedynych provisor, Johannes Kowachych cum fratribus, Benedictus Krassych alias provisor, Mathias Horvat cum fratribus=fumi 8",0,,,,
9128,9145,26,4,86,780,3856,,,,,,,,,,0.5,,1.5,,
9129,9146,26,4,86,9,3892,,,,,,,,,Mathias Kalynzky,0.5,,1.5,,
9130,9147,26,4,86,9,13,,,,,,,Nobilis,,,0.5,,0.5,,
9131,9148,26,4,86,9,2258,,,,,,,,Vicejudex nobilium*,Andreas Kassnar,0.5,,,,1
9132,9149,26,4,140,461,3846,,,,,,,,Judex nobilium,,12,,3,,
9133,9150,26,4,140,461,3702,,,,,,,,,,12,,3,,
9134,9151,26,4,140,461,1297,,,,,,,,,,12,,3,,
9135,9152,26,4,140,461,,,,,,,,,Župnik (plebanus)-St. Petrus,,2,,,,
9136,9153,26,4,140,971,2077,,,,,,,,,Michael junior Hrwssoczy,1.5,,1.5,,
9137,9154,26,4,140,971,3154,,,,,,,,,,,,1,,
9138,9155,26,4,140,2994,4129,,,,,,,,,,2.5,,1.5,,
9139,9156,26,4,140,2994,3001,,,,,,,,,,2.5,,1.5,,
9140,9157,26,4,140,2934,3056,,,,,,,,,,2.5,,2.5,,
9141,9158,26,4,140,1171,908,,,,,,,Dominus,,,23,,9,,
9142,9159,26,4,140,1154,1680,,,,,,Relicta,,,,2,,1.5,,
9143,9160,26,4,140,1154,3177,,,,,,,,,,2,,1.5,,
9144,9161,26,4,140,1154,4228,,,,,,,,,,2.5,,2,,
9145,9162,26,4,140,1171,,,,,,,,,Župnik (plebanus),,0.5,,1,,
9146,9163,26,4,140,438,134,,,,,,,Dominus,,,8,,4,,
9147,9164,26,4,140,438,2548,,,,,,Relicta,,,,2.5,,,,
9148,9165,26,4,140,120,618,,,,,,,,,,3,,1.5,,
9149,9166,26,4,140,120,548,,,,,,,,,Pathachych,1,,,,
9150,9167,26,4,140,120,1955,,,,,,,,,Benkowych,1,,,,
9151,9168,26,4,140,3093,2747,,,,,,,,,,1.5,,1,,
9152,9169,26,4,140,173,3698,,,,,,,,,,0.5,,1,,
9153,9170,26,4,140,2921,2423,,,,,,,,,,1.5,,1.5,,
9154,9171,26,4,140,2921,3395,,,,,,,,,,1.5,,1.5,,
9155,9172,26,4,140,2921,122,,,,,,,,,loco Adami Gotal cum Domina Relicta Prenar,1.5,,1,,
9156,9173,26,4,140,3086,46,,,,,,quondam,,,Fynthych,2,,1,,
9157,9174,26,4,140,215,3518,,,,,,,,,Barber,1.5,,1,,
9158,9175,26,4,140,3498,3050,,,,,,,,,,4.5,,3,,
9159,9176,26,4,140,3498,2907,,,,,,,,,,4,,2.5,,
9160,9177,26,4,140,3498,2502,,,,,,,,,loco Christophorus Kerecheny,4,,2.5,,
9161,9178,26,4,140,3498,794,,,,,,Relicta,,,,4.5,,2.5,,
9162,9179,26,4,140,3498,3846,,,,,,,,,,5,,2.5,,
9163,9180,26,4,140,2467,2609,,,,,,,,Vicecomes,,1,,3.5,,
9164,9181,26,4,140,2467,3975,,,,,,,,,,2,,4,,
9165,9182,26,4,140,2467,2735,,,,,,Relicta,,,Draskowych,2,,3,,
9166,9183,26,4,140,2467,1415,,,,,,Relicta,,,,1.5,,2.5,,
9167,9184,26,4,140,2467,2348,,,,,,Filiarum,,,Michael Zabo,0.5,,4,,
9168,9185,26,4,140,2467,2256,,,,,,,,,,1.5,,3,,
9169,9186,26,4,140,2467,2574,,,,,,,,Vicecomes,cum fratre,2,,2.5,,
9170,9187,26,4,140,2467,1510,,,,,,,,,,0.5,,1.5,,
9171,9188,26,4,140,3498,191,,,,,,heredum,Dominus,Banus,,5.5,,1.5,,
9172,9189,26,4,140,3498,1170,,,,,,,,Vicecomes,,3,,2,,
9173,9190,26,4,140,3498,3817,,,,,,,,,,3,,2,,
9174,9191,26,4,140,448,,,,,,,,Reverendissimus dominus,"Biskup zagrebački (Episcopus Zagrabiensis), Archiepiscopus Colocensis, banus",,3.5,,3,,
9175,9192,26,4,140,1913,2409,,,,,,,,,"Mathias Santek, Petri Szerecz",1,,,,
9176,9193,26,4,140,122,437,,,,,,Relicta,,,,0.5,,1,,
9177,9194,26,4,140,1930,,,,,,,,,Župnik (plebanus),,1,,1.5,,
9178,9195,26,4,15,3440,612,castrum,,,,,,Domini,,,45,,,,
9179,9196,26,4,15,3440,229,castrum,,,,,,Dominus,,,45,,18,,
9180,9197,26,4,15,3440,1022,castrum,,,,,,,Causarum regalium directoris,,3,,3,,
9181,9198,26,4,15,3440,,oppidum,,,,,,,,,33,,3,,
9182,9199,26,4,15,3440,,,,,,,,,Župnik (plebanus)-Zamobor,,2,,3,,
9183,9200,26,4,15,264,229,,,,,,,Dominus,,,1.5,,3.5,,
9184,9201,26,4,15,2254,3568,,,,,,,"Dominus, comes",Banus,,175,,185,,
9185,9202,26,4,15,2242,,,,,,,,,Župnik (plebanus)-St. Trinitas,,0.5,,2,,
9186,9203,26,4,15,2242,,,,,,,,,Župnik (plebanus)-St. Martinus,,1,,1.5,,
9187,9204,26,4,15,960,3112,,,,,,,,,,1,,4,,
9188,9205,26,4,15,1514,3203,,,,,,,,,,1,,4,,
9189,9206,26,4,15,2053,3772,,,,,,,,,,1.5,,3.5,,
9190,9207,26,4,15,1471,3817,,,,,,,,,,5,,3,,
9191,9208,26,4,15,1800,836,,,,,,,,,,1.5,,,,
9192,9209,26,4,15,1367,2011,,,,,,Relicta,Domina,,,2.5,,1,,
9193,9210,26,4,15,1367,241,,,,,,,,,portione Melchioris,4.5,,2,,
9194,9211,26,4,15,1802,2154,,,,,,,Egregius dominus,,heredibus Lyppynyei,6.5,,3,,
9195,9212,26,4,15,1815,2545,,,,,,,,Vicebanus,,6.5,,2,,
9196,9213,26,4,15,330,3810,,,,,,,,,,1.5,,1,,
9197,9214,26,4,15,330,3952,,,,,,,,,,1,,1,,
9198,9215,26,4,15,1192,1371,,,,,,,,,loco Franye,1,,3,,
9199,9216,26,4,15,2236,1727,,,,,,,,,,3.5,,1.5,,
9200,9217,26,4,15,357,1550,,,,,,Heredes,,,Vicebanus possidet,28,,20,libertinorum fumi,
9201,9218,26,4,15,357,1278,,,,,,,Domina,,,28,,25,libertinorum fumi,
9202,9219,26,4,15,687,1731,,,,,,,,,,1,,1,,
9203,9220,26,4,15,2439,1164,,,,,,Relicta,,,,2.5,,1.5,,
9204,9221,26,4,15,2439,3210,,,,,,,,,,2.5,,1.5,,
9205,9222,26,4,15,2439,2715,,,,,,,,,,2.5,,1.5,,
9206,9223,26,4,15,2073,2040,,,,,,,,,cum sororibus,1,,1.5,,
9207,9224,26,4,15,1553,3980,,,,,,Relicta,,,,2.5,,2.5,,
9208,9225,26,4,15,1169,,,,,,,,,Gradec (Civitas Montis Grecensis Zagrabiensis),,4,,2,,
9209,9226,26,4,15,2475,3160,,,,,,,,,Relicta Plantak,1.5,,1.5,,
9210,9227,26,4,15,2674,2704,,,,,,,,,,1,,,,
9211,9228,26,4,15,1553,3073,,,,,,,,,Gaspare Modych,1,,,,
9212,9229,26,4,15,2684,2962,,,,,,,,,,0.5,,0.5,,
9213,9230,26,4,15,2684,2924,,,,,,,,,cum fratribus,0.5,,1.2,,
9214,9231,26,4,15,1486,767,,,,,,,,,,0.5,,0.5,,
9215,9232,26,4,15,1000,,,,,,,,,Župnik (plebanus),,1,,1,,
9216,9233,26,4,15,1557,2863,,,,,,,,Judex nobilium,Blasius Pogledych,1,,1,,
9217,9234,26,4,15,3042,2863,,,,,,,,Judex nobilium,Blasius Pogledych,0,,1,,
9218,9235,26,4,15,3042,1025,,,,,,,,Vicejudex nobilium,,1,,1,,
9219,9236,26,4,15,53,558,,,,,,,,,Arbanasz,0.5,,1.5,,
9220,9237,26,4,15,53,3496,,,,,,,,,,0.5,,,,
9221,9238,26,4,15,53,3011,,,,,,,,,,1,,,,
9222,9239,26,4,15,53,3880,,,,,,,,,,0.5,,0.5,,
9223,9240,26,4,15,1594,2084,,,,,,,,,Benedictus Arbanas,1,,,,
9224,9241,26,4,15,2684,4100,,,,,,,,,Franciscus Modych-heredes,1,,,,
9225,9242,26,4,15,1228,1771,,,,,,Relicta,,,Benedictus Myxych,1,,,,
9226,9243,26,4,15,1596,4135,,,,,,,,,,0.5,,0.5,,
9227,9244,26,4,15,1596,2919,,,,,,,,,,0.5,,,,
9228,9245,26,4,15,1596,2808,,,,,,,,,,1,,1,,
9229,9246,26,4,15,1596,3110,,,,,,,,,,1,,,,
9230,9247,26,4,15,1751,,,,,,,,,Turopoljska plemenita općina (Nobiles campi Zagrabiensis),,2,,1,,
9231,9248,26,4,15,1755,2964,,,,,,,,,,2,,1,,
9232,9249,26,4,15,3182,8,judicatus,,,,,,Domini,,,13,,,,
9233,9250,26,4,15,3181,8,judicatus,,,,,,Domini,,,25,,,,
9234,9251,26,4,15,3178,8,judicatus,,,,,,Domini,,,13,,,,
9235,9252,26,4,15,3180,8,judicatus,,,,,,Domini,,,14,,7,,
9236,9253,26,4,15,3179,8,judicatus,,,,,,Domini,,,20,,,,
9237,9254,26,4,15,2686,,,,,,,,,Eremiti (Fratres heremitae),,12,,6,,
9238,9255,26,4,15,2883,3993,,,,,,,,,,3.5,,3.5,,
9239,9256,26,4,15,2883,4117,,,,,,,,,,4,,4,,
9240,9257,26,4,15,2883,2718,,,,,,,,Vicecomes,,3.5,,3.5,,
9241,9258,26,4,15,2883,2944,,,,,,Heredes,,,,4,,3,,
9242,9259,26,4,15,532,2944,,,,,,Relicta,,,Barbyer-heredes,2.5,,,,
9243,9260,26,4,15,532,2467,,,,,,,,,,4,,,,
9244,9261,26,4,15,532,2462,,,,,,,,,,2.5,,,,
9245,9262,26,4,15,532,662,,,,,,,,,"Jacobus Posedych, Stephanus Dorothych, Paulus Barbyer",3,,1.5,,
9246,9263,26,4,15,1566,1810,,,,,,Relictarum,,,Johannes Saronych,0.5,,1.5,,
9247,9264,26,4,15,1583,,judicatus,,,,,,,Kaptol zagrebački (Capitulum Zagrabiense),,26,,16,,
9248,9265,26,4,15,2505,230,,,,,,,Domini,,,8,,5,,
9249,9266,26,4,15,2505,1170,,,,,,,,"Vicecomes, juratus",,6,,,,
9250,9267,26,4,15,1631,,,,,,,,,Župnik (plebanus),,1.5,,,,
9251,9268,26,4,15,2902,3569,,,,,,Heredes,Dominus,Banus,,215,,,,
9252,9269,26,4,15,109,418,,,,,,,,,,0.5,,2.5,,
9253,9270,26,4,15,2209,191,,,,,,Heredes,Dominus,,,65,,,,
9254,9271,26,4,15,3218,2951,,,,,,,,,,1,,,,
9255,9272,26,4,15,1743,1490,,,,,,,,,,1,,,,
9256,9273,26,4,15,2192,,,,,,,,,Župnik (plebanus),,0.5,,0.5,,
9257,9274,26,4,15,3780,,,,,,,,,Župnik (plebanus),,0.5,,0.5,,
9258,9275,26,4,15,2426,,,,,,,,,Župnik (plebanus),,1.5,,0.5,,
9259,9276,26,4,15,3204,2774,,,,,,,,,,17,,,,
9260,9277,26,4,15,1958,,,,,,,,,Župnik (plebanus),,1,,,,
9261,9278,26,4,15,3812,2759,,,,,,,,,,2,,,,
9262,9279,26,4,15,3666,2091,,,,,,,,,,0.5,,,,
9263,9280,26,4,15,1894,1402,,,,,,,,,,1.5,,1,,
9264,9281,26,4,15,2997,,,,,,,,,Kaptol zagrebački (Capitulum Zagrabiense),,120,,15,,
9265,9282,26,4,15,2864,1076,,,,,,,,,cum fratribus,2.5,,1.5,,
9266,9283,26,4,15,1783,1441,,,,,,,Dominus,Banus,,14,,9,,
9267,9284,26,4,15,1783,1069,,,,,,,,,,,,4,,
9268,9285,26,4,15,815,,,,,,,,Reverendissimus dominus,"Biskup zagrebački (Episcopus Zagrabiensis), archiepiscopus, banus",,7,,4,,
9269,9286,26,4,15,1186,,,,,,,,Reverendissimus dominus,"Biskup zagrebački (Episcopus Zagrabiensis), archiepiscopus, banus",,26,,12,,
9270,9287,26,4,15,2090,3393,,,,,,,,,,1.5,,1,,
9271,9288,26,4,15,2090,1863,,,,,,,,,cum fratre,2.5,,0.5,,
9272,9289,26,4,15,2533,,castrum,,,,,,Reverendissimus dominus,"Biskup zagrebački (Episcopus Zagrabiensis), archiepiscopus, banus",,2,,,,
9273,9290,26,4,15,205,,,,,,,,Reverendissimus dominus,"Biskup zagrebački (Episcopus Zagrabiensis), archiepiscopus, banus",,5,,7,,
9274,9291,26,4,15,3318,8,,,,,,,Domini,,,1,,8,,
9275,9292,26,4,15,2986,1213,,,,,,,,,Melchior,1,,2,,
9276,9293,26,4,15,2986,1519,,,,,,,,,Balthasar Syssynachky,1,,2,,
9277,9294,26,4,15,1472,887,,,,,,,,,,6.5,,1.5,,
9278,9295,26,4,15,3369,1047,,,,,,,,,Gaspar Borasti,3.5,,,,
9279,9296,26,4,15,2343,3709,,,,,,,,,Myslenowych,4.5,,,,
9280,9297,26,4,15,3716,3643,,,,,,Relicta,,,,1,,,,
9281,9298,26,4,15,2805,2283,,,,,,,,,,3,,1.5,,
9282,9299,26,4,15,2805,1471,,,,,,,,,,3,,1.5,,
9283,9300,26,4,15,540,1475,,,,,,,,,,3.5,,1.5,,
9284,9301,26,4,15,1205,3159,,,,,,,,,,7,,2,,
9285,9302,26,4,15,1205,3157,,,,,,,,,,7,,2,,
9286,9303,26,4,15,1205,2240,,,,,,,,,,11,,3,,
9287,9304,26,4,15,3798,374,,,,,,,,,,1,,1,,
9288,9305,26,4,15,1265,845,,,,,,,,,,4.5,,3,,
9289,9306,26,4,15,661,287,,,,,,Relicta,,,,2.5,,1.5,,
9290,9307,26,4,15,3509,1963,,,,,,,,,Johannes Nenadych,1,,2,,
9291,9308,26,4,15,3808,2271,,,,,,,,,,1,,1.5,,
9292,9309,26,4,15,784,1089,,,,,,,,,cum fratribus,2,,2,,
9293,9310,26,4,15,784,1705,,,,,,,,,,2,,1.5,,
9294,9311,26,4,15,784,3053,,,,,,,,,,1.5,,1.5,,
9295,9312,26,4,15,784,2339,,,,,,,,,,1,,,,
9296,9313,26,4,15,2289,126,,,,,,Relicta,,,,3.5,,1.5,,
9297,9314,26,4,15,2289,2574,,,,,,,,Vicecomes,,2,,0.5,,
9298,9315,26,4,15,2289,4085,,,,,,,,,loco Nicolai Imprych,3,,,,
9299,9316,26,4,15,2289,361,,,,,,Relicta,,,,2,,0.5,,
9300,9317,26,4,15,2289,1787,,,,,,,,,cum portione Petri Imprych nunc erg manus Petri Wokocheyth,2.5,,0.5,,
9301,9318,26,4,15,1310,362,,,,,,Relicta,,,cum heredibus,12,,,,
9302,9319,26,4,15,1310,4081,,,,,,,,,cum sororibus (divisiae ibidem inter eos pro curiis nobilitaribus sessiones integre sive fumi 7),12,,,,
9303,9320,26,4,15,1310,4085,,,,,,,,,,12,,3,,
9304,9321,26,4,15,1310,3607,,,,,,,,,,7,,2,,
9305,9322,26,4,15,1310,2574,,,,,,,,Vicecomes,,4.5,,6,,
9306,9323,26,4,15,2981,1609,,,,,,,,,,5.5,,2.5,,
9307,9324,26,4,15,2981,1186,,,,,,,,,Ztanssych,1.5,,1.5,,
9308,9325,26,4,15,2981,4241,,,,,,Relicta,,,,0.5,,0.5,,
9309,9326,26,4,15,249,2382,,,,,,,,,cum fratribus,2.5,,1.5,,
9310,9327,26,4,15,3430,1344,,,,,,,,,Thomas Aytych,1,,,,
9311,9328,26,4,15,3430,3826,,,,,,,,,"Gabriel Aytych, Petrus Aytych, Gasparus Aytych",2,,,,
9312,9329,26,4,15,3430,920,,,,,,Puella,,,Za sve Aytyche: ittem ibidem divisi inter eos pro curiis nobilitaribus integri fumi 7,0.5,,,,
9313,9330,26,4,15,1844,412,,,,,,,Dominus,,,8,,6,,
9314,9331,26,4,15,2744,413,,,,,,,Dominus,,,23,,8,,
9315,9332,26,4,15,2978,,,,,,,,,Župnik (plebanus),,0.5,,2.5,,
9316,9333,26,4,15,732,2811,,,,,,,,,Petrus Beleewych,0,,1.5,,
9317,9334,26,4,15,732,2736,,,,,,,,Vicejudex nobilium,,0.5,,,,
9318,9335,26,4,15,3299,,,,,,,,,Župnik (plebanus),Eiusdem apud Dominam Banissam,1.5,,3.5,,
9319,9336,26,4,15,3299,49,,,,,,,,,,2,,2,,
9320,9337,26,4,15,3299,841,,,,,,Heredes,,,,1,,,,
9321,9338,26,4,15,3299,2882,,,,,,,,,,1.5,,1.5,,
9322,9339,26,4,15,3699,1205,,,,,,,,,,6,,3,,
9323,9340,26,4,15,2357,669,,,,,,,"Dominus, comes",,Post anni 1570 conumerationem factam pro curiis nobilitaribus nobilibus servitoribus suis per eosdem distributi fumi integraliter 37,140,,,,
9324,9341,26,4,15,2481,230,,,,,,,Dominus,,,5,,,,
9325,9342,26,4,15,3090,1545,,,,,,,,,cum fratribus,5,,,,
9326,9343,26,4,15,3089,2700,,,,,,,,,,0.5,,0.5,,
9327,9344,26,4,15,40,2887,,,,,,,,,,1,,2,,
9328,9345,26,4,15,730,3019,,,,,,,,,,2,,2,,
9329,9346,26,4,15,3065,3197,,,,,,,,,"Laurentius Baldakouych, Relicta Babonosyczka",1.5,,1.5,,
9330,9347,26,4,15,2814,3744,,,,,,Relicta,,,,1.5,,1.5,,
9331,9348,26,4,15,2814,3621,,,,,,,,,,3.5,,1.5,,
9332,9349,26,4,15,802,2644,,,,,,,,,,4.5,,2,,
9333,9350,26,4,15,1353,,,,,,,,,Župnik (plebanus),,4.5,,6,,
9334,9351,26,4,15,2439,,,,,,,,,Kaptol zagrebački (Capitulum Zagrabiense),,18,,,,
9335,9352,26,4,15,1349,191,,,,,,Heredes,"Dominus, comes",Banus,,100,,32,,
9336,9353,26,4,15,1844,2368,,,,,,Relicta,Domina,,,3,,1.5,,
9337,9354,26,4,15,2983,2155,,,,,,,,,puella Barbara filia Johannes Lyppinyey,2,,,,
9338,9355,26,4,15,3094,,,,,,,,,Župnik (plebanus) de Petrowyna,,1,,1,,
9339,9356,26,4,15,1514,4141,,,,,,,,,,1.5,,0.5,,
9340,9357,26,4,15,2230,3731,,,,,,Relicta,Domina,,olim Imprych nunc apud manus Kerchelych,1.5,,,,
9341,9358,26,4,15,2630,498,,,,,,Relicta,,,,1.5,,0.5,,
9342,9359,26,4,15,2630,562,,,,,,Relicta,,,,2,,1,,
9343,9360,26,4,15,2535,1605,,,,,,,,,,1.5,,0.5,,
9344,9361,26,4,15,3797,3296,,,,,,,,,,3,,1.5,,
9345,9362,26,4,15,414,1958,,,,,,,,,Christophorus Czwethych,1,,0.5,,
9346,9363,26,4,15,2535,345,,,,,,Relicta,,,"Joanne Balogh, Ztypano Brumano",1,,1,,
9347,9364,26,4,15,2535,176,,,,,,,,,Spysych,1,,,,
9348,9365,26,4,15,3664,922,,,,,,,,,,1,,,,
9349,9366,26,4,15,3664,1880,,,,,,,,,,,,,,
9350,9367,26,4,15,2539,3448,,,,,,,,,,0.5,,,,
9351,9368,26,1,6,1896,1462,,,,,,Heredes,,,,25.5,,8,,
9352,9369,26,1,6,1895,,,,,,,,,Župnik (plebanus),,1,,3,,
9353,9370,26,1,6,1433,1305,,,,,,,,,,5.5,,3,,
9354,9371,26,1,6,1433,2226,,,,,,Relicta,,,,3,,3.5,,
9355,9372,26,1,6,2730,1369,,,,,,,Dominus,,,15,,9,,
9356,9373,26,1,6,2731,611,,,,,,,Domini,,Pewkry,10,,3.5,,
9357,9374,26,1,6,2732,1596,,,,,,,Dominus,,,17,,1.5,,
9358,9375,26,1,6,2732,1474,,,,,,Heredes,,,,2.5,,5,,
9359,9376,26,1,6,1007,2260,,,,,,,,,"Franciscus Keczer, Johannes (alterius) Keczer",6,,3,,
9360,9377,26,1,6,1692,2809,,,,,,,,Litteratus,,3,,,,
9361,9378,26,1,6,1692,658,,,,,,Relicta,,,Michael literato,7,,,,
9362,9379,26,1,6,1378,4213,,,,,,,,,,1,,1.5,,
9363,9380,26,1,6,1378,3841,,,,,,,,,,,,1.5,,
9364,9381,26,1,6,1378,1592,,,,,,,,,,0.5,,1,,
9365,9382,26,1,6,2341,1243,,,,,,,,,,0.5,,3,,
9366,9383,26,1,6,128,2955,,,,,,,,,,4,,1.5,,
9367,9384,26,1,6,128,2390,,,,,,,,,,1.5,,1,,
9368,9385,26,1,6,128,2188,,,,,,,,,,1.5,,4,,
9369,9386,26,1,6,128,2161,,,,,,,,,,2.5,,1.5,,
9370,9387,26,1,6,1416,2931,,,,,,,,,,5,,,,
9371,9388,26,1,6,2341,706,,,,,,,,,,2.5,,,,
9372,9389,26,1,6,659,1192,,,,,,,,,,0.5,,,,
9373,9390,26,1,6,1425,,,,,,,,,Kralj (rex),,45,,,,
9374,9391,26,1,64,3627,1367,,,,,,,Dominus,,,13,,8,,
9375,9392,26,1,64,3603,2300,,,,,,,,,,1,,1.5,,
9376,9393,26,1,64,3603,3343,,,,,,Relicta,,,,0.5,,1.5,,
9377,9394,26,1,64,2518,2312,,,,,,,,,,1,,2,,
9378,9395,26,1,64,2518,2327,,,,,,,,,,1,,1.5,,
9379,9396,26,1,64,2518,3091,,,,,,,,,Franciscus Zaboky (loco),1,,1.5,,
9380,9397,26,1,64,1903,3894,,,,,,,,,,3.5,,4,,
9381,9398,26,1,64,439,2549,,,,,,,Dominus,,,13,,,,
9382,9399,26,1,64,437,2549,,,,,,Relicta,,,,2.5,,1.5,,
9383,9400,26,1,64,3378,2805,,,,,,,,,,3.5,,3,,
9384,9401,26,1,64,487,1209,,,,,,,,,,3,,4,,
9385,9402,26,1,64,3827,1848,,,,,,,,,Johannes Swppanych,3,,2.5,,
9386,9403,26,1,64,1711,1369,,,,,,,Magnificus dominus,,Plebanus,20,,15,,
9387,9404,26,1,64,2813,,,,,,,,,Župnik (plebanus),,,,1.5,,
9388,9405,26,1,64,2312,312,,,,,,,Dominus,,,3.5,,5,,
9389,9406,26,1,64,2005,3026,,,,,,Orphani,,,,0.5,,1.5,,
9390,9407,26,1,64,2152,7,,,,,,,Domini,,,8,,6,,
9391,9408,26,1,64,1061,7,,,,,,,Domini,,,7.5,,1.5,,
9392,9409,26,1,64,2088,1635,,,,,,,Reverendissimus dominus,"Biskup zagrebački (Episcopus Zagrabiensis), Archiepiscopus Colocensis, banus",,14,,17,,
9393,9410,26,1,64,783,509,,,,,,,Domini,,Thwroczy-Heredes,13,,7,,
9394,9411,26,1,64,1679,1369,,,,,,,Dominus,,,18,,6,,
9395,9412,26,1,64,1677,381,,,,,,Heredes,,,,9.5,,3,,
9396,9413,26,1,64,807,3479,,,,,,,,,,1.5,,1.5,,
9397,9414,26,1,64,807,2542,,,,,,,,,,,,1.5,,
9398,9415,26,1,64,929,,,,,,,,Dominus,Prepošt (praepositus)-Galgoncza,,5.5,,8,,
9399,9416,26,1,64,2757,37,,,,,,,Dominus,,,3,,6,,
9400,9417,26,1,64,2757,3174,,,,,,,,,cum fratribus,1,,2,,
9401,9418,26,1,64,2717,3056,,,,,,,,,cum fratribus,4,,6,,
9402,9419,26,1,64,1254,,,,,,,,Reverendissimus dominus,"Biskup zagrebački (Episcopus Zagrabiensis), Archiepiscopus Colocensis, banus",,12,,15,,
9403,9420,26,1,64,1041,,,,,,,,Reverendissimus dominus,"Biskup zagrebački (Episcopus Zagrabiensis), Archiepiscopus Colocensis, banus",,12,,8,,
9404,9421,26,1,64,2624,3894,,,,,,,,,,3.5,,7,,
9405,9422,26,1,64,2624,1170,,,,,,,,Vicecomes,,2.5,,8,,
9406,9423,26,1,64,3211,2773,,,,,,,,,,3.5,,6,,
9407,9424,26,1,64,1020,67,,,,,,,,,,0.5,,1.5,,
9408,9425,26,1,64,2782,3569,villicatus,,,,,Heredes,"Dominus, comes",Banus,,5.5,,8,,
9409,9426,26,1,64,2786,3569,,,,,,Heredes,"Dominus, comes",Banus,,10,,6,,
9410,9427,26,1,64,3343,3569,,,,,,Heredes,Dominus,,,9,,10,,
9411,9428,26,1,64,277,3841,,,,,,,,,Wolffgangus Bogachoczy,1,,1.5,,
9412,9429,26,1,64,2307,2087,,,,,,,,Vicecomes,,0.5,,1.5,,
9413,9430,26,1,64,2311,428,,,,,,Relictae,,,Balthasare Orehoczy,1,,4,,
9414,9431,26,1,64,3343,,,,,,,,,Župnik (plebanus),,1,,1.5,,
9415,9432,26,1,64,2521,2356,,,,,,,,,,0.5,,2,,
9416,9433,26,1,64,2101,1653,,,,,,,,,,1,,1.5,,
9417,9434,26,1,64,799,1599,,,,,,,,,Relicta Barthakoych,1.5,,1.5,,
9418,9435,26,1,64,799,2124,,,,,,,,,,1,,1,,
9419,9436,26,1,64,437,,,,,,,,,Župnik (plebanus),,1,,1.5,,
9420,9437,26,1,64,3390,4058,,,,,,,,,"Kyzeliak, Blasycz",0.5,,1,,
9421,9438,26,1,64,3390,,,,,,,,,Župnik (plebanus),Mathia Boynykoych,0.5,,1,,
9422,9439,26,1,64,3379,776,,,,,,,,,Johannes Ztanych,1,,1.5,,
9423,9440,26,1,64,2594,2806,,,,,,,,,,0.5,,,,
9424,9441,26,1,64,1603,3056,,,,,,,,,cum fratribus,3,,3,,
9425,9442,26,1,64,2977,2807,,,,,,,,,,0.5,,,,
9426,9443,26,1,64,2623,1209,,,,,,,,,,0.5,,,,
9427,9444,26,1,64,3343,2915,,,,,,,,,,0.5,,,,
9428,9445,26,1,64,915,,,,,,,,,Nobiles praediales,,4,,9,,
9429,9446,26,1,64,2779,191,,,,,,,Domini,Župnik (plebanus),,1,,1.5,,
9430,9447,26,1,64,2151,,,,,,,,,Župnik (plebanus),,1,,2,,
9431,9449,27,4,15,3442,629,,,,,,,Dominus,,,50,,,,
9432,9450,27,4,15,3442,230,,,,,,,Domini,,,50,,,,
9433,9451,27,4,15,3440,,oppidum,,,,,,,Zamobor-cives,,35,,,,
9434,9452,27,4,15,3440,,oppidum,,,,,,,Župnik (plebanus),,2,,3,,
9435,9453,27,4,15,1457,1044,villa,,,,,,,Directoris causarum regalium,,4,,,,
9436,9454,27,4,15,267,4031,,,,,,,,,,2,,2,,
9437,9455,27,4,15,2249,191,judicatus,,,,,,"Domini, comites",,,28.5,,,,
9438,9456,27,4,15,2248,191,judicatus,,,,,,"Domini, comites",,,42,,,,
9439,9457,27,4,15,2246,191,judicatus,,,,,,"Domini, comites",,,17,,,,
9440,9458,27,4,15,2247,191,judicatus,,,,,,"Domini, comites",,,62,,,,
9441,9459,27,4,15,2251,191,judicatus,,,,,,"Domini, comites",,,7,,,,
9442,9460,27,4,15,2250,191,judicatus,,,,,,"Domini, comites",,,19,,,,
9443,9461,27,4,15,1471,4031,,,,,,,Domini,,,8,,,,
9444,9462,27,4,15,2245,,,,,,,,,Župnik (plebanus)-St. Martinus,,1,,,,
9445,9463,27,4,15,2245,,,,,,,,,Župnik (plebanus)-St. Trinitas,,1,,,,
9446,9464,27,4,15,932,3113,,,,,,,,,,1,,1.5,,
9447,9465,27,4,15,932,3205,,,,,,,,,,1.5,,,,
9448,9466,27,4,15,932,4138,,,,,,,,,,1.5,,,,
9449,9467,27,4,15,2053,3772,,,,,,,,,,2,,1.5,,
9450,9468,27,4,15,1800,845,,,,,,,,,,1,,,,
9451,9469,27,4,15,1367,2010,,,,,,Heredes,Domina,,,3,,,,
9452,9470,27,4,15,1367,241,,,,,,Relicta,,,Melchior,5.5,,,,
9453,9471,27,4,15,1368,2109,,,,,,Heredes,,,,9,,,,
9454,9472,27,4,15,1370,2297,,,,,,Heredes,,,,1.5,,,,
9455,9473,27,4,15,1815,1736,,,,,,Heredes,,,,5,,1.5,,
9456,9474,27,4,15,333,3896,,,,,,,,,Balthasarius Gregoryanczy,2,,,,
9457,9475,27,4,15,333,3952,,,,,,,,,,1,,,,
9458,9476,27,4,15,1192,1370,,,,,,,,,,0.5,,2.5,,
9459,9477,27,4,15,2234,1766,,,,,,,,,,0.5,,,,
9460,9478,27,4,15,2234,1178,,,,,,,,,,1,,,,
9461,9479,27,4,15,2237,1727,,,,,,,,,,3.5,,,,
9462,9480,27,4,15,2237,3304,,,,,,,,,,1.5,,,,
9463,9481,27,4,15,357,1550,,,,,,Heredes,,,nunc Vicebanus Ladislaus Bwkowachky,38,,,,
9464,9482,27,4,15,357,1275,,,,,,,Domina,,,33,,8,,
9465,9483,27,4,15,687,1731,,,,,,Relicta,,,,2,,,,
9466,9484,27,4,15,2462,1162,,,,,,Relicta,,,,3,,,,
9467,9485,27,4,15,2462,3209,,,,,,Relicta,,,,3,,,,
9468,9486,27,4,15,2462,2714,,,,,,Relicta,,,,3,,,,
9469,9487,27,4,15,2462,,,,,,,,,Župnik (plebanus)-St. Petrus,,0.5,,,,
9470,9488,27,4,15,2074,2044,,,,,,,,,"cum sororibus, fratribus",1,,,,
9471,9489,27,4,15,1553,3980,,,,,,,,,,1.5,,,,
9472,9490,27,4,15,1553,1489,,,,,,,,Litteratus Chasmensis,,0.5,,,,
9473,9491,27,4,15,1553,3608,,,,,,,,,,1,,1.5,,
9474,9492,27,4,15,1166,,,,,,,,,Gradec (Civitas Montis Grecensis Zagrabiensis),,5,,1.5,,
9475,9493,27,4,15,2475,3087,,,,,,,,,,2.5,,,,
9476,9494,27,4,15,2674,4005,,,,,,,,,,1,,,,
9477,9495,27,4,15,1554,3073,,,,,,,,,,1.5,,,,
9478,9496,27,4,15,1554,1506,,,,,,,,,,0.5,,,,
9479,9497,27,4,15,1554,1326,,,,,,,,,,0.5,,,,
9480,9498,27,4,15,2154,4092,,,,,,,,,Nicolaus Laczkowych,0.5,,,,
9481,9499,27,4,15,2684,2961,,,,,,,,,,0.5,,,,
9482,9500,27,4,15,2684,791,,,,,,,,,loco Myrenych,1,,,,
9483,9501,27,4,15,1486,765,,,,,,,,,,0.5,,,,
9484,9502,27,4,15,1001,,,,,,,,,Župnik (plebanus) Beate Virginis,,1.5,,,,
9485,9503,27,4,15,1553,2938,,,,,,,,Judex nobilium,Blasius Pogledych,1,,,,
9486,9504,27,4,15,1557,1025,,,,,,,,Vicejudex nobilium,,1,,,,
9487,9505,27,4,15,53,2388,,,,,,,,,Thomas Arbanasz,1,,,,
9488,9506,27,4,15,1713,3216,,,,,,,,,,0.5,,,,
9489,9507,27,4,15,1713,3496,,,,,,,,,,0.5,,,,
9490,9508,27,4,15,55,3013,,,,,,,,,,1,,,,
9491,9509,27,4,15,55,3881,,,,,,,,,,1,,,,
9492,9510,27,4,15,1567,2085,,,,,,,,,Benedictus Arbanaz,0.5,,,,
9493,9511,27,4,15,2684,4100,,,,,,,,,Franciscus Modych-Heredes,0.5,,0.5,,
9494,9512,27,4,15,1857,1771,,,,,,Relicta,,,Benedictus Myxych,1,,,,
9495,9513,27,4,15,1860,3832,,,,,,,,,,0.5,,,,
9496,9514,27,4,15,1858,4135,,,,,,,,,Georgius Ztepanych,1,,,,
9497,9515,27,4,15,1858,2837,,,,,,,,,"cum fratribus, sororibus",1,,,,
9498,9516,27,4,15,2154,3783,,,,,,,,,Georgius Laczkowych,0.5,,,,
9499,9517,27,4,15,1751,,,,,,,,,Turopoljska plemenita općina (Nobiles campi Zagrabiensis),,2,,,,
9500,9518,27,4,15,1755,2964,,,,,,,,,,2.5,,,,
9501,9519,27,4,15,1323,455,,,,,,,,,Mathias Bekoych,1,,,,
9502,9520,27,4,15,3283,3010,,,,,,,,,,0.5,,,,
9503,9521,27,4,15,405,1322,,,,,,,,,,0.5,,,,
9504,9522,27,4,15,751,3904,,,,,,,,,"Brebych, Martinus Radenych, Thomas Radenych",1,,,,
9505,9523,27,4,15,3289,8,judicatus,,,,,,,,,14,,,,
9506,9524,27,4,15,3288,8,judicatus,,,,,,,,,26,,,,
9507,9525,27,4,15,3286,8,judicatus,,,,,,,,,10,,,,
9508,9526,27,4,15,3287,8,judicatus,,,,,,Domini,,,17,,7,,
9509,9527,27,4,15,2690,,,,,,,,Domini,Eremiti (Fratres heremitae),,14,,,,
9510,9528,27,4,15,2883,4120,,,,,,,Domini,,,4,,,,
9511,9529,27,4,15,2883,3993,,,,,,,Domini,,,4,,,,
9512,9530,27,4,15,2883,2718,,,,,,,,Vicecomes,,3.5,,1,,
9513,9531,27,4,15,2883,2729,,,,,,Puella,,,,2,,,,
9514,9532,27,4,15,2884,3546,,,,,,,,,,2,,,,
9515,9533,27,4,15,532,2484,,,,,,Relicta Johannes,,,"cum duobus filiis, filia Chernkoczy-quondam",5.5,,,,
9516,9534,27,4,15,532,2883,,,,,,Relicta,,,,2.5,,,,
9517,9535,27,4,15,532,2481,,,,,,,,,,2,,,,
9518,9536,27,4,15,532,2649,,,,,,,,,"Dorothych, Johannes Barbyer",3,,,,
9519,9537,27,4,15,532,2044,,,,,,,,,"Paulus Barbyer, Relicta",1,,,,
9520,9538,27,4,15,109,419,,,,,,,,,,0.5,,,,
9521,9539,27,4,15,1583,1810,,,,,,Relictarum,,,Johannes,0.5,,,,
9522,9540,27,4,15,1586,,,,,,,,,Kaptol zagrebački (Capitulum Zagrabiense),,20,,10,,
9523,9541,27,4,15,2511,3897,,,,,,,,,,10,,,,
9524,9542,27,4,15,2511,3649,,,,,,,,,,9,,,,
9525,9543,27,4,15,1631,,,,,,,,,Župnik (plebanus),,2,,,,
9526,9544,27,4,15,2426,,,,,,,,,Župnik (plebanus),,2,,,,
9527,9545,27,4,15,2899,3569,judicatus,,,,,Heredes,"Domini, comites",,,17,,,,
9528,9546,27,4,15,2898,3569,judicatus,,,,,Heredes,"Domini, comites",,,32,,,,
9529,9547,27,4,15,2896,3569,judicatus,,,,,Heredes,"Domini, comites",,,25,,,,
9530,9548,27,4,15,2894,3569,judicatus,,,,,Heredes,"Domini, comites",,,16,,,,
9531,9549,27,4,15,2895,3569,judicatus,,,,,Heredes,"Domini, comites",,,25,,,,
9532,9550,27,4,15,2900,3569,judicatus,,,,,Heredes,"Domini, comites",,,39,,,,
9533,9551,27,4,15,2897,3569,judicatus,,,,,Heredes,"Domini, comites",,,85,,,,
9534,9552,27,4,15,1743,1064,,,,,,,,,,1.5,,,,
9535,9553,27,4,15,2204,,,,,,,,,Župnik (plebanus),,0.5,,,,
9536,9554,27,4,15,3787,,,,,,,,,Župnik (plebanus),,1,,,,
9537,9555,27,4,15,3137,2954,,,,,,,,,,1,,,,
9538,9556,27,4,15,3210,2772,,,,,,,,,,18,,,,
9539,9557,27,4,15,2208,189,,,,,,Heredes,,,,75,,17,,
9540,9558,27,4,15,1968,,,,,,,,,Župnik (plebanus),,2,,,,
9541,9559,27,4,15,1844,2370,,,,,,Relicta,,,,4,,,,
9542,9560,27,4,15,1894,1402,,,,,,,,,,2.5,,,,
9543,9561,27,4,15,3812,2759,,,,,,,,,,2.5,,,,
9544,9562,27,4,15,3668,2091,,,,,,,,,,1,,,,
9545,9563,27,4,15,3672,,,,,,,,,Kaptol zagrebački (Capitulum Zagrabiense),,120,,35,noviter per Thurcas combusti et desertati fumi,
9546,9564,27,4,15,818,,,,,,,,Reverendissimus dominus,"Biskup zagrebački (Episcopus Zagrabiensis), Archiepiscopus, banus",,7.5,,,,
9547,9565,27,4,15,1178,,,,,,,,Reverendissimus dominus,"Biskup zagrebački (Episcopus Zagrabiensis), Archiepiscopus, banus",,20,,25,noviter combusti et desertati per Thurcas fumi,
9548,9566,27,4,15,2864,,,,,,,,,Župnik (plebanus) Sancti Nicolai,,1,,,,
9549,9567,27,4,15,2864,1101,,,,,,,,,cum fratribus,3,,,,
9550,9568,27,4,15,1783,736,castellum,,,,,,Domina,,,20,,,,
9551,9569,27,4,15,2090,3392,,,,,,,,,,1,,2,,
9552,9570,27,4,15,2090,1863,,,,,,,,,cum altero fratre,2,,3,,
9553,9571,27,4,15,2533,,castrum,,,,,,Reverendissimus dominus,"Biskup zagrebački (Episcopus Zagrabiensis), Archiepiscopus, banus",,2,,,,
9554,9572,27,4,15,3320,11,,,,,,,Domini,,,1,,6,,
9555,9573,27,4,15,199,,,,,,,,Dominus,"Biskup zagrebački (Episcopus Zagrabiensis), Archiepiscopus, banus",,0,,38,,
9556,9574,27,4,15,2986,1213,,,,,,,,,cum fratribus,1,,8,,
9557,9575,27,4,15,1472,887,,,,,,Heredes,,,,6.5,,,,
9558,9576,27,4,15,3369,1529,,,,,,,,,,3,,1.5,,
9559,9577,27,4,15,2346,3708,,,,,,,,,Myslyenowych,4,,1.5,,
9560,9578,27,4,15,3716,3643,,,,,,Relicta,,,,1,,,,
9561,9579,27,4,15,2800,2283,,,,,,,,,,3,,,,
9562,9580,27,4,15,2800,1455,,,,,,,,,,3,,,,
9563,9581,27,4,15,545,1466,,,,,,,,,,3.5,,,,
9564,9582,27,4,15,1205,3159,,,,,,Relicta,,,,5.5,,,,
9565,9583,27,4,15,1205,3156,,,,,,,,,,7,,,,
9566,9584,27,4,15,1205,2240,,,,,,,,,,12,,,,
9567,9585,27,4,15,1205,3164,,,,,,,,,,0.5,,,,
9568,9586,27,4,15,3799,371,,,,,,,,,,1,,,,
9569,9587,27,4,15,1267,845,,,,,,,,,,4,,,,
9570,9588,27,4,15,661,290,,,,,,Relicta,,,,2.5,,,,
9571,9589,27,4,15,3654,421,,,,,,,,,,0.5,,1,,
9572,9590,27,4,15,3808,2271,,,,,,,,,,1,,,,
9573,9591,27,4,15,711,1705,,,,,,,,,,2,,,,
9574,9592,27,4,15,711,3468,,,,,,,,,cum fratribus,2,,,,
9575,9593,27,4,15,711,3053,,,,,,,,,,1.5,,,,
9576,9594,27,4,15,711,2340,,,,,,,,,,1,,,,
9577,9595,27,4,15,2290,126,,,,,,Relicta,,,,4,,,,
9578,9596,27,4,15,2290,3473,,,,,,,,,"Petrus Wladyssych cum fratribus, loco Lychkoych",2,,,,
9579,9597,27,4,15,2290,2574,,,,,,,,Vicecomes,,3,,,,
9580,9598,27,4,15,2290,1787,,,,,,,,,cum portione olim Imprych nunc erga manus Petri Wokychewych simulcum plebano in Dobrowa,2.5,,,,
9581,9599,27,4,15,2290,4085,,,,,,,,,,3,,,,
9582,9600,27,4,15,1311,3308,,,,,,,,,Nicolaus Lychkoych,5,,,,
9583,9601,27,4,15,1311,3473,,,,,,,,,,2.5,,,,
9584,9602,27,4,15,1311,3707,,,,,,,,,,2.5,,,,
9585,9603,27,4,15,1311,2959,,,,,,,,,,2.5,,,,
9586,9604,27,4,15,1311,4082,,,,,,,,,,13,,,,
9587,9605,27,4,15,1311,3607,,,,,,Relicta,,,,6,,1,,
9588,9606,27,4,15,1311,2574,,,,,,,,Vicecomes,,6,,,,
9589,9607,27,4,15,1311,4085,,,,,,,,,,13,,,,
9590,9608,27,4,15,1531,8,,,,,,,Domini,,,21.5,,,,
9591,9609,27,4,15,2983,1609,,,,,,,,,,7,,,,
9592,9610,27,4,15,2983,1189,,,,,,,,,Ztanssych,2,,,,
9593,9611,27,4,15,2983,4230,,,,,,Relicta,,,,0.5,,,,
9594,9612,27,4,15,249,2382,,,,,,,,,cum fratribus,3,,,,
9595,9613,27,4,15,3430,1343,,,,,,,,,"Petrus, Thomas Aythych",1.5,,,,
9596,9614,27,4,15,3430,3887,,,,,,,,,Gaspar Aytych,1.5,,,,
9597,9615,27,4,15,3430,1120,,,,,,Puella,,,,0.5,,,,
9598,9616,27,4,15,3430,25,,,,,,,,,,0,,3.5,Aythichi diviserunt pro curiis nobilitaribus fumi,
9599,9617,27,4,15,1844,413,,,,,,,Dominus,,,9,,,,
9600,9618,27,4,15,2744,413,,,,,,,,,,22,,,,
9601,9619,27,4,15,2978,,,,,,,,,Župnik (plebanus),,0.5,,,,
9602,9620,27,4,15,2353,670,castrum,,,,,,"Dominus, comes",,,150,,,,
9603,9621,27,4,15,2481,3896,,,,,,,,,Balthasarius Gregoryanczy,8,,,,
9604,9622,27,4,15,3699,1205,,,,,,,,,cum fratribus,7,,,,
9605,9623,27,4,15,2439,,,,,,,,,Kaptol zagrebački (Capitulum Zagrabiense),,19,,,,
9606,9624,27,4,15,731,2738,,,,,,,,Vicejudex nobilium,,0.5,,,,
9607,9625,27,4,15,3299,,,,,,,,,Župnik (plebanus),,2,,,,
9608,9626,27,4,15,3299,49,,,,,,,,,,2,,,,
9609,9627,27,4,15,3299,761,,,,,,Heredes,,,,1.5,,,,
9610,9628,27,4,15,3299,2882,,,,,,,,,,1.5,,,,
9611,9629,27,4,15,3089,3468,castrum,,,,,,,,cum fratribus,5,,,,
9612,9630,27,4,15,3089,2700,,,,,,,,,,0.5,,,,
9613,9631,27,4,15,39,2887,,,,,,,,,,1.5,,,,
9614,9632,27,4,15,728,3019,,,,,,,,,,2,,,,
9615,9633,27,4,15,3067,31,,,,,,Relicta,,,Baldak,1.5,,,,
9616,9634,27,4,15,2814,3306,,,,,,,,Litteratus,,2,,,,
9617,9635,27,4,15,2814,3621,,,,,,,,,,4.5,,,,
9618,9636,27,4,15,801,2644,,,,,,,,,,4.5,,,,
9619,9637,27,4,15,1342,,,,,,,,,Župnik (plebanus),,6,,,,
9620,9638,27,4,15,1350,191,,,,,,Heredes,Dominus,,,25,,,,
9621,9639,27,4,15,3324,191,,,,,,Heredes,,,,10,,,,
9622,9640,27,4,15,1723,191,,,,,,Heredes,,,,20,,,,
9623,9641,27,4,15,695,191,,,,,,Heredes,,,,20,,,,
9624,9642,27,4,15,733,191,,,,,,Heredes,,,,15,,,,
9625,9643,27,4,15,3301,191,,,,,,Heredes,,,,5,,,,
9626,9644,27,4,15,978,191,,,,,,Heredes,,,,5,,,,
9627,9645,27,4,15,2630,499,,,,,,Relicta,,,,1.5,,,,
9628,9646,27,4,15,2630,563,,,,,,Relicta,,,,2,,,,
9629,9647,27,4,15,2533,1606,,,,,,,,,,1.5,,,,
9630,9648,27,4,15,1357,3297,,,,,,,,,,3,,,,
9631,9649,27,4,15,1357,345,,,,,,Relicta,,,"Ztepano Brwmano, Balogh",1.5,,,,
9632,9650,27,4,15,1357,175,,,,,,Relicta,,,Spissiych,1,,,,
9633,9651,27,4,15,3664,924,,,,,,,,,,1,,,,
9634,9652,27,4,15,3664,1880,,,,,,,,,,1,,,,
9635,9653,27,4,15,2526,3448,,,,,,,,,,0.5,,,,
9636,9654,27,4,140,452,3846,,,,,,,,,,13,,,,
9637,9655,27,4,140,452,1297,,,,,,,,,,13,,,,
9638,9656,27,4,140,452,3703,,,,,,,,,,13,,,,
9639,9657,27,4,140,452,,,,,,,,,Župnik (plebanus) Sancti Petri,,2,,,,
9640,9658,27,4,140,971,2239,,,,,,,,,"Michael, junior Hrussoczy, Michael Hrwssoczy Relicta",1.5,,,,
9641,9659,27,4,140,2994,4128,,,,,,,,,,2.5,,,,
9642,9660,27,4,140,2994,2997,,,,,,,,,,2.5,,,,
9643,9661,27,4,140,2934,3056,,,,,,,,,,3,,,,
9644,9662,27,4,140,1171,61,,,,,,,Dominus,,,22,,7,,
9645,9663,27,4,140,1171,3174,,,,,,,,,,2,,2,,
9646,9664,27,4,140,1171,1680,,,,,,Relicta,,,,2,,2,,
9647,9665,27,4,140,1171,4228,,,,,,,,,,2,,2,,
9648,9666,27,4,140,1171,,,,,,,,,Župnik (plebanus),,0.5,,,,
9649,9667,27,4,140,436,300,,,,,,,Dominus,,,9,,,,
9650,9668,27,4,140,436,2581,,,,,,Relicta,,,,2.5,,6,,
9651,9669,27,4,140,120,617,,,,,,,,,,2,,,,
9652,9670,27,4,140,120,547,,,,,,,,,Pathachych,1,,,,
9653,9671,27,4,140,120,1745,,,,,,,,,Benkowyna,1,,,,
9654,9672,27,4,140,3093,2746,,,,,,,,,,1,,,,
9655,9673,27,4,140,173,3698,,,,,,,,,,0.5,,,,
9656,9674,27,4,140,2968,2423,,,,,,,,,,1,,,,
9657,9675,27,4,140,2968,3395,,,,,,,,,,1,,,,
9658,9676,27,4,140,2968,223,,,,,,,,,Prenar Relicta,1.5,,,,
9659,9677,27,4,140,3086,3479,,,,,,,,,Georgius Fynthych,2,,,,
9660,9678,27,4,140,215,3520,,,,,,,,,"Orehoczy, loco Barbier-quondam",2,,,,
9661,9679,27,4,140,3498,3050,,,,,,,,,,4,,,,
9662,9680,27,4,140,3498,2907,,,,,,,,,,4,,,,
9663,9681,27,4,140,3498,2503,,,,,,puella,,,loco Christophorus Kerecheny,4,,,,
9664,9682,27,4,140,3498,794,,,,,,Relicta,,,,5,,,,
9665,9683,27,4,140,3498,3846,,,,,,,,,,5.5,,,,
9666,9684,27,4,140,1931,,,,,,,,,Župnik (plebanus),,1,,,,
9667,9685,27,4,140,120,2326,,,,,,,,,,0.5,,,,
9668,9686,27,4,140,1913,2409,,,,,,,,,Szerecz,1,,,,
9669,9687,27,4,140,446,1766,,,,,,,,,,4,,,,
9670,9688,27,4,140,2434,2609,,,,,,,,,Relicta-Vicecomes Baxay,1.5,,,,
9671,9689,27,4,140,2434,3974,,,,,,,,,,2,,,,
9672,9690,27,4,140,2434,3559,,,,,,,,,Pwnek,2,,,,
9673,9691,27,4,140,2434,1412,,,,,,Relicta,,,,1,,,,
9674,9692,27,4,140,2434,3119,,,,,,,,,Marygolth,1,,,,
9675,9693,27,4,140,2434,2256,,,,,,,,,,1.5,,,,
9676,9694,27,4,140,2434,2574,,,,,,,,Vicecomes,,1.5,,,,
9677,9695,27,4,140,2434,1109,,,,,,,,,,0.5,,,,
9678,9696,27,4,140,3498,191,,,,,,Heredes,Dominus,,,5.5,,,,
9679,9697,27,4,140,3498,3649,,,,,,,,,,3.5,,,,
9680,9698,27,4,140,401,3896,,,,,,,,,,3.5,,,,
9681,9699,27,4,47,1869,772,,,,,,,,,,3,,,,
9682,9700,27,4,47,890,2939,,,,,,Relicta,,,,0.5,,,,
9683,9701,27,4,47,890,1802,,,,,,,,Vicecomes,,1,,,,
9684,9702,27,4,47,890,3900,,,,,,,,,,1,,,,
9685,9703,27,4,47,890,3664,,,,,,,,,,0.5,,,,
9686,9704,27,4,47,890,2344,,,,,,,,Viceprothonotarius,"Gregoryanczy, Szermegh, Boynychych",4,,,,
9687,9705,27,4,47,890,2326,,,,,,,,,Poyathych,1,,,,
9688,9706,27,4,47,890,2112,,,,,,,,Judex nobilium,,1,,,,
9689,9707,27,4,47,890,1887,,,,,,,,,Posgay,0.5,,,,
9690,9708,27,4,47,890,232,,,,,,Relicta,,,Dedkowych,0.5,,,,
9691,9709,27,4,47,890,3222,,,,,,Heredes,,,Balthasar,1,,,,
9692,9710,27,4,47,890,2505,,,,,,,,,loco Christophorus Zladoyewych,1.5,,,,
9693,9711,27,4,47,890,,,,,,,,,Župnik (plebanus)-St. Georgius,,0.5,,,,
9694,9712,27,4,47,890,75,,,,,,Heredes,,,,5,,,,
9695,9713,27,4,47,890,2740,,,,,,,,,,0.5,,,,
9696,9714,27,4,47,890,3855,,,,,,,,,cum fratribus,1,,,,
9697,9715,27,4,47,890,91,,,,,,,,,Zorych,0.5,,,,
9698,9716,27,4,47,890,3945,,,,,,,,,,1,,,,
9699,9717,27,4,47,51,259,castellum,,,,,,Domini,,,35,,,,
9700,9718,27,4,47,51,568,,,,,,,Domini,,cum colonis plebanatus ibidem,40,,,,
9701,9719,27,4,47,51,1443,,,,,,,,,Paloych,0.5,,,,
9702,9720,27,4,47,458,2794,,,,,,Heredes,Domina,Dicator,,1,,,,
9703,9721,27,4,47,3738,1430,,,,,,Heredes,,,cum colonis plebanatus in Polyancza,10,,,,
9704,9722,27,4,47,1277,1430,,,,,,,,,,5,,,,
9705,9723,27,4,47,3746,259,judicatus,,,,,,Domini,,,5,,,,
9706,9724,27,4,47,1277,259,,,,,,,,,,5,,,,
9707,9725,27,4,47,3750,568,judicatus,,,,,,Domini,,,14,,,,
9708,9726,27,4,47,3750,260,judicatus,,,,,,Domini,,,14,,,,
9709,9727,27,4,47,3737,568,judicatus,,,,,,Domini,,,60,,,,
9710,9728,27,4,47,3737,259,judicatus,,,,,,Domini,,,60,,,,
9711,9729,27,4,47,3749,568,judicatus,,,,,,Domini,,,37,,,,
9712,9730,27,4,47,3749,259,judicatus,,,,,,Domini,,cum colonis plebanatus eiusdem familiae,41,,,,
9713,9731,27,4,47,3752,568,judicatus,,,,,,Domini,,,11,,,,
9714,9732,27,4,47,3752,259,judicatus,,,,,,Domini,,cum colnis plebanatus familiae dominorum Hennyngh,16,,,,
9715,9733,27,4,47,3753,568,judicatus,,,,,,Domini,,,10,,,,
9716,9734,27,4,47,3753,259,judicatus,,,,,,Domini,,,10,,,,
9717,9735,27,4,47,3743,571,judicatus,,,,,,Domini,,,10,,,,
9718,9736,27,4,47,3743,259,judicatus,,,,,,Domini,,,10,,,,
9719,9737,27,4,47,2125,,,,,,,,,Eremiti (Fratres heremitae),,5,,,,
9720,9738,27,4,47,1988,231,castrum,,,,,,Domini,,,18,,,,
9721,9739,27,4,47,2108,1444,,,,,,,,,"Wolfgangus, heredibus Johannis, Mathias Mykwlych",3.5,,,,
9722,9740,27,4,47,3681,2088,,,,,,Relicta,,,,4,,,,
9723,9741,27,4,47,255,,,,,,,,,Eremiti (Fratres heremitae),,8.5,,,,
9724,9742,27,4,47,1031,,,,,,,,,Gradec (Civitas Montis Grecensis Zagrabiensis),,4.5,,,,
9725,9743,27,4,47,535,,,,,,,,,Župnik (plebanus)-civitas Montis Grecensis Zagrabiensis,,2,,,,
9726,9744,27,4,47,2481,2884,,,,,,,,,,2,,,,
9727,9745,27,4,47,2481,810,,,,,,,,,,2,,,,
9728,9746,27,4,47,2481,,,,,,,,,Gradec (Civitas Montis Grecensis Zagrabiensis),,3,,,,
9729,9747,27,4,47,2481,830,,,,,,,Domina,,,1.5,,,,
9730,9748,27,4,47,2481,3846,,,,,,,,,,1,,,,
9731,9749,27,4,47,2481,1297,,,,,,,,,,1.5,,,,
9732,9750,27,4,47,3331,,districtus,,,,,,,Kaptol zagrebački (Capitulum Zagrabiense),,241,,,,
9733,9751,27,4,47,83,,,,,,,,,Prepošt (praepositus) Beatae Virginis,,12,,,,
9734,9752,27,4,47,379,4103,,,,,,,,,Mathias Mykwlych,3,,,,
9735,9753,27,4,47,780,3894,,,,,,,,,,1.5,,,,
9736,9754,27,4,47,780,23,,,,,,,,,Antholkowych,2,,,,
9737,9755,27,4,47,780,3003,,,,,,,,,,2,,,,
9738,9756,27,4,47,780,3050,,,,,,,,,cum fratribus,3,,,,
9739,9757,27,4,47,968,1644,,,,,,,,Vicejudex nobilium,,2,,,,
9740,9758,27,4,47,1387,2842,,,,,,,,,,1,,,,
9741,9759,27,4,47,1387,3262,,,,,,,,Vicejudex nobilium,,1,,,,
9742,9760,27,4,47,9,735,,,,,,Relicta,Domina,,,1.5,,,,
9743,9761,27,4,47,9,3944,,,,,,,,,,1.5,,,,
9744,9762,27,4,47,9,3319,,,,,,,,,cum fratribus,1,,,,
9745,9763,27,4,47,2272,2032,,,,,,,,,Michael Hrwssoczy,1.5,,,,
9746,9764,27,4,47,1726,3846,,,,,,,,,,4,,,,
9747,9765,27,4,47,1726,830,,,,,,Filia Gregorius Bradach,Domina,,,4,,,,
9748,9766,27,4,47,1726,1297,,,,,,,,,,4,,,,
9749,9767,27,4,47,317,571,,,,,,,Domini,,,8,,,,
9750,9768,27,4,47,317,571,,,,,,,Domini,,,17,,,,
9751,9769,27,4,47,1617,2740,,,,,,,,,,3,,,,
9752,9770,27,4,47,3633,3174,,,,,,,,,,4,,,,
9753,9771,27,4,47,3633,1379,,,,,,,,,cum sorore,1.5,,,,
9754,9772,27,4,47,2368,4108,,,,,,,,,,3,,,,
9755,9773,27,4,47,2368,,,,,,,,,Župnik (plebanus)-St. Martinus,,1,,,,
9756,9774,27,4,47,1499,2967,,,,,,,,,"cum fratre, glote",1.5,,,,
9757,9775,27,4,47,3478,2945,,,,,,Heredes,,,,5,,,,
9758,9776,27,4,47,1383,81,,,,,,,,,Thomasoych,2,,,,
9759,9777,27,4,47,808,2671,,,,,,,,,loco Nicolaus Borothwa,1,,,,
9760,9778,27,4,47,322,2426,,,,,,,,,,1,,,,
9761,9779,27,4,47,2071,1106,,,,,,,,,,3.5,,,,
9762,9780,27,4,47,3517,1106,,,,,,,,,,5.5,,,,
9763,9781,27,4,47,3515,1731,,,,,,,,,,1.5,,,,
9764,9782,27,4,47,2472,,,,,,,,Dominus,Prepošt (prepositus)-Galgoncza,,6.5,,,,
9765,9783,27,4,47,2915,,,,,,,,Reverendissimus dominus,Biskup zagrebački (Episcopus Zagrabiensis),,19,,,,
9766,9784,27,4,47,3250,,judicatus,,,,,,Reverendissimus dominus,Biskup zagrebački (Episcopus Zagrabiensis),,16,,,,
9767,9785,27,4,47,576,,judicatus,,,,,,Reverendissimus dominus,Biskup zagrebački (Episcopus Zagrabiensis),,6,,,,
9768,9786,27,4,47,3349,3002,,,,,,,,"Litteratus, Dicator",,2.5,,,,
9769,9787,27,4,47,2835,,,,,,,,,Nobiles praediales,,8,,,,
9770,9788,27,4,47,239,1766,,,,,,,,,,1,,,,
9771,9789,27,4,47,780,3858,,,,,,,,,,0.5,,,,
9772,9790,27,4,47,9,2980,,,,,,,,,,0.5,,,,
9773,9791,27,4,47,9,14,,,,,,,Nobilis,,,1,,,,
9774,9792,27,4,47,9,2258,,,,,,,,,Andreas Kassnar,0.5,,,,
9775,9793,27,4,47,9,,,,,,,,,Župnik (plebanus)-St. Trinitas,,0.5,,,,
9776,9794,27,1,65,3572,1369,,,,,,,Magnificus dominus,,,12,,,,
9777,9795,27,1,65,3541,370,,,,,,Relicta,,,,1.5,,,,
9778,9796,27,1,65,3541,389,,,,,,Relicta,,,Gwbassoczy,1,,,,
9779,9797,27,1,65,3541,2120,,,,,,,,,,1.5,,,,
9780,9798,27,1,65,2521,402,,,,,,Relicta,,,Johannes Spanych,1.5,,,,
9781,9799,27,1,65,1903,3896,,,,,,,,,,2.5,,,,
9782,9800,27,1,65,440,134,,,,,,,,,Ladislaus-quondam,16,,,,
9783,9801,27,1,65,440,2548,,,,,,Relicta,,,,3,,,,
9784,9802,27,1,65,437,,,,,,,,,Župnik (plebanus),,1,,,,
9785,9803,27,1,65,3174,2819,,,,,,,,,Gyegach,3,,,,
9786,9804,27,1,65,3174,2422,,,,,,,,,Michael Wokozlawych,1,,,,
9787,9805,27,1,65,487,1209,,,,,,,,,,3,,,,
9788,9806,27,1,65,3827,1840,,,,,,Relicta,,,"Johannes, Franciscus Suppanych",3,,,,
9789,9807,27,1,65,2594,2824,,,,,,,,,,0.5,,,,
9790,9808,27,1,65,3390,676,,,,,,Relicta,,,"Plebanatus, Blasych",1,,,,
9791,9809,27,1,65,1603,3056,,,,,,,,,cum fratribus,3,,,,
9792,9810,27,1,65,1710,1367,,,,,,,Magnificus dominus,,,19,,,,
9793,9811,27,1,65,2314,312,,,,,,,Dominus,,,3.5,,,,
9794,9812,27,1,65,2005,3026,,,,,,Orphani,,,,1,,,,
9795,9813,27,1,65,2142,8,,,,,,,Domini,,,10,,,,
9796,9814,27,1,65,1061,8,,,,,,,Domini,,,10,,,,
9797,9815,27,1,65,2087,,,,,,,,Reverendissimus dominus,"Biskup zagrebački (Episcopus Zagrabiensis), Archiepiscopus, banus",,16,,,,
9798,9816,27,1,65,787,509,,,,,,,Domini,,"Thwroczy, Heredes",13,,,,
9799,9817,27,1,65,1677,1367,,,,,,,Magnificus dominus,,,18,,,,
9800,9818,27,1,65,1677,382,,,,,,Heredes,,,,9,,,,
9801,9819,27,1,65,807,3479,,,,,,,,,,1.5,,,,
9802,9820,27,1,65,929,,,,,,,,Dominus,Prepošt (prepositus)-Galgoncza,,6,,,,
9803,9821,27,1,65,2757,61,,,,,,,Dominus,,,3,,,,
9804,9822,27,1,65,2757,3174,,,,,,,,,cum fratribus,1,,4,,
9805,9823,27,1,65,2717,3056,,,,,,,,,cum fratribus,4,,,,
9806,9824,27,1,65,1036,,,,,,,,Reverendissimus dominus,"Biskup zagrebački (Episcopus Zagrabiensis), Archiepiscopus, banus",,12,,,,
9807,9825,27,1,65,1253,,,,,,,,Reverendissimus dominus,"Biskup zagrebački (Episcopus Zagrabiensis), Archiepiscopus, banus",,12,,,,
9808,9826,27,1,65,2623,3896,,,,,,,,,,4,,,,
9809,9827,27,1,65,2623,1171,,,,,,,,,,4.5,,,,
9810,9828,27,1,65,3211,2773,,,,,,,,,,5.5,,,,
9811,9829,27,1,65,1019,68,,,,,,,,,,0.5,,,,
9812,9830,27,1,65,3343,191,,,,,,,Domini,,,10,,,,
9813,9831,27,1,65,2777,191,villicatus,,,,,,,,,6.5,,,,
9814,9832,27,1,65,2776,191,oppidum,,,,,,,,,11,,,,
9815,9833,27,1,65,278,3827,,,,,,,,,Wolffgangus,1,,,,
9816,9834,27,1,65,2307,2087,,,,,,,,Vicecomes,,0.5,,,,
9817,9835,27,1,65,2307,894,,,,,,,,,"Melchiorius Orehoczy, Pryak",1,,,,
9818,9836,27,1,65,3343,,,,,,,,,Župnik (plebanus),,1,,,,
9819,9837,27,1,65,3343,365,,,,,,,,,cum genero,0.5,,,,
9820,9838,27,1,65,2521,2357,,,,,,,,,,1,,,,
9821,9839,27,1,65,2101,1655,,,,,,,,,,1,,,,
9822,9840,27,1,65,799,91,,,,,,,,,Zorych,1.5,,,,
9823,9841,27,1,65,799,2124,,,,,,,,,,1,,,,
9824,9842,27,1,65,923,2829,,,,,,,,,,,,1,,
9825,9843,27,1,65,2623,1210,,,,,,,,,,0.5,,,,
9826,9844,27,1,65,2776,,,,,,,,,Župnik (plebanus),,1.5,,,,
9827,9845,27,1,65,2141,,,,,,,,,Župnik (plebanus),,0.5,,,,
9828,9846,27,1,65,3343,3222,,,,,,Heredes,,,Czwethkowych,1,,,,
9829,9847,27,1,10,1899,1463,castrum,,,,,Heredes,,,,27,,,,
9830,9848,27,1,10,1899,,,,,,,,,Župnik (plebanus)-ecclesia parochialis,,1,,,,
9831,9849,27,1,10,1432,1306,,,,,,,,,"Johannes Hassady, Relicta",7,,5,,
9832,9850,27,1,10,2737,1367,,,,,,,Dominus,,,10,,8,,
9833,9851,27,1,10,2738,612,,,,,,,,,Pewkry,16,,,,
9834,9852,27,1,10,2737,1596,,,,,,,,,,13,,10,,
9835,9853,27,1,10,2737,1463,,,,,,Heredes,,,,2,,3,,
9836,9854,27,1,10,998,2260,,,,,,,,,Stephanus Komornyk,6,,4,,
9837,9855,27,1,10,1570,2810,,,,,,Heredes,,Litteratus,,3.5,,,,
9838,9856,27,1,10,1570,660,,,,,,,Domina,,Michael-Litteratus,8,,,,
9839,9857,27,1,10,1378,4213,,,,,,,,,,1,,,,
9840,9858,27,1,10,1378,460,,,,,,,,,loco Georgius Benkowych,1,,,,
9841,9859,27,1,10,2341,1242,,,,,,,,,,0.5,,,,
9842,9860,27,1,10,128,2047,,,,,,,,,loco Sybryk,4,,,,
9843,9861,27,1,10,128,2189,,,,,,,,,Johannes Swppanych,3,,,,
9844,9862,27,1,10,128,2161,,,,,,,,,,2.5,,,,
9845,9863,27,1,10,1416,2929,,,,,,,,,Peszery,5,,,,
9846,9864,27,1,10,2347,2929,,,,,,,,,"Peszery, Akacius Korontal",4,,,,
9847,9865,27,1,10,2345,2569,,,,,,,,,nunc Wylyak-Vicecomes,0.5,,,,
9848,9866,27,1,10,554,1139,,,,,,,,,,0.5,,,,
9849,9867,27,1,10,1421,,,,,,,,,Kralj (rex),,40,,12,,
9850,9869,28,4,15,3440,594,castrum,,,,,,Dominus,,,50,,,,
9851,9870,28,4,15,3440,228,,,,,,,Dominus,,,50,,,,
9852,9871,28,4,15,3440,,oppidum,,,,,,,,,35,,,,
9853,9872,28,4,15,3440,,,,,,,,,Župnik (plebanus),,2,,,,
9854,9873,28,4,15,1457,1022,villa,,,,,,,Director causae,,4,,,,
9855,9874,28,4,15,267,3896,,,,,,,,,,1,,,,
9856,9875,28,4,15,267,889,,,,,,,,,,1,,,,
9857,9876,28,4,15,2242,191,castrum,,,,,,Dominus,,,175,,0.5,,
9858,9877,28,4,15,1471,3894,,,,,,,,,,8,,,,
9859,9878,28,4,15,1471,,,,,,,,,Župnik (plebanus)-St. Martinus,,1,,,,
9860,9879,28,4,15,1471,,,,,,,,,Župnik (plebanus)-St. Trinitas,,1,,,,
9861,9880,28,4,15,932,3112,,,,,,,,,,1,,,,
9862,9881,28,4,15,1514,3204,,,,,,,,,,1,,0.5,,
9863,9882,28,4,15,1514,4140,,,,,,,,,,1.5,,,,
9864,9883,28,4,15,2053,3769,,,,,,,,,,2,,,,
9865,9884,28,4,15,1800,845,,,,,,,,,,1,,,,
9866,9885,28,4,15,1365,4251,,,,,,,Domina,,,3,,,,
9867,9886,28,4,15,1366,504,,,,,,,,,Johannes Lyppynyei (Melchioris portionibus ),7,,,,
9868,9887,28,4,15,1801,2109,,,,,,Heredes,,,Johannes Lyppynyei,12,,,,
9869,9888,28,4,15,1815,1102,,,,,,Heredes,,,,5,,,,
9870,9889,28,4,15,330,230,,,,,,,Dominus,,,2,,,,
9871,9890,28,4,15,330,3952,,,,,,,,,,1,,,,
9872,9891,28,4,15,1192,1370,,,,,,,,,,1,,,,
9873,9892,28,4,15,2234,1959,,,,,,,,,,0.5,,,,
9874,9893,28,4,15,2234,1177,,,,,,Relicta,,,,1,,,,
9875,9894,28,4,15,2235,1727,,,,,,,,,,3.5,,,,
9876,9895,28,4,15,2235,3303,,,,,,,,,,1.5,,,,
9877,9896,28,4,15,357,1102,,,,,,,,,,35,,10,,
9878,9897,28,4,15,357,1275,,,,,,,Domina,,,33,,,,
9879,9898,28,4,15,687,1953,,,,,,Heredes,,,,2,,,,
9880,9899,28,4,15,2453,1138,,,,,,Relicta,,,,4,,,,
9881,9900,28,4,15,2453,3209,,,,,,Relicta,,,,4,,,,
9882,9901,28,4,15,2453,2708,,,,,,Relicta,,,,4,,,,
9883,9902,28,4,15,2453,,,,,,,,,Župnik (plebanus)-St. Petrus,,0.5,,,,
9884,9903,28,4,15,2073,2350,,,,,,,,,"cum fratribus, sororibus Jacobi, loco Jacobus",1.5,,,,
9885,9904,28,4,15,2073,3980,,,,,,,,,,1.5,,,,
9886,9905,28,4,15,2073,1095,,,,,,,,Litteratus Chasmensis,,0.5,,,,
9887,9906,28,4,15,2073,3609,,,,,,,,,,1,,,,
9888,9907,28,4,15,2073,4215,,,,,,,,,,0.5,,,,
9889,9908,28,4,15,1166,,,,,,,,,Gradec (Civitas Montis Grecensis Zagrabiensis),,6,,,,
9890,9909,28,4,15,2478,3160,,,,,,,,,,2.5,,,,
9891,9910,28,4,15,2674,4005,,,,,,,,,,1,,,,
9892,9911,28,4,15,1556,4148,,,,,,,,,loco Michael Modych,1.5,,,,
9893,9912,28,4,15,1556,1104,,,,,,,,,,1,,,,
9894,9913,28,4,15,1556,1325,,,,,,,,,,0.5,,,,
9895,9914,28,4,15,2154,4092,,,,,,,,,"Nicolaus Laczkowych, Relicta",0.5,,,,
9896,9915,28,4,15,2694,2962,,,,,,,,,,1,,,,
9897,9916,28,4,15,2694,792,,,,,,,,,loco Myrenych,1,,,,
9898,9917,28,4,15,1486,766,,,,,,,,,,0.5,,,,
9899,9918,28,4,15,1000,,,,,,,,,Župnik (plebanus),,1.5,,,,
9900,9919,28,4,15,2240,,,,,,,,,Župnik (plebanus),,1,,,,
9901,9920,28,4,15,1553,1031,,,,,,,,,Mathias Pogledych,1,,,,
9902,9921,28,4,15,1557,1025,,,,,,,,,,1,,,,
9903,9922,28,4,15,53,2384,,,,,,,,,Thomas Arbanasz,1,,,,
9904,9923,28,4,15,1713,3217,,,,,,,,,,0.5,,,,
9905,9924,28,4,15,1713,4052,,,,,,,,,loco Paulus Satrychai,0.5,,,,
9906,9925,28,4,15,32,3011,,,,,,,,,,1,,,,
9907,9926,28,4,15,32,3881,,,,,,,,,,0.5,,,,
9908,9927,28,4,15,32,3134,,,,,,,,,Paulus Pykowych,1,,,,
9909,9928,28,4,15,1606,948,,,,,,,,,Marcus Medwarych,1,,,,
9910,9929,28,4,15,2684,4151,,,,,,,,,Franciscus Modych heredibus,1,,,,
9911,9930,28,4,15,1852,1771,,,,,,Relictarum,,,Benedictus Myxych,1,,,,
9912,9931,28,4,15,1853,3833,,,,,,,,,Michael Benchecych,1,,,,
9913,9932,28,4,15,1853,1886,,,,,,,,,Michael Ztephanych,1.5,,,,
9914,9933,28,4,15,1854,2837,,,,,,,,,"cum fratribus, sororibus",1.5,,,,
9915,9934,28,4,15,2145,3784,,,,,,,,,Georgius Laczkowych,1,,,,
9916,9935,28,4,15,1751,,,,,,,,,Turopoljska plemenita općina (Nobiles Campi Zagrabiensis),,3,,,,
9917,9936,28,4,15,1755,2964,,,,,,,,,,2.5,,,,
9918,9937,28,4,15,1323,456,,,,,,,,,Johannes Bekowych,1,,,,
9919,9938,28,4,15,3282,3010,,,,,,,,,,0.5,,,,
9920,9939,28,4,15,403,1322,,,,,,,,,,0.5,,,,
9921,9940,28,4,15,751,3906,,,,,,,,,"Martinus, Thomas Radenych, Petrus Brebrych",2,,,,
9922,9941,28,4,15,3284,6,castellum,,,,,,,,,50,,18,,
9923,9942,28,4,15,2687,,,,,,,,,Eremiti (Fratres heremitae),,13,,1,,
9924,9943,28,4,15,2883,4117,,,,,,,,,,3.5,,,,
9925,9944,28,4,15,2883,3993,,,,,,,,,,3,,,,
9926,9945,28,4,15,2883,2718,,,,,,,,Vicecomes,,3,,2,,
9927,9946,28,4,15,2883,2729,,,,,,puella,,,,2,,,,
9928,9947,28,4,15,2885,3546,,,,,,,,,,4,,,,
9929,9948,28,4,15,532,2483,,,,,,Relicta,,,"cum duobus filiis, vna filia",7,,,,
9930,9949,28,4,15,532,2883,,,,,,Relicta,,,,2,,,,
9931,9950,28,4,15,532,749,,,,,,,,,,0.5,,,,
9932,9951,28,4,15,532,898,,,,,,,,,,1,,,,
9933,9952,28,4,15,532,2481,,,,,,,,,,3,,,,
9934,9953,28,4,15,532,2649,,,,,,,,,"Stephanus Dorotych, Johannes Barbery",4,,,,
9935,9954,28,4,15,532,2043,,,,,,,,,Paulus Barbyer,2,,,,
9936,9955,28,4,15,86,419,,,,,,,,,,0.5,,,,
9937,9956,28,4,15,1583,527,,,,,,Heredes,,,,1,,,,
9938,9957,28,4,15,1586,,,,,,,,,Kaptol zagrebački (Capitulum Zagrabiense),,20,,,,
9939,9958,28,4,15,2516,3894,,,,,,,Dominus,,,11,,,,
9940,9959,28,4,15,2516,3644,,,,,,,,,,10,,,,
9941,9960,28,4,15,1631,,,,,,,,,Župnik (plebanus),,2,,,,
9942,9961,28,4,15,2426,,,,,,,,,Župnik (plebanus),,2,,,,
9943,9962,28,4,15,2891,191,castrum,,,,,,Domini,,,220,,19,,
9944,9963,28,4,15,1743,1096,,,,,,,,,,2,,,,
9945,9964,28,4,15,3218,2953,,,,,,,,,,1,,,,
9946,9965,28,4,15,2190,,,,,,,,,Župnik (plebanus),,1,,,,
9947,9966,28,4,15,3786,,,,,,,,,Župnik (plebanus),,0.5,,,,
9948,9967,28,4,15,3204,2773,,,,,,,,,Erdewdy,20,,,,
9949,9968,28,4,15,2193,191,castrum,,,,,,,,,70,,5,,
9950,9969,28,4,15,1949,,,,,,,,,Župnik (plebanus),,2,,,,
9951,9970,28,4,15,1844,2370,,,,,,Relicta,,,,4,,,,
9952,9971,28,4,15,3812,2760,,,,,,Heredes,,,,3,,,,
9953,9972,28,4,15,3666,2091,,,,,,,,,,1,,,,
9954,9973,28,4,15,1894,1402,,,,,,,,,,2.5,,,,
9955,9974,28,4,15,2998,,,,,,,,,Kaptol zagrebački (Capitulum Zagrabiense),,120,,,,
9956,9975,28,4,15,819,,,,,,,,Reverendissimus dominus,"Biskup zagrebački (Episcopus Zagrabiensis), Archiepiscopus",,7.5,,,,
9957,9976,28,4,15,1179,,,,,,,,Reverendissimus dominus,"Biskup zagrebački (Episcopus Zagrabiensis), Archiepiscopus",,10,,10,,
9958,9977,28,4,15,2864,,,,,,,,,Župnik (plebanus) Sancti Nicolai,,1,,,,
9959,9978,28,4,15,2864,1101,,,,,,,,,,3,,,,
9960,9979,28,4,15,1783,,castellum,,,,,,Sacratissima Caesarea Regia Maiestas,"Kralj (rex), cum colonis nobilium ibidem praedialium",,20,,,,
9961,9980,28,4,15,2090,3392,,,,,,,,,,1.5,,,,
9962,9981,28,4,15,2090,4015,,,,,,,,,,1.5,,,,
9963,9982,28,4,15,2533,,castrum,,,,,,Reverendissimus dominus,"Biskup zagrebački (Episcopus Zagrabiensis), Archiepiscopus",,2,,,,
9964,9983,28,4,15,3318,5,,,,,,,Dominus,,,0,,1,,
9965,9984,28,4,15,205,5,,,,,,,,,,,,,totaliter desertata,
9966,9985,28,4,15,2986,1142,,,,,,,,,cum fratribus,1,,,,
9967,9986,28,4,15,1472,887,,,,,,Heredes,,,,6.5,,,,
9968,9987,28,4,15,3263,1092,,,,,,,,,,3,,,,
9969,9988,28,4,15,2343,3708,,,,,,,,,Myslenowych,4,,,,
9970,9989,28,4,15,3716,3643,,,,,,Relicta,,,,1,,,,
9971,9990,28,4,15,2798,2283,,,,,,,,,,3,,,,
9972,9991,28,4,15,2798,1455,,,,,,,,,,3,,,,
9973,9992,28,4,15,545,1465,,,,,,,,,,3.5,,,,
9974,9993,28,4,15,1203,3165,,,,,,Relicta,,,,5.5,,,,
9975,9994,28,4,15,1203,3163,,,,,,,,,,7,,,,
9976,9995,28,4,15,1203,2239,,,,,,,,,,12,,,,
9977,9996,28,4,15,1203,2240,,,,,,,,,,1,,,,
9978,9997,28,4,15,3811,373,,,,,,,,,,1,,,,
9979,9998,28,4,15,1267,846,,,,,,,,,,4,,,,
9980,9999,28,4,15,661,286,,,,,,Relicta,,,,2.5,,,,
9981,10000,28,4,15,3509,420,,,,,,,,,,0.5,,,,
9982,10001,28,4,15,3796,2271,,,,,,,,,,1,,,,
9983,10002,28,4,15,789,1705,,,,,,,,,,2,,,,
9984,10003,28,4,15,789,3468,,,,,,,,,cum fratribus,2,,,,
9985,10004,28,4,15,789,3053,,,,,,,,,,1.5,,,,
9986,10005,28,4,15,789,2340,,,,,,,,,,1,,,,
9987,10006,28,4,15,2291,2136,,,,,,Relicta,,,,4,,,,
9988,10007,28,4,15,2291,3332,,,,,,,,,cum sororibus,1.5,,0.5,,
9989,10008,28,4,15,2291,2574,,,,,,,,,Petrus Imprych,3,,,,
9990,10009,28,4,15,2291,1787,,,,,,,,Župnik (plebanus)-Dobrawa,Byletych,2,,0.5,,
9991,10010,28,4,15,2291,4147,,,,,,,,,,3,,,,
9992,10011,28,4,15,2630,2363,,,,,,Relicta,,,,1.5,,,,
9993,10012,28,4,15,2630,563,,,,,,Relicta,,,,2,,,,
9994,10013,28,4,15,2536,1605,,,,,,,,,,1.5,,,,
9995,10014,28,4,15,1358,3293,,,,,,,,,,3,,,,
9996,10015,28,4,15,1358,345,,,,,,Relicta,,,"Johannes Balogh, Ztepanus Brumano",1.5,,,,
9997,10016,28,4,15,1358,176,,,,,,Relicta,,,Spyssych,1,,,,
9998,10017,28,4,15,3664,921,,,,,,,,,,1,,,,
9999,10018,28,4,15,3664,1880,,,,,,,,,,1,,,,
10000,10019,28,4,15,2532,3448,,,,,,,,,,0.5,,,,
10001,10020,28,4,15,1311,3330,,,,,,,,,cum sororibus,13,,,,
10002,10021,28,4,15,1311,4081,,,,,,,,,,13,,,,
10003,10022,28,4,15,1311,3607,,,,,,Relicta,,,,6,,,,
10004,10023,28,4,15,1311,2574,,,,,,,,,,6,,,,
10005,10024,28,4,15,1311,4085,,,,,,,,,,13,,,,
10006,10025,28,4,15,1531,8,,,,,,,Domini,,,20,,1.5,,
10007,10026,28,4,15,2984,1607,,,,,,,,,,7,,,,
10008,10027,28,4,15,2984,1187,,,,,,,,,,1,,,,
10009,10028,28,4,15,2984,671,,,,,,,,,,0,,1,,
10010,10029,28,4,15,2984,77,,,,,,Heredes,,,,1,,,,
10011,10030,28,4,15,249,2382,,,,,,,,,cum fratribus,3,,,,
10012,10031,28,4,15,3430,1343,,,,,,,,,"Petrus Aythych, Thomas-fratres",1.5,,,,
10013,10032,28,4,15,3430,3825,,,,,,,,,"Gabriel, Casparus Aythych",1.5,,,,
10014,10033,28,4,15,3430,1120,,,,,,puella,,,,0.5,,,,
10015,10034,28,4,15,1844,413,,,,,,,Dominus,,,9,,,,
10016,10035,28,4,15,2744,413,,,,,,,Dominus,,,22,,,,
10017,10036,28,4,15,2978,,,,,,,,,Župnik (plebanus)-St. Georgius,,1,,,,
10018,10037,28,4,15,2354,669,,,,,,,"Domini, comites",,,140,,10,,
10019,10038,28,4,15,2481,3896,,,,,,,Domini,,Balthasar,8,,,,
10020,10039,28,4,15,3699,430,,,,,,,Nobiles,,,7,,,,
10021,10040,28,4,15,2439,,,,,,,,,Kaptol zagrebački (Capitulum Zagrabiense),,18,,4,,
10022,10041,28,4,15,732,2739,,,,,,,,,,0.5,,,,
10023,10042,28,4,15,3299,,,,,,,,,Župnik (plebanus),,2,,,,
10024,10043,28,4,15,3299,51,,,,,,,,,,2,,,,
10025,10044,28,4,15,3299,761,,,,,,Heredes,,,,1.5,,,,
10026,10045,28,4,15,3299,2882,,,,,,,,,,1.5,,,,
10027,10046,28,4,15,3089,3469,,,,,,,,,cum fratribus,5,,,,
10028,10047,28,4,15,3089,2700,,,,,,,,,,0.5,,,,
10029,10048,28,4,15,62,2887,,,,,,,,,,1.5,,,,
10030,10049,28,4,15,728,3019,,,,,,,,,,2,,,,
10031,10050,28,4,15,3065,29,,,,,,Relicta,,,Baldakaych,1.5,,,,
10032,10051,28,4,15,2814,3322,,,,,,,,Litteratus,,1.5,,0.5,,
10033,10052,28,4,15,2814,3621,,,,,,,,,,4.5,,,,
10034,10053,28,4,15,802,2641,,,,,,,,,,4,,0.5,,
10035,10054,28,4,15,1353,,,,,,,,,Župnik (plebanus),,5,,1,,
10036,10055,28,4,15,1353,191,castrum,,,,,,Dominus,,,100,,,,
10037,10056,28,4,140,466,3846,,,,,,,,,,12,,,,
10038,10057,28,4,140,466,1297,,,,,,,,,,12,,,,
10039,10058,28,4,140,466,3703,,,,,,,,,,12,,3,,
10040,10059,28,4,140,466,,,,,,,,,Župnik (plebanus)-St. Petrus,,1.5,,0.5,,
10041,10060,28,4,140,971,2240,,,,,,,,,Michael Hrwssoczy,1.5,,,,
10042,10061,28,4,140,2992,4128,,,,,,Relicta,,,,1.5,,1,,
10043,10062,28,4,140,2992,2997,,,,,,,,,,2,,0.5,,
10044,10063,28,4,140,1171,61,,,,,,,Dominus,,,22,,,,
10045,10064,28,4,140,1171,,,,,,,,,Župnik (plebanus),,1,,1,,
10046,10065,28,4,140,2934,3055,,,,,,,,,,2.5,,0.5,,
10047,10066,28,4,140,1154,3174,,,,,,,,,,2,,,,
10048,10067,28,4,140,1154,1680,,,,,,Relicta,,,,2,,,,
10049,10068,28,4,140,1154,4228,,,,,,,,,,2.5,,,,
10050,10069,28,4,140,436,135,,,,,,,Dominus,,,8,,1,,
10051,10070,28,4,140,436,2548,,,,,,Relicta,,,,2.5,,,,
10052,10071,28,4,140,122,619,,,,,,,,,,2,,,,
10053,10072,28,4,140,122,548,,,,,,,,,Pathachych,1,,,,
10054,10073,28,4,140,122,388,,,,,,Relicta,,,Benkowychka,1,,,,
10055,10074,28,4,140,3093,2754,,,,,,,,,,1,,,,
10056,10075,28,4,140,173,3690,,,,,,,,,,0.5,,,,
10057,10076,28,4,140,2921,1377,,,,,,,,,loco Johannes Woykoych,1,,,,
10058,10077,28,4,140,2921,3396,,,,,,,,,,1,,,,
10059,10078,28,4,140,2921,223,,,,,,,,,Prenar Relicta,1.5,,,,
10060,10079,28,4,140,3087,3479,,,,,,,,,Barbier,1.5,,,,
10061,10080,28,4,140,3087,1655,,,,,,,,,,0.5,,,,
10062,10081,28,4,140,215,3479,,,,,,,,,Georgius Hwszar,2,,,,
10063,10082,28,4,140,3498,3050,,,,,,,,,Judita,8,,,,
10064,10083,28,4,140,3498,2907,,,,,,Relicta,,,,4,,,,
10065,10084,28,4,140,3498,794,,,,,,Relicta,,,,5,,,,
10066,10085,28,4,140,3498,3846,,,,,,,,,,5,,0.5,,
10067,10086,28,4,140,1932,,,,,,,,,Župnik (plebanus),,0.5,,0.5,,
10068,10087,28,4,140,120,2326,,,,,,,,,,0.5,,,,
10069,10088,28,4,140,1913,2402,,,,,,,,,Petrus Zerecz,0,,1,,
10070,10089,28,4,140,446,1959,,,,,,,,,,4,,,,
10071,10090,28,4,140,2433,2613,castrum,,,,,,,Vicecomes,Nezpessei,1.5,,,,
10072,10091,28,4,140,2433,3981,castrum,,,,,,,,,2,,,,
10073,10092,28,4,140,2433,3559,castrum,,,,,,,,Mathias Balogh,1,,,,
10074,10093,28,4,140,2433,3965,castrum,,,,,,,,"Georgius Pwnek, puella Sophia",1,,,,
10075,10094,28,4,140,2433,2341,castrum,,,,,,,,"loco Francisci patris, Petrus Poyatych-consors",1,,,,
10076,10095,28,4,140,2433,3139,castrum,,,,,,,,Adamus Marygolth,1,,,,
10077,10096,28,4,140,2433,2256,castrum,,,,,,,,,1.5,,,,
10078,10097,28,4,140,2433,2574,castrum,,,,,,,,Stephanus Peszery,1.5,,,,
10079,10098,28,4,140,2433,1109,castrum,,,,,,,,,0.5,,,,
10080,10099,28,4,140,3498,191,,,,,,,Domini,,,5.5,,,,
10081,10100,28,4,140,3502,3649,,,,,,,,,,3.5,,,,
10082,10101,28,4,140,3498,3894,,,,,,,,,,3.5,,,,
10083,10102,28,4,27,1756,772,,,,,,,,,,3,,,,
10084,10103,28,4,27,888,2939,,,,,,,,,,0.5,,,,
10085,10104,28,4,27,888,1802,,,,,,Relicta,,,,1,,,,
10086,10105,28,4,27,888,1123,,,,,,,,,loco Gubassoczy,1,,,,
10087,10106,28,4,27,888,3664,,,,,,,,,,0.5,,,,
10088,10107,28,4,27,888,2344,,,,,,,,Viceprothonotarius,,0.5,,,,
10089,10108,28,4,27,888,1094,,,,,,,,,,0.5,,,,
10090,10109,28,4,27,888,3894,,,,,,,,,,2.5,,,,
10091,10110,28,4,27,888,3772,,,,,,,,,,2.5,,,,
10092,10111,28,4,27,888,2326,,,,,,,,,,0.5,,,,
10093,10112,28,4,27,888,486,,,,,,Heredes,,,,0.5,,,,
10094,10113,28,4,27,888,2112,,,,,,Relicta,,,Bosak,1,,,,
10095,10114,28,4,27,888,1887,,,,,,,,,,0.5,,,,
10096,10115,28,4,27,888,483,,,,,,,,,,0.5,,,,
10097,10116,28,4,27,888,1097,,,,,,,,,Gregwrycz-Vicecomes,1,,,,
10098,10117,28,4,27,888,3222,,,,,,Heredes,,,"Balthasar Borothwa, Relicta",1,,,,
10099,10118,28,4,27,888,2000,,,,,,,,,loco Christoforus Borothwa,1.5,,,,
10100,10119,28,4,27,888,,,,,,,,,Župnik (plebanus),,1,,,,
10101,10120,28,4,27,888,2455,,,,,,,,,Gregorius Labohar,4.5,,12,,
10102,10121,28,4,27,888,2740,,,,,,Relicta,,,,0.5,,,,
10103,10122,28,4,27,888,3854,,,,,,,,,"Simon Bysztrychky, Martinus Thwryak",1,,,,
10104,10123,28,4,27,888,91,,,,,,,,,Zorych,1,,,,
10105,10124,28,4,27,888,3945,,,,,,,,,,1.5,,,,
10106,10125,28,4,27,63,787,castellum,,,,,Relicta,Domina,,Sophia puella,14,,,,
10107,10126,28,4,27,63,3056,castellum,,,,,,,,,7,,,,
10108,10127,28,4,27,63,2907,castellum,,,,,Relicta,,,,7,,,,
10109,10128,28,4,27,63,3894,castellum,,,,,,,,,7,,,,
10110,10129,28,4,27,63,568,castellum,,,,,,Domini,,cum colonis plebanatus ibidem,40,,,,
10111,10130,28,4,27,63,1443,castellum,,,,,,,,Paulowych-Judex nobilium,0.5,,,,
10112,10131,28,4,27,451,2790,,,,,,Heredes,,Dicator,,1,,,,
10113,10132,28,4,27,3741,568,,,,,,,Domini,,cum colonis plebanatus ibidem,10,,,,
10114,10133,28,4,27,1279,568,,,,,,,Domini,,possidet dicator,5,,,,
10115,10134,28,4,27,3745,258,judicatus,,,,,,Domini,,,5,,,,
10116,10135,28,4,27,1278,258,,,,,,,,,possidet dicator,5,,,,
10117,10136,28,4,27,3751,568,judicatus,,,,,,Domini,,,14,,,,
10118,10137,28,4,27,3751,259,judicatus,,,,,,Domini,,dicator possidet fumos 3,15,,,,
10119,10138,28,4,27,3737,571,judicatus,,,,,,Domini,,,57,,,,
10120,10139,28,4,27,3737,259,judicatus,,,,,,Domini,,"cum colonis plebanatus ibidem, dicator possidet fumos 12",65,,,,
10121,10140,28,4,27,3747,568,judicatus,,,,,,Domini,,,34,,3,,
10122,10141,28,4,27,3747,258,judicatus,,,,,,Domini,,cum colonis plebanatus eiusdem,40,,,,
10123,10142,28,4,27,3752,568,judicatus,,,,,,Domini,,,12,,,,
10124,10143,28,4,27,3752,259,judicatus,,,,,,Domini,,cum colonis plebanatus eiusdem,17,,,,
10125,10144,28,4,27,3753,568,judicatus,,,,,,Domini,,,10,,,,
10126,10145,28,4,27,3753,259,judicatus,,,,,,Domini,,,10,,,,
10127,10146,28,4,27,3743,568,judicatus,,,,,,Domini,,,10,,,,
10128,10147,28,4,27,3743,259,judicatus,,,,,,Domini,,,10,,,,
10129,10148,28,4,27,2132,,,,,,,,,Eremiti (Fratres heremitae),,4,,1,,
10130,10149,28,4,27,1992,230,castrum,,,,,,Domini,,,16,,2,,
10131,10150,28,4,27,2107,1444,,,,,,,,,"Wolffgangus Mykwlych, Mathias-heredes, Johannis Mykwlych-Judex nobilium",3,,1,,
10132,10151,28,4,27,3681,2088,,,,,,Relicta,,,,4,,,,
10133,10152,28,4,27,261,,,,,,,,,Eremiti (Fratres heremitae),,7,,2,,
10134,10153,28,4,27,1029,,,,,,,,,Gradec (Civitas Montis Grecensis Zagrabiensis),,6,,,,
10135,10154,28,4,27,535,,,,,,,,,Župnik (plebanus),,2.5,,,,
10136,10155,28,4,27,2481,2884,,,,,,,,,,1.5,,0.5,,
10137,10156,28,4,27,2481,810,,,,,,,,,,1.5,,0.5,,
10138,10157,28,4,27,2482,,,,,,,,,Gradec (Civitas Montis Grecensis Zagrabiensis),,3,,,,
10139,10158,28,4,27,2481,830,,,,,,,Domina,,,1.5,,,,
10140,10159,28,4,27,2481,3846,,,,,,,,,,1,,,,
10141,10160,28,4,27,2481,1297,,,,,,,,,,1.5,,,,
10142,10161,28,4,27,2481,,districtus,,,,,,,Kaptol zagrebački (Capitulum Zagrabiense),,262,,,,
10143,10162,28,4,27,2348,,,,,,,,,Prepošt (praepositus) Beate Virginis,,12,,,,
10144,10163,28,4,27,379,4103,,,,,,,,,"Mathias Mykwlych, Judex nobilium Kassnar-Relicta",3,,,,
10145,10164,28,4,27,780,3896,,,,,,,,,,1,,0.5,,
10146,10165,28,4,27,780,18,,,,,,,,,,0.5,,,,
10147,10166,28,4,27,780,12,,,,,,,,,,1,,0.5,,
10148,10167,28,4,27,780,3003,,,,,,,,,,1.5,,0.5,,
10149,10168,28,4,27,780,3050,,,,,,,,,cum fratribus,2.5,,0.5,,
10150,10169,28,4,27,967,1644,,,,,,,,,Johannes Peszery,1.5,,0.5,,
10151,10170,28,4,27,1387,2841,,,,,,,,,,1,,,,
10152,10171,28,4,27,1387,3263,,,,,,,,,,1,,,,
10153,10172,28,4,27,9,441,,,,,,Relictarum,,,,1.5,,,,
10154,10173,28,4,27,9,3987,,,,,,,,,Apalenych loco Sufe,2,,,,
10155,10174,28,4,27,9,3319,,,,,,,,,cum fratribus,1,,,,
10156,10175,28,4,27,2272,2509,,,,,,,,,Michael Hrwssoczy,1,,0.5,,
10157,10176,28,4,27,1726,3846,,,,,,,,,,5,,,,
10158,10177,28,4,27,1726,830,,,,,,,Domina,,,5,,,,
10159,10178,28,4,27,1726,1297,,,,,,,,,,5,,,,
10160,10179,28,4,27,308,568,,,,,,,Domini,,,6.5,,,,
10161,10180,28,4,27,307,568,,,,,,,Domini,,,15,,3.5,,
10162,10181,28,4,27,1615,2740,,,,,,Relicta,,,,2.5,,0.5,,
10163,10182,28,4,27,3631,3174,,,,,,,,,,3.5,,0.5,,
10164,10183,28,4,27,3631,1379,,,,,,,,,,1.5,,,,
10165,10184,28,4,27,2363,4108,,,,,,,,,cum sorore,3,,,,
10166,10185,28,4,27,2363,,,,,,,,,Župnik (plebanus)-St. Martinus,,1,,,,
10167,10186,28,4,27,1499,2950,,,,,,,,,"cum fratre, glote",1.5,,,,
10168,10187,28,4,27,3482,2944,,,,,,Heredes,,,Sprechky,4,,,,
10169,10188,28,4,27,3478,3546,,,,,,,,,,2,,,,
10170,10189,28,4,27,1383,1528,,,,,,,,,Thomaszowych,2,,,,
10171,10190,28,4,27,2953,2669,,,,,,,,,loco Nicolaus Borothwa,1,,,,
10172,10191,28,4,27,322,2427,,,,,,,,,,1,,,,
10173,10192,28,4,27,2071,1761,,,,,,,,,,3,,0.5,,
10174,10193,28,4,27,3613,1761,,,,,,,,,,4.5,,1,,
10175,10194,28,4,27,3515,1731,,,,,,Heredes,,,,1.5,,,,
10176,10195,28,4,27,2473,,,,,,,,Dominus,Prepošt (prepositus)-Glagoncza,,5,,1.5,,
10177,10196,28,4,27,3248,,,,,,,,Reverendissimus dominus,"Biskup zagrebački (Episcopus Zagrabiensis), Archiepiscopus",,19,,,,
10178,10197,28,4,27,3249,,,,,,,,Reverendissimus dominus,"Biskup zagrebački (Episcopus Zagrabiensis), Archiepiscopus",,16,,,,
10179,10198,28,4,27,575,,judicatus,,,,,,Reverendissimus dominus,"Biskup zagrebački (Episcopus Zagrabiensis), Archiepiscopus",,6,,,,
10180,10199,28,4,27,3349,3135,,,,,,,,Dicator,,2.5,,,,
10181,10200,28,4,27,2835,,,,,,,,,Nobiles prediales episcopatus Zagrabiensis,,8,,,,
10182,10201,28,4,27,238,1956,,,,,,,,,,1,,,,
10183,10202,28,4,27,780,3858,,,,,,,,,cum sororibus,1,,,,
10184,10203,28,4,27,9,2904,,,,,,,,,Stephanus Gradechky,0.5,,,,
10185,10204,28,4,27,9,1572,,,,,,,,,,0.5,,,,
10186,10205,28,4,27,9,2258,,,,,,,,,Andreas,0.5,,,,
10187,10206,28,4,27,9,,,,,,,,,Župnik (plebanus) Zenth Nedelyae,,0.5,,,,
10188,10207,28,1,82,1899,588,castrum,,,,,Heredes,,,,26,,1,per Walachos desertatus,
10189,10208,28,1,82,1899,,castrum,,,,,,,Coloni plebanatus,,1,,,,
10190,10209,28,1,82,1432,1306,,,,,,,,,"Johannes, Relicta",7,,,,
10191,10210,28,1,82,1501,1369,,,,,,,Magnificus dominus,,,2,,8,,
10192,10211,28,1,82,1502,592,,,,,,,Dominus,,Johannes Pekry,5,,8,,
10193,10212,28,1,82,1698,82,,,,,,Heredes,,,,5,,8,,
10194,10213,28,1,82,1698,1461,,,,,,Heredes,,,,1.5,,1,,
10195,10214,28,1,82,998,2260,,,,,,,,,Stephanus Komornyk,2,,4,,
10196,10215,28,1,82,1570,2846,,,,,,Heredes,,Litteratus,,3.5,,,,
10197,10216,28,1,82,1570,657,,,,,,,Domina,"Litteratus, Michael",Michael,8,,,,
10198,10217,28,1,82,1378,4212,,,,,,,,,,1,,,,
10199,10218,28,1,82,1378,1592,,,,,,,,,,1,,,,
10200,10219,28,1,82,2341,2523,,,,,,,,,,0,,1,,
10201,10220,28,1,82,124,2046,,,,,,,,,,4,,,,
10202,10221,28,1,82,124,2189,,,,,,,,,Johannes Swppanych,1,,2,,
10203,10222,28,1,82,124,2161,,,,,,,,,,3,,,,
10204,10223,28,1,82,1416,2931,,,,,,,,,Stephanus Pezery,4,,1,,
10205,10224,28,1,82,1417,711,,,,,,,,,,4,,,,
10206,10225,28,1,82,2345,2569,,,,,,,,,,0.5,,,,
10207,10226,28,1,82,657,1139,,,,,,,,,,0,,0.5,,
10208,10227,28,1,82,1420,,,,,,,,,Kralj (rex),,0,,40,,
10209,10228,28,1,65,3627,1369,,,,,,,Magnificus dominus,,,10,,3,,
10210,10229,28,1,65,3516,2300,,,,,,Relicta,,,,1.5,,,,
10211,10230,28,1,65,3516,3341,,,,,,quondam,,,"apud manus Relictae Stephani Gwbassoczy, Andreae Borothwa ac Seraphin",1,,,,
10212,10231,28,1,65,3516,2119,,,,,,,,,Seraphin,1.5,,,,
10213,10232,28,1,65,2521,408,,,,,,Relicta,,,"Seraphin, Janos Magyar",2,,,,
10214,10233,28,1,65,1903,3894,,,,,,,,,,2.5,,,,
10215,10234,28,1,65,440,300,,,,,,,Dominus,,,14,,2,,
10216,10235,28,1,65,440,2581,,,,,,Relicta,,,,3,,,,
10217,10236,28,1,65,437,,,,,,,,,Župnik (plebanus),,1,,,,
10218,10237,28,1,65,3371,2819,,,,,,,,,Gyegach,2.5,,0.5,,
10219,10238,28,1,65,3371,2422,,,,,,,,,Michael Wokozlawych,1,,,,
10220,10239,28,1,65,485,1211,,,,,,,,,,2.5,,0.5,,
10221,10240,28,1,65,3827,1848,,,,,,Relicta,,,"Franciscus, Johannes Swppanych",2.5,,0.5,,
10222,10241,28,1,65,2594,2825,,,,,,,,,,0.5,,,,
10223,10242,28,1,65,3390,676,,,,,,Relicta,,Župnik (plebanus),Blasych,1,,,,
10224,10243,28,1,65,1603,3056,,,,,,,,,cum fratribus,2,,1,,
10225,10244,28,1,65,1709,1368,,,,,,,Dominus,,,17,,2,,
10226,10245,28,1,65,2314,312,,,,,,,Domini,,,3.5,,,,
10227,10246,28,1,65,2005,207,,,,,,Orphani,,,,1,,,,
10228,10247,28,1,65,2141,3190,,,,,,,Dominus,,,9,,1,,
10229,10248,33,1,65,1061,1090,,,,,,,Magnificus dominus,Banus,,4,,,,
10230,10249,28,1,65,1061,3185,,,,,,,Dominus,,,4,,2,,
10231,10250,28,1,65,2087,,,,,,,,Reverendissimus dominus,Zagrebački biskup (Archiepiscopus ecclesiae Zagrabiensis),,16,,,,
10232,10251,28,1,65,787,509,,,,,,,Dominus,,Heredes Thuroczy,12,,1,,
10233,10252,28,1,65,1677,1369,,,,,,,Dominus,,,17,,1,,
10234,10253,28,1,65,1677,4231,,,,,,,,,,7,,2,,
10235,10254,28,1,65,807,3479,,,,,,,,,,1.5,,,,
10236,10255,28,1,65,929,,,,,,,,Dominus,Prepošt (prepositus)-Galgoncza,,5,,1,,
10237,10256,28,1,65,2757,57,,,,,,,Dominus,,,3,,,,
10238,10257,28,1,65,2757,3174,,,,,,,,,cum fratribus,1,,,,
10239,10258,28,1,65,2717,3056,,,,,,,,,cum fratribus,3,,1,,
10240,10259,28,1,65,1041,,,,,,,,Reverendissimus dominus,"Biskup zagrebački (Episcopus Zagrabiensis), Archiepiscopus",,12,,,,
10241,10260,28,1,65,1253,,,,,,,,Reverendissimus dominus,"Biskup zagrebački (Episcopus Zagrabiensis), Archiepiscopus",,0,,,"per Thurcas cumbusti, abducti",
10242,10261,28,1,65,2624,3896,,,,,,,,,,3.5,,0.5,,
10243,10262,28,1,65,2624,3649,,,,,,,,,loco Brade,4,,0.5,,
10244,10263,28,1,65,3211,1100,,,,,,,,,,5,,0.5,,
10245,10264,28,1,65,1019,67,,,,,,quondam,,,,0.5,,,,
10246,10265,28,1,65,3343,191,,,,,,Heredes,Domini,,,9,,1,,
10247,10266,28,1,65,2783,191,,,,,,Heredes,,,,6,,0.5,,
10248,10267,28,1,65,2779,191,oppidum,,,,,,,,,10,,1,,
10249,10268,28,1,65,278,3841,,,,,,,,,Wolffgangus Bogachoczy,1,,,,
10250,10269,28,1,65,2307,2087,,,,,,,,Vicecomes,,0.5,,,,
10251,10270,28,1,65,2307,3002,,,,,,Relicta,,,"Balthasar, Melchior, puella Dorothea Orehoczy",1,,,,
10252,10271,28,1,65,3343,,,,,,,,,Župnik (plebanus),,1,,,,
10253,10272,28,1,65,3343,364,,,,,,,,,cum suo genero,0.5,,,,
10254,10273,28,1,65,2521,2356,,,,,,,,,,1,,,,
10255,10274,28,1,65,2101,1653,,,,,,,,,,1,,,,
10256,10275,28,1,65,799,91,,,,,,,,,Zorych,1.5,,,,
10257,10276,28,1,65,799,2112,,,,,,Relicta,,,,1,,,,
10258,10277,28,1,65,2623,1153,,,,,,,,,,0.5,,,,
10259,10278,28,1,65,2779,,,,,,,,,Župnik (plebanus),,1.5,,,,
10260,10279,28,1,65,2151,,,,,,,,,Župnik (plebanus),,1,,,,
10261,10280,28,1,65,3343,3222,,,,,,Heredes,,,Czwethkowych,1,,,,
10262,10281,28,2,75,497,191,,,,,,,Domini,,,140,,,,
10263,10282,28,2,75,2159,504,,,,,,,Dominus,,,66,,,,
10264,10283,28,2,75,1602,2906,,,,,,,Dominus,,,23,,,,
10265,10284,28,2,75,1602,3782,,,,,,,Dominus,,,23,,,,
10266,10285,28,2,75,1624,3143,,,,,,,Magnificus dominus,,,70,,,,
10267,10286,28,2,75,2625,,,,,,,,,Eremiti (Fratres heremitae)-Lepoglava,,10,,,,
10268,10287,28,2,75,898,1149,,,,,,,,,,0.5,,,,
10269,10288,28,2,75,2303,3658,,,,,,Orphani,,,,2,,,,
10270,10289,28,2,75,2304,783,,,,,,,,,Petrus Bosznyak,1.5,,,,
10271,10290,28,2,75,2305,4224,,,,,,Orphani,,,,1.5,,,,
10272,10291,28,2,75,1963,2567,,,,,,,,,,0.5,,,,
10273,10292,28,2,75,1963,3033,,,,,,,,,,0.5,,,,
10274,10293,28,2,75,1963,1454,,,,,,Orphani,,,,0.5,,,,
10275,10294,28,2,75,1963,2291,,,,,,,,,,0.5,,,,
10276,10295,28,2,75,1952,1629,,,,,,,,,Georgius Fynthych,1,,,,
10277,10296,28,2,75,1506,1145,,,,,,,,,Relicta-Petrus Bedekoich,1,,,,
10278,10297,28,2,75,3410,1958,,,,,,,,,,1,,,,
10279,10298,28,2,75,2167,2713,,,,,,Relicta,,,,1.5,,,,
10280,10299,28,2,75,2167,1145,,,,,,Relicta,,,,1.5,,,,
10281,10300,28,2,75,2167,3207,,,,,,Relicta,,,,1.5,,,,
10282,10301,28,2,75,1638,2482,,,,,,,,,cum sorore,1.5,,,,
10283,10302,28,2,75,1638,2092,,,,,,,,,cum fratribus,1.5,,,,
10284,10303,28,2,75,1638,2126,,,,,,,,,cum fratribus,1,,,,
10285,10304,28,2,75,1638,701,,,,,,Orphani,,,,1,,,,
10286,10305,28,2,75,2127,3963,,,,,,,,,,1,,,,
10287,10306,28,2,75,2127,2392,,,,,,,,,,1,,,,
10288,10307,28,2,75,2127,2757,,,,,,,,,,0.5,,,,
10289,10308,28,2,75,2636,3491,,,,,,fratribus,,,,2,,,,
10290,10309,28,2,75,3404,2433,,,,,,,,,cum fratribus,3,,,,
10291,10310,28,2,75,3398,3404,,,,,,,,Vicejudex nobilium,,1,,,,
10292,10311,28,2,75,3398,2638,,,,,,,,,cum sororibus,0.5,,,,
10293,10312,28,2,75,3407,3586,,,,,,Orphani,,,,0.5,,,,
10294,10313,28,2,75,1091,2216,,,,,,,,,"Stephanus Gubassoczy, Relicta",1,,,,
10295,10314,28,2,75,1058,3090,,,,,,,,,,1,,,,
10296,10315,28,2,75,1096,1672,,,,,,Orphani,,,,1,,,,
10297,10316,28,2,75,1962,3675,,,,,,,,,Mathia Zalathnoky,0.5,,,,
10298,10317,28,2,75,1962,3404,,,,,,,,Judex nobilium,,0.5,,,,
10299,10318,28,2,75,1090,1391,,,,,,Orphani,,,Johannes Drenoczy,2,,,,
10300,10319,28,2,75,1090,3677,,,,,,,,,,0.5,,,,
10301,10320,28,2,75,3168,2718,,,,,,,,Vicespanus,,1,,,,
10302,10321,28,2,75,301,782,,,,,,,,,Petrus Bosnyak,1.5,,,,
10303,10322,28,2,75,2127,2628,,,,,,,,,,0.5,,,,
10304,10323,28,2,75,3173,3193,,,,,,,,,cum fratribus,1,,,,
10305,10324,28,2,75,2714,1825,,,,,,Orphani,,,,2,,,,
10306,10325,28,2,75,1072,1373,,,,,,Relicta,,,,1.5,,,,
10307,10326,28,2,75,1073,2213,,,,,,,,,,2,,,,
10308,10327,28,2,75,2335,1555,,,,,,,,Vicejudex nobilium,,0.5,,,,
10309,10328,28,2,75,2335,2763,,,,,,,,,cum fratribus,0.5,,,,
10310,10329,28,2,75,415,1671,,,,,,,,,,1.5,,,,
10311,10330,28,2,20,147,969,,,,,,,Dominus,Vicecomes,,18,,,,
10312,10331,28,2,20,144,2616,,,,,,,,,,18,,,,
10313,10332,28,2,20,1759,,,,,,,,,Eremiti (Fratres heremitae),,27,,,,
10314,10333,28,2,20,1797,2905,castrum,,,,,,Dominus,,,10,,,,
10315,10334,28,2,20,1797,3780,castrum,,,,,,Dominus,,,10,,,,
10316,10335,28,2,20,3759,1680,,,,,,Relicta,,,,3,,,,
10317,10336,28,2,20,3759,3174,,,,,,,,,,3,,,,
10318,10337,28,2,20,3759,3896,,,,,,,,,,1,,,,
10319,10338,28,2,20,3759,4204,,,,,,,,,cum sorore,0.5,,,,
10320,10339,28,2,20,3759,1170,,,,,,,,,,1,,,,
10321,10340,28,2,20,295,2997,,,,,,,,,,0.5,,,,
10322,10341,28,2,20,295,783,,,,,,,,,,1,,,,
10323,10342,28,2,20,2703,4216,,,,,,,,,,1,,,,
10324,10343,28,2,20,2873,1094,,,,,,,,,,1,,,,
10325,10344,28,2,20,3694,1013,,,,,,Orphani,,,,6,,,,
10326,10345,28,2,20,3692,1114,,,,,,,,,,0,,,totaliter deserta,
10327,10346,28,2,20,3692,3313,,,,,,,,,cum filiis,0.5,,,,
10328,10347,28,2,20,2360,3846,arx,,,,,,,,,12,,,,
10329,10348,28,2,20,2360,2110,arx,,,,,,,,,11,,,,
10330,10349,28,2,20,2360,3859,arx,,,,,,,,,12,,,,
10331,10350,28,2,20,2360,,arx,,,,,,,Župnik (plebanus),,1.5,,,,
10332,10351,28,2,20,3491,3056,castrum,,,,,,,,,15,,,,
10333,10352,28,2,20,384,3600,,,,,,,,,,2,,,,
10334,10353,28,2,20,384,1436,,,,,,,,,,1,,,,
10335,10354,28,2,20,1872,2357,,,,,,,,Judex nobilium,cum fratribus,2,,,,
10336,10355,28,2,20,1872,1690,,,,,,,,,,0.5,,,,
10337,10356,28,2,20,1976,700,,,,,,,,,,0.5,,,,
10338,10357,28,2,20,2551,1924,,,,,,,,,,0.5,,,,
10339,10358,28,2,20,157,1460,castrum,,,,,Orphani,,,,8,,,,
10340,10359,28,2,20,157,,castrum,,,,,,,Župnik (plebanus),,1,,,,
10341,10360,28,2,20,2456,3522,,,,,,,,,Foelicianus Makrovschak,0.5,,,,
10342,10361,28,2,20,1540,3282,,,,,,,,,,0.5,,,,
10343,10362,28,2,20,3453,4197,,,,,,,,,,1,,,,
10344,10363,28,2,20,3453,2231,,,,,,,,,,1,,,,
10345,10364,28,2,20,3453,698,,,,,,,,,Georgius Herkffy,1,,,,
10346,10365,28,2,20,3453,2331,,,,,,,,,Petrus Patachych Orphani,0.5,,,,
10347,10366,28,2,20,3453,4223,,,,,,Orphani,,,,1,,,,
10348,10367,28,2,20,3453,4206,,,,,,,,,cum fratre,0.5,,,,
10349,10368,28,2,20,3453,1360,,,,,,Orphani,,,,0,,,deserta,
10350,10369,28,2,20,3453,2931,,,,,,,,,Balthasar Zele,1,,,,
10351,10370,28,2,20,3453,1410,,,,,,,,,cum sorore,0.5,,,,
10352,10371,28,2,20,3453,1207,,,,,,,,,,0.5,,,,
10353,10372,28,2,20,3453,,,,,,,,,Župnik (plebanus),,0.5,,,,
10354,10373,28,2,20,3453,783,,,,,,,,,Petrus Bosyak,0.5,,,,
10355,10374,28,2,20,1017,2206,,,,,,,,,,3,,,,
10356,10375,28,2,20,3452,2912,,,,,,,,Vicejudex nobilium,Georgius Kozlych,1,,,,
10357,10376,28,2,20,3107,1536,castrum,,,,,,Dominus,,,100,,,,
10358,10377,28,2,20,3107,,castrum,,,,,,,Župnik (plebanus),,2,,,,
10359,10378,28,2,20,189,1099,,,,,,,,"Viceprothonotarius regni, notarius sedis Varasdiensis",,2,,,,
10360,10379,28,2,20,1303,1873,,,,,,,,,,0.5,,,,
10361,10380,28,2,34,3146,508,arx,,,,,,Domini,,,92,,,,
10362,10381,28,2,34,3146,3294,arx,,,,,,,,,16,,,,
10363,10382,28,2,34,3146,3801,arx,,,,,,generosa Domina,,,16,,,,
10364,10383,28,2,34,3146,3485,arx,,,,,,,,,20,,,,
10365,10384,28,2,34,3146,1461,arx,,,,,Orphani,,,,14,,,,
10366,10385,28,2,34,3146,3501,arx,,,,,,,,,3,,,,
10367,10386,28,2,34,476,2823,,,,,,,,,,1.5,,,,
10368,10387,28,2,34,476,1726,,,,,,,,Judex nobilium,,1,,,,
10369,10388,28,2,34,476,2298,,,,,,,,,unam sessionem colonicalem tenet pro curia nobilitari,0,,,,
10370,10389,28,2,34,87,1108,,,,,,Heredes,,,,2,,,,
10371,10390,28,2,34,3155,2433,,,,,,,,,cum fratribus,1,,,,
10372,10391,28,2,34,3154,3458,,,,,,Heredes,,,,0.5,,,,
10373,10392,28,2,34,1644,1219,,,,,,,,,,1,,,,
10374,10393,28,2,34,1644,2627,,,,,,,,,Petrus Vragoich,1.5,,,,
10375,10394,28,2,34,1644,1112,,,,,,,,,,3,,,,
10376,10395,28,2,34,1644,1099,,,,,,,,"Viceprothonotarius regni, notarius sedis Varasdiensis",Johannes Pethrychevych,2,,,,
10377,10396,28,2,34,1919,547,,,,,,Orphani,,,,4,,,,
10378,10397,28,2,34,1546,1711,,,,,,,,,,0.5,,,,
10379,10398,28,2,34,1972,2628,,,,,,,,,Petrus Vragoych,1.5,,,,
10380,10399,28,2,34,1972,1099,,,,,,,,"Viceprothonotarius regni, notarius sedis Varasdiensis",Johannes Pethrychevych,2,,,,
10381,10400,28,2,34,1972,1113,,,,,,,,,,2.5,,,,
10382,10401,28,2,34,776,1099,,,,,,,,Notarius sedis,,2,,,,
10383,10402,28,2,34,776,763,,,,,,Heredes,,Notarius sedis,Caspares Druskoczy,1.5,,,,
10384,10403,28,2,34,644,2618,,,,,,,,,Johannes Nezpesy,1,,,,
10385,10404,28,2,34,1390,3669,,,,,,,Dominus,,,6,,,,
10386,10405,28,2,34,698,1410,,,,,,,,,cum relicta glote,1,,,,
10387,10406,28,2,34,3143,2232,,,,,,,,,sessio una super quam tenet servitorem,0,,,,
10388,10407,28,2,34,3169,4197,,,,,,,,,,1,,,,
10389,10408,28,2,34,3169,698,,,,,,,,,Georgius Herkffy,3,,,,
10390,10409,28,2,34,3169,3458,,,,,,,,,Johannes Czeboczy,0.5,,,,
10391,10410,28,2,34,3169,2331,,,,,,,,,"Petrus Patachych fratre, Heredes",1,,,,
10392,10411,28,2,34,3169,2931,,,,,,,,,Balthasar Zele,1.5,,,,
10393,10412,28,2,34,3169,783,,,,,,,,,Petrus Bosnyak,0.5,,,,
10394,10413,28,2,34,3169,4205,,,,,,,,,"Franciscus Dragach fratre, Heredes",1,,,,
10395,10414,28,2,34,3169,1152,,,,,,,,,,0.5,,,,
10396,10415,28,2,34,3169,,,,,,,,,Župnik (plebanus),,0.5,,,,
10397,10416,28,2,34,3431,886,,,,,,,Dominus,,,17,,,,
10398,10417,28,2,34,2169,3766,,,,,,,,,,8,,,,
10399,10418,28,2,34,3207,1206,,,,,,,,,,0,,,deserta,
10400,10419,28,2,34,3207,4224,,,,,,Orphani,,,,0.5,,,,
10401,10420,28,2,34,3207,2231,,,,,,,,,,2.5,,,,
10402,10421,28,2,34,2221,886,,,,,,,Dominus,,,5,,,,
10403,10422,28,2,34,160,61,,,,,,,Dominus,,,1,,,,
10404,10423,28,2,34,3016,1587,,,,,,,,,cum fratre,3,,,,
10405,10424,28,2,34,3016,1099,,,,,,,,Notarius sedis,,1.5,,,,
10406,10425,28,2,34,3016,3648,,,,,,,,,,0.5,,,,
10407,10426,28,2,34,3016,3174,,,,,,,,,cum Relicta glote,1,,,,
10408,10427,28,2,39,1965,1304,,,,,,,,,,6,,,,
10409,10428,28,2,39,1965,1385,,,,,,,,,,2,,,,
10410,10429,28,2,39,1965,3943,,,,,,,,,,0.5,,,,
10411,10430,28,2,39,1233,1726,,,,,,,,Judex nobilium,,2,,,,
10412,10431,28,2,39,3823,3960,,,,,,Relicta,,,,0.5,,,,
10413,10432,28,2,39,3823,2755,,,,,,,,,,1,,,,
10414,10433,28,2,39,2909,3107,,,,,,Orphani,,,,4,,,,
10415,10434,28,2,39,2909,1819,,,,,,,,Judex nobilium,,1,,,,
10416,10435,28,2,39,2939,1464,,,,,,Orphani,,,,5,,,,
10417,10436,28,2,39,512,,,,,,,,,Kaptol zagrebački (Capitulum Zagrabiense),,1,,,,
10418,10437,28,2,39,3534,,,,,,,,,Varasd-civitas,,9,,,,
10419,10438,28,2,39,3017,,,,,,,,,Varasd-arx,,17,,,,
10420,10439,28,2,39,3459,4063,,,,,,,,,,0.5,,,,
10421,10440,28,2,39,3459,1207,,,,,,,,,,0.5,,,,
10422,10441,28,2,39,3459,1840,,,,,,Relicta,,,,0.5,,,,
10423,10442,28,2,39,3459,905,,,,,,,,,,0.5,,,,
10424,10443,28,2,39,1483,,,,,,,,,Varasd-civitas,,11,,,,
10425,10444,28,2,39,3066,,,,,,,,,Kaptol zagrebački (Capitulum Zagrabiense),,10,,,,
10426,10445,28,2,39,2816,3767,,,,,,,,,,5,,,,
10427,10446,28,2,39,3558,886,,,,,,,Dominus,,,2,,,,
10428,10447,28,2,39,3558,2331,,,,,,,,,,0.5,,,,
10429,10448,28,2,39,3558,905,,,,,,,,,una sessio colonicalis quam pro curia nobilitari inhabitat,0,,,,
10430,10449,28,2,39,3765,,,,,,,,,Varasd-civitas,,7,,,,
10431,10450,28,2,39,227,,,,,,,,Dominus,Biskup zagrebački (Episcopus Zagrabiensis),,12,,,,
10432,10451,28,2,39,3131,,,,,,,,,Župnik (plebanus),,1,,,,
10433,10452,28,2,39,3131,,,,,,,,,Prebendarius et rector scholae,,1,,,,
10434,10453,28,2,39,3772,,,,,,,,,Varasd-civitas,,4,,,,
10435,10455,30,4,15,3440,1221,castrum,,,,,,Spectabilis et magnificus dominus,,,100,,,,
10436,10456,30,4,15,3440,,oppidum,,,,,,,Zamobor-civitas,,35,,,,
10437,10457,30,4,15,3440,,,,,,,,,Župnik (plebanus) Zamoboriensis,,2,,,,
10438,10458,30,4,15,3441,,,,,,,,Dominus,Director,,4,,,,
10439,10459,30,4,15,267,3898,,,,,,,Dominus,Vicebanus,,1,,,,
10440,10460,30,4,15,267,889,,,,,,,,,,1,,,,
10441,10461,30,4,15,2242,3569,castrum,,,,,Heredes,,Banus,,170,,,,
10442,10462,30,4,15,2242,3569,castrum,,,,,Heredes,,Banus,,,,5,,
10443,10463,30,4,15,1467,3896,,,,,,,Dominus,Vicebanus,,8,,,,
10444,10464,30,4,15,1467,,,,,,,,,Župnik (plebanus)-St. Martinus sub Okych,,1,,,,
10445,10465,30,4,15,1467,,,,,,,,,Župnik (plebanus) ecclesiae Sanctissimae Trinitatis,,1,,,,
10446,10466,30,4,15,960,1976,,,,,,,,,,1,,,,
10447,10467,30,4,15,1514,3202,,,,,,,,,,1,,,,
10448,10468,30,4,15,1514,4139,,,,,,,,,,1.5,,,,
10449,10469,30,4,15,2053,3772,,,,,,,,,,2,,,,
10450,10470,30,4,15,1800,845,,,,,,,,,,1,,,,
10451,10471,30,4,15,1367,4251,,,,,,,Domina,,,3,,,,
10452,10472,30,4,15,1369,504,,,,,,,Dominus,,"Melchior, Lyppynyey Heredes",7,,,,
10453,10473,30,4,15,1801,2107,,,,,,Heredes,,,Johannes Lyppynyey Heredes,12,,,,
10454,10474,30,4,15,1815,1736,,,,,,Heredes,,,,5,,,,
10455,10475,30,4,15,330,,,,,,,,Dominus,Vicebanus,,2,,,,
10456,10476,30,4,15,330,3952,,,,,,,,,,1,,,,
10457,10477,30,4,15,1192,1370,,,,,,,,,,1,,,,
10458,10478,30,4,15,2234,404,,,,,,Relicta,,,,0.5,,,,
10459,10479,30,4,15,2234,151,,,,,,Relicta,,,,1,,,,
10460,10480,30,4,15,2235,1727,,,,,,Heredes,,,,3.5,,,,
10461,10481,30,4,15,2235,3304,,,,,,,,,,1.5,,,,
10462,10482,30,4,15,357,1200,,,,,,,,,,10,,,,
10463,10483,30,4,15,357,1118,,,,,,,Domina,,,6,,,,
10464,10484,30,4,15,357,1683,,,,,,,,,Michael Myhalyewych,16,,,,
10465,10485,30,4,15,357,1683,,,,,,,,,Michael Myhalyewych; pro curiis nobilitaribus divisi fumi 3,0,,3,,
10466,10486,30,4,15,357,1275,,,,,,,Domina,,,33,,,,
10467,10487,30,4,15,687,1731,,,,,,Heredes,,,,2,,,,
10468,10488,30,4,15,2439,1162,,,,,,Relicta,,,,3.5,,,,
10469,10489,30,4,15,2439,3209,,,,,,Relicta,,,,3.5,,,,
10470,10490,30,4,15,2439,2714,,,,,,Relicta,,,,3.5,,1.5,,
10471,10491,30,4,15,2439,,,,,,,,,Župnik (plebanus)-St. Petrus,,0.5,,,,
10472,10492,30,4,15,2073,2350,,,,,,,,,"Jacobus Pogledych fratribus, sororibus",1.5,,,,
10473,10493,30,4,15,2073,2766,,,,,,,,,loco Stephanus Pogledych,1,,0.5,,
10474,10494,30,4,15,2073,1532,,,,,,,,Litteratus Chasmensis,,0.5,,,,
10475,10495,30,4,15,2073,3608,,,,,,,,,,1,,,,
10476,10496,30,4,15,2073,1524,,,,,,,,Litteratus,"Petrus Isthwanych, Marcus Radenchych",0.5,,,,
10477,10497,30,4,15,2073,4217,,,,,,,,,,0.5,,,,
10478,10498,30,4,15,1166,,,,,,,,,Gradec (Civitas Montis Grecensis Zagrabiensis),,6,,,,
10479,10499,30,4,15,2476,2833,,,,,,,,,loco Michael patris,2.5,,,,
10480,10500,30,4,15,2674,4005,,,,,,,,,,1,,,,
10481,10501,30,4,15,1555,4150,,,,,,,,,Relicta Mwdych loco Michael,2,,,,
10482,10502,30,4,15,1555,1551,,,,,,,,,,0.5,,,,
10483,10503,30,4,15,1555,1327,,,,,,,,,,0.5,,,,
10484,10504,30,4,15,2145,4051,,,,,,,,,Nicolaus Laczkoych Relicta,0.5,,,,
10485,10505,30,4,15,2685,2962,,,,,,,,,,1,,,,
10486,10506,30,4,15,2685,791,,,,,,,,,loco Myrenych,1,,,,
10487,10507,30,4,15,1486,766,,,,,,,,,,0.5,,,,
10488,10508,30,4,15,1000,,,,,,,,,Župnik (plebanus),,1.5,,,,
10489,10509,30,4,15,2232,,,,,,,,,Župnik (plebanus),,1,,,,
10490,10510,30,4,15,1553,1031,,,,,,,,,Mathias,1,,,,
10491,10511,30,4,15,1557,1025,,,,,,,,,,1,,,,
10492,10512,30,4,15,31,2385,,,,,,,,,Arbanaz,1,,,,
10493,10513,30,4,15,1706,1048,,,,,,Relicta,,,,0.5,,,,
10494,10514,30,4,15,1706,4052,,,,,,,,,loco Satrych,0.5,,,,
10495,10515,30,4,15,32,3012,,,,,,,,,,1,,,,
10496,10516,30,4,15,32,3881,,,,,,,,,,0.5,,,,
10497,10517,30,4,15,32,3134,,,,,,,,,Paulus Pykoych,0,,,fumus desertatus per migrationem ad nobilitatem,
10498,10518,30,4,15,1594,948,,,,,,,,,,0.5,,,,
10499,10519,30,4,15,1594,380,,,,,,,,,,0.5,,0.5,,
10500,10520,30,4,15,2684,4151,,,,,,,,,Franciscus Mwdych heredibus,1,,,,
10501,10521,30,4,15,1224,1771,,,,,,Relictarum,,,Benedictus Myxych,1,,,,
10502,10522,30,4,15,1225,3832,,,,,,,,,Michael Benchechych,1,,,,
10503,10523,30,4,15,1226,1885,,,,,,,,,Michael Ztepanych,1.5,,,,
10504,10524,30,4,15,1227,2734,,,,,,,,,"loco Martini Sabarych cum fratribus, sororibus",1.5,,,,
10505,10525,30,4,15,2145,3784,,,,,,,,,Georgius Laczkoych,0.5,,0.5,,
10506,10526,30,4,15,1751,,,,,,,,,Nobiles campi Zagrabiensis,,3,,,,
10507,10527,30,4,15,1324,457,,,,,,,,,ubi residet Johannes Bekowych,1,,,,
10508,10528,30,4,15,1755,2964,,,,,,,,,,2.5,,,,
10509,10529,30,4,15,3282,3010,,,,,,,,,,0.5,,,,
10510,10530,30,4,15,402,1323,,,,,,,,,,0.5,,,,
10511,10531,30,4,15,751,3906,,,,,,,,,"Martinus, Thomas Radenych, Petrus Brebrych, Paulus Gywrak",2.5,,,,
10512,10532,30,4,15,3284,1090,castellum,,,,,,Magnificus dominus,,,50,,,,
10513,10533,30,4,15,2689,,,,,,,,,Eremiti (Fratres heremitae),,13,,,,
10514,10534,30,4,15,2881,4117,,,,,,,,,,3.5,,,,
10515,10535,30,4,15,2881,3993,,,,,,Relicta,,,,3,,,,
10516,10536,30,4,15,2881,2718,,,,,,,,,,3,,,,
10517,10537,30,4,15,2881,2729,,,,,,Puella,,,,2,,,,
10518,10538,30,4,15,2882,3546,,,,,,Relicta,,,,4,,,,
10519,10539,30,4,15,2882,2484,,,,,,Relicta,,,"cum duobus filiis, una filia",7,,,,
10520,10540,30,4,15,2881,2883,,,,,,,,,,2,,,,
10521,10541,30,4,15,2881,750,,,,,,,,,,0.5,,,,
10522,10542,30,4,15,2881,898,,,,,,Consors,,,,1,,,,
10523,10543,30,4,15,2881,2481,,,,,,,,,,3,,,,
10524,10544,30,4,15,2881,662,,,,,,,,,"Dorothych, heredibus Johannes Barbier",4,,,,
10525,10545,30,4,15,2882,475,,,,,,Relicta,,,Dominus Paulus Barbyer-Heredes,2,,,,
10526,10546,30,4,15,109,419,,,,,,,,,,0.5,,,,
10527,10547,30,4,15,1583,527,,,,,,Heredes,,,,1,,,,
10528,10548,30,4,15,1587,,,,,,,,,Kaptol zagrebački (Capitulum Zagrabiense),,20,,,,
10529,10549,30,4,15,2516,,,,,,,,Dominus,Vicebanus,,11,,,,
10530,10550,30,4,15,2516,3649,,,,,,,,,,10,,,,
10531,10551,30,4,15,1631,,,,,,,,,Župnik (plebanus),,2,,,,
10532,10552,30,4,15,2426,,,,,,,,,Župnik (plebanus),,2,,,,
10533,10553,30,4,15,2891,191,castrum,,,,,,"Dominus, comes",,,210,,10,,
10534,10554,30,4,15,1743,1534,,,,,,,,,,2,,,,
10535,10555,30,4,15,3218,2951,,,,,,,,,,1,,,,
10536,10556,30,4,15,2204,,,,,,,,,Župnik (plebanus),,1,,,,
10537,10557,30,4,15,3788,,,,,,,,,Župnik (plebanus),,0.5,,,,
10538,10558,30,4,15,3204,2773,,,,,,,,,nunc vero apud manus Erdewdy,20,,,,
10539,10559,30,4,15,2207,191,castrum,,,,,,Domini,,,70,,,,
10540,10560,30,4,15,1967,,,,,,,,,Župnik (plebanus),,2,,,,
10541,10561,30,4,15,1844,2370,,,,,,Relicta,,,,4,,,,
10542,10562,30,4,15,3812,2760,,,,,,Heredes,,,,3,,,,
10543,10563,30,4,15,3666,2091,,,,,,,,,,1,,,,
10544,10564,30,4,15,1894,1402,,,,,,,,,,2.5,,,,
10545,10565,30,4,15,815,,,,,,,,Reverendissimus dominus,Biskup zagrebački (Episcopus Zagrabiensis),,7.5,,,,
10546,10566,30,4,15,3863,,,,,,,,,Kaptol zagrebački (Capitulum Zagrabiense),,90,,,,
10547,10567,30,4,15,1181,,,,,,,,,,,0,,10,,
10548,10568,30,4,15,2864,,,,,,,,,Župnik (plebanus),,0,,1,,
10549,10569,30,4,15,2864,1548,,,,,,,,,,0,,3,,
10550,10570,30,4,15,1783,,castellum,,,,,,,Kralj (rex),,0,,20,,
10551,10571,30,4,15,2090,3390,,,,,,,,,,0,,1.5,,
10552,10572,30,4,15,2090,4014,,,,,,,,,,0,,1.5,,
10553,10573,30,4,15,2530,,castrum,,,,,,Dominus,Biskup zagrebački (Episcopus Zagrabiensis),,0,,2,,
10554,10574,30,4,15,2986,1157,,,,,,,,,,0,,1,,
10555,10575,30,4,15,1472,98,,,,,,Heredes,,,,5,,1.5,,
10556,10576,30,4,15,3366,88,,,,,,,,,,2,,1,,
10557,10577,30,4,15,2343,622,,,,,,quondam,,,Myslenowych,0,,4,,
10558,10578,30,4,15,3716,3643,,,,,,Relicta,,,,1,,,,
10559,10579,30,4,15,2800,2283,,,,,,,,,,3,,,,
10560,10580,30,4,15,2800,1455,,,,,,,,,,3,,,,
10561,10581,30,4,15,545,1465,,,,,,,,,,3,,0.5,,
10562,10582,30,4,15,1205,3166,,,,,,Relicta,,,,5,,0.5,,
10563,10583,30,4,15,1205,3164,,,,,,,,,,6,,1,,
10564,10584,30,4,15,1205,2240,,,,,,,,,,10,,2,,
10565,10585,30,4,15,1205,2240,,,,,,,,,de portione dicti Michael,1,,,,
10566,10586,30,4,15,3810,375,,,,,,,,,,0,,1,,
10567,10587,30,4,15,1267,218,,,,,,,,,,0,,4,,
10568,10588,30,4,15,661,634,,,,,,Relicta,,,,1,,1.5,,
10569,10589,30,4,15,3510,421,,,,,,,,,,0,,0.5,,
10570,10590,30,4,15,3809,2270,,,,,,,,,,0,,1,,
10571,10591,30,4,15,711,1705,,,,,,,,,,0,,2,,
10572,10592,30,4,15,711,3468,,,,,,,,,cum fratribus,0,,2,,
10573,10593,30,4,15,711,3053,,,,,,,,,,0,,1.5,,
10574,10594,30,4,15,711,2340,,,,,,,,,,0,,1,,
10575,10595,30,4,15,2279,126,,,,,,Relicta,,,,0,,4,,
10576,10596,30,4,15,2279,3331,,,,,,,,,cum sororibus,0,,1.5,,
10577,10597,30,4,15,2279,2574,,,,,,,,,Petrus Imprych,0,,3,,
10578,10598,30,4,15,2279,482,,,,,,,,,cum plebano,0,,2,,
10579,10599,30,4,15,2279,4149,,,,,,,,,,0,,3,,
10580,10600,30,4,15,2630,499,,,,,,Relicta,,,,0,,1.5,,
10581,10601,30,4,15,2630,675,,,,,,Relicta,,,,0,,1,,
10582,10602,30,4,15,2630,238,,,,,,,,,,0,,1,,
10583,10603,30,4,15,2630,562,,,,,,Relicta,,,,0,,2,,
10584,10604,30,4,15,2630,1605,,,,,,,,,,0,,1.5,,
10585,10605,30,4,15,1351,275,,,,,,,,,,0,,3,,
10586,10606,30,4,15,1351,345,,,,,,,,,"Balogh, Ztepan",0,,1.5,,
10587,10607,30,4,15,1351,550,,,,,,,,,,0,,1,,
10588,10608,30,4,15,3665,923,,,,,,,,,,0,,1,,
10589,10609,30,4,15,3665,1567,,,,,,,,,,0,,1,,
10590,10610,30,4,15,2539,164,,,,,,,,,,0,,0.5,,
10591,10611,30,4,15,1311,3331,,,,,,,,,cum sororibus,8,,5,,
10592,10612,30,4,15,1311,4083,,,,,,,,,,8,,5,,
10593,10613,30,4,15,1311,3607,,,,,,Relicta,,,,4,,2,,
10594,10614,30,4,15,1311,2574,,,,,,,,,,4,,2,,
10595,10615,30,4,15,1311,4085,,,,,,,,,,8,,5,,
10596,10616,30,4,15,1531,1525,,,,,,,Magnificus dominus,,,12,,8,,
10597,10617,30,4,15,2983,1609,,,,,,,,,,4,,3,,
10598,10618,30,4,15,2983,1187,,,,,,,,,,0.5,,0.5,,
10599,10619,30,4,15,2983,77,,,,,,Heredes,,,,0.5,,0.5,,
10600,10620,30,4,15,249,2382,,,,,,,,,cum fratribus,3,,,,
10601,10621,30,4,15,3427,1343,,,,,,,,,"Petrus, Thomas Aythych",1,,0.5,,
10602,10622,30,4,15,3427,3825,,,,,,,,,"Gabriel, Gaspar Aythych",1,,0.5,,
10603,10623,30,4,15,3427,1117,,,,,,Puella,,,,0.5,,,,
10604,10624,30,4,15,1844,413,,,,,,,Dominus,,,6,,3,,
10605,10625,30,4,15,2744,413,,,,,,,Dominus,,,16,,6,,
10606,10626,30,4,15,2978,,,,,,,,,Župnik (plebanus),,1,,,,
10607,10627,30,4,15,2353,667,castrum,,,,,,"Dominus, comes",,,120,,20,,
10608,10628,30,4,15,2481,,,,,,,,Dominus,Vicebanus,,8,,,,
10609,10629,30,4,15,3703,430,,,,,,,Nobiles,,,7,,,,
10610,10630,30,4,15,2453,,,,,,,,,Kaptol zagrebački (Capitulum Zagrabiense),,18,,,,
10611,10631,30,4,15,732,2736,,,,,,,,,,0.5,,,,
10612,10632,30,4,15,3299,,,,,,,,,Župnik (plebanus),,2,,,,
10613,10633,30,4,15,3299,47,,,,,,,,,,2,,,,
10614,10634,30,4,15,3299,761,,,,,,Heredes,,,,1.5,,,,
10615,10635,30,4,15,3299,2882,,,,,,,,,,1.5,,,,
10616,10636,30,4,15,3089,3469,,,,,,,,,cum fratribus,5,,,,
10617,10637,30,4,15,3089,2700,,,,,,,,,,0.5,,,,
10618,10638,30,4,15,62,2887,,,,,,,,,,1.5,,,,
10619,10639,30,4,15,728,3019,,,,,,,,,,2,,,,
10620,10640,30,4,15,3067,31,,,,,,Relicta,,,Baldak,1.5,,,,
10621,10641,30,4,15,2814,3323,,,,,,,,Litteratus,,1.5,,,,
10622,10642,30,4,15,2814,3621,,,,,,,,,,4.5,,,,
10623,10643,30,4,15,802,2644,,,,,,,,,,4,,,,
10624,10644,30,4,15,1339,,,,,,,,,Župnik (plebanus),,5,,,,
10625,10645,30,4,15,1339,191,castrum,,,,,,"Dominus, comes",,,100,,,,
10626,10646,30,4,140,461,3804,,,,,,Relicta-Dominus Stephanus Bradach,,,Emericus Bradach quondam,24,,,,
10627,10647,30,4,140,461,3703,,,,,,,,,,12,,,,
10628,10648,30,4,140,461,,,,,,,,,Župnik (plebanus)-St. Petrus,,1.5,,,,
10629,10649,30,4,140,971,2240,,,,,,,,,Michael Hrwssoczy,1.5,,,,
10630,10650,30,4,140,2994,613,,,,,,Relicta,,,,1.5,,,,
10631,10651,30,4,140,2994,2997,,,,,,,,,,2,,,,
10632,10652,30,4,140,2934,3056,,,,,,,,,,2.5,,,,
10633,10653,30,4,140,1171,36,,,,,,,Dominus,,,22,,,,
10634,10654,30,4,140,1171,,,,,,,,,Župnik (plebanus),,1,,,,
10635,10655,30,4,140,1154,3174,,,,,,,,,,2,,,,
10636,10656,30,4,140,1154,1680,,,,,,Relicta,,,,2,,,,
10637,10657,30,4,140,1154,4228,,,,,,,,,,2.5,,,,
10638,10658,30,4,140,438,134,,,,,,,Domini,,,8,,,,
10639,10659,30,4,140,438,2548,,,,,,Relicta,,,,2.5,,,,
10640,10660,30,4,140,122,619,,,,,,,,,,2,,,,
10641,10661,30,4,140,122,547,,,,,,,,,Pathachych,1,,,,
10642,10662,30,4,140,122,388,,,,,,Relicta Mlynchych,,,Benkowyna,1,,,,
10643,10663,30,4,140,3093,2751,,,,,,,,,,1,,,,
10644,10664,30,4,140,173,3698,,,,,,,,,,0.5,,,,
10645,10665,30,4,140,2968,1377,,,,,,,,,loco Johannes Woykffy,1,,,,
10646,10666,30,4,140,2968,3272,,,,,,,,,,1,,,,
10647,10667,30,4,140,2968,2205,,,,,,,,,Prenar Relicta,1.5,,,,
10648,10668,30,4,140,3086,3479,,,,,,,,,"Barbyer, Fynthych",2,,,,
10649,10669,30,4,140,215,3479,,,,,,,,,Hozzar,2,,,,
10650,10670,30,4,140,3498,3050,,,,,,,,,Judita Kerecheny-puella,8,,,,
10651,10671,30,4,140,3498,2907,,,,,,Relicta,,,,4,,,,
10652,10672,30,4,140,3498,794,,,,,,Relicta,,,,5,,,,
10653,10673,30,4,140,3498,3846,,,,,,Relicta,,,,5,,,,
10654,10674,30,4,140,1931,,,,,,,,,Župnik (plebanus),,0.5,,,,
10655,10675,30,4,140,120,2326,,,,,,,,,,0.5,,,,
10656,10676,30,4,140,446,1958,,,,,,Relicta,,,,4,,,,
10657,10677,30,4,140,2465,2618,castrum,,,,,,,,"Nezpessey, Stephano Pezery",3.5,,,,
10658,10678,30,4,140,2465,3559,castrum,,,,,,,,Balogh,1,,,,
10659,10679,30,4,140,2465,1798,castrum,,,,,,,,Nelepczy,0.5,,,,
10660,10680,30,4,140,2465,171,castrum,,,,,,,,,0.5,,,,
10661,10681,30,4,140,2465,2348,castrum,,,,,,,,Poyathych,1,,,,
10662,10682,30,4,140,2465,3139,castrum,,,,,,,,Adamus Marygolth,1,,,,
10663,10683,30,4,140,2465,2256,castrum,,,,,,,,,1.5,,,,
10664,10684,30,4,140,2465,2574,castrum,,,,,,,,,1.5,,,,
10665,10685,30,4,140,2465,1554,castrum,,,,,,,,,0.5,,,,
10666,10686,30,4,140,3498,191,,,,,,,Domini,,,5.5,,,,
10667,10687,30,4,140,3502,3649,,,,,,,,,,3.5,,,,
10668,10688,30,4,140,3502,3896,,,,,,,,Vicebanus,,3.5,,,,
10669,10689,30,4,27,1762,769,,,,,,,,,,3,,,,
10670,10690,30,4,27,890,2939,,,,,,Relicta,,,,0.5,,,,
10671,10691,30,4,27,890,1802,,,,,,Relicta,,,,1,,,,
10672,10692,30,4,27,890,1119,,,,,,,,,loco Gwbassoczy,1,,,,
10673,10693,30,4,27,890,3664,,,,,,,,,,0.5,,,,
10674,10694,30,4,27,890,2344,,,,,,,,Viceprothonotarius,,0.5,,,,
10675,10695,30,4,27,890,1530,,,,,,,,,,0.5,,,,
10676,10696,30,4,27,890,3894,,,,,,,,,apud manus-Johannes Petrychewych-dominus protonotharius,2.5,,,,
10677,10697,30,4,27,890,3772,,,,,,,,,apud manus-Johannes Petrychewych-dominus protonotharius,2.5,,,,
10678,10698,30,4,27,890,2326,,,,,,,,,,0.5,,,,
10679,10699,30,4,27,890,485,,,,,,Heredes,,,,0.5,,,,
10680,10700,30,4,27,890,79,,,,,,Relicta,,,Bosak,1,,,,
10681,10701,30,4,27,890,1887,,,,,,,,,,0.5,,,,
10682,10702,30,4,27,890,483,,,,,,,,,,0.5,,,,
10683,10703,30,4,27,890,1491,,,,,,,,,Gregwrycza,0.5,,0.5,propter famem,
10684,10704,30,4,27,890,3222,,,,,,Heredes,,,Relicta-Balthasar Borothwa,1,,,,
10685,10705,30,4,27,890,2507,,,,,,,,Vojvoda,,1.5,,,,
10686,10706,30,4,27,890,,,,,,,,,Župnik (plebanus),,1,,,,
10687,10707,30,4,27,890,2455,,,,,,,,,Gregorius Labohar,4.5,,,,
10688,10708,30,4,27,890,2740,,,,,,Relicta,,,,0.5,,,,
10689,10709,30,4,27,890,4036,,,,,,,,,Thwryak,1,,,,
10690,10710,30,4,27,890,91,,,,,,,,,Zorych,1,,,,
10691,10711,30,4,27,890,3945,,,,,,,,,,1,,0.5,,
10692,10712,30,4,27,43,3803,castellum,,,,,Relicta-Dominus Andreas Hennyngh,Domina,,,14,,,,
10693,10713,30,4,27,43,,castellum,,,,,,Dominus,Vicebanus,,7,,,,
10694,10714,30,4,27,43,3056,castellum,,,,,,,,,7,,,,
10695,10715,30,4,27,43,2907,castellum,,,,,Relicta,,,,7,,,,
10696,10716,30,4,27,43,568,castellum,,,,,,Domini,,cum colonis plebanatus ibidem,40,,,,
10697,10717,30,4,27,43,1444,castellum,,,,,,,Judex nobilium,Paloych,0.5,,,,
10698,10718,30,4,27,463,2793,,,,,,Heredes,Domina,,,1,,,,
10699,10719,30,4,27,3739,568,,,,,,,Domini,,cum colonis plebanatus ibidem,11,,,,
10700,10720,30,4,27,1279,568,,,,,,,Domini,,,5,,,,
10701,10721,30,4,27,3746,259,judicatus,,,,,,Domini,,,5,,,,
10702,10722,30,4,27,1277,259,,,,,,,Domini,,,5,,,,
10703,10723,30,4,27,3751,568,judicatus,,,,,,Domini,,,14,,,,
10704,10724,30,4,27,3751,259,judicatus,,,,,,Domini,,,15,,,,
10705,10725,30,4,27,3737,568,judicatus,,,,,,Domini,,,57,,,,
10706,10726,29,4,27,3737,259,judicatus,,,,,,Domini,,cum colonis plebanatus ibidem,65,,,,
10707,10727,30,4,27,3748,568,judicatus,,,,,,Domini,,,34,,,,
10708,10728,30,4,27,3748,259,judicatus,,,,,,Domini,,cum colonis plebanatus,40,,,,
10709,10729,30,4,27,3752,568,judicatus,,,,,,Domini,,,12,,,,
10710,10730,30,4,27,3752,259,judicatus,,,,,,Domini,,cum colonis plebanatus,17,,,,
10711,10731,30,4,27,3753,568,judicatus,,,,,,Domini,,,10,,,,
10712,10732,30,4,27,3753,259,judicatus,,,,,,Domini,,,10,,,,
10713,10733,30,4,27,3743,568,judicatus,,,,,,Domini,,,10,,,,
10714,10734,30,4,27,3743,259,judicatus,,,,,,Domini,,,10,,,,
10715,10735,30,4,27,2570,1958,,,,,,,,,,1,,,,
10716,10736,30,4,27,2135,,,,,,,,,Eremiti (Fratres heremitae),,4,,,,
10717,10737,30,4,27,1994,,castrum,,,,,,Dominus,Vicebanus,,16,,,,
10718,10738,30,4,27,2107,1445,,,,,,,,,cum fratribus,3,,,,
10719,10739,30,4,27,3681,26,,,,,,Relicta,,,,4,,,,
10720,10740,30,4,27,261,,,,,,,,,Eremiti (Fratres heremitae),,6,,,,
10721,10741,30,4,27,1034,,,,,,,,,Gradec (Civitas Montis Grecensis Zagrabiensis),,6,,,,
10722,10742,30,4,27,535,,,,,,,,,Župnik (plebanus),,2.5,,,,
10723,10743,30,4,27,2481,2884,,,,,,Heredes,,,,1,,0.5,,
10724,10744,30,4,27,2481,810,,,,,,,,,,1.5,,,,
10725,10745,30,4,27,2483,,,,,,,,,Gradec (Civitas Montis Grecensis Zagrabiensis),,3,,,,
10726,10746,30,4,27,2481,830,,,,,,,,,,1.5,,,,
10727,10747,30,4,27,2481,3846,,,,,,Relicta,,,Emericus Bradach,2,,0.5,,
10728,10748,30,4,27,2481,,districtus,,,,,,,Kaptol zagrebački (Capitulum Zagrabiense),,262,,,,
10729,10749,30,4,27,80,,,,,,,,,Prepošt (praepositus) Beate Virginis*,,8,,4,,1
10730,10750,30,4,27,377,4103,,,,,,,,,"Mathhia, Kassnar Relicta",3,,,,
10731,10751,30,4,27,780,3896,,,,,,,,Vicebanus,,1,,,,
10732,10752,30,4,27,780,18,,,,,,,,,,1,,,,
10733,10753,30,4,27,780,12,,,,,,,,,,1,,,,
10734,10754,30,4,27,780,3003,,,,,,,,,,1.5,,,,
10735,10755,30,4,27,780,3050,,,,,,,,,cum fratribus,2,,0.5,,
10736,10756,30,4,27,967,2348,,,,,,,,,Fachar,0.5,,1,,
10737,10757,30,4,27,1387,2842,,,,,,,,,,1,,,,
10738,10758,30,4,27,1387,3263,,,,,,,,,,1,,,,
10739,10759,30,4,27,9,442,,,,,,Relictarum,,,,1.5,,,,
10740,10760,30,4,27,9,3988,,,,,,,,,Apalenych,2,,,,
10741,10761,30,4,27,9,3319,,,,,,,,,cum fratribus,1,,,,
10742,10762,30,4,27,2263,2506,,,,,,,,,Michael,1,,,,
10743,10763,30,4,27,1726,3846,,,,,,Relicta Stephanus,Domina,,Emericus Bradach,10,,,,
10744,10764,30,4,27,1726,830,,,,,,,Domina,,,5,,,,
10745,10765,30,4,27,317,568,,,,,,,Domini,,,6,,0.5,,
10746,10766,30,4,27,316,568,,,,,,,Domini,,,14,,1,,
10747,10767,30,4,27,1615,2740,,,,,,Relicta,,,,2.5,,,,
10748,10768,30,4,27,3520,3174,,,,,,,,,,3.5,,,,
10749,10769,30,4,27,3520,1379,,,,,,,,,,1.5,,,,
10750,10770,30,4,27,2363,4109,,,,,,,,,cum sororibus,3,,,,
10751,10771,30,4,27,2363,,,,,,,,,Župnik (plebanus)-St. Martinus,,1,,,,
10752,10772,30,4,27,1499,2967,,,,,,,,,"cum fratribus, glote",1.5,,,,
10753,10773,30,4,27,3481,534,,,,,,Heredes,,,,4,,,,
10754,10774,30,4,27,3481,3546,,,,,,Relicta,,,,2,,,,
10755,10775,30,4,27,1383,1528,,,,,,,,,,1,,,,
10756,10776,30,4,27,1383,2842,,,,,,,,,,1,,,,
10757,10777,30,4,27,806,2670,,,,,,,,,,0.5,,0.5,,
10758,10778,30,4,27,309,2427,,,,,,,,,,0.5,,0.5,,
10759,10779,30,4,27,2071,1761,,,,,,,,,,3,,,,
10760,10780,30,4,27,3517,1761,,,,,,,,,,4.5,,,,
10761,10781,30,4,27,3515,1549,,,,,,Heredes,,,,1.5,,,,
10762,10782,30,4,27,2473,,,,,,,,Dominus,Prepošt (prepositus)-Galgoncza,,5,,,,
10763,10783,30,4,27,3251,,,,,,,,Reverendissimus dominus,Biskup zagrebački (Episcopus Zagrabiensis),,19,,,,
10764,10784,30,4,27,3253,,,,,,,,Reverendissimus dominus,Biskup zagrebački (Episcopus Zagrabiensis),,16,,,,
10765,10785,30,4,27,575,,judicatus,,,,,,Reverendissimus dominus,Biskup zagrebački (Episcopus Zagrabiensis),,6,,,,
10766,10786,30,4,27,3349,3135,,,,,,,,,,2.5,,,,
10767,10787,30,4,27,2834,,,,,,,,,Nobiles prediales episcopatus Zagrabiensis,,8,,,,
10768,10788,30,4,27,240,1959,,,,,,Relicta,,,,2,,,,
10769,10789,30,4,27,780,3858,,,,,,,,,cum sororibus,0.5,,0.5,,
10770,10790,30,4,27,9,2904,,,,,,,,,Stephanus Kalynzky,0.5,,,,
10771,10791,30,4,27,9,1572,,,,,,,,,,0.5,,,,
10772,10792,30,4,27,9,793,,,,,,,,,Johannes Kassnar,0.5,,,,
10773,10793,30,4,27,3588,,,,,,,,,Župnik (plebanus),,0.5,,,,
10774,10794,30,1,83,1899,588,castrum,,,,,Heredes,,,,25,,1,,
10775,10795,30,1,83,1899,,castrum,,,,,,,Župnik (plebanus),,1,,,,
10776,10796,30,1,83,1432,1295,,,,,,,,,Johannes Hassady Relicta,7,,2,,
10777,10797,30,1,83,1502,,,,,,,,Dominus,Banus,Pewkry,5,,,,
10778,10798,30,1,83,1663,82,,,,,,Heredes,,,,2,,3,,
10779,10799,30,1,83,1663,588,,,,,,Heredes,,,,1.5,,,,
10780,10800,30,1,83,998,2260,,,,,,,,,Komornyk,2,,,,
10781,10801,30,1,83,1692,2846,,,,,,Heredes,,Litteratus,,3.5,,,,
10782,10802,30,1,83,1692,660,,,,,,,Domina,,Michael Litteratus,8,,,,
10783,10803,30,1,83,128,2046,,,,,,,,,,4,,,,
10784,10804,30,1,83,128,2389,,,,,,,,,Fychar,1,,,,
10785,10805,30,1,83,128,2161,,,,,,,,,,3,,,,
10786,10806,30,1,83,1416,2931,,,,,,,,,Stephanus Pezery,4,,,,
10787,10807,30,1,83,1417,710,,,,,,,,,,4,,,,
10788,10808,30,1,83,1432,,,,,,,,Dominus,Banus,,1,,,,
10789,10809,30,1,83,1432,1367,,,,,,,Dominus,,,1,,,,
10790,10810,30,1,7,3627,1369,,,,,,,Magnificus dominus,,,10,,,,
10791,10811,30,1,7,3603,2300,,,,,,Relicta,,,,1.5,,,,
10792,10812,30,1,7,3603,3334,,,,,,quondam,,,"Relicta Gwbassoczy, Andreas Borothwa, Seraphin",1,,,,
10793,10813,30,1,7,3603,2119,,,,,,,,,Serafyn,1.5,,,,
10794,10814,30,1,7,2521,411,,,,,,Relicta,,,"Seraphyn, Magyer Janos",1,,1,,
10795,10815,30,1,7,1903,,,,,,,,Dominus,Vicebanus,,2.5,,,,
10796,10816,30,1,7,437,134,,,,,,,Domini,,,13,,1,,
10797,10817,30,1,7,437,2548,,,,,,Relicta,,,,3,,,,
10798,10818,30,1,7,437,,,,,,,,,Župnik (plebanus),,1,,,,
10799,10819,30,1,7,3371,2819,,,,,,,,,Gyegach,2.5,,,,
10800,10820,30,1,7,3373,2416,,,,,,,,,Michael Wakozlawych,1,,,,
10801,10821,30,1,7,487,1141,,,,,,,,,,2.5,,,,
10802,10822,30,1,7,3827,1568,,,,,,Relicta,,,"Franciscus, Johannes Swppanych",2.5,,,,
10803,10823,30,1,7,2601,2826,,,,,,,,,,0.5,,,,
10804,10824,30,1,7,3390,672,,,,,,Relicta Ztanych,,Župnik (plebanus),Blasycz,1.5,,,,
10805,10825,30,1,7,1598,3056,,,,,,,,,cum fratribus,2,,,,
10806,10826,30,1,7,1709,1369,,,,,,,Magnificus dominus,,,17,,,,
10807,10827,30,1,7,2314,312,,,,,,,Domini,,,3,,0.5,,
10808,10828,30,1,7,2005,207,,,,,,Heredes,,,,1,,,,
10809,10829,30,1,7,2141,3190,,,,,,,Magnificus dominus,,,9,,,,
10810,10830,30,1,7,1061,1090,,,,,,,Magnificus dominus,,,4,,,,
10811,10831,30,1,7,1061,3190,,,,,,,,,,4,,,,
10812,10832,30,1,7,2087,,,,,,,,Reverendissimus dominus,Biskup zagrebački (Episcopus Zagrabiensis),,16,,,,
10813,10833,30,1,7,787,509,,,,,,,Dominus,,Thwroczy Heredes,12,,,,
10814,10834,30,1,7,1678,1367,,,,,,,Dominus,,,17,,,,
10815,10835,30,1,7,1677,1403,,,,,,,,,"cum fratre, loco Megyerecey",7,,,,
10816,10836,30,1,7,807,3479,,,,,,,,,,1.5,,,,
10817,10837,30,1,7,1396,,,,,,,,Dominus,Prepošt (praepositus)-Galgoncza,,5,,,,
10818,10838,30,1,7,2757,33,,,,,,,Dominus,,,3,,,,
10819,10839,30,1,7,2757,3174,,,,,,,,,cum fratribus,1,,,,
10820,10840,30,1,7,2717,3055,,,,,,,,,cum fratribus,3,,,,
10821,10841,30,1,7,1041,,,,,,,,Reverendissimus dominus,Biskup zagrebački (Episcopus Zagrabiensis),,12,,,,
10822,10842,30,1,7,2623,3896,,,,,,,,Vicebanus,,3.5,,,,
10823,10843,30,1,7,2623,3649,,,,,,,,,,4,,,,
10824,10844,30,1,7,3211,1673,,,,,,,,,cum fratribus,5,,,,
10825,10845,30,1,7,1019,67,,,,,,Heredes,,,,0.5,,,,
10826,10846,30,1,7,3343,191,,,,,,,"Domini, comites",,,6,,3,,
10827,10847,30,1,7,2784,,,,,,,,,,,5.5,,0.5,,
10828,10848,30,1,7,2779,,oppidum,,,,,,,,,9,,1,,
10829,10849,30,1,7,277,3841,,,,,,,,,Wolffgangus Bogachoczy,1,,,,
10830,10850,30,1,7,2316,2087,,,,,,,,,,0.5,,,,
10831,10851,30,1,7,2316,3018,,,,,,,,,Chochak,0.5,,,,
10832,10852,30,1,7,2316,3002,,,,,,Relicta,,,"Balthasar, Melchior, puella Dorothae Orehoczy, Cristina Orehoczy, Peyak",1.5,,,,
10833,10853,30,1,7,3343,,,,,,,,,Župnik (plebanus),,0,,1,,
10834,10854,30,1,7,3343,2726,,,,,,,,,cum genero,1,,,,
10835,10855,30,1,7,2521,2357,,,,,,,,,,0.5,,0.5,,
10836,10856,30,1,7,2101,1653,,,,,,,,,,1,,,,
10837,10857,30,1,7,799,91,,,,,,,,,Zorych,1,,0.5,,
10838,10858,30,1,7,799,2113,,,,,,Relicta,,,,1,,,,
10839,10859,30,1,7,2623,1141,,,,,,,,,,0.5,,,,
10840,10860,30,1,7,2676,,,,,,,,,Župnik (plebanus),,1,,0.5,,
10841,10861,30,1,7,2144,,,,,,,,,Župnik (plebanus),,1,,,,
10842,10862,30,1,7,3343,3222,,,,,,Heredes,,,Czwethkowych,1,,,,
10843,10863,30,1,7,3495,3102,,,,,,,,,"Georgius Nyemecz, Franciscus Pataky, Georgius Falthak, Gaspar Skropylowych, Laczko Chochak",2,,,,
10844,10865,31,4,138,3440,1222,castrum,,1,,,,Spectabilis et magnificus dominus,,,80,,20,"partim servitoribus distributi, partim vero pauperum et desolatorum fumi",
10845,10866,31,4,138,3440,,oppidum,,1,,,,,Zamobor-civitas,,30,,5,depauperati,
10846,10867,31,4,138,3440,,oppidum,,1,,,,,Župnik (plebanus),,2,,,,
10847,10868,31,4,138,1457,2250,villa,,1,,,,,Secretarius Suae Maiestatis,,4,,,,
10848,10869,31,4,138,267,230,,,1,,,,Dominus,,,2,,,,
10849,10870,31,4,138,2256,191,,,1,,,,"Domini, comites",,Sigismundus Zermegh,170,,2,distributi servitoribus pro curiis nobilitaribus et etiam depauperati fumi,
10850,10871,31,4,138,1469,3814,,,1,,,,Dominus,,,8,,,,
10851,10872,31,4,138,2242,,,,1,,,,,Župnik (plebanus)-St. Martinus sub Okych,,1,,,,
10852,10873,31,4,138,2242,,,,1,,,,,Župnik (plebanus)-eclesiae Sanctissimae Trinitatis sub Okych,,1,,,,
10853,10874,31,4,138,932,1975,,,1,,,,,,,1,,,,
10854,10875,31,4,138,1514,4139,,,1,,,,,,,1.5,,,,
10855,10876,31,4,138,1514,3205,,,1,,,,,,,1.5,,,,
10856,10877,31,4,138,1800,845,,,1,,,,,,,1,,,,
10857,10878,31,4,138,1367,673,,,1,,,,Domina,,,3,,,,
10858,10879,31,4,138,1367,504,,,1,,,,Dominus,,Melchior et heredes Lyppynyey,7,,,,
10859,10880,31,4,138,1801,3007,,,1,,,Heredes,,,Michael Woykffy,11,,1,depauperatus,
10860,10881,31,4,138,1815,341,,,1,,,Heredes,,,,6,,,,
10861,10882,31,4,138,330,230,,,1,,,,Dominus,,Ladomery,3,,,,
10862,10883,31,4,138,1192,225,,,1,,,,,,,1,,,,
10863,10884,31,4,138,424,152,,,1,,,Relicta,,,,2,,,,
10864,10885,31,4,138,424,367,,,1,,,Heredes (ibidem ad Selyn accesserunt fumi 3),,,,0.5,,,,
10865,10886,31,4,138,424,309,,,1,,,Relicta,,,,1.5,,,,
10866,10887,31,4,138,357,1200,,,1,,,,,,,5,,,,
10867,10888,31,4,138,357,889,,,1,,,,,,,20,,,,
10868,10889,31,4,138,357,1121,,,1,,,,Domina,,,7,,,,
10869,10890,31,4,138,357,3078,,,1,,,,,,,9,,,,
10870,10891,31,4,138,357,1683,,,1,,,,,,,9,,,,
10871,10892,31,4,138,357,1162,,,1,,,,,,Stephanus Myrkoczy,13,,,,
10872,10893,31,4,138,357,2163,,,1,,,,Venerabilis dominus,,"Johannes Zaboky, Michael Skarycza",5,,,,
10873,10894,31,4,138,687,379,,,1,,,Heredes,,,,2,,,,
10874,10895,31,4,138,2453,3831,,,1,,,,,,cum portione condam Nicolai Bedekoych,5,,,,
10875,10896,31,4,138,2453,3210,,,1,,,,,,,5,,0.5,desertatus,
10876,10897,31,4,138,2453,,,,1,,,,,Župnik (plebanus)-St. Petrus,,0.5,,,,
10877,10898,31,4,138,2073,2073,,,1,,,,,,cum fratribus et sororibus,1,,0.5,desertatus,
10878,10899,31,4,138,2073,2766,,,1,,,,,,loco Stephani Pogledych,0.5,,,,
10879,10900,31,4,138,2073,1489,,,1,,,,,Litteratus,,0.5,,,,
10880,10901,31,4,138,2073,3609,,,1,,,,,,,1,,,,
10881,10902,31,4,138,2073,500,,,1,,,,,,,0,,0.5,desertus fumus,
10882,10903,31,4,138,2073,4215,,,1,,,"pro curia nobilitary deputatus fumus 0,5",,,,0,,,,
10883,10904,31,4,138,1166,,,,1,,,,,Gradec (Civitas Montis Grecensis Zagrabiensis),,6,,,,
10884,10905,31,4,138,1005,2833,,,1,,,,,,loco patris,2.5,,,,
10885,10906,31,4,138,2674,4005,,,1,,,,,,,1,,,,
10886,10907,31,4,138,1555,4143,,,1,,,,,,,2,,,,
10887,10908,31,4,138,1555,1506,,,1,,,,,,,0.5,,,,
10888,10909,31,4,138,1555,1327,,,1,,,,,,,0,,0.5,desertatus fumus,
10889,10910,31,4,138,2145,354,,,1,,,Relicta,,,,0.5,,,,
10890,10911,31,4,138,2145,3002,,,1,,,,,,loco Mathias Wagych,1,,,,
10891,10912,31,4,138,2684,792,,,1,,,,,,,1,,,,
10892,10913,31,4,138,1486,766,,,1,,,,,,,0.5,,,,
10893,10914,31,4,138,1000,,,,1,,,,,Župnik (plebanus),,1.5,,,,
10894,10915,31,4,138,2239,,,,1,,,,,Župnik (plebanus),,0.5,,0.5,,
10895,10916,31,4,138,1553,1040,,,1,,,,,,,1,,,,
10896,10917,31,4,138,1557,1025,,,1,,,,,,,0,,1,,
10897,10918,31,4,138,53,559,,,1,,,,,,Arbanaz,1,,,,
10898,10919,31,4,138,1713,84,,,1,,,Relicta,,,,0.5,,,,
10899,10920,31,4,138,1713,4053,,,1,,,,,,loco Satrych,0.5,,,,
10900,10921,31,4,138,54,109,,,1,,,,,,,1,,,,
10901,10922,31,4,138,54,3880,,,1,,,,,,,0.5,,,,
10902,10923,31,4,138,54,947,,,1,,,,,,,0.5,,,,
10903,10924,31,4,138,2684,4100,,,1,,,,,,Franciscus Modych-heredes,1,,,,
10904,10925,31,4,138,1857,409,,,1,,,Relictae,,,Benko Myxych,1.5,,,,
10905,10926,31,4,138,1859,4032,,,1,,,,,,,1,,,,
10906,10927,31,4,138,1592,1909,,,1,,,,,,,0,,1.5,,
10907,10928,31,4,138,1595,2734,,,1,,,,,,loco Martinus Sabarych cum fratribus et sororibus,1.5,,,,
10908,10929,31,4,138,2154,3784,,,1,,,quondam,,,Laczkowych,0.5,,,,
10909,10930,31,4,138,1751,,,,1,,,,,Nobiles Campi Zagrabiensis,,2,,1,,
10910,10931,31,4,138,1324,463,,,1,,,,,,ubi nunc residet Berekoych nobilitatus fumus 1,0,,,,
10911,10932,31,4,138,1755,640,,,1,,,,,,,2.5,,,,
10912,10933,31,4,138,3282,3010,,,1,,,,,,,0.5,,,,
10913,10934,31,4,138,402,1324,,,1,,,,,,,0.5,,,,
10914,10935,31,4,138,751,3906,,,1,,,,,,Martinus et Thomas Tradenych cum ceteris fratribus,2.5,,,,
10915,10936,31,4,138,3290,1061,,,1,,,,Magnificus dominus,,,60,,,,
10916,10937,31,4,138,2688,,,,1,,,,,Eremiti (Fratres heremitae),,12,,1,,
10917,10938,31,4,138,2883,4117,,,1,,,,,,,3.5,,,,
10918,10939,31,4,138,2883,3994,,,1,,,Relicta,,,,3,,,,1
10919,10940,31,4,138,2883,2719,,,1,,,Relicta,,,,3,,,,1
10920,10941,31,4,138,2883,2730,,,1,,,Puella,,,,2,,,,1
10921,10942,31,4,138,533,3546,,,1,,,Relicta,,,,4,,,,
10922,10943,31,4,138,532,2143,,,1,,,Relicta,,,cum duobus filiis et una filia,7,,,,
10923,10944,31,4,138,532,2883,,,1,,,Relicta,,,,2,,,,
10924,10945,31,4,138,532,750,,,1,,,,,,,0.5,,,,
10925,10946,31,4,138,532,898,,,1,,,Consors,,,,1,,,,
10926,10947,31,4,138,532,2143,,,1,,,,,,,3,,,,
10927,10948,31,4,138,532,661,,,1,,,,,,"Dorotych, Johannes Barber",4,,,,
10928,10949,31,4,138,532,475,,,1,,,Relicta,,,Paulus Barber-heredes,2,,,,
10929,10950,31,4,138,109,418,,,1,,,,,,,0.5,,,,
10930,10951,31,4,138,1583,527,,,1,,,Heredes,,,,1,,,,
10931,10952,31,4,138,1575,,,,1,,,,,Kaptol zagrebački (Capitulum Zagrabiense),,20,,,,
10932,10953,31,4,138,2513,230,,,1,,,,Dominus,,,11,,,,
10933,10954,31,4,138,2513,394,,,1,,,Heredes,,,,11,,,,
10934,10955,31,4,138,1631,,,,1,,,,,Župnik (plebanus),,2,,,,
10935,10956,31,4,138,2426,,,,1,,,,,Župnik (plebanus),,1.5,,0.5,,
10936,10957,31,4,138,2905,191,,,1,,,,"Domini, comites",,pro curiis nobilitaribus distributi fumi 13,220,,,,
10937,10958,31,4,138,1743,1490,,,1,,,,,,,2,,,,
10938,10959,31,4,138,3218,2954,,,1,,,,,,,1,,,,
10939,10960,31,4,138,2204,,,,1,,,,,Župnik (plebanus),,1,,,,
10940,10961,31,4,138,3780,,,,1,,,,,Župnik (plebanus),,0.5,,,,
10941,10962,31,4,138,2207,191,castrum,,1,,,,Dominus,,,70,,,,
10942,10963,31,4,138,1968,,,,1,,,,,Župnik (plebanus),,2,,,,
10943,10964,31,4,138,1844,2370,,,1,,,Relicta,,,,5,,,,
10944,10965,31,4,138,3800,2761,,,1,,,Relicta,,,,3,,,,
10945,10966,31,4,138,1894,1402,,,1,,,,,,,2.5,,,,
10946,10967,31,4,138,3666,2115,,,1,,,,,,,0.5,,,,
10947,10968,31,4,138,815,,,,1,,,,Reverendissimus dominus,Biskup zagrebački (Episcopus Zagrabiensis),,10,,,,
10948,10969,31,4,138,3862,,,,1,,,,,Kaptol zagrebački (Capitulum Zagrabiense),,0,,90,libertati,
10949,10970,31,4,138,1472,98,,,1,,,,,,,5,,,,
10950,10971,31,4,138,3369,88,,,1,,,,,,,2,,,,
10951,10972,31,4,138,3716,3643,,,1,,,Relicta,,,,1,,,,
10952,10973,31,4,138,2800,2283,,,1,,,,,,,3,,,,
10953,10974,31,4,138,2800,1455,,,1,,,,,,,3,,,,
10954,10975,31,4,138,545,1467,,,1,,,,,,,3,,,,
10955,10976,31,4,138,1205,269,,,1,,,Relicta,,,,5,,,,
10956,10977,31,4,138,1205,3156,,,1,,,,,,,6,,,,
10957,10978,31,4,138,1205,2240,,,1,,,,,,,10,,,,
10958,10979,31,4,138,1205,2240,,,1,,,,,,de portione Michaelis Hrwssoczy,1,,,,
10959,10980,31,4,138,661,289,,,1,,,,,,,0,,1,,
10960,10981,31,4,138,1311,3331,,,1,,,,,,cum sororibus,8,,,,
10961,10982,31,4,138,1311,4081,,,1,,,,,,,8,,,,
10962,10983,31,4,138,1311,3607,,,1,,,Relicta,,,,4,,,,
10963,10984,31,4,138,1311,2574,,,1,,,,,,,4,,,,
10964,10985,31,4,138,1311,4085,,,1,,,,,,,8,,,,
10965,10986,31,4,138,1531,5,,,1,,,,Dominus,,,0,,12,,
10966,10987,31,4,138,2983,120,,,1,,,,,,,0,,4,,
10967,10988,31,4,138,2983,262,,,1,,,,,,cum Beryzlawych,0,,1,,
10968,10989,31,4,138,249,550,,,1,,,,,,,0,,3,,
10969,10990,31,4,138,2739,412,,,1,,,,Dominus,,,0,,16,,
10970,10991,31,4,138,1844,412,,,1,,,,Dominus,,,0,,6,,
10971,10992,31,4,138,3428,26,,,1,,,,,,"Bona vero nobilium Aytych inter sese divisa et pro curiis nobilitaribus unicuncque sequestrata sunt facientia fumos 2,5",,,,,1
10972,10993,31,4,138,2358,667,castrum,,1,,,,"Domini, comites",,,120,,,,
10973,10994,31,4,138,2978,,,,1,,,,,Župnik (plebanus),,1,,,,
10974,10995,31,4,138,2481,230,,,1,,,,Dominus,,,8,,,,
10975,10996,31,4,138,3699,431,,,1,,,,Nobiles,,,7,,,,
10976,10997,31,4,138,2439,,,,1,,,,,Kaptol zagrebački (Capitulum Zagrabiense),,18,,,,
10977,10998,31,4,138,732,2737,,,1,,,,,,,0.5,,,,
10978,10999,31,4,138,3297,,,,1,,,,,Župnik (plebanus),,2,,,,
10979,11000,31,4,138,3298,48,,,1,,,Heredes,,,,2,,,,
10980,11001,31,4,138,3297,761,,,1,,,Heredes,,,,1.5,,,,
10981,11002,31,4,138,3297,2882,,,1,,,Heredes,,,,1.5,,,,
10982,11003,31,4,138,3089,318,,,1,,,,Nobilis,,cum matre et sorore,7,,,,
10983,11004,31,4,138,3089,2701,,,1,,,,,,Zthepchychka,0.5,,,,
10984,11005,31,4,138,61,2888,,,1,,,,,,,1,,0.5,,
10985,11006,31,4,138,730,170,,,1,,,Heredes,,,,2,,,,
10986,11007,31,4,138,3067,30,,,1,,,Relicta,,,Nicolaus Baldak,1.5,,,,
10987,11008,31,4,138,2814,3323,,,1,,,,,,,1.5,,,,
10988,11009,31,4,138,2814,3621,,,1,,,,,,,4,,0.5,,
10989,11010,31,4,138,801,2643,,,1,,,,,,,4,,,,
10990,11011,31,4,138,1353,,,,1,,,,,Župnik (plebanus),,5,,,,
10991,11012,31,4,138,1355,191,,,1,,,,"Domini, comites",,,100,,,,
10992,11013,31,4,97,466,3798,,,1,,,Relicta,Domina,,Emericus Bradach,22,,2,,
10993,11014,31,4,97,466,830,,,1,,,Relicta,Domina,,,12,,,,
10994,11015,31,4,97,466,,,,1,,,,,Župnik (plebanus)-St. Petrus,,1.5,,,,
10995,11016,31,4,97,971,2477,,,1,,,,,,,1.5,,,,
10996,11017,31,4,97,2994,205,,,1,,,Relicta,,,Paulus Thryemecz,2,,,,
10997,11018,31,4,97,2994,,,,1,,,,,,"pro curiis nobilitaribus deputati fumi 1,5",0,,,,
10998,11019,31,4,97,2934,3055,,,1,,,,,,,2,,0.5,,
10999,11020,31,4,97,1171,35,,,1,,,,Dominus,,,20,,2,,
11000,11021,31,4,97,1171,,,,1,,,,,Župnik (plebanus),,1,,,,
11001,11022,31,4,97,1171,3174,,,1,,,,,,,2,,,,
11002,11023,31,4,97,1171,1680,,,1,,,Relicta,,,,2,,,,
11003,11024,31,4,97,1171,4228,,,1,,,,,,"Eidem pro curia deputatus fumus 0,5",2,,,,
11004,11025,31,4,97,438,133,,,1,,,,Dominus,,,8,,,,
11005,11026,31,4,97,438,2547,,,1,,,Relicta,,,,2.5,,,,
11006,11027,31,4,97,122,619,,,1,,,,,,,2,,,,
11007,11028,31,4,97,122,546,,,1,,,,,,Patachich,1,,,,
11008,11029,31,4,97,123,2325,,,1,,,,,,"Mlynchich, Benkowyna",2,,,,
11009,11030,31,4,97,3093,2750,,,1,,,,,,,1,,,,
11010,11031,31,4,97,173,3698,,,1,,,,,,,0.5,,,,
11011,11032,31,4,97,2968,1377,,,1,,,,,,loco Johannes Woykffy,1,,,,
11012,11033,31,4,97,2968,3395,,,1,,,,,,,1,,,,
11013,11034,31,4,97,2968,2069,,,1,,,,,,"relicta Amalay, relicta Prenar",1,,0.5,,
11014,11035,31,4,97,3086,3479,,,1,,,,,,Barbier,2,,,,
11015,11036,31,4,97,215,3479,,,1,,,,,,"Hoszar, Barbier",2,,,,
11016,11037,31,4,97,3498,3050,,,1,,,,,,Judit,8,,,,
11017,11038,31,4,97,3498,2907,,,1,,,Relicta,,,,4,,,,
11018,11039,31,4,97,3498,850,,,1,,,Relicta,,,,5,,,,
11019,11040,31,4,97,3498,3805,,,1,,,Relicta-Bradach,,,,4,,1,,
11020,11041,31,4,97,3498,,,,1,,,,,Župnik (plebanus)-St. Johannes,,0.5,,,,
11021,11042,31,4,97,446,1456,,,1,,,,,Vicarius-Episcopatus Zagrabiensis,,4,,,,
11022,11043,31,4,97,2467,2608,,,1,,,,,,"Stephannus et Johannes Peszery, Petrus Poyathych, Karynchych, Orehoczy",5.5,,1,,
11023,11044,31,4,97,2467,3559,,,1,,,,,,,0.5,,0.5,,
11024,11045,31,4,97,2467,172,,,1,,,,,,,0.5,,,,
11025,11046,31,4,97,2467,1798,,,1,,,,,,,0.5,,,,
11026,11047,31,4,97,2467,637,,,1,,,,,,Marygolth,1,,,,
11027,11048,31,4,97,2467,2574,,,1,,,,,,,1.5,,,,
11028,11049,31,4,97,3487,191,,,1,,,,Domini,,,6,,,,
11029,11050,31,4,97,3489,566,,,1,,,,,,,3,,0.5,,
11030,11051,31,4,97,3489,3896,,,1,,,,Dominus,,,3.5,,,,
11031,11052,31,4,28,1868,843,,,1,,,,,,,2.5,,0.5,,
11032,11053,31,4,28,888,502,,,1,,,"Relictae: Mathias, Georgius",,,,1,,0.5,,
11033,11054,31,4,28,888,2622,,,1,,,,,,relicta Blagonia,1,,0.5,,
11034,11055,31,4,28,888,3667,,,1,,,,,,,0.5,,,,
11035,11056,31,4,28,888,284,,,1,,,,Dominus,Viceprothonotarius,Boynychich,6,,,,
11036,11057,31,4,28,888,486,,,1,,,Heredes,,,,0.5,,,,
11037,11058,31,4,28,888,95,,,1,,,,,,Brumani-heredes,1,,,,
11038,11059,31,4,28,888,1491,,,1,,,,,,Gregwrycza,0.5,,,,
11039,11060,31,4,28,888,483,,,1,,,,,,Bobynacz,0.5,,,,
11040,11061,31,4,28,888,3222,,,1,,,Heredes,,,Georgius Ztobyczay,1,,0.5,,
11041,11062,31,4,28,888,2508,,,1,,,,,Vojvoda,,1,,0.5,,
11042,11063,31,4,28,888,,,,1,,,,,Župnik (plebanus)-St. Georgius,,0.5,,0.5,,
11043,11064,31,4,28,888,2076,,,1,,,,,,Labohar,4,,0.5,,
11044,11065,31,4,28,888,3858,,,1,,,,,,Twryak,1,,,,
11045,11066,31,4,28,888,664,,,1,,,,,,,0.5,,,,
11046,11067,31,4,28,888,91,,,1,,,,,,,0,,0.5,,
11047,11068,31,4,28,888,3945,,,1,,,,,,,1,,0.5,pauperum,
11048,11069,31,4,28,65,568,castellum,,1,,,,Dominus,,cum colonis plebanatus (pro curiis nobilitaribus servitoribus distributi partim desertati fumi 8),32,,,,
11049,11070,31,4,28,65,230,castellum,,1,,,,Dominus,,cum una portione domine Ursule Meknyczer,8,,,,
11050,11071,31,4,28,65,3056,castellum,,1,,,,,,,8,,,,
11051,11072,31,4,28,65,2524,castellum,,1,,,Relicta,Domina,,,8,,,,
11052,11073,31,4,28,65,4105,castellum,,1,,,,,,de portione quondam socrus et tercia portione qundam dominae Sophiae Henyng consortis suae,3,,,,
11053,11074,31,4,28,65,628,castellum,,1,,,,,,de portione quondam dominae Sophie apud manus Wrnoczy,2,,,,
11054,11075,31,4,28,65,404,castellum,,1,,,Relicta,,,de portione quondam dominae Sophie apud manus dominae relictae Myndzenty,2,,4,,
11055,11076,31,4,28,65,1444,castellum,,1,,,,,,Pauloych,0.5,,,,
11056,11077,31,4,28,458,2795,,,1,,,,Domina,,,1,,,,
11057,11078,31,4,28,3740,228,,,1,,,,Dominus,,Dimidietas eorundem bonorum apud manus familiae dominorum Henyngh. Portio generosae quondam dominae Vrsule Meknyczer divisa est inter generos et filias. Per eundem dominum Gregorianczy partim servitoribus distributi partim desertati fumi 9,32,,,,
11058,11079,31,4,28,3740,2524,,,1,,,,Domina,,Servitoribus distributi et libertinorum fumi 6,34,,,,
11059,11080,31,4,28,3740,3055,,,1,,,,,,Servitoribus distributi et libertinorum fumi 6,36,,,,
11060,11081,31,4,28,3735,4104,castrum,,1,,,,,,Ex portione dictae quondam dominae Ursule quam etiam dominae Sophie partis scilicet domini Gregoryanczy. Libertinorum fumi 2.,17,,,,
11061,11082,31,4,28,3735,324,castrum,,1,,,,Dominus,,Ex eadem portione olim dominae Sophie apud manus relictae Myndzenty partis videlicet domini Konssky.,8,,,,
11062,11083,31,4,28,3735,3133,castrum,,1,,,,,,Ex eadem portione apud Michaelem Vrnoczy partis videlicet domine Kunegunde,8,,,,
11063,11084,31,4,28,3744,3056,judicatus,,1,,,,,,,2,,,,
11064,11085,31,4,28,3744,312,judicatus,,1,,,Relicta,Domina,,,1.5,,,,
11065,11086,31,4,28,3744,230,judicatus,,1,,,,Dominus,,"Mylych, Wrnoczy (libertinorum fumus 0,5)",2,,,,
11066,11087,31,4,28,1274,228,,,1,,,,Dominus,,apud manus Wrnoczy,4,,,,
11067,11088,31,4,28,1274,312,,,1,,,Relicta,Domina,,,1,,,,
11068,11089,31,4,28,3742,1468,,,1,,,,,,In eisdem judicatibus partim servitoribus pro curiis nobilitaribus distributi partim liberi et desertati fumi 10,58,,,,
11069,11090,31,4,28,3742,4003,,,1,,,,,,Per eundem servitoribus distributi partim desertati fumi 10,30,,,,
11070,11091,31,4,28,3742,3120,,,1,,,,,,Libertinorum fumi 3,32,,,,
11071,11092,31,4,28,2495,1468,,,1,,,,,,apud Wrnoczy,2,,,,
11072,11093,31,4,28,2495,4003,,,1,,,,,,,0.5,,,,
11073,11094,31,4,28,2495,3121,,,1,,,,,,,0.5,,,,
11074,11095,31,4,28,2495,4034,,,1,,,,,,apud Wrnoczy,1,,1,,
11075,11096,31,4,28,2497,4034,,,1,,,,,,,5,,1,pauper,
11076,11097,31,4,28,1275,4034,,,1,,,,,,apud Wrnoczy,4,,2,pauper,
11077,11098,31,4,28,2940,,,,1,,,,,Župnik (plebanus)-Beate Virginis,,5,,,,
11078,11099,31,4,28,2570,1959,,,1,,,,,,,1,,,,
11079,11100,31,4,28,2135,,,,1,,,,,Eremiti (Fratres heremitae),,4,,,,
11080,11101,31,4,28,1994,230,castrum,,1,,,,Dominus,,,16,,,,
11081,11102,31,4,28,2108,1444,,,1,,,,,,cum fratribus,3,,,,
11082,11103,31,4,28,3681,26,,,1,,,Heredes,,,,3,,1,,
11083,11104,31,4,28,261,,,,1,,,,,Eremiti (Fratres heremitae),,6,,,,
11084,11105,31,4,28,1031,,,,1,,,,,Gradec (Civitas Montis Grecensis Zagrabiensis),,6,,,,
11085,11106,31,4,28,535,,,,1,,,,,Župnik (plebanus),,2.5,,,,
11086,11107,31,4,28,2481,2884,,,1,,,Heredes,,,,1,,,,
11087,11108,31,4,28,2481,826,,,1,,,,,,,1.5,,,,
11088,11109,31,4,28,2481,830,,,1,,,,Domina,,Emericus Bradach,1.5,,,,
11089,11110,31,4,28,2481,3804,,,1,,,,Domina,,,1,,,,
11090,11111,31,4,28,2481,2067,,,1,,,,,,,1,,,,
11091,11112,31,4,28,700,,,,1,,,,,Kaptol zagrebački (Capitulum Zagrabiense),,212,,50,desolatus,
11092,11113,31,4,28,82,,,,1,,,,,Prepošt (praepositus) Ecclesiae Beate Virginis in Area capitulari,,5,,3,per vehementiam aque desertati,
11093,11114,31,4,28,377,2978,,,1,,,,,,,2,,,,
11094,11115,31,4,28,378,1761,,,1,,,,,,,1,,,,
11095,11116,31,4,28,780,230,,,1,,,,Dominus,,,1,,,,
11096,11117,31,4,28,780,2872,,,1,,,,,,Augustinecz,1,,,,
11097,11118,31,4,28,780,12,,,1,,,,,,,1,,,,
11098,11119,31,4,28,780,3003,,,1,,,,,,Tryemzky,1.5,,,,
11099,11120,31,4,28,780,3050,,,1,,,,,,cum fratribus,2,,,,
11100,11121,31,4,28,967,2072,,,1,,,,,,Fachar,0.5,,,,
11101,11122,31,4,28,1387,2843,,,1,,,,,,,1,,,,
11102,11123,31,4,28,1387,3264,,,1,,,,,,,1,,,,
11103,11124,31,4,28,9,443,,,1,,,Relicta,,,Georgius Mykwlyth-relicta,1.5,,,,
11104,11125,31,4,28,9,3987,,,1,,,,,,Georgius Apalenyth,2.5,,,,
11105,11126,31,4,28,9,3319,,,1,,,,,,cum sororibus,1,,,,
11106,11127,31,4,28,2263,2034,,,1,,,,,,,1,,,,
11107,11128,31,4,28,1726,3846,,,1,,,Relicta,Dominus,,Emericus Bradach,10,,,,
11108,11129,31,4,28,1726,830,,,1,,,,Domina,,,5,,,,
11109,11130,31,4,28,245,2071,,,1,,,,,,Paulus Roszowych,1,,,,
11110,11131,31,4,28,320,568,,,1,,,,Dominus,,,5,,1,,
11111,11132,31,4,28,319,568,,,1,,,,Dominus,,,13,,1,,
11112,11133,31,4,28,1615,107,,,1,,,Heredes,,,,2,,0.5,,
11113,11134,31,4,28,3633,3174,,,1,,,,,Juratus nobilis,,3,,0.5,,
11114,11135,31,4,28,3633,1379,,,1,,,,,,,1.5,,,,
11115,11136,31,4,28,3633,1379,,,1,,,,,,quondam Chernkozy,1.5,,0.5,,
11116,11137,31,4,28,2368,439,,,1,,,,,,cum sorore,2.5,,0.5,,
11117,11138,31,4,28,2368,,,,1,,,,,Župnik (plebanus)-St. Martinus,,1,,,,
11118,11139,31,4,28,1499,665,,,1,,,,,,cum sorore,1.5,,,,
11119,11140,31,4,28,3481,533,,,1,,,Heredes,,,,4,,,,
11120,11141,31,4,28,1383,1485,,,1,,,,,,,0.5,,0.5,,
11121,11142,31,4,28,1383,2839,,,1,,,Relicta,,,Georgius Horwat,0.5,,0.5,,
11122,11143,31,4,28,805,501,,,1,,,,,,,0.5,,,,
11123,11144,31,4,28,322,630,,,1,,,,,,,0.5,,,,
11124,11145,31,4,28,2071,1762,,,1,,,,,,,3,,,,
11125,11146,31,4,28,3517,1762,,,1,,,,,,,4,,0.5,,
11126,11147,31,4,28,3515,379,,,1,,,Heredes,,,,1.5,,,,
11127,11148,31,4,28,2472,,,,1,,,,Dominus,Prepošt (praepositus)-Galgoncza,,5,,,,
11128,11149,31,4,28,3251,,,,1,,,,,Biskup zagrebački (Episcopus Zagrabiensis),,19,,,,
11129,11150,31,4,28,3253,,,,1,,,,,Biskup zagrebački (Episcopus Zagrabiensis),,16,,,,
11130,11151,31,4,28,575,,judicatus,,1,,,,,Biskup zagrebački (Episcopus Zagrabiensis),,6,,,,
11131,11152,31,4,28,3349,3135,,,1,,,,,Dicator,,2.5,,,,
11132,11153,31,4,28,2831,,,,1,,,,,Nobiles prediales episcopatus Zagrabiensis,,8,,,,
11133,11154,31,4,28,238,1768,,,1,,,Relicta,,,,2,,,,
11134,11155,31,4,28,780,3858,,,1,,,,,,cum sorore,0.5,,,,
11135,11156,31,4,28,9,2904,,,1,,,,,,Georgius Mykwlyth,0.5,,0.5,,
11136,11157,31,4,28,9,823,,,1,,,,,,"pro curiis nobilitaribus inter ipsos divisus fumus 0,5",0,,,,
11137,11158,31,4,28,3521,,,,1,,,,,Župnik (plebanus),,0.5,,,,
11138,11159,31,1,24,1895,588,castrum,,1,,,Heredes,,,,25,,,,
11139,11160,31,1,24,1895,,castrum,,1,,,,,Župnik (plebanus),,1,,,,
11140,11161,31,1,24,1434,1306,,,1,,,,,,relicta Johannes Hassady,7,,,,
11141,11162,31,1,24,1698,1221,,,1,,,,Spectabilis et Magnificus dominus,Banus,cum portionibus domini Gezty,5,,,,
11142,11163,31,1,24,1372,1221,,,1,,,,Spectabilis et Magnificus dominus,Banus,cum portionibus heredum Pewkry,5,,,,
11143,11164,31,1,24,1698,82,,,1,,,Heredes,,,,6,,,,
11144,11165,31,1,24,1698,588,,,1,,,Heredes,,,,1.5,,,,
11145,11166,31,1,24,998,2070,,,1,,,,,,Komornik,3,,,,
11146,11167,31,1,24,1692,2847,,,1,,,Heredes,,Litteratus,,3.5,,,,
11147,11168,31,1,24,1692,659,,,1,,,,Domina,,dominus Michael-Litteratus,8,,,,
11148,11169,31,1,24,131,2049,,,1,,,,Dominus,,,3,,,,
11149,11170,31,1,24,131,3144,,,1,,,,Dominus,,,3,,,,
11150,11171,31,1,24,131,2075,,,1,,,,,,,1.5,,,,
11151,11172,31,1,24,272,572,,,1,,,,,,,4,,,,
11152,11173,31,1,24,272,2871,,,1,,,,,,Pezery,4,,,,
11153,11174,31,1,24,273,709,,,1,,,,,,Georgius Peohy,6,,,,
11154,11175,31,1,24,1432,1221,,,1,,,,Spectabilis et Magnificus dominus,Banus,,1,,,,
11155,11176,31,1,24,1432,220,,,1,,,,Dominus,,,1,,,,
11156,11177,31,1,24,1379,83,,,1,,,,,,Pethrych,1,,,,
11157,11178,31,1,24,1379,1996,,,1,,,,,,Iwan Welyky Wayda,1,,,,
11158,11179,31,1,85,3626,221,,,1,,,,Dominus,,,9.5,,0.5,,
11159,11180,31,1,85,3522,2300,,,1,,,Relicta,,,,1.5,,,,
11160,11181,31,1,85,3522,751,,,1,,,,,,"Seraffin, portio Mochilai apud manus alias Gwbassoczy",1,,,,
11161,11182,31,1,85,3522,2068,,,1,,,,,,Seraffin,1.5,,,,
11162,11183,31,1,85,2521,410,,,1,,,Relicta,,,"Seraffin, Janos Mager alias Janchy",1,,,,
11163,11184,31,1,85,1903,230,,,1,,,,Dominus,,,2.5,,,,
11164,11185,31,1,85,437,134,,,1,,,,Domini,,,11,,2,,
11165,11186,31,1,85,437,2548,,,1,,,Relicta,,,,2.5,,0.5,,
11166,11187,31,1,85,437,,,,1,,,,,Župnik (plebanus),,1,,,,
11167,11188,31,1,85,3371,242,,,1,,,Relicta,,,Gotal,2.5,,,,
11168,11189,31,1,85,3373,2478,,,1,,,,,,,1,,,,
11169,11190,31,1,85,487,1141,,,1,,,,,,,2.5,,,,
11170,11191,31,1,85,3827,1847,,,1,,,Relicta,,,"Franciscus et Johannes Swpanych, Tynodi",3,,,,1
11171,11192,31,1,85,2594,2827,,,1,,,Heredes,,,,0.5,,,,
11172,11193,31,1,85,3390,672,,,1,,,Relicta,,,"Plebanus, Blasych",1.5,,,,
11173,11194,31,1,85,1591,221,,,1,,,,,,"Wyzkeleti, Christophorus Praschoczy",3,,,,
11174,11195,31,1,85,1709,1369,,,1,,,,Dominus,,,17,,,,
11175,11196,31,1,85,1709,,,,1,,,,,Župnik (plebanus)-Beate Virginis,,1,,,,
11176,11197,31,1,85,2313,313,,,1,,,,Domini,,,3,,,,
11177,11198,31,1,85,2005,207,,,1,,,Heredes,,,,1,,,,
11178,11199,31,1,85,2151,3191,,,1,,,,Magnificus dominus,,,8.5,,0.5,,
11179,11200,31,1,85,1061,1061,,,1,,,,Magnificus dominus,,,4,,,,
11180,11201,31,1,85,1061,3189,,,1,,,,Magnificus dominus,,,4,,,,
11181,11202,31,1,85,2087,,,,1,,,,Reverendissimus dominus,Biskup zagrebački (Episcopus Zagrabiensis),,16,,,,
11182,11203,31,1,85,787,509,,,1,,,,Domini,,Thwroczy-heredes,13,,,,
11183,11204,31,1,85,1677,221,,,1,,,,Dominus,,,17,,,,
11184,11205,31,1,85,1677,1403,,,1,,,,,,cum fratre,7,,,,
11185,11206,31,1,85,807,3479,,,1,,,,,,,1.5,,,,
11186,11207,31,1,85,1396,,,,1,,,,,Prepošt (praepositus)-Galgoncza,,5,,,,
11187,11208,31,1,85,2762,35,,,1,,,,Dominus,,,0,,3,,
11188,11209,31,1,85,2762,3174,,,1,,,,,Juratus nobilis,,0,,1,,
11189,11210,31,1,85,2717,434,,,1,,,,,,"Wyzkeleti, Christophorus Praschoczy",5,,,,
11190,11211,31,1,85,1041,,,,1,,,,Reverendissimus dominus,Biskup zagrebački (Episcopus Zagrabiensis),,11.5,,0.5,,
11191,11212,31,1,85,2623,230,,,1,,,,Dominus,,,3.5,,,,
11192,11213,31,1,85,2623,394,,,1,,,Heredes,,,,4,,,,
11193,11214,31,1,85,3211,213,,,1,,,,,,,5,,,,
11194,11215,31,1,85,1021,69,,,1,,,Heredes,,,,0,,0.5,,
11195,11216,31,1,85,3343,190,,,1,,,,Domini,,,6,,,,
11196,11217,31,1,85,2779,190,oppidum,,1,,,,Domini,,,9,,,,
11197,11218,31,1,85,2779,190,villicatus,,1,,,,Domini,,,5.5,,,,
11198,11219,31,1,85,2779,,,,1,,,,,Župnik (plebanus),,1,,,,
11199,11220,31,1,85,277,4237,,,1,,,,,,,1,,,,
11200,11221,31,1,85,2316,2066,,,1,,,,,,,0.5,,,,
11201,11222,31,1,85,2316,3018,,,1,,,,,,,0.5,,,,
11202,11223,31,1,85,2316,3002,,,1,,,Relicta,,,"Balthasar, Melchior, Dorothea, Christina Orehoczy",1,,0.5,,
11203,11224,31,1,85,3343,363,,,1,,,,,,"cum genero Isthok, plebanus",0,,1,,
11204,11225,31,1,85,3344,2074,,,1,,,,,,,0,,0.5,,
11205,11226,31,1,85,2101,1653,,,1,,,,,,,1,,,,
11206,11227,31,1,85,799,91,,,1,,,,,,Zorych,1,,,,
11207,11228,31,1,85,799,2113,,,1,,,Relicta,,,,1,,,,
11208,11229,31,1,85,2623,1141,,,1,,,,,,,0.5,,,,
11209,11230,31,1,85,2153,,,,1,,,,,Župnik (plebanus) sub Naghkemlek,,1,,,,
11210,11231,31,1,85,3343,92,,,1,,,Heredes,,,Paulus Horwath,1,,,,
11211,11232,31,1,85,3495,3102,,,1,,,,Nobiles,,"Georgius Nyemecz, Franciscus Pataky, Georgius Faltak, Gaspar Kropylowych, Laczko Chochak-nobiles",2,,,,
11212,11233,31,2,55,497,191,castrum,,1,,,,Magnificus dominus,,,140,,,,
11213,11234,31,2,55,2147,3681,castrum,,1,,,,Dominus,,,60,,,,
11214,11235,31,2,55,2147,833,castrum,,1,,,,Domina,,,3,,,,
11215,11236,31,2,55,1611,2906,castrum,,1,,,,Dominus,,,10,,,,
11216,11237,31,2,55,1611,3782,castrum,,1,,,,Dominus,,,32,,,,
11217,11238,31,2,55,1625,3143,castrum,,1,,,,Magnificus dominus,,,66,,,,
11218,11239,31,2,55,2625,,,,1,,,,,Eremiti (Fratres heremitae)-Lepoglava,,10,,,,
11219,11240,31,2,55,902,1182,,,1,,,,,,,0.5,,,,
11220,11241,31,2,55,2322,783,,,1,,,,,,Petrus Bosnyak,1,,,,
11221,11242,31,2,55,2325,3659,,,1,,,Filius,,,,2,,,,
11222,11243,31,2,55,2322,3523,,,1,,,,,,cum fratribus,2,,,,
11223,11244,31,2,55,2323,4225,,,1,,,Orphani,,,,1.5,,,,
11224,11245,31,2,55,1945,2566,,,1,,,quondam,,,,0.5,,,,
11225,11246,31,2,55,1945,3032,,,1,,,,,,,0.5,,,,
11226,11247,31,2,55,1945,1454,,,1,,,Orphani,,,,0.5,,,,
11227,11248,31,2,55,1942,2292,,,1,,,,,,,0.5,,,,
11228,11249,31,2,55,1942,1628,,,1,,,,,,Georgius Fynthych,1,,,,
11229,11250,31,2,55,1506,1162,,,1,,,,,,Petrus Bedekowych,1,,,,
11230,11251,31,2,55,3411,2438,,,1,,,,,,,1,,,,
11231,11252,31,2,55,2167,2714,,,1,,,Orphani,,,,2.5,,,,
11232,11253,31,2,55,2167,1162,,,1,,,Orphani,,,,2.5,,,,
11233,11254,31,2,55,1640,2463,,,1,,,,,,,2,,,,
11234,11255,31,2,55,1640,2097,,,1,,,,,,cum fratribus,1.5,,,,
11235,11256,31,2,55,1640,2127,,,1,,,,,,cum fratribus,1,,,,
11236,11257,31,2,55,1640,692,,,1,,,Orphani,,,,1,,,,
11237,11258,31,2,55,2128,3963,,,1,,,,,,,1,,,,
11238,11259,31,2,55,2128,2392,,,1,,,,,,,1,,,,
11239,11260,31,2,55,2128,2758,,,1,,,,,,,0.5,,,,
11240,11261,31,2,55,2636,3492,,,1,,,,,,cum fratribus,1,,,,
11241,11262,31,2,55,3402,2433,,,1,,,,,,,2,,,,
11242,11263,31,2,55,3405,3404,,,1,,,,,,,2,,,,
11243,11264,31,2,55,3398,3421,,,1,,,,,,,1,,,,
11244,11265,31,2,55,3401,3589,,,1,,,Orphani,,,,0.5,,,,
11245,11266,31,2,55,1098,2216,,,1,,,,,,relicta-Stephanus Gwbassoczy,1,,,,
11246,11267,31,2,55,1058,3090,,,1,,,,,,,1,,,,
11247,11268,31,2,55,1096,1672,,,1,,,Orphani,,,,0.5,,,,
11248,11269,31,2,55,1943,3678,,,1,,,,,,Mathias Zalathnoky-orphani,1,,,,
11249,11270,31,2,55,1943,3404,,,1,,,,,,,0.5,,,,
11250,11271,31,2,55,1097,3678,,,1,,,,,,Johannes Drenoczy,1,,,,
11251,11272,31,2,55,1941,1392,,,1,,,,,,,1.5,,,,
11252,11273,31,2,55,3353,2718,,,1,,,,,,,1,,,,
11253,11274,31,2,55,302,783,,,1,,,privignus quondam,,,Petrus Bosnyak,1,,,,
11254,11275,31,2,55,2128,2634,,,1,,,,,,,0.5,,,,
11255,11276,31,2,55,3370,3192,,,1,,,,,,cum fratribus,1,,,,
11256,11277,31,2,55,2707,1825,,,1,,,Orphani,,,,2,,,,
11257,11278,31,2,55,1062,1372,,,1,,,Relicta,,,,2,,,,
11258,11279,31,2,55,1063,2211,,,1,,,,,,,2,,,,
11259,11280,31,2,55,2336,1512,,,1,,,,,,,0.5,,,,
11260,11281,31,2,55,2336,2764,,,1,,,,,,,0.5,,,,
11261,11282,31,2,55,410,3175,,,1,,,,,Juratus nobilis*,cum glote et Stephannus Gregoryanczy,1.5,,,,1
11262,11283,31,2,3,148,968,,,1,,,Relicta,,,,18,,,,
11263,11284,31,2,3,140,2615,castrum,,1,,,Orphani,,,,18,,,,
11264,11285,31,2,3,1759,,,,1,,,,,Eremiti (Fratres heremitae),,26,,,,
11265,11286,31,2,3,1797,2984,castrum,,1,,,,Dominus,,,10,,,,
11266,11287,31,2,3,1797,3782,castrum,,1,,,Relicta,Dominus,,,10,,,,
11267,11288,31,2,3,3759,1680,,,1,,,Relicta,,,,3,,,,
11268,11289,31,2,3,3759,3174,,,1,,,,,Juratus nobilis,,3,,,,
11269,11290,31,2,3,3759,3896,,,1,,,,,,,1,,,,
11270,11291,31,2,3,3759,4214,,,1,,,,,,cum sorore et fratre,0.5,,,,
11271,11292,31,2,3,3759,1170,,,1,,,Orphani,,,,1,,,,
11272,11293,31,2,3,296,2998,,,1,,,,,,,0.5,,,,
11273,11294,31,2,3,296,783,,,1,,,privignus quondam,,,,1,,,,
11274,11295,31,2,3,2703,4217,,,1,,,,,,,1,,,,
11275,11296,31,2,3,2875,1488,,,1,,,,,,,1,,,,
11276,11297,31,2,3,3687,1012,,,1,,,Orphani,,,,4,,,,
11277,11298,31,2,3,3687,3503,,,1,,,,,,,2,,,,
11278,11299,31,2,3,3692,3313,,,1,,,Relicta,,,,0.5,,,,
11279,11300,31,2,3,2337,3846,arx,,1,,,,,,,11,,,,
11280,11301,31,2,3,2337,2110,arx,,1,,,,,,,11,,,,
11281,11302,31,2,3,2337,3815,arx,,1,,,,,,,11,,,,
11282,11303,31,2,3,2337,,arx,,1,,,,,Župnik (plebanus),,1.5,,,,
11283,11304,31,2,3,3492,3056,castrum,,1,,,,Egregius Dominus,,,13,,,,
11284,11305,31,2,3,396,3591,,,1,,,,,,,1.5,,,,
11285,11306,31,2,3,395,1436,,,1,,,,,,,1,,,,
11286,11307,31,2,3,1874,2357,,,1,,,,,,cum fratribus,1.5,,,,
11287,11308,31,2,3,1874,1691,,,1,,,,,,,0.5,,,,
11288,11309,31,2,3,1976,700,,,1,,,,,,,0.5,,,,
11289,11310,31,2,3,2551,1603,,,1,,,,,,,0.5,,,,
11290,11311,31,2,3,157,1463,castrum,,1,,,Orphani,,,,8,,,,
11291,11312,31,2,3,157,,castrum,,1,,,,,Župnik (plebanus),,1,,,,
11292,11313,31,2,3,2441,3522,,,1,,,,,,Felicianus Makrowschak,0.5,,,,
11293,11314,31,2,3,1541,3285,,,1,,,quondam,,,,0.5,,,,
11294,11315,31,2,3,3453,4198,,,1,,,Relicta,,,,1,,,,
11295,11316,31,2,3,3453,2231,,,1,,,,,,,1,,,,
11296,11317,31,2,3,3453,693,,,1,,,,,,,1,,,,
11297,11318,31,2,3,3453,2332,,,1,,,,,,orphani-Petrus Pathachych,1,,,,
11298,11319,31,2,3,3453,4226,,,1,,,,,,,1,,,,
11299,11320,31,2,3,3453,4220,,,1,,,,,,cum fratribus,0.5,,,,
11300,11321,31,2,3,3453,1359,,,1,,,,,,,0,,,totaliter deserta,
11301,11322,31,2,3,3453,2929,,,1,,,quondam,,,Balthasar Zele,1,,,,
11302,11323,31,2,3,3453,1409,,,1,,,,,,cum sorore,0.5,,,,
11303,11324,31,2,3,3453,1206,,,1,,,,,,,0.5,,,,
11304,11325,31,2,3,3453,,,,1,,,,,Župnik (plebanus),,0.5,,,,
11305,11326,31,2,3,3453,783,,,1,,,,,,Petrus Bosnyak,0.5,,,,
11306,11327,31,2,3,1015,2203,,,1,,,,,,,3,,,,
11307,11328,31,2,3,3452,2976,,,1,,,,,,,1,,,,
11308,11329,31,2,3,3079,1492,castrum,,1,,,,Magnificus dominus,,,100,,,,
11309,11330,31,2,3,3079,,castrum,,1,,,,,Župnik (plebanus),,3,,,,
11310,11331,31,2,3,190,1066,,,1,,,,,,,1,,,,
11311,11332,31,2,3,190,3020,,,1,,,,,,,1,,,,
11312,11333,31,2,3,1302,1873,,,1,,,,,,,0.5,,,,
11313,11334,31,2,22,3374,3292,arx,,1,,,,Magnificus dominus,,cum sorore,107,,,,
11314,11335,31,2,22,3374,3802,arx,,1,,,,Domina,,,16,,,,
11315,11336,31,2,22,3374,3484,arx,,1,,,,,,cum sorore,11,,,,
11316,11337,31,2,22,3374,3501,arx,,1,,,Relicta,,,,5,,,,
11317,11338,31,2,22,3374,2260,arx,,1,,,,,,,5,,,,
11318,11339,31,2,22,3374,1463,arx,,1,,,Orphani,,,,14,,,,
11319,11340,31,2,22,648,1726,,,1,,,,,,,1.5,,,,
11320,11341,31,2,22,648,2298,,,1,,,Orphani,,,,1.5,,,,
11321,11342,31,2,22,87,1079,,,1,,,,,,,2,,,,
11322,11343,31,2,22,3310,2433,,,1,,,,,,cum fratribus,1,,,,
11323,11344,31,2,22,3310,3460,,,1,,,Heredes,,,,0.5,,,,
11324,11345,31,2,22,1974,1224,,,1,,,,,,,2.5,,,,
11325,11346,31,2,22,1974,2634,,,1,,,,,,,3,,,,
11326,11347,31,2,22,1974,4233,,,1,,,,,,,3,,,,
11327,11348,31,2,22,1974,1066,,,1,,,,,,,2,,,,
11328,11349,31,2,22,1974,2346,,,1,,,,,,,2,,,,
11329,11350,31,2,22,1919,1833,,,1,,,Orphani,,,,3.5,,,,
11330,11351,31,2,22,778,1066,,,1,,,,,,,2,,,,
11331,11352,31,2,22,778,3020,,,1,,,,,,,1.5,,,,
11332,11353,31,2,22,484,2619,,,1,,,,,,Johannes Nezpessy,1,,,,
11333,11354,31,2,22,1389,3681,,,1,,,,Dominus,,,6,,,,
11334,11355,31,2,22,828,1409,,,1,,,,,,cum relicta glote,0.5,,,,
11335,11356,31,2,22,3357,2231,,,1,,,,,,sessio una super qua servitorem tenet,0,,,,
11336,11357,31,2,22,3357,4197,,,1,,,,,,,1,,,,
11337,11358,31,2,22,3357,693,,,1,,,,,,,3,,,,
11338,11359,31,2,22,3357,3460,,,1,,,,,,Johannes Czeboczy,0.5,,,,
11339,11360,31,2,22,3357,2332,,,1,,,,,,Petrus Pathachych-orphani,1,,,,
11340,11361,31,2,22,3357,2861,,,1,,,,,,Balthasar Zele,1.5,,,,
11341,11362,31,2,22,3357,783,,,1,,,,,,Petrus Bosnyak,0.5,,,,
11342,11363,31,2,22,3357,4235,,,1,,,Orphani,,,,1,,,,
11343,11364,31,2,22,3357,1206,,,1,,,,,,,0.5,,,,
11344,11365,31,2,22,3357,,,,1,,,,,Župnik (plebanus),,0.5,,,,
11345,11366,31,2,22,3437,886,,,1,,,,Magnificus dominus,,,17,,,,
11346,11367,31,2,22,2169,3765,,,1,,,,,,,5,,,,
11347,11368,31,2,22,3208,1206,,,1,,,,,,,0,,1,,
11348,11369,31,2,22,3208,4225,,,1,,,Orphani,,,,0.5,,,,
11349,11370,31,2,22,3208,2231,,,1,,,,,,,2.5,,,,
11350,11371,31,2,22,2221,886,,,1,,,,Magnificus dominus,,,5,,,,
11351,11372,31,2,22,160,886,,,1,,,,Magnificus dominus,,,1,,,,
11352,11373,31,2,22,3021,1589,,,1,,,,,,cum fratre,3,,,,
11353,11374,31,2,22,3021,1066,,,1,,,,,,,1.5,,,,
11354,11375,31,2,22,3021,3649,,,1,,,,,,,0.5,,,,
11355,11376,31,2,22,3021,3174,,,1,,,,,,cum relicta glote,1,,,,
11356,11377,31,2,39,1947,1303,,,1,,,,,,,6,,,,
11357,11378,31,2,39,1947,1385,,,1,,,,,,,2,,,,
11358,11379,31,2,39,1947,3943,,,1,,,Relicta,,,,0.5,,,,
11359,11380,31,2,39,1233,1726,,,1,,,,,,,2,,,,
11360,11381,31,2,39,3831,3816,,,1,,,Relicta,,,,2,,,,
11361,11382,31,2,39,3831,1819,,,1,,,,,Judex nobilium,,0.5,,,,
11362,11383,31,2,39,1780,3678,,,1,,,,,,,1,,,,
11363,11384,31,2,39,2911,2756,,,1,,,,,,,1.5,,,,
11364,11385,31,2,39,1778,4059,,,1,,,novicius,,,,0.5,,,,
11365,11386,31,2,39,2910,3107,,,1,,,Orphani,,,,5.5,,,,
11366,11387,31,2,39,2910,1819,,,1,,,,,,,1,,,,
11367,11388,31,2,39,2943,1463,,,1,,,Orphani,,,,5,,,,
11368,11389,31,2,39,513,,,,1,,,,,Kaptol zagrebački (Capitulum Zagrabiense),,1,,,,
11369,11390,31,2,39,3526,,,,1,,,,,Varasd-civitas,,9,,,,
11370,11391,31,2,39,3022,,,,1,,,,,Varasd-arx,,17,,,,
11371,11392,31,2,39,3458,4059,,,1,,,,,,,0.5,,,,
11372,11393,31,2,39,3458,1206,,,1,,,,,,,0.5,,,,
11373,11394,31,2,39,3458,2407,,,1,,,,,,,1,,,,
11374,11395,31,2,39,3458,905,,,1,,,,,,Mathias Orgowan,0.5,,,,
11375,11396,31,2,39,1474,,,,1,,,,,Varasd-civitas,,11,,,,
11376,11397,31,2,39,3066,,,,1,,,,,Kaptol zagrebački (Capitulum Zagrabiense),,10,,,,
11377,11398,31,2,39,2816,3766,,,1,,,,,,,5,,,,
11378,11399,31,2,39,3558,886,,,1,,,,Magnificus dominus,,,2,,,,
11379,11400,31,2,39,3558,2332,,,1,,,,,,,0.5,,,,
11380,11401,31,2,39,3558,943,,,1,,,,,,unam sessionem pro curia nobilitari incolit,0,,,,
11381,11402,31,2,39,3765,,,,1,,,,,Varasd-cives civitatis,,7,,,,
11382,11403,31,2,39,449,,,,1,,,,Reverendissimus dominus,Biskup zagrebački (Episcopus Zagrabiensis),,12,,,,
11383,11404,31,2,39,3130,,,,1,,,,,Župnik (plebanus),,1,,,,
11384,11405,31,2,39,3130,,,,1,,,,,Prebendarius et magister scholae,,1,,,,
11385,11406,31,2,39,3773,,,,1,,,,,Varasd-cives civitatis,,4,,,,
11386,11408,32,2,56,497,4077,castrum,,4,55,,,"Dominus, comes",,,28,,,,
11387,11409,32,2,56,497,3565,castrum,,4,55,,,"Dominus, comes",,,31,,,,
11388,11410,32,2,56,497,,castrum,,4,55,,,"Dominus, comes",Vicebanus,Ex portione comitis Thomae Erdeody,1,,,,
11389,11411,32,2,56,497,188,castrum,,4,55,,Mater,Domina,,,16,,,,
11390,11412,32,2,56,714,845,,,4,55,,,,,,1.5,,,,
11391,11413,32,2,56,3059,2999,,,4,55,,,,,,0.5,,,,
11392,11414,32,2,56,1571,2490,,,4,55,,Heredes,,,,0.5,,,,
11393,11415,32,2,56,2147,2365,castrum,,4,55,,,Dominus,,,59,,,,
11394,11416,32,2,56,2147,2849,castrum,,4,55,,,,,,1,,,,
11395,11417,32,2,56,2147,833,castrum,,4,55,,,Domina,,,1,,,,
11396,11418,32,2,56,1764,833,,,4,55,,Filius,,,,0.5,,,desertum,
11397,11419,32,2,56,1601,306,,,4,55,,,Dominus,,,40,,,,
11398,11420,32,2,56,1627,2170,,,4,55,,,Magnificus dominus,Banus,Michael Zekell et servitores,37.5,,,,
11399,11421,32,2,56,1625,2849,,,4,55,,,,,,1,,,,
11400,11422,32,2,56,1625,2350,,,4,55,,,,,cum domina sorore,1.5,,,,
11401,11423,32,2,56,2626,,,,4,55,,,,Eremiti (Fratres heremitae)-Lepoglava,,7,,,,
11402,11424,32,2,56,2325,2611,,,4,55,,,,,,0.5,,,,
11403,11425,32,2,56,2325,895,,,4,55,,,,,Ursula Ztrahynschak,1,,,,
11404,11426,32,2,56,2325,1194,,,4,55,,,,,Jeronimus Gelychewych,0.5,,,,
11405,11427,32,2,56,2308,2885,,,4,55,,Relicta,,,ex portione familiae de Wynno,0.5,,,,
11406,11428,32,2,56,2308,2475,,,4,55,,,,,Nicolaus Lewachych,0.5,,,,
11407,11429,32,2,56,303,1649,,,4,55,,,,,,1,,,,
11408,11430,32,2,56,303,2742,,,4,55,,,,,Johannes Laczkowych,1,,,,
11409,11431,32,2,56,302,1179,,,4,55,,,,,,0.5,,,,
11410,11432,32,2,56,2322,2212,,,4,55,,,,,,0.5,,,,
11411,11433,32,2,56,2322,2433,,,4,55,,Orphani,,,Nicolaus Lewachych (de portione familiae de Winno),0.5,,,,
11412,11434,32,2,56,3411,3071,,,4,55,,,,,cum matris,0.5,,,,
11413,11435,32,2,56,1954,1853,,,4,55,,,,,"Caspar-consors, Michael Jambrekowych",0.5,,,,
11414,11436,32,2,56,1961,3637,,,4,55,,Relicta,,,"nunc Jeronimus Selyschewych-consors, Christophorus Kwnowych, Georgius Bwdachky, Michael Jwryzlawych",0.5,,,,
11415,11437,32,2,56,1961,1331,,,4,55,,,,,Urbanus Breztowecky (ex portione Joannis Okowersky),0.5,,,,
11416,11438,32,2,56,1961,1901,,,4,55,,,,,,0,,0.5,desertum,
11417,11439,32,2,56,1506,1162,,,4,55,,,,,,1,,,,
11418,11440,32,2,56,1506,3830,,,4,55,,,,,,1,,,,
11419,11441,32,2,56,1506,2714,,,4,55,,,,,,0.5,,,,
11420,11442,32,2,56,1506,3209,,,4,55,,,,,,0.5,,,,
11421,11443,32,2,56,1639,2215,,,4,55,,,,,"Catharina Gwbasoczy-relicta, cum fratribus",1,,,,
11422,11444,32,2,56,1639,3525,,,4,55,,,,,"Johannes Baxay-relicta, cum sororibus",1,,,,
11423,11445,32,2,56,1639,3404,,,4,55,,Heredes,,,Mathias Kazzo-nunc,1,,,,
11424,11446,32,2,56,1639,1115,,,4,55,,,,,"Nicolaus Horwat-uxor, Nicolaus Czwetych-uxor, Stephanus Zakmardy, Petrus Nowak-relicta",1.5,,,,
11425,11447,32,2,56,1639,701,,,4,55,,Heredes-Martini Janchecz,,,,0.5,,,,
11426,11448,32,2,56,2129,3963,,,4,55,,,,,Georgius Myrkoczy-heredes,0.5,,,,
11427,11449,32,2,56,2129,1107,,,4,55,,,,,"Valentinus Mazalenzky, Georgius Rade",0.5,,,,
11428,11450,32,2,56,2129,2757,,,4,55,,,,,Zemlychka in Beleczy,0.5,,,,
11429,11451,32,2,56,2129,1073,,,4,55,,,,,loco Johannes Syska,0.5,,,,
11430,11452,32,2,56,2522,3487,,,4,55,,Heredes,,,,0.5,,,,
11431,11453,32,2,56,2522,2360,,,4,55,,,,,"Georgius Mykwlych, Johannes Mykwlych-orphani",0.5,,,,
11432,11454,32,2,56,3403,2433,,,4,55,,,,,,4,,,,
11433,11455,32,2,56,3403,3176,,,4,55,,,,,,1,,,,
11434,11456,32,2,56,3403,1651,,,4,55,,,,,Stephanus Bwzyakowych-relicta,0.5,,,,
11435,11457,32,2,56,3403,3404,,,4,55,,Heredes,,,Mathias Kazzo-nunc,0.5,,,,
11436,11458,32,2,56,3403,1922,,,4,55,,Uxor,,,"Lepowych-heredes, Mathias Kazzo",0.5,,,,
11437,11459,32,2,56,1944,1941,,,4,55,,,,,"Mathias Dorotych, Petrus Bartholowych, Marcus Rozgay, Mathias Fodoroczy, Petrus Baxay, Georgius Rachych",0.5,,,,
11438,11460,32,2,56,1098,2215,,,4,55,,Relicta,,,"Martinus Bwsych, Stephanus Gwbassoczy-orphani",0.5,,,,
11439,11461,32,2,56,1098,3678,,,4,55,,Relicta,,,,0.5,,,,
11440,11462,32,2,56,1058,4132,,,4,55,,quondam,,,,0.5,,,,
11441,11463,32,2,56,1944,1799,,,4,55,,,,,Zalatnoky,0,,0.5,,
11442,11464,32,2,56,1944,1651,,,4,55,,,,,"Dolyanzky, Marcus Zabo",0.5,,,,
11443,11465,32,2,56,1944,1075,,,4,55,,Consors,,,"Mathias Skowych-relicta, Johannes Belawich, Marcus Zabo",1,,,,
11444,11466,32,2,56,3353,2711,,,4,55,,quondam,,,,0.5,,,,
11445,11467,32,2,56,3370,2849,,,4,55,,,,,,0.5,,,,
11446,11468,32,2,56,2713,4122,,,4,55,,,,,"Paulus et Johannes Skarycza, Michael Skarycza-orphani",1,,,,
11447,11469,32,2,56,1076,2211,,,4,55,,,,,,0.5,,,,
11448,11470,32,2,56,1076,1722,,,4,55,,Uxor,,,"Johannes Pernko-relicta, Zperchkina",0.5,,,,
11449,11471,32,2,56,2806,1036,,,4,55,,,,,,0.5,,,,
11450,11472,32,2,56,2806,3169,,,4,55,,,,,,0.5,,,,
11451,11473,32,2,56,2806,3506,,,4,55,,,,,cum fratribus,0.5,,,,
11452,11474,32,2,56,2336,2322,,,4,55,,,,,"Nicolaus Oskowczy, Mathias-uxor, Georgius Ztanissa, Thomas Zabo cum fratribus",0.5,,,,
11453,11475,32,2,56,413,,,,4,55,,,Dominus,Vicebanus,Michael Zelnyczey,0.5,,,,
11454,11476,32,2,56,413,3174,,,4,55,,Heredes,,,Johannes,0.5,,,,
11455,11477,32,2,56,1292,1928,,,4,55,,,,,"Georgius Aranyassy, Johannes Kalssych, Johannes Zakach-heredes",0.5,,,,
11456,11478,32,2,37,1797,306,castrum,,4,55,,,Domini,,,13,,,,
11457,11479,32,2,37,143,1459,,,4,55,,,,,,11.5,,,,
11458,11480,32,2,37,143,1993,,,4,55,,,,,,7,,,,
11459,11481,32,2,37,143,2342,,,4,55,,,,,,2,,,,
11460,11482,32,2,37,143,2614,,,4,55,,Relicta,,,,2,,,,
11461,11483,32,2,37,1759,,,,4,55,,,,Eremiti (Fratres heremitae)-Lepoglava,,13,,,,
11462,11484,32,2,37,3764,,,,4,55,,,Dominus,Vicebanus,Michael Zelnyczey,1,,,,
11463,11485,32,2,37,3764,2235,,,4,55,,,,,,2.5,,,,
11464,11486,32,2,37,3764,3174,,,4,55,,Heredes,,,,2.5,,,,
11465,11487,32,2,37,3764,1163,,,4,55,,,,,,1,,,,
11466,11488,32,2,37,3764,1523,,,4,55,,Uxores (uxorum Gasparis et Michaelis Jambrekowych),,,Bothka,1,,,,
11467,11489,32,2,37,296,4227,,,4,55,,,,,cum fratribus,0.5,,,,
11468,11490,32,2,37,296,1906,,,4,55,,,,,Bwyanych-relicta,0.5,,,,
11469,11491,32,2,37,3685,1081,,,4,55,,,Dominus,Viceprothonotarius,Michael Araniassy-prije,1,,,,1
11470,11492,32,2,37,3685,1573,,,4,55,,,,,,1,,,,
11471,11493,32,2,37,3685,3502,,,4,55,,Uxor,,,,1,,,,
11472,11494,32,2,37,3693,1087,,,4,55,,Heredes,,,,0.5,,,,
11473,11495,32,2,37,2337,3846,,,4,55,,Relicta,,,,7.5,,,,
11474,11496,32,2,37,2337,2014,,,4,55,,,Domina,,,2.5,,,,
11475,11497,32,2,37,2337,1081,,,4,55,,,Dominus,Viceprothonotarius,a portione dominae Hester,0.5,,,,1
11476,11498,32,2,37,2337,1168,,,4,55,,Relicta,,,,2.5,,,,
11477,11499,32,2,37,2337,3616,,,4,55,,,Dominus,,,2.5,,,,
11478,11500,32,2,37,2337,3939,,,4,55,,Relicta,,,cum glote,2.5,,,,
11479,11501,32,2,37,2337,3846,,,4,55,,Relicta,,,,2.5,,,,
11480,11502,32,2,37,2337,1718,,,4,55,,,,,,0.5,,,,
11481,11503,32,2,37,118,2653,,,4,55,,,,,Johannes Hersych,1,,,,
11482,11504,32,2,37,118,,,,4,55,,,,Župnik (plebanus)-sub castro Ostercz,,1,,,,
11483,11505,32,2,37,3492,3056,castrum,,4,55,,,,,,7,,,,
11484,11506,32,2,37,3492,,castrum,,4,55,,,,Župnik (plebanus),,0.5,,,,
11485,11507,32,2,37,2457,3961,,,4,55,,Relicta,,,,0.5,,,,
11486,11508,32,2,37,2596,2874,,,4,55,,,,,Wydak-relicta,0.5,,,,
11487,11509,32,2,37,397,2430,,,4,55,,,,,"Georgius Prenar, Thomas Boznych-consors",1,,,,
11488,11510,32,2,37,397,2269,,,4,55,,,,,,0.5,,,,
11489,11511,32,2,37,397,914,,,4,55,,,,,,0.5,,,,
11490,11512,32,2,37,397,574,,,4,55,,Orphani,,,,0.5,,,,
11491,11513,32,2,37,1539,1792,,,4,55,,,,,,0.5,,,,
11492,11514,32,2,37,1874,2472,,,4,55,,,,,,0.5,,,,
11493,11515,32,2,37,1976,700,,,4,55,,Orphani,,,Stephanus Koswtych-nunc,0.5,,,,
11494,11516,32,2,37,2592,2159,,,4,55,,,,,,0,,0.5,,
11495,11517,32,2,37,2551,1997,,,4,55,,,,,"Nicolaus Lewachych, Mathias Aras",0.5,,,,
11496,11518,32,2,37,651,2911,,,4,55,,,,,"Johannes, Georgius, Caspar, Jacob, alter Johannes et Georgius Rade-relicta",0.5,,,,
11497,11519,32,2,37,157,588,castrum,,4,55,,,Dominus,,,6,,,,
11498,11520,32,2,37,157,,castrum,,4,55,,,,Župnik (plebanus),,1,,,,
11499,11521,32,2,37,2876,4217,,,4,55,,,,,Johannes Koschewych (Bathyna),1,,,,
11500,11522,32,2,37,956,2814,,,4,55,,,,,loco Herendych,0.5,,,,
11501,11523,32,2,37,3453,2134,,,4,55,,,,,,0.5,,,,
11502,11524,32,2,37,3453,261,,,4,55,,Heredes,,,,0.5,,,,
11503,11525,32,2,37,3453,702,,,4,55,,,,,,1,,,,
11504,11526,32,2,37,3453,2332,,,4,55,,,,,Georgius Pathachych-quondam,0.5,,,,
11505,11527,32,2,37,3453,2211,,,4,55,,Uxor,,,,0.5,,,,
11506,11528,32,2,37,3453,1649,,,4,55,,,,,Stephanus Selytkowych,0.5,,,,
11507,11529,32,2,37,3453,1946,,,4,55,,Consors,,,Dragach,0.5,,,,
11508,11530,32,2,37,3453,3234,,,4,55,,,,,,0.5,,,,
11509,11531,32,2,37,3453,3973,,,4,55,,,,,cum fratribus,0.5,,,,
11510,11532,32,2,37,3453,,,,4,55,,,,Župnik (plebanus),,0.5,,,,
11511,11533,32,2,37,3453,1776,,,4,55,,,,,,0.5,,,,
11512,11534,32,2,37,1013,2203,,,4,55,,Orphani,,,"Georgius Herkffy, Petrus Aytych-nunc",1.5,,,,
11513,11535,32,2,37,3452,1900,,,4,55,,,,,,0.5,,,,
11514,11536,32,2,37,3080,,castrum,,4,55,,,Dominus,Banus,,20,,,,
11515,11537,32,2,37,3080,3559,castrum,,4,55,,,,,Benkowcz,21,,,,
11516,11538,32,2,37,3080,,,,4,55,,,,Župnik (plebanus)-Bednia,,1.5,,,,
11517,11539,32,2,37,1301,2988,,,4,55,,,Nobiles,,"Thomas Kowachych, Georgius Jwrsetych, Thomas Jwrsetych, Jacobus Jwrsetych",0.5,,,,
11518,11540,32,2,37,2889,1899,,,4,55,,,Nobiles,,Bartholomeus Sebastyanych-relicta,0.5,,,,
11519,11541,32,2,2,3374,274,,,4,55,,,Dominus,,Johannes Marky-quondam,33,,,,
11520,11542,32,2,2,3375,,,,4,55,,Consors,"Dominus, Domina",Banus,,1.5,,,,
11521,11543,32,2,2,3374,3483,,,4,55,,Heredes,,,,4,,,,
11522,11544,32,2,2,3374,4126,,,4,55,,Consors,,,,4,,,,
11523,11545,32,2,2,3374,2260,,,4,55,,Relicta,,,,4,,,,
11524,11546,32,2,2,3374,984,,,4,55,,,,,,4,,,,
11525,11547,32,2,2,3374,1638,,,4,55,,Uxor,,,,2.5,,,,
11526,11548,32,2,2,491,2298,,,4,55,,,,,,1,,,,
11527,11549,32,2,2,491,3642,,,4,55,,,,,,1,,,,
11528,11550,32,2,2,361,3439,,,4,55,,Relicta,,,"Lucas Gaspar-filii, unacum prolibus Kaychych",0.5,,,,
11529,11551,32,2,2,361,4146,,,4,55,,,,,Vitus Boznych-heredes,0.5,,,,
11530,11552,32,2,2,87,941,,,4,55,,,,,,1,,,,
11531,11553,32,2,2,3309,1081,,,4,55,,,,Viceprothonotarius,Johannes Zaboky-heredes cum fratribus,0.5,,,,1
11532,11554,32,2,2,3309,3459,,,4,55,,Filia,,,Anna Pawkowycza,0.5,,,,
11533,11555,32,2,2,1974,1223,,,4,55,,,,,,3,,,,
11534,11556,32,2,2,1974,904,,,4,55,,,,,,1.5,,,,
11535,11557,32,2,2,1974,2635,,,4,55,,Relicta,,,,1,,,,
11536,11558,32,2,2,1974,4234,,,4,55,,Relicta,,,,1,,,,
11537,11559,32,2,2,1973,2674,,,4,55,,,Nobiles,,"Michael Zabo, Gregorius Piskar",0.5,,,,
11538,11560,32,2,2,1919,2849,,,4,55,,Uxor,,,"Thomas Syney, Mathias Jantolowych-uxor",1,,,,
11539,11561,32,2,2,777,4222,,,4,55,,,,,,1,,,,
11540,11562,32,2,2,1682,4240,,,4,55,,,,,,1,,,,
11541,11563,32,2,2,1682,3020,,,4,55,,,,,,1.5,,,,
11542,11564,32,2,2,484,3989,,,4,55,,,,,Ladislaus Nezpessy-heredes cum fratribus,1,,,,
11543,11565,32,2,2,484,2433,,,4,55,,,,,cum fratribus,1,,,,
11544,11566,32,2,2,1393,2614,,,4,55,,Relicta,,,,2,,,,
11545,11567,32,2,2,400,3973,,,4,55,,,,,,0.5,,,,
11546,11568,32,2,2,3357,2134,,,4,55,,,,,cum sororibus,1,,,,
11547,11569,32,2,2,3358,698,,,4,55,,,,Župnik (plebanus),"Georgius Palfy, Stephanus Schytkowych, plebanus",1,,,,
11548,11570,32,2,2,3358,1676,,,4,55,,,,,,1,,,,
11549,11571,32,2,2,3358,3168,,,4,55,,,,,Johannes Czeboczy,0.5,,,,
11550,11572,32,2,2,3358,2612,,,4,55,,,,,Johannes Patachych-relicta,1,,,,
11551,11573,32,2,2,3358,3234,,,4,55,,,,,,1,,,,
11552,11574,32,2,2,3358,1649,,,4,55,,,,,,0,,0.5,,
11553,11575,32,2,2,3358,2652,,,4,55,,Orphani,,,Gregorius Labohar,1,,,,
11554,11576,32,2,2,3438,1350,,,4,55,,,Dominus,,,10,,,,
11555,11577,32,2,2,2169,1350,,,4,55,,,Dominus,,,4,,,,
11556,11578,32,2,2,3208,1776,,,4,55,,,,,loco patris,0.5,,,,
11557,11579,32,2,2,3208,4225,,,4,55,,Heredes,,,Johannes Gregorowczy-nunc,0.5,,,,
11558,11580,32,2,2,3208,1337,,,4,55,,,,,,0.5,,,,
11559,11581,32,2,2,2221,62,,,4,55,,,Dominus,,,3.5,,,,
11560,11582,32,2,2,162,62,,,4,55,,,Dominus,,,1,,,,
11561,11583,32,2,2,3044,1352,,,4,55,,,,,,1.5,,,,
11562,11584,32,2,2,3044,4221,,,4,55,,,,,,1.5,,,,
11563,11585,32,2,2,3044,,,,4,55,,,Dominus,Vicebanus,"Michael Zelnyczey, Gaspar Jambrekowych-uxor",0.5,,,,
11564,11586,32,2,2,3044,2235,,,4,55,,,,,Moises Homzky-heredes,0.5,,,,
11565,11587,32,2,33,1966,2197,,,4,55,,,,,"Emericus Nyary, Lazarne Barani, loco Hasady-heredes",7,,,,
11566,11588,32,2,33,1966,1385,,,4,55,,,,,,8,,,,
11567,11589,32,2,33,1495,2298,,,4,55,,,,,,1,,,,
11568,11590,32,2,33,3831,2491,,,4,55,,,,,,1,,,,
11569,11591,32,2,33,3831,2489,,,4,55,,,,,,0.5,,,,
11570,11592,32,2,33,2908,2373,,,4,55,,Filius Georgii-quondam,,,,1,,,,
11571,11593,32,2,33,1774,1800,,,4,55,,,,,,2,,,,
11572,11594,32,2,33,2912,2728,,,4,55,,Consors-Georgius Herkffy,Domina,,Michael Krazynay,1,,,,
11573,11595,32,2,33,1773,1801,,,4,55,,,,,portio Bysay,0.5,,,,
11574,11596,32,2,33,2910,1994,,,4,55,,,,,,2,,,,
11575,11597,32,2,33,2910,1225,,,4,55,,,,,"Ladislaus Repychar, Sebastianus Swpanych",2,,,,
11576,11598,32,2,33,3533,,,,4,55,,,,Varasd-civitas,,5.5,,,,
11577,11599,32,2,33,3006,,,,4,55,,,,Varasd-arx,,10,,,,
11578,11600,32,2,33,3462,4060,,,4,55,,,,,Nicolaus Chany,0.5,,,,
11579,11601,32,2,33,3462,1776,,,4,55,,,,,,0.5,,,,
11580,11602,32,2,33,3462,3834,,,4,55,,,,,,0.5,,,,
11581,11603,32,2,33,1475,,,,4,55,,,,Varasd-civitas,,7,,,,
11582,11604,32,2,33,3066,,,,4,55,,,,Kaptol zagrebački (Capitulum Zagrabiense),,5.5,,,,
11583,11605,32,2,33,2816,3766,,,4,55,,,,,,2,,,,
11584,11606,32,2,33,3518,62,,,4,55,,,Dominus,,,2,,,,
11585,11607,32,2,33,3518,3234,,,4,55,,,,,,0.5,,,,
11586,11608,32,2,33,3765,,,,4,55,,,,Varasd-civitas,,4.5,,,,
11587,11609,32,2,33,449,339,,,4,55,,Heredes,,,,5,,,,
11588,11610,32,2,33,3131,,,,4,55,,,,Župnik (plebanus)-civitas Varasd,,0.5,,,,
11589,11611,32,2,33,3131,,,,4,55,,,,Prebendarius et magister schole,,0.5,,,,
11590,11612,32,2,33,3773,,,,4,55,,,,Varasd-cives,,1.5,,,,
11591,11613,32,4,79,866,772,,,4,55,,Relicta,,,,1,,,,
11592,11614,32,4,79,865,1802,,,4,55,,Relicta,,,Mathias,0.5,,,,
11593,11615,32,4,79,865,2622,,,4,55,,,,,"Anna Kasnar Bysztrychky-domina,Turyak",1,,,,
11594,11616,32,4,79,865,3358,,,4,55,,,,,,0.5,,,,
11595,11617,32,4,79,865,394,,,4,55,,Heredes,,,apud manus-Johannes Herschych,1,,,,
11596,11618,32,4,79,865,1924,,,4,55,,,,,Nowak-relicta,0.5,,,,
11597,11619,32,4,79,865,1068,,,4,55,,,,,Gregurycza,0.5,,,,
11598,11620,32,4,79,865,3221,,,4,55,,Heredes,,,Poyathych,0.5,,,,
11599,11621,32,4,79,865,2504,,,4,55,,Relicta,,,,1,,,,
11600,11622,32,4,79,865,,,,4,55,,,,Župnik (plebanus),,0.5,,,,
11601,11623,32,4,79,865,1947,,,4,55,,,,,,1,,,,
11602,11624,32,4,79,865,2479,,,4,55,,,,,,2,,,,
11603,11625,32,4,79,865,3946,,,4,55,,,,,"Mathias Raskay, Georgius Raskay-heredes",0.5,,,,
11604,11626,32,4,79,865,2326,,,4,55,,Heredes,,,Bedenycza,1,,,,
11605,11627,32,4,79,865,1080,,,4,55,,,Dominus,Viceprothonotarius,"Johannes Petrychewych (frater), Nicolaus, Caspar, Margaretha Boynychych, Johannes Stubyczay, Gaspar Posgay, Anna Posgay-fillia, Johannes Arky",2,,,,
11606,11628,32,4,79,48,3454,castellum,,4,55,,,Dominus,,,7,,,,
11607,11629,32,4,79,48,3268,castellum,,4,55,,,Dominus,,,6,,,,
11608,11630,32,4,79,48,2364,castellum,,4,55,,,Dominus,,,6,,,,
11609,11631,32,4,79,48,422,castellum,,4,55,,Relicta,,,,2,,,,
11610,11632,32,4,79,48,2423,castellum,,4,55,,,,,,0.5,,,,
11611,11633,32,4,79,48,4039,castellum,,4,55,,Consors-Thuroczy,Domina,,,0.5,,,,
11612,11634,32,4,79,48,325,castellum,,4,55,,,Dominus,,,1,,,,
11613,11635,32,4,79,48,3337,castellum,,4,55,,,,,Stephanus Tahy,1.5,,,,
11614,11636,32,4,79,48,1080,castellum,,4,55,,,Dominus,Viceprothonotarius,"ex portionibus dominorum Gregoryanczy, Ratkay, Konzky, Melekoczy",1,,,,
11615,11637,32,4,79,2135,,,,4,55,,,,Eremiti (Fratres heremitae),,1,,,,
11616,11638,32,4,79,3151,1444,,,4,55,,,,,,0.5,,,,
11617,11639,32,4,79,3724,3454,castrum,,4,55,,,Dominus,,cum plebanatibus,35,,,,
11618,11640,32,4,79,3724,3267,castrum,,4,55,,,Dominus,,cum plebanatibus,35,,,,
11619,11641,32,4,79,3724,2364,castrum,,4,55,,,Dominus,,"Johannes Ratkay-consors, Stephanus Tahy",23,,,,
11620,11642,32,4,79,3724,4039,castrum,,4,55,,Consors-Thwroczy,Domina,,,5,,,,
11621,11643,32,4,79,3724,1709,castrum,,4,55,,,Dominus,,,1.5,,,,
11622,11644,32,4,79,3724,3337,castrum,,4,55,,,,,cum portione Thahy,6,,,,
11623,11645,32,4,79,3724,3132,castrum,,4,55,,,,,,0.5,,,,
11624,11646,32,4,79,2568,403,,,4,55,,Relicta,,,,0.5,,,,
11625,11647,32,4,79,1271,1080,,,4,55,,,Magnificus dominus,Viceprothonotarius,,4,,,,
11626,11648,32,4,79,1271,3975,,,4,55,,,,,,1,,,,
11627,11649,32,4,79,1986,3455,castrum,,4,55,,,Dominus,,,2,,,,
11628,11650,32,4,79,1986,3268,castrum,,4,55,,,Dominus,,,2,,,,
11629,11651,32,4,79,2098,1444,,,4,55,,,,,,1,,,,
11630,11652,32,4,79,3679,888,,,4,55,,,,,,0.5,,,,
11631,11653,32,4,79,261,,,,4,55,,,,Eremiti (Fratres heremitae),,1.5,,,,
11632,11654,32,4,79,1031,,,,4,55,,,,Gradec (Civitas Montis Grecensis Zagrabiensis),,1,,,,
11633,11655,32,4,79,535,,,,4,55,,,,Župnik (plebanus),,0.5,,,,
11634,11656,32,4,79,3553,,,,4,55,,,,Prepošt (praepositus)-Beate Mariae Virginis,,0.5,,,,
11635,11657,32,4,79,375,1757,,,4,55,,,,,"Mathias-heredes, Nicolaus Gradicze",0.5,,,,
11636,11658,32,4,79,376,2306,,,4,55,,Heredes,,,"Nicolaus Mykulych, Antholkouich",0.5,,,,
11637,11659,32,4,79,775,128,,,4,55,,,,,,0.5,,,,
11638,11660,32,4,79,961,1080,,,4,55,,,Magnificus dominus,Viceprothonotarius,,0.5,,,,
11639,11661,32,4,79,961,3167,,,4,55,,,,,cum fratribus,0.5,,,,
11640,11662,32,4,79,961,2348,,,4,55,,,,,"Fachar, Johannes Kasnar cum fratribus et sororibus",0.5,,,,
11641,11663,32,4,79,1386,2103,,,4,55,,,,,"Plebanatus (župa) Sanctae Trinitatis, Nicolaus Ladomer cum sorore (Adamowcz)",0.5,,,,
11642,11664,32,4,79,9,3967,,,4,55,,,,,cum fratribus,0.5,,,,
11643,11665,32,4,79,9,3990,,,4,55,,,,,cum fratribus,1,,,,
11644,11666,32,4,79,2261,1684,,,4,55,,,,,Stephanus Bysztrychky-heredes,0.5,,,,
11645,11667,32,4,79,1726,3800,,,4,55,,Relicta-Stephanus Bradach,Domina,,cum portione dominae Heszter Berzay,3,,,,
11646,11668,32,4,79,1726,830,,,4,55,,,Domina,,,2,,,,
11647,11669,32,4,79,1726,1167,,,4,55,,Relicta,,,,0.5,,,,
11648,11670,32,4,79,244,2328,,,4,55,,,,,Paulus Rozonych,0.5,,,,
11649,11671,32,4,79,321,1694,,,4,55,,,,,,2,,,,
11650,11672,32,4,79,1615,108,,,4,55,,,,,,0.5,,,,
11651,11673,32,4,79,3652,3174,,,4,55,,Relicta,,,,1,,,,
11652,11674,32,4,79,3652,1379,,,4,55,,,,,,0.5,,,,
11653,11675,32,4,79,2362,440,,,4,55,,Heredes,,,,1,,,,
11654,11676,32,4,79,1499,665,,,4,55,,,,,"cum sororibus, plebanus",0.5,,,,
11655,11677,32,4,79,3480,533,,,4,55,,Heredes,,,cum portione olim Chernkoczy,1,,,,
11656,11678,32,4,79,1315,2844,,,4,55,,Relicta,,,Georgius Horvat,0.5,,,,
11657,11679,32,4,79,1315,1485,,,4,55,,,,,"Thomaszowych, Georgius Horvatt, Vydossych",0.5,,,,
11658,11680,32,4,79,2071,1757,,,4,55,,,,,,0.5,,,,
11659,11681,32,4,79,3552,1757,,,4,55,,,,,,1,,,,
11660,11682,32,4,79,3514,866,,,4,55,,,,,,0.5,,,,
11661,11683,32,4,79,2473,,,,4,55,,,Dominus,Prepošt (praepositus)-Galgoncza,,1,,,,
11662,11684,32,4,79,3125,,,,4,55,,,Dominus,Biskup zagrebački (Episcopus Zagrabiensis),,5,,,,
11663,11685,32,4,79,3126,,,,4,55,,,Dominus,Biskup zagrebački (Episcopus Zagrabiensis),,6,,,,
11664,11686,32,4,79,2832,,,,4,55,,,,Plemići predijalci Zagrebačke biskupije (Nobiles prediales episcopatus Zagrabiensis),,3,,,,
11665,11687,32,4,79,574,,judicatus,,4,55,,,Dominus,Biskup zagrebački (Episcopus Zagrabiensis),,1.5,,,,
11666,11688,32,4,79,3166,3133,,,4,55,,Heredes,,,,0.5,,,,
11667,11689,32,4,79,235,403,,,4,55,,Relicta,,,,1,,,,
11668,11690,32,4,79,2972,888,curia,,4,55,,,Magnificus dominus,,Myndzenti-relicta domina,0.5,,,,
11669,11691,32,4,79,774,3858,,,4,55,,,,,"cum sororibus, Georgius Kobyllyas",0.5,,,,
11670,11692,32,4,79,3653,,,,4,55,,,,Župnik (plebanus),"Belowarczy, Ladomer-heredes",0.5,,,,
11671,11693,32,4,127,466,3804,,,4,55,,Relicta-Stephanus Bradach,Domina,,,7,,,,
11672,11694,32,4,127,466,3291,,,4,55,,,Dominus,,,8,,,,
11673,11695,32,4,127,466,134,,,4,55,,,Dominus,,cum glote,2.5,,,,
11674,11696,32,4,127,466,2014,,,4,55,,Filia,,,,1,,,,
11675,11697,32,4,127,466,1081,,,4,55,,,Dominus,Viceprothonotarius,ex portione Hester et dominae relictae Bradach,0.5,,,,1
11676,11698,32,4,127,466,636,,,4,55,,Relicta,Domina,,Plebanatus (župa) Sancti Petri,1,,,,
11677,11699,32,4,127,971,1717,,,4,55,,,,,Hansoczi,0.5,,,,
11678,11700,32,4,127,2992,3498,,,4,55,,,,,Fodroczy,0.5,,,,
11679,11701,32,4,127,2934,3056,,,4,55,,,,,,1,,,,
11680,11702,32,4,127,1171,61,,,4,55,,,Dominus,,,14,,,,
11681,11703,32,4,127,1171,,,,4,55,,,,Župnik (plebanus),,0.5,,,,
11682,11704,32,4,127,1154,3174,,,4,55,,Heredes,,Juratus nobilis,,1,,,,
11683,11705,32,4,127,1154,2235,,,4,55,,,,,,0.5,,,,
11684,11706,32,4,127,1154,4228,,,4,55,,,,,cum sororibus,1,,,,
11685,11707,32,4,127,438,134,,,4,55,,,Dominus,,,4,,,,
11686,11708,32,4,127,438,2548,,,4,55,,Relicta,,,,1.5,,,,
11687,11709,32,4,127,122,597,,,4,55,,,,,,0.5,,,,
11688,11710,32,4,127,122,549,,,4,55,,,,,"Pathachych, Benkouyna",0.5,,,,
11689,11711,32,4,127,3117,335,,,4,55,,,,,,0.5,,,,
11690,11712,32,4,127,172,1518,,,4,55,,,,,cum colonis Kozzel in Terztenyk,0.5,,,,
11691,11713,32,4,127,2969,2413,,,4,55,,,,,"Nicolaus Voykffy, Amalay-relicta",0.5,,,,
11692,11714,32,4,127,3115,3478,,,4,55,,,,,"Barber, Helena Antholkouych-relicta",0.5,,,,
11693,11715,32,4,127,214,2009,,,4,55,,Relicta,,,,0.5,,,,
11694,11716,32,4,127,3498,2583,,,4,55,,,,,Judit-domina,2,,,,
11695,11717,32,4,127,3498,794,,,4,55,,Relicta,,,,2,,,,
11696,11718,32,4,127,3498,3804,,,4,55,,,Domina,,Mathias Kerecheny,2.5,,,,
11697,11719,32,4,127,3650,,,,4,55,,,,Župnik (plebanus),"Plebanus-Omnii Sancti, Bedenycza",0.5,,,,
11698,11720,32,4,127,442,,,,4,55,,,Dominus,Biskup zagrebački (Episcopus Zagrabiensis),,2,,,,
11699,11721,32,4,127,2467,3975,,,4,55,,,,,"Karynchych, Orehoczy, Sarap",1.5,,,,
11700,11722,32,4,127,2467,3557,,,4,55,,,,,"Punek, Megyurechky",0.5,,,,
11701,11723,32,4,127,2467,3673,,,4,55,,,,,"Tomasko, Johannes Pezery, Spyssych",0.5,,,,
11702,11724,32,4,127,2467,635,,,4,55,,,,,Marygoltt,0.5,,,,
11703,11725,32,4,127,2467,678,,,4,55,,Relicta,,,,0.5,,,,
11704,11726,32,4,127,2467,80,,,4,55,,,,,,1.5,,,,
11705,11727,32,4,127,2468,2622,,,4,55,,,,,,1,,,,
11706,11728,32,4,127,2468,230,,,4,55,,,Dominus,,,1.5,,,,
11707,11729,32,4,81,3440,4080,castrum,,4,55,,,"Dominus, comes",,,5,,,,
11708,11730,32,4,81,3440,,oppidum,,4,55,,,,Zamobor-cives,,4,,,,
11709,11731,32,4,81,3440,,,,4,55,,,,Župnik (plebanus),,0.5,,,,
11710,11732,32,4,81,1458,2247,,,4,55,,,,,,0.5,,,,
11711,11733,32,4,81,265,230,,,4,55,,,Dominus,,,0.5,,,,
11712,11734,32,4,81,2359,670,castrum,,4,55,,,"Dominus, comes",,,55,,,,
11713,11735,32,4,81,2978,,,,4,55,,,,Župnik (plebanus),,1,,,,
11714,11736,32,4,81,2481,230,,,4,55,,,Dominus,,,4.5,,,,
11715,11737,32,4,81,3696,2932,,,4,55,,,,,,1,,,,
11716,11738,32,4,81,3696,2780,,,4,55,,,,,cum domina glote eorum,3,,,,
11717,11739,32,4,81,2438,,,,4,55,,,,Biskup zagrebački (Episcopus Zagrabiensis),,4,,,,
11718,11740,32,4,81,3152,,,,4,55,,,,Župnik (plebanus). St. Anna,,1,,,,
11719,11741,32,4,81,3152,117,,,4,55,,,Magnificus dominus,,"Barthakowych-heredes, Matcheh",0.5,,,,
11720,11742,32,4,81,3152,761,,,4,55,,Heredes,,,,0.5,,,,
11721,11743,32,4,81,3116,2908,,,4,55,,Quondam,,,,1.5,,,,
11722,11744,32,4,81,3116,4090,,,4,55,,,,,,1,,,,
11723,11745,32,4,81,3116,2699,,,4,55,,,,,Magda Ztepchychka,0.5,,,,
11724,11746,32,4,81,38,2888,,,4,55,,,,,,0.5,,,,
11725,11747,32,4,81,724,168,,,4,55,,Heredes,,,,1,,,,
11726,11748,32,4,81,3099,3196,,,4,55,,,,,,0.5,,,,
11727,11749,32,4,81,2749,1920,,,4,55,,,,,,1,,,,
11728,11750,32,4,81,2749,1703,,,4,55,,,,,,1,,,,
11729,11751,32,4,81,786,2644,,,4,55,,,,,,0.5,,,,
11730,11752,32,4,81,1337,,,,4,55,,,,Župnik (plebanus),,1,,,,
11731,11753,32,4,81,1337,4080,castrum,,4,55,,,"Dominus, comes",,,7,,,,
11732,11754,32,4,81,748,3569,,,4,55,,,Dominus,,,10,,,,
11733,11755,32,4,81,665,3569,,,4,55,,,Dominus,,,4,,,,
11734,11756,32,1,23,1796,588,castrum,,4,55,,Heredes,,,,8,,,,
11735,11757,32,1,23,1796,,castrum,,4,55,,,,Župnik (plebanus),,0.5,,,,
11736,11758,32,1,23,1434,1305,,,4,55,,,,,Hassady-relicta,3,,,,
11737,11759,32,1,23,2733,4079,oppidum,,4,55,,,"Dominus, comes",,,0.5,,,,
11738,11760,32,1,23,1371,4080,,,4,55,,,"Dominus, comes",,cum portione heredum Pekry,2,,,,
11739,11761,32,1,23,1655,4079,,,4,55,,,"Dominus, comes",,,1.5,,,,
11740,11762,32,1,23,1656,82,,,4,55,,,Dominus,,,1.5,,,,
11741,11763,32,1,23,1654,583,,,4,55,,Heredes,,,,0.5,,,,
11742,11764,32,1,23,998,2260,,,4,55,,,,,"Komornyk, Kosma Korenzky",1.5,,,,
11743,11765,32,1,23,1653,2847,,,4,55,,,,Literatus,,1.5,,,,
11744,11766,32,1,23,1653,659,,,4,55,,,Domina,,Michael Litteratus,1.5,,,,
11745,11767,32,1,23,130,227,,,4,55,,,Dominus,,,2.5,,,,
11746,11768,32,1,23,130,2383,,,4,55,,,,,,0.5,,,,
11747,11769,32,1,23,782,569,,,4,55,,,,,,1,,,,
11748,11770,32,1,23,782,2930,,,4,55,,,,,Stephanus Pezery,1,,,,
11749,11771,32,1,23,782,1783,,,4,55,,,,,,1,,,,
11750,11772,32,1,23,1421,,castrum,,4,55,,,,Kralj (rex),,4,,,,
11751,11773,32,1,23,1431,189,,,4,55,,,Dominus,,,0.5,,,,
11752,11774,32,1,23,1377,83,,,4,55,,,,,,1.5,,,,
11753,11775,32,1,23,1377,593,,,4,55,,,,,"Budor, Petrych, Ivano Velyky",1,,,,
11754,11776,32,1,23,1377,323,,,4,55,,Relicta,,,cum sororibus,1,,,,
11755,11777,32,1,23,1377,596,,,4,55,,,,,,0.5,,,,
11756,11778,32,1,128,3651,428,,,4,55,,,Dominus,,,1.5,,,,
11757,11779,32,1,128,437,132,,,4,55,,,Dominus,,,5,,,,
11758,11780,32,1,128,437,2546,,,4,55,,Relicta,Domina,,,1,,,,
11759,11781,32,1,128,437,,,,4,55,,,,Župnik (plebanus),,0.5,,,,
11760,11782,32,1,128,3174,224,,,4,55,,Relicta,,,Gyegacz,0.5,,,,
11761,11783,32,1,128,488,1789,,,4,55,,,,,,1,,,,
11762,11784,32,1,128,488,3983,,,4,55,,,,,,1,,,,
11763,11785,32,1,128,3818,3745,,,4,55,,,,,Stephanus Berdoczy,1,,,,
11764,11786,32,1,128,1129,3018,,,4,55,,,,,Plebanus,0.5,,,,
11765,11787,32,1,128,1597,434,,,4,55,,,,,Vyzkellety,1.5,,,,
11766,11788,32,1,128,1704,428,,,4,55,,,Dominus,,,5,,,,
11767,11789,32,1,128,1704,,,,4,55,,,,Župnik (plebanus),,0.5,,,,
11768,11790,32,1,128,2301,314,,,4,55,,,Dominus,,,1,,,,
11769,11791,32,1,128,2141,189,,,4,55,,Relicta,Domina,,,2,,,,
11770,11792,32,1,128,2141,428,,,4,55,,,Dominus,,,2,,,,
11771,11793,32,1,128,2141,177,,,4,55,,,Dominus,,,2,,,,
11772,11794,32,1,128,2141,,,,4,55,,,,Župnik (plebanus),,1,,,,
11773,11795,32,1,128,1071,3556,,,4,55,,,Dominus,,,1,,,,
11774,11796,32,1,128,1071,3569,,,4,55,,Relicta,Dominus,,Georgius Mykulych-nunc,1,,,,
11775,11797,32,1,128,1071,1403,,,4,55,,,Dominus,,,1,,,,
11776,11798,32,1,128,2085,,,,4,55,,,Dominus,Biskup zagrebački (Episcopus Zagrabiensis),,3,,,,
11777,11799,32,1,128,914,,,,4,55,,,Dominus,Biskup zagrebački (Episcopus Zagrabiensis),,1.5,,,,
11778,11800,32,1,128,781,2169,,,4,55,,,Magnificus dominus,Banus,loco Istuanffy,3.5,,,,
11779,11801,32,1,128,1652,428,,,4,55,,,Dominus,,,5.5,,,,
11780,11802,32,1,128,1399,,,,4,55,,,Dominus,Prepošt (praepositus)-Galgoncza,,2.5,,,,
11781,11803,32,1,128,1041,,,,4,55,,,Dominus,Biskup zagrebački (Episcopus Zagrabiensis),,2,,,,
11782,11804,32,1,128,2602,230,,,4,55,,,Dominus,,,1,,,,
11783,11805,32,1,128,2602,393,,,4,55,,Heredes,,,,1,,,,
11784,11806,32,1,128,3135,1500,,,4,55,,,,,,0.5,,,,
11785,11807,32,1,128,3158,3566,,,4,55,,,"Dominus, comes",,,2,,,,
11786,11808,32,1,128,2779,4078,oppidum,,4,55,,,"Dominus, comes",,,1.5,,,,
11787,11809,32,1,128,2788,3566,,,4,55,,,"Dominus, comes",,,2,,,,
11788,11810,32,1,128,3649,110,,,4,55,,Heredes,,,Praschoczy,1,,,,
11789,11811,32,1,128,276,4236,,,4,55,,,,,,1,,,,
11790,11812,32,1,128,2302,2087,,,4,55,,,,,Nicolaus Osegouych,0.5,,,,
11791,11813,32,1,128,2302,906,,,4,55,,,,,,0.5,,,,
11792,11814,32,1,128,2100,1653,,,4,55,,,,,,0.5,,,,
